[
    {
        "firstName": "PATRICIA",
        "lastName": "FITTS",
        "phone": "8504811376",
        "address": "8504811376",
        "city": "CANTONMENT FL 32533-9092",
        "state": "BATSON",
        "zip": "CNTMNT",
        "email": "32533",
        "dateOfBirth": "1965-05-28T12:00:00",
        "ssn": "421904361",
        "userOrders": null,
        "isSold": true,
        "id": 11453
    },
    {
        "firstName": "ROSA",
        "lastName": "MARIA",
        "phone": "8315787095",
        "address": "150 SHERWOOD DR SPC 3",
        "city": "SLNS",
        "state": "CA",
        "zip": "93901",
        "email": "ADILENE.RERC@GMAIL.COM",
        "dateOfBirth": "1965-06-26T12:00:00",
        "ssn": "563672354",
        "userOrders": null,
        "isSold": true,
        "id": 11457
    },
    {
        "firstName": "SHIRLEY*",
        "lastName": "HUNTER",
        "phone": "3348756633",
        "address": "126C GWC HOMES",
        "city": "SELMA",
        "state": "AL",
        "zip": "36703",
        "email": "MILASMOORE89@YAHOO.COM",
        "dateOfBirth": "1965-03-25T12:00:00",
        "ssn": "420843098",
        "userOrders": null,
        "isSold": true,
        "id": 11486
    },
    {
        "firstName": "LISA",
        "lastName": "BOLLINGER",
        "phone": "6084424328",
        "address": "1317 MULLER RD",
        "city": "MADISON",
        "state": "WI",
        "zip": "53711",
        "email": "LISABOLLINGER@HOTMAIL.COM",
        "dateOfBirth": "1965-01-18T12:00:00",
        "ssn": "388745986",
        "userOrders": null,
        "isSold": true,
        "id": 11562
    },
    {
        "firstName": "JOHN",
        "lastName": "BROWN",
        "phone": "8433644458",
        "address": "119 TOWNE SQUARE RD",
        "city": "SUMV",
        "state": "SC",
        "zip": "29485",
        "email": "STINGER2165@YAHOO.COM",
        "dateOfBirth": "1965-11-21T12:00:00",
        "ssn": "479020132",
        "userOrders": null,
        "isSold": true,
        "id": 11631
    },
    {
        "firstName": "CHRISTOPHER",
        "lastName": "COKINOS",
        "phone": "7134197248",
        "address": "3775 DARCUS ST",
        "city": "SOUTHSIDE PLACE",
        "state": "TX",
        "zip": "77005",
        "email": "JILLCOKINOS@ATT.NET",
        "dateOfBirth": "1965-05-22T12:00:00",
        "ssn": "462499430",
        "userOrders": null,
        "isSold": true,
        "id": 11656
    },
    {
        "firstName": "YOLANDA",
        "lastName": "OXLEY",
        "phone": "3107368492",
        "address": "21220 S WESTERN AVE APT 2",
        "city": "TOR",
        "state": "CA",
        "zip": "90501",
        "email": "LADYRYO115@AOL.COM",
        "dateOfBirth": "1965-09-16T12:00:00",
        "ssn": "606124977",
        "userOrders": null,
        "isSold": true,
        "id": 11663
    },
    {
        "firstName": "MARICHU",
        "lastName": "MACIAS",
        "phone": "7274813350",
        "address": "2220 OAK HILLS CIR APT 28",
        "city": "PIT",
        "state": "CA",
        "zip": "94565",
        "email": "M3MARICH.MM@GMAIL.COM",
        "dateOfBirth": "1965-05-14T12:00:00",
        "ssn": "360047192",
        "userOrders": null,
        "isSold": true,
        "id": 11714
    },
    {
        "firstName": "MARY",
        "lastName": "BURROWS",
        "phone": "7707711276",
        "address": "10201 W BEAVER ST LOT 102",
        "city": "JKVL",
        "state": "FL",
        "zip": "32220",
        "email": "MMBURROWS1216@YAHOO.COM",
        "dateOfBirth": "1965-12-16T12:00:00",
        "ssn": "509749247",
        "userOrders": null,
        "isSold": true,
        "id": 11764
    },
    {
        "firstName": "KEITH",
        "lastName": "ELENZ",
        "phone": "8505296238",
        "address": "3912 W MALLORY ST",
        "city": "PENSACOLA",
        "state": "FL",
        "zip": "32505",
        "email": "ELENZJ@YAHOO.COM",
        "dateOfBirth": "1965-11-25T12:00:00",
        "ssn": "591031822",
        "userOrders": null,
        "isSold": true,
        "id": 11890
    },
    {
        "firstName": "RONNIE",
        "lastName": "BENNETT",
        "phone": "4694502226",
        "address": "105 DUPREE DR",
        "city": "MCKINNEY",
        "state": "TX",
        "zip": "75069",
        "email": "CAPTIAN_ACTS2_38@YAHOO.COM",
        "dateOfBirth": "1965-08-21T12:00:00",
        "ssn": "438199965",
        "userOrders": null,
        "isSold": true,
        "id": 11959
    },
    {
        "firstName": "JAIME",
        "lastName": "VAZQUEZ",
        "phone": "6158214317",
        "address": "496 CHIMNEYTOP DR",
        "city": "ANTIOCH",
        "state": "TN",
        "zip": "37013",
        "email": "IZCOATL6PUE@GMAIL.COM",
        "dateOfBirth": "1965-09-23T12:00:00",
        "ssn": "605263523",
        "userOrders": null,
        "isSold": true,
        "id": 11989
    },
    {
        "firstName": "PATTI",
        "lastName": "SMITH",
        "phone": "8002882020",
        "address": "5314 NEW CASTLE RD APT A",
        "city": "POLAND TWP",
        "state": "OH",
        "zip": "44436",
        "email": "SMITHL10@ATT.NET",
        "dateOfBirth": "1965-08-17T12:00:00",
        "ssn": "270705364",
        "userOrders": null,
        "isSold": true,
        "id": 12060
    },
    {
        "firstName": "MR",
        "lastName": "DANIEL",
        "phone": "5742175264",
        "address": "55454 GRANDVIEW AVE",
        "city": "SOUTH BEND",
        "state": "BEND",
        "zip": "46628",
        "email": "DANIELP1465@ATT.NET",
        "dateOfBirth": "1965-01-04T12:00:00",
        "ssn": "371783853",
        "userOrders": null,
        "isSold": true,
        "id": 12071
    },
    {
        "firstName": "JAMES",
        "lastName": "MASON",
        "phone": "6158956537",
        "address": "811 GREENBRIER DR",
        "city": "MURFREESBORO",
        "state": "TN",
        "zip": "37130",
        "email": "JMASON3@COMCAST.NET",
        "dateOfBirth": "1965-01-18T12:00:00",
        "ssn": "408352642",
        "userOrders": null,
        "isSold": true,
        "id": 12104
    }
]