[
    {
        "firstName": "DANA",
        "lastName": "WENZL",
        "phone": "3166417438",
        "address": "636 E MAIN ST",
        "city": "VALLEY CENTER",
        "state": "CENTER",
        "zip": "67147",
        "email": "MISHE1125@SBCGLOBAL.NET",
        "dateOfBirth": "1965-08-09T12:00:00",
        "ssn": "512800432",
        "userOrders": null,
        "isSold": false,
        "id": 50960
    },
    {
        "firstName": "LAWRENCE",
        "lastName": "LENORE",
        "phone": "1111110001",
        "address": "9937 PONDER LN",
        "city": "DENHAM SPRINGS",
        "state": "SPGS",
        "zip": "70706",
        "email": "LAW1LEN@YAHOO.COM",
        "dateOfBirth": "1965-07-28T12:00:00",
        "ssn": "439371743",
        "userOrders": null,
        "isSold": true,
        "id": 50964
    },
    {
        "firstName": "TOBY",
        "lastName": "SMITH",
        "phone": "8177065787",
        "address": "714 JORDAN LN",
        "city": "ARLINGTON",
        "state": "TX",
        "zip": "76012",
        "email": "TOBYSMITH817@GMAIL.COM",
        "dateOfBirth": "1965-06-04T12:00:00",
        "ssn": "451518610",
        "userOrders": null,
        "isSold": false,
        "id": 50981
    },
    {
        "firstName": "TINA",
        "lastName": "KRACKE*",
        "phone": "9137047018",
        "address": "305 10TH ST S APT 4420",
        "city": "LEAVENWORTH",
        "state": "VA",
        "zip": "66048",
        "email": "KRACKET87@HOTMAIL.COM",
        "dateOfBirth": "1965-11-12T12:00:00",
        "ssn": "332709655",
        "userOrders": null,
        "isSold": false,
        "id": 50987
    },
    {
        "firstName": "KAREL",
        "lastName": "J",
        "phone": "1738695490",
        "address": "4006 GIBSON ST",
        "city": "HOUSTON",
        "state": "TX",
        "zip": "77007",
        "email": "KARELCHALOUPKA@GMAIL.COM",
        "dateOfBirth": "1965-01-29T12:00:00",
        "ssn": "467376303",
        "userOrders": null,
        "isSold": false,
        "id": 51023
    },
    {
        "firstName": "STEPHEN",
        "lastName": "SINISKO",
        "phone": "6307616566",
        "address": "39W369 W HALADAY LN",
        "city": "GENEVA",
        "state": "IL",
        "zip": "60134",
        "email": "SINISKO@SBCGLOBAL.NET",
        "dateOfBirth": "1965-11-20T12:00:00",
        "ssn": "202585000",
        "userOrders": null,
        "isSold": false,
        "id": 51051
    },
    {
        "firstName": "TET",
        "lastName": "QUACH",
        "phone": "4088298304",
        "address": "1484 CARMEL DR",
        "city": "SJ",
        "state": "JOSE",
        "zip": "95126",
        "email": "TIMETRAK2@YAHOO.COM",
        "dateOfBirth": "1965-04-26T12:00:00",
        "ssn": "261930207",
        "userOrders": null,
        "isSold": true,
        "id": 51057
    },
    {
        "firstName": "DAVID",
        "lastName": "RICH",
        "phone": "4049316857",
        "address": "498 KENDRICK AVE SE",
        "city": "ATL",
        "state": "GA",
        "zip": "30315",
        "email": "MKCHANGE@YAHOO.COM",
        "dateOfBirth": "1965-10-18T12:00:00",
        "ssn": "530764910",
        "userOrders": null,
        "isSold": false,
        "id": 51097
    },
    {
        "firstName": "DWAYNE",
        "lastName": "BEAMON",
        "phone": "5109387196",
        "address": "9239 HILLSIDE ST",
        "city": "OAK",
        "state": "CA",
        "zip": "94603",
        "email": "COULTERJULIANN4@ATT.NET",
        "dateOfBirth": "1965-05-27T12:00:00",
        "ssn": "548399404",
        "userOrders": null,
        "isSold": false,
        "id": 51279
    },
    {
        "firstName": "CONSTANCE",
        "lastName": "HINTON",
        "phone": "5303079101",
        "address": "PO BOX 8122",
        "city": "S LK TAHOE",
        "state": "LAKE",
        "zip": "96150",
        "email": "CONNIES854@ATT.NET",
        "dateOfBirth": "1965-03-31T12:00:00",
        "ssn": "567159812",
        "userOrders": null,
        "isSold": false,
        "id": 51412
    },
    {
        "firstName": "PHYLLIS",
        "lastName": "COLEMAN",
        "phone": "7793486643",
        "address": "1405 20TH ST",
        "city": "RCFR",
        "state": "IL",
        "zip": "61104",
        "email": "R.S.RAYFORD@HOTMAIL.COM",
        "dateOfBirth": "1965-06-19T12:00:00",
        "ssn": "358624659",
        "userOrders": null,
        "isSold": false,
        "id": 51425
    },
    {
        "firstName": "BRADLEY",
        "lastName": "FELLERS",
        "phone": "9373682530",
        "address": "FELLERS' CUSTOM CARTS",
        "city": "BROWN TWP",
        "state": "US",
        "zip": "45326",
        "email": "FELLERSCUSTOMCART1@NETZERO.COM",
        "dateOfBirth": "1965-10-06T12:00:00",
        "ssn": "280764246",
        "userOrders": null,
        "isSold": false,
        "id": 51428
    },
    {
        "firstName": "JOSE",
        "lastName": "PENA",
        "phone": "5628413661",
        "address": "1777 FAULKNER AVE",
        "city": "M PK",
        "state": "JACINTO",
        "zip": "91755",
        "email": "MISNINA123@YAHOO.COM",
        "dateOfBirth": "1965-11-02T12:00:00",
        "ssn": "342958759",
        "userOrders": null,
        "isSold": false,
        "id": 51564
    },
    {
        "firstName": "LAVERNE",
        "lastName": "JONES",
        "phone": "7074166046",
        "address": "1115 RUBY DR",
        "city": "VCVL",
        "state": "CA",
        "zip": "95687",
        "email": "LAVJONJUL@AOL.COM",
        "dateOfBirth": "1965-11-24T12:00:00",
        "ssn": "548795579",
        "userOrders": null,
        "isSold": false,
        "id": 51568
    },
    {
        "firstName": "MARYL",
        "lastName": "PETRIE",
        "phone": "4145265670",
        "address": "636 HINMAN AVE APT 1F",
        "city": "KALAMAZOO",
        "state": "IL",
        "zip": "49001",
        "email": "WHOISAPUPPY@GMAIL.COM",
        "dateOfBirth": "1965-06-21T12:00:00",
        "ssn": "508029026",
        "userOrders": null,
        "isSold": false,
        "id": 51681
    }
]