[
    {
        "firstName": "PAMELA",
        "lastName": "HARDY",
        "phone": "9049546047",
        "address": "76 OLIVETTE ST",
        "city": "SAINT JOHNS",
        "state": "JOHNS",
        "zip": "32259",
        "email": "PAMELA.LEE.HARDY@CITI.COM",
        "dateOfBirth": "1965-08-06T12:00:00",
        "ssn": "254358278",
        "userOrders": null,
        "isSold": false,
        "id": 52396
    },
    {
        "firstName": "GUOZHONG",
        "lastName": "ZZ",
        "phone": "6262808168",
        "address": "210 E EMERSON AVE",
        "city": "M PK",
        "state": "PARK",
        "zip": "91755",
        "email": "GUOZHONG8766@YAHOO.COM.CN",
        "dateOfBirth": "1965-12-27T12:00:00",
        "ssn": "155024900",
        "userOrders": null,
        "isSold": false,
        "id": 52454
    },
    {
        "firstName": "VICKI",
        "lastName": "THOMPSON",
        "phone": "9722914196",
        "address": "116 CAPRICORN DR",
        "city": "CEDAR HILL",
        "state": "HILL",
        "zip": "75104",
        "email": "VICKI.DJT3@YAHOO.COM",
        "dateOfBirth": "1965-09-26T12:00:00",
        "ssn": "450318585",
        "userOrders": null,
        "isSold": true,
        "id": 52460
    },
    {
        "firstName": "ISMAEL",
        "lastName": "GARCIA",
        "phone": "6198501846",
        "address": "1866 GUILDER GLN",
        "city": "ESC",
        "state": "CA",
        "zip": "92029",
        "email": "IBTHEGMAN@YAHOO.COM",
        "dateOfBirth": "1965-05-03T12:00:00",
        "ssn": "585065983",
        "userOrders": null,
        "isSold": false,
        "id": 52470
    },
    {
        "firstName": "PETER",
        "lastName": "WATSON",
        "phone": "4158454093",
        "address": "1335 SCOTT ST",
        "city": "SF",
        "state": "FRANCISCO",
        "zip": "94115",
        "email": "PETER_D_WATSON@YAHOO.COM",
        "dateOfBirth": "1965-06-26T12:00:00",
        "ssn": "566927682",
        "userOrders": null,
        "isSold": true,
        "id": 52507
    },
    {
        "firstName": "MATTHEW",
        "lastName": "KATONA",
        "phone": "2624901737",
        "address": "769 W MONROE AVE",
        "city": "OCONOMOWOC",
        "state": "WI",
        "zip": "53066",
        "email": "MATTHEWKATONA@HOTMAIL.COM",
        "dateOfBirth": "1965-09-26T12:00:00",
        "ssn": "387827255",
        "userOrders": null,
        "isSold": false,
        "id": 52523
    },
    {
        "firstName": "DEANNE*",
        "lastName": "DOOLEY",
        "phone": "1111111111",
        "address": "1006 SHERIDAN LN",
        "city": "CLEBURNE",
        "state": "TX",
        "zip": "76033",
        "email": "CURLYTOP656@YAHOO.COM",
        "dateOfBirth": "1965-01-04T12:00:00",
        "ssn": "452513286",
        "userOrders": null,
        "isSold": false,
        "id": 52532
    },
    {
        "firstName": "PROMPT",
        "lastName": "HEALTH",
        "phone": "7132407208",
        "address": "21179 STATE HIGHWAY 249",
        "city": "HOUSTON",
        "state": "TX",
        "zip": "77070",
        "email": "DAVIDLONG1A@YAHOO.COM",
        "dateOfBirth": "1965-11-24T12:00:00",
        "ssn": "461176546",
        "userOrders": null,
        "isSold": false,
        "id": 52556
    },
    {
        "firstName": "DOUGLAS",
        "lastName": "A",
        "phone": "8476748116",
        "address": "8241 LINCOLN AVE FL 1",
        "city": "SKOKIE",
        "state": "IL",
        "zip": "60077",
        "email": "DOUGANDRENA@SBCGLOBAL.NET",
        "dateOfBirth": "1965-06-01T12:00:00",
        "ssn": "387848375",
        "userOrders": null,
        "isSold": false,
        "id": 52660
    },
    {
        "firstName": "PAUL",
        "lastName": "BUCKLEY",
        "phone": "1111110004",
        "address": "5916 BURGUNDY RD",
        "city": "DALLAS",
        "state": "TX",
        "zip": "75230",
        "email": "BUCKLEY.K@SBCGLOBAL.NET",
        "dateOfBirth": "1965-04-14T12:00:00",
        "ssn": "381882786",
        "userOrders": null,
        "isSold": false,
        "id": 52719
    },
    {
        "firstName": "KEITH",
        "lastName": "PEPENELLA",
        "phone": "3176040637",
        "address": "7224 JANEAN DR # A",
        "city": "LEBANON",
        "state": "IN",
        "zip": "46052",
        "email": "KPEPENELLA@AOL.COM",
        "dateOfBirth": "1965-09-18T12:00:00",
        "ssn": "108647345",
        "userOrders": null,
        "isSold": false,
        "id": 52730
    },
    {
        "firstName": "ROSE",
        "lastName": "SENECAL",
        "phone": "6307680408",
        "address": "11442 ARCHER AVE APT A",
        "city": "LEMONT",
        "state": "IL",
        "zip": "60439",
        "email": "NICAUT@ATT.NET",
        "dateOfBirth": "1965-04-07T12:00:00",
        "ssn": "359622391",
        "userOrders": null,
        "isSold": false,
        "id": 52738
    },
    {
        "firstName": "KENT",
        "lastName": "COEN",
        "phone": "8309285600",
        "address": "320 S ODESSA ST",
        "city": "GOLDSMITH",
        "state": "TX",
        "zip": "79741",
        "email": "KENT8052@ATT.NET",
        "dateOfBirth": "1965-07-05T12:00:00",
        "ssn": "525239751",
        "userOrders": null,
        "isSold": false,
        "id": 52878
    },
    {
        "firstName": "TERRI",
        "lastName": "AUSTIN",
        "phone": "5024683162",
        "address": "3403 KELLAND WAY",
        "city": "LOUISVILLE",
        "state": "KY",
        "zip": "40216",
        "email": "TLAUSTIN65@AOL.COM",
        "dateOfBirth": "1965-03-19T12:00:00",
        "ssn": "406023313",
        "userOrders": null,
        "isSold": false,
        "id": 52954
    },
    {
        "firstName": "RHONDA",
        "lastName": "WILSON",
        "phone": "8504837289",
        "address": "1713 DR MARTIN LUTHR KNG JR DR",
        "city": "PENSACOLA",
        "state": "FL",
        "zip": "32506",
        "email": "RHONDA1018@ATT.NET",
        "dateOfBirth": "1965-09-26T12:00:00",
        "ssn": "267692560",
        "userOrders": null,
        "isSold": false,
        "id": 53200
    }
]