[
    {
        "firstName": "RICARDO",
        "lastName": "MORA",
        "phone": "2815619296",
        "address": "15410 BEECHNUT ST",
        "city": "HOUSTON",
        "state": "TX",
        "zip": "77083",
        "email": "RICKMORA@PDQ.NET",
        "dateOfBirth": "1965-02-19T12:00:00",
        "ssn": "451373234",
        "userOrders": null,
        "isSold": false,
        "id": 53205
    },
    {
        "firstName": "SUSAN",
        "lastName": "SCHOEN",
        "phone": "8509826634",
        "address": "4043 SHOREWOOD DR",
        "city": "PENSACOLA",
        "state": "FL",
        "zip": "32507",
        "email": "DREWSIANA@YAHOO.COM",
        "dateOfBirth": "1965-10-02T12:00:00",
        "ssn": "424842040",
        "userOrders": null,
        "isSold": false,
        "id": 53227
    },
    {
        "firstName": "PARIS",
        "lastName": "CLARK",
        "phone": "9496328823",
        "address": "23962 SPRIG ST",
        "city": "MISN VIEJO",
        "state": "VIEJO",
        "zip": "92692",
        "email": "PARISCLARK549@GMAIL.COM",
        "dateOfBirth": "1965-08-23T12:00:00",
        "ssn": "574621228",
        "userOrders": null,
        "isSold": true,
        "id": 53317
    },
    {
        "firstName": "DARLA",
        "lastName": "JOHNSON",
        "phone": "6159426911",
        "address": "1310 HICKORY PARK CT W",
        "city": "ANTIOCH",
        "state": "TN",
        "zip": "37013",
        "email": "DIMPLES.JOHNSON65@YAHOO.COM",
        "dateOfBirth": "1965-04-23T12:00:00",
        "ssn": "408191029",
        "userOrders": null,
        "isSold": false,
        "id": 53377
    },
    {
        "firstName": "JOSEFINA",
        "lastName": "MARIN",
        "phone": "1111110002",
        "address": "5847 CREEKWAY ST",
        "city": "SAN ANTONIO",
        "state": "ANTONIO",
        "zip": "78247",
        "email": "JRSDUCKY7@YAHOO.COM",
        "dateOfBirth": "1965-04-14T12:00:00",
        "ssn": "347820616",
        "userOrders": null,
        "isSold": false,
        "id": 53505
    },
    {
        "firstName": "JAMES",
        "lastName": "ADCOCK",
        "phone": "6015943995",
        "address": "141 PARKSIDE DR",
        "city": "BRANDON",
        "state": "MS",
        "zip": "39042",
        "email": "STACYADCOCK@AOL.COM",
        "dateOfBirth": "1965-07-03T12:00:00",
        "ssn": "587310286",
        "userOrders": null,
        "isSold": false,
        "id": 53570
    },
    {
        "firstName": "JUDY",
        "lastName": "BISHOP",
        "phone": "9252064360",
        "address": "2121 FOX GLEN DR",
        "city": "ANT",
        "state": "CA",
        "zip": "94531",
        "email": "CANTCOOKEM@AOL.COM",
        "dateOfBirth": "1965-12-06T12:00:00",
        "ssn": "564694322",
        "userOrders": null,
        "isSold": false,
        "id": 53599
    },
    {
        "firstName": "DOMINICA",
        "lastName": "DEHASETH",
        "phone": "9093743620",
        "address": "3663 BUCHANAN AVE SPC 134",
        "city": "COR",
        "state": "CA",
        "zip": "92879",
        "email": "DDEHASETH2005@YAHOO.COM",
        "dateOfBirth": "1965-03-03T12:00:00",
        "ssn": "568438805",
        "userOrders": null,
        "isSold": false,
        "id": 53794
    },
    {
        "firstName": "RAJASEKHAR",
        "lastName": "AMMNAMACHI",
        "phone": "6178492494",
        "address": "12495 POND CYPRESS LN",
        "city": "FRISCO",
        "state": "TX",
        "zip": "75035",
        "email": "RAJU_MANCHI@YAHOO.COM",
        "dateOfBirth": "1965-10-28T12:00:00",
        "ssn": "613219427",
        "userOrders": null,
        "isSold": false,
        "id": 53820
    },
    {
        "firstName": "URSULA",
        "lastName": "CAST",
        "phone": "2193100120",
        "address": "APT 107",
        "city": "LOWELL",
        "state": "CREEKSIDE",
        "zip": "46356",
        "email": "URSULA_CAST6519@YAHOO.COM",
        "dateOfBirth": "1965-08-13T12:00:00",
        "ssn": "321666519",
        "userOrders": null,
        "isSold": false,
        "id": 53873
    },
    {
        "firstName": "MICHAEL",
        "lastName": "CINNAMON",
        "phone": "9167519311",
        "address": "APT 911",
        "city": "RKLN",
        "state": "WHITNEY",
        "zip": "95765",
        "email": "MICHAELACINNAMON@GMAIL.COM",
        "dateOfBirth": "1965-01-04T12:00:00",
        "ssn": "371524527",
        "userOrders": null,
        "isSold": false,
        "id": 53911
    },
    {
        "firstName": "SOPHIE",
        "lastName": "SOLANDT",
        "phone": "3105035436",
        "address": "5326 VALLEY VIEW RD",
        "city": "INCLN VLG",
        "state": "PALOS",
        "zip": "89451",
        "email": "SOPHIE@MONTCHEVRE.COM",
        "dateOfBirth": "1965-09-02T12:00:00",
        "ssn": "567878847",
        "userOrders": null,
        "isSold": false,
        "id": 53982
    },
    {
        "firstName": "GILBERT",
        "lastName": "ENCINAS",
        "phone": "2693310251",
        "address": "503 FREMONT ST",
        "city": "MIDDLEVILLE",
        "state": "MI",
        "zip": "49333",
        "email": "GILBERT.ENCINAS@ATT.NET",
        "dateOfBirth": "1965-03-04T12:00:00",
        "ssn": "542883486",
        "userOrders": null,
        "isSold": false,
        "id": 54107
    },
    {
        "firstName": "TANJA",
        "lastName": "BARZAGA",
        "phone": "6164592600",
        "address": "SERVICIO DE INTERPRETE",
        "city": "GRAND RAPIDS",
        "state": "PALACE",
        "zip": "49507",
        "email": "SERVICIOINTERPRETE@SBCGLOBAL.NET",
        "dateOfBirth": "1965-08-17T12:00:00",
        "ssn": "386967572",
        "userOrders": null,
        "isSold": false,
        "id": 54159
    },
    {
        "firstName": "MICHELLE",
        "lastName": "STOUT",
        "phone": "4178649949",
        "address": "2604 E ATLANTIC ST",
        "city": "SPRINGFIELD",
        "state": "MO",
        "zip": "65803",
        "email": "STOUTROBERT62@YAHOO.COM",
        "dateOfBirth": "1965-02-09T12:00:00",
        "ssn": "501687784",
        "userOrders": null,
        "isSold": false,
        "id": 54257
    }
]