[
    {
        "firstName": "ARTURO",
        "lastName": "POMALES",
        "phone": "4079708660",
        "address": "3826 BRYSTON DR",
        "city": "ORL",
        "state": "FL",
        "zip": "32822",
        "email": "APOMALES@BELLSOUTH.NET",
        "dateOfBirth": "1965-03-04T12:00:00",
        "ssn": "306800683",
        "userOrders": null,
        "isSold": false,
        "id": 43934
    },
    {
        "firstName": "KAY",
        "lastName": "CAMPBELL",
        "phone": "5737229911",
        "address": "19975 MOORE LN",
        "city": "STODDARD COUNTY",
        "state": "MO",
        "zip": "63730",
        "email": "ROMANSKACEY@GMAIL.COM",
        "dateOfBirth": "1965-08-31T12:00:00",
        "ssn": "498743178",
        "userOrders": null,
        "isSold": false,
        "id": 44144
    },
    {
        "firstName": "TODD",
        "lastName": "SHEPARD",
        "phone": "4147938201",
        "address": "5650A N 97TH ST",
        "city": "MILWAUKEE",
        "state": "WI",
        "zip": "53225",
        "email": "SHEPHERDTODD91@YAHOO.COM",
        "dateOfBirth": "1965-05-05T12:00:00",
        "ssn": "389849437",
        "userOrders": null,
        "isSold": false,
        "id": 44199
    },
    {
        "firstName": "MOHAMED*",
        "lastName": "DAMRA",
        "phone": "7087596730",
        "address": "10418 MAYFIELD AVE APT 3",
        "city": "OAK LWN",
        "state": "LAWN",
        "zip": "60453",
        "email": "WIDADBARAKAT@YAHOO.COM",
        "dateOfBirth": "1965-04-17T12:00:00",
        "ssn": "343828059",
        "userOrders": null,
        "isSold": false,
        "id": 44203
    },
    {
        "firstName": "KAREN",
        "lastName": "CAMPBELL",
        "phone": "9544780424",
        "address": "4875 SHERWOOD FOREST DR",
        "city": "DAVIE",
        "state": "BEACH",
        "zip": "33317",
        "email": "KAREN.M.CAMPBELL65@GMAIL.COM",
        "dateOfBirth": "1965-09-25T12:00:00",
        "ssn": "316861140",
        "userOrders": null,
        "isSold": false,
        "id": 44233
    },
    {
        "firstName": "RICHARD",
        "lastName": "TERRELL",
        "phone": "3142238578",
        "address": "6765 CEDAR HILL RD",
        "city": "ST LOUIS COUNTY",
        "state": "HILL",
        "zip": "63026",
        "email": "RATERRELL@CHARTER.NET",
        "dateOfBirth": "1965-04-30T12:00:00",
        "ssn": "500703789",
        "userOrders": null,
        "isSold": true,
        "id": 44268
    },
    {
        "firstName": "ERICA",
        "lastName": "DEMMERT",
        "phone": "2066797050",
        "address": "349 NW 189TH ST",
        "city": "SHORELINE",
        "state": "WA",
        "zip": "98177",
        "email": "EDEMMERT@YAHOO.COM",
        "dateOfBirth": "1965-06-27T12:00:00",
        "ssn": "574466238",
        "userOrders": null,
        "isSold": true,
        "id": 44357
    },
    {
        "firstName": "VICKI",
        "lastName": "LURKER",
        "phone": "5028024739",
        "address": "3815 CHATHAM RD",
        "city": "LOUISVILLE",
        "state": "KY",
        "zip": "40218",
        "email": "APRIL480@JUNO.COM",
        "dateOfBirth": "1965-10-28T12:00:00",
        "ssn": "400926830",
        "userOrders": null,
        "isSold": false,
        "id": 44415
    },
    {
        "firstName": "OLGA",
        "lastName": "HERNANDEZ",
        "phone": "7864449227",
        "address": "16390 SW 75TH ST",
        "city": "MIA",
        "state": "FL",
        "zip": "33193",
        "email": "OLGAMHERNANDEZ21@YAHOO.COM",
        "dateOfBirth": "1965-08-08T12:00:00",
        "ssn": "767866751",
        "userOrders": null,
        "isSold": false,
        "id": 44445
    },
    {
        "firstName": "LESLIE",
        "lastName": "K",
        "phone": "7702387671",
        "address": "5200 PEACHTREE RD APT 3214",
        "city": "CHAM",
        "state": "GA",
        "zip": "30341",
        "email": "LKRUTKI.LR@GMAIL.COM",
        "dateOfBirth": "1965-08-19T12:00:00",
        "ssn": "256379960",
        "userOrders": null,
        "isSold": false,
        "id": 44546
    },
    {
        "firstName": "DURELL",
        "lastName": "JACKSON",
        "phone": "5015414416",
        "address": "3508 HEMLOCK CV",
        "city": "BENTON",
        "state": "AR",
        "zip": "72015",
        "email": "HEMLOCK511@YAHOO.COM",
        "dateOfBirth": "1965-05-07T12:00:00",
        "ssn": "411336690",
        "userOrders": null,
        "isSold": true,
        "id": 44574
    },
    {
        "firstName": "DAVINA",
        "lastName": "ANDERSON",
        "phone": "8189430657",
        "address": "14759 MAGNOLIA BLVD",
        "city": "SH OKS",
        "state": "OAKS",
        "zip": "91403",
        "email": "DAVINAGR2@YAHOO.COM",
        "dateOfBirth": "1965-06-12T12:00:00",
        "ssn": "559592824",
        "userOrders": null,
        "isSold": false,
        "id": 44637
    },
    {
        "firstName": "ERNESTO",
        "lastName": "GARCIA",
        "phone": "5599006582",
        "address": "3637 E HAMILTON AVE",
        "city": "FRS",
        "state": "CA",
        "zip": "93702",
        "email": "none@none.com",
        "dateOfBirth": "1965-02-28T12:00:00",
        "ssn": "560232582",
        "userOrders": null,
        "isSold": false,
        "id": 44639
    },
    {
        "firstName": "MICHELLE",
        "lastName": "HARVEY",
        "phone": "8062395227",
        "address": "7306 JUNEAU AVE",
        "city": "LUBBOCK",
        "state": "TX",
        "zip": "79424",
        "email": "KRISTI.CLEM@GMAIL.COM",
        "dateOfBirth": "1965-03-17T12:00:00",
        "ssn": "450537659",
        "userOrders": null,
        "isSold": false,
        "id": 44736
    },
    {
        "firstName": "TAMMY",
        "lastName": "MACIAS",
        "phone": "4143644182",
        "address": "3820 S 85TH ST",
        "city": "MILWAUKEE",
        "state": "WI",
        "zip": "53228",
        "email": "TMPACO@AOL.COM",
        "dateOfBirth": "1965-10-31T12:00:00",
        "ssn": "390866669",
        "userOrders": null,
        "isSold": false,
        "id": 44743
    }
]