[
    {
        "firstName": "FRANCISCO",
        "lastName": "NUNEZ",
        "phone": "6782278473",
        "address": "2100 RIVERSIDE PKWY",
        "city": "LWRNCVL",
        "state": "GA",
        "zip": "30043",
        "email": "FRANCISCONUNEZ@BELLSOUTH.NET",
        "dateOfBirth": "1965-02-08T12:00:00",
        "ssn": "258593426",
        "userOrders": null,
        "isSold": false,
        "id": 50224
    },
    {
        "firstName": "BEATRIZ",
        "lastName": "PULIDO",
        "phone": "6787635744",
        "address": "3091 WASHINGTON RD APT 1",
        "city": "E PT",
        "state": "POINT",
        "zip": "30344",
        "email": "LUPITACARRILLO64@GMAIL.COM",
        "dateOfBirth": "1965-07-20T12:00:00",
        "ssn": "926742086",
        "userOrders": null,
        "isSold": true,
        "id": 50316
    },
    {
        "firstName": "HAYWOOD",
        "lastName": "WELLS",
        "phone": "8587352336",
        "address": "11954 TIVOLI PARK ROW UNIT 3",
        "city": "SD",
        "state": "DIEGO",
        "zip": "92128",
        "email": "I_DOMIN8ALL@YAHOO.COM",
        "dateOfBirth": "1965-06-19T12:00:00",
        "ssn": "205605867",
        "userOrders": null,
        "isSold": false,
        "id": 50348
    },
    {
        "firstName": "PAMELA",
        "lastName": "BERGEN",
        "phone": "2623700856",
        "address": "6904 E ARCHSTONE ST",
        "city": "FISHERS",
        "state": "FALLS",
        "zip": "46038",
        "email": "CPBERG@FRONTIER.COM",
        "dateOfBirth": "1965-09-17T12:00:00",
        "ssn": "396828090",
        "userOrders": null,
        "isSold": false,
        "id": 50361
    },
    {
        "firstName": "REYNA",
        "lastName": "BELTRAN",
        "phone": "4153336799",
        "address": "218 MORELAND ST",
        "city": "SF",
        "state": "FRANCISCO",
        "zip": "94131",
        "email": "MARINA1580@LIVE.COM",
        "dateOfBirth": "1965-04-28T12:00:00",
        "ssn": "555997540",
        "userOrders": null,
        "isSold": true,
        "id": 50390
    },
    {
        "firstName": "THE",
        "lastName": "KARATE",
        "phone": "8037399494",
        "address": "2263 SUNSET BLVD",
        "city": "W COLA",
        "state": "COLUMBIA",
        "zip": "29169",
        "email": "INFO@THEKARATEDOJO.COM",
        "dateOfBirth": "1965-11-05T12:00:00",
        "ssn": "250277326",
        "userOrders": null,
        "isSold": false,
        "id": 50574
    },
    {
        "firstName": "WILLIAM",
        "lastName": "RUSSELL",
        "phone": "4044239317",
        "address": "8866 BURNHAM WAY",
        "city": "JNSBRO",
        "state": "GA",
        "zip": "30238",
        "email": "WTRUSSELL2013@GMAIL.COM",
        "dateOfBirth": "1965-10-18T12:00:00",
        "ssn": "253113376",
        "userOrders": null,
        "isSold": false,
        "id": 50577
    },
    {
        "firstName": "SARAH",
        "lastName": "FAURA",
        "phone": "3102590600",
        "address": "12040 BRADDOCK DR",
        "city": "FOWLER",
        "state": "CITY",
        "zip": "47944",
        "email": "TOOTALLPRODUCTIONS@MAC.COM",
        "dateOfBirth": "1965-01-10T12:00:00",
        "ssn": "504685788",
        "userOrders": null,
        "isSold": false,
        "id": 50590
    },
    {
        "firstName": "JOHNIE",
        "lastName": "NEOH",
        "phone": "7863095649",
        "address": "2004 YUKON DR",
        "city": "BARLING",
        "state": "AR",
        "zip": "72923",
        "email": "JOHNNIESOON@GMAIL.COM",
        "dateOfBirth": "1965-08-08T12:00:00",
        "ssn": "429611823",
        "userOrders": null,
        "isSold": true,
        "id": 50679
    },
    {
        "firstName": "MAUREEN",
        "lastName": "BYRNE",
        "phone": "5105933138",
        "address": "5834 BIRCH CT",
        "city": "OAK",
        "state": "CA",
        "zip": "94601",
        "email": "MARUEENBYRNE5538@ATT.NET",
        "dateOfBirth": "1965-11-10T12:00:00",
        "ssn": "567555639",
        "userOrders": null,
        "isSold": false,
        "id": 50725
    },
    {
        "firstName": "SEAN",
        "lastName": "HECTOR",
        "phone": "3235952688",
        "address": "1045 W 99TH ST",
        "city": "LA",
        "state": "ANGELES",
        "zip": "90044",
        "email": "NOEMAIL@NOEMAIL.COM",
        "dateOfBirth": "1965-07-26T12:00:00",
        "ssn": "566657506",
        "userOrders": null,
        "isSold": false,
        "id": 50779
    },
    {
        "firstName": "SAM",
        "lastName": "ABRAHAM",
        "phone": "5862241387",
        "address": "18482 CAMPO DR",
        "city": "CLINTON TWP",
        "state": "TWP",
        "zip": "48038",
        "email": "SABRAH02@GMAIL.COM",
        "dateOfBirth": "1965-12-26T12:00:00",
        "ssn": "377860590",
        "userOrders": null,
        "isSold": false,
        "id": 50786
    },
    {
        "firstName": "PATRICIA",
        "lastName": "JACKSON",
        "phone": "5179778935",
        "address": "3400 RADFORD DR",
        "city": "LANSING",
        "state": "MI",
        "zip": "48911",
        "email": "RHUMPSHAKER2000@YAHOO.COM",
        "dateOfBirth": "1965-02-04T12:00:00",
        "ssn": "587333727",
        "userOrders": null,
        "isSold": false,
        "id": 50821
    },
    {
        "firstName": "REGINALD",
        "lastName": "ROY",
        "phone": "8585767187",
        "address": "11865 RAMSDELL CT",
        "city": "SD",
        "state": "DIEGO",
        "zip": "92131",
        "email": "REGINALDROY@GMAIL.COM",
        "dateOfBirth": "1965-04-01T12:00:00",
        "ssn": "617474322",
        "userOrders": null,
        "isSold": false,
        "id": 50857
    },
    {
        "firstName": "BECKY",
        "lastName": "SULLIVAN",
        "phone": "3148076994",
        "address": "47 E DUNBAR LN APT 207",
        "city": "FAYETTEVILLE",
        "state": "AR",
        "zip": "72703",
        "email": "ESUL124@YAHOO.COM",
        "dateOfBirth": "1965-11-15T12:00:00",
        "ssn": "355685435",
        "userOrders": null,
        "isSold": true,
        "id": 50881
    }
]