[
    {
        "firstName": "RONALD",
        "lastName": "DUNCAN",
        "phone": "3163124775",
        "address": "747 N ELDER ST",
        "city": "SLIDELL",
        "state": "KS",
        "zip": "70458",
        "email": "RONDUNCAN44@GMAIL.COM",
        "dateOfBirth": "1965-11-04T12:00:00",
        "ssn": "511584644",
        "userOrders": null,
        "isSold": false,
        "id": 88857
    },
    {
        "firstName": "ALICIA",
        "lastName": "JIMENEZ",
        "phone": "8312657355",
        "address": "1070 SHERWOOD DR",
        "city": "HST",
        "state": "CA",
        "zip": "95023",
        "email": "ALICIAJQUEZADA@YAHOO.COM",
        "dateOfBirth": "1965-03-25T12:00:00",
        "ssn": "623105901",
        "userOrders": null,
        "isSold": false,
        "id": 88864
    },
    {
        "firstName": "TROY",
        "lastName": "DOSS",
        "phone": "6092893835",
        "address": "200 PACIFIC AVE",
        "city": "BARNEGAT",
        "state": "NJ",
        "zip": "08005",
        "email": "TDOSS200@GMAIL.COM",
        "dateOfBirth": "1965-01-14T12:00:00",
        "ssn": "142586731",
        "userOrders": null,
        "isSold": true,
        "id": 88921
    },
    {
        "firstName": "KEVIN",
        "lastName": "BENDA",
        "phone": "4057404902",
        "address": "216 SUMMIT CREST LN",
        "city": "NORMAN",
        "state": "OK",
        "zip": "73071",
        "email": "KSKKBENDA@GMAIL.COM",
        "dateOfBirth": "1965-05-05T12:00:00",
        "ssn": "343485013",
        "userOrders": null,
        "isSold": false,
        "id": 88961
    },
    {
        "firstName": "RORY",
        "lastName": "TORRES",
        "phone": "7862529757",
        "address": "16513 SW 96TH TER",
        "city": "MIA",
        "state": "FL",
        "zip": "33196",
        "email": "RORYTORRES2711@HOTMAIL.COM",
        "dateOfBirth": "1965-07-08T12:00:00",
        "ssn": "583595896",
        "userOrders": null,
        "isSold": false,
        "id": 89011
    },
    {
        "firstName": "QUINCIA",
        "lastName": "BALLARD",
        "phone": "1111110001",
        "address": "1660 KENDALL DR APT 103",
        "city": "RLTO",
        "state": "BERNRDNO",
        "zip": "92376",
        "email": "DASPOTHAIRSTUDIO@AOL.COM",
        "dateOfBirth": "1965-10-30T12:00:00",
        "ssn": "546375209",
        "userOrders": null,
        "isSold": false,
        "id": 89012
    },
    {
        "firstName": "DEDBORAH",
        "lastName": "KIRK",
        "phone": "3138782758",
        "address": "14424 PENROD ST",
        "city": "DETROIT",
        "state": "MI",
        "zip": "48223",
        "email": "MISSBROWNBABYDOLL@GMAIL.COM",
        "dateOfBirth": "1965-01-11T12:00:00",
        "ssn": "385806530",
        "userOrders": null,
        "isSold": false,
        "id": 89059
    },
    {
        "firstName": "ROBERT",
        "lastName": "SIMONIS",
        "phone": "2486061513",
        "address": "1843 FARMBROOK DR",
        "city": "TROY",
        "state": "MI",
        "zip": "48098",
        "email": "ROBERTHSIMONIS@YAHOO.COM",
        "dateOfBirth": "1965-04-26T12:00:00",
        "ssn": "328467852",
        "userOrders": null,
        "isSold": false,
        "id": 89060
    },
    {
        "firstName": "JERRY",
        "lastName": "MAY",
        "phone": "3303095186",
        "address": "423 PERRY DR NW",
        "city": "PERRY TWP",
        "state": "OH",
        "zip": "44708",
        "email": "JERRYM42@YAHOO.COM",
        "dateOfBirth": "1965-07-31T12:00:00",
        "ssn": "294484713",
        "userOrders": null,
        "isSold": false,
        "id": 89098
    },
    {
        "firstName": "DAVID",
        "lastName": "THOMPSON",
        "phone": "3032020603",
        "address": "3032020603",
        "city": "EULESS TX 76039-5345",
        "state": "BEAR",
        "zip": "EULESS",
        "email": "76039",
        "dateOfBirth": "1965-03-29T12:00:00",
        "ssn": "158563518",
        "userOrders": null,
        "isSold": false,
        "id": 89183
    },
    {
        "firstName": "JOHN",
        "lastName": "GEIGER",
        "phone": "4403820144",
        "address": "7342 AMANDA PL",
        "city": "CONCORD TWP",
        "state": "TWP",
        "zip": "44077",
        "email": "GEIGER64@SBCGLOBAL.NET",
        "dateOfBirth": "1965-12-19T12:00:00",
        "ssn": "283783908",
        "userOrders": null,
        "isSold": false,
        "id": 89216
    },
    {
        "firstName": "ZID",
        "lastName": "THOMPSON",
        "phone": "6019836056",
        "address": "PO BOX 381543",
        "city": "DALLAS",
        "state": "TX",
        "zip": "75236",
        "email": "DRT2828@YAHOO.COM",
        "dateOfBirth": "1965-06-28T12:00:00",
        "ssn": "427339232",
        "userOrders": null,
        "isSold": false,
        "id": 89312
    },
    {
        "firstName": "FRANCISCO",
        "lastName": "DIONISIO",
        "phone": "7147785386",
        "address": "901 N SABINA ST",
        "city": "ANH",
        "state": "CA",
        "zip": "92805",
        "email": "DIONICIO901@SBCGLOBAL.NET",
        "dateOfBirth": "1965-05-31T12:00:00",
        "ssn": "624059529",
        "userOrders": null,
        "isSold": false,
        "id": 89365
    },
    {
        "firstName": "DUKE",
        "lastName": "NGUYEN",
        "phone": "5126593205",
        "address": "1020 BIRD CREEK DR APT 203",
        "city": "AUSTIN",
        "state": "TX",
        "zip": "78758",
        "email": "DUKE@MKVARGAS.COM",
        "dateOfBirth": "1965-09-25T12:00:00",
        "ssn": "229316750",
        "userOrders": null,
        "isSold": false,
        "id": 89373
    },
    {
        "firstName": "ANA",
        "lastName": "GONZALEZ",
        "phone": "2142833530",
        "address": "338 AVENUE G",
        "city": "DALLAS",
        "state": "TX",
        "zip": "75203",
        "email": "ANAGONZALEZ1965@YAHOO.COM",
        "dateOfBirth": "1965-03-20T12:00:00",
        "ssn": "464999563",
        "userOrders": null,
        "isSold": false,
        "id": 89414
    }
]