[
    {
        "firstName": "TERRY",
        "lastName": "CHILDERS",
        "phone": "4049785476",
        "address": "1290 KINGSTON HWY",
        "city": "ACW",
        "state": "GA",
        "zip": "30101",
        "email": "TCCHILDERS@DIRECTV.COM",
        "dateOfBirth": "1965-11-04T12:00:00",
        "ssn": "261577201",
        "userOrders": null,
        "isSold": false,
        "id": 22020
    },
    {
        "firstName": "TERRY",
        "lastName": "POWE",
        "phone": "3184163280",
        "address": "3012 6TH ST",
        "city": "ALEXANDRIA",
        "state": "LA",
        "zip": "71302",
        "email": "POWEP46@GMAIL.COM",
        "dateOfBirth": "1965-09-19T12:00:00",
        "ssn": "364864201",
        "userOrders": null,
        "isSold": false,
        "id": 22109
    },
    {
        "firstName": "WILLIAM",
        "lastName": "KING",
        "phone": "6616654608",
        "address": "3612 SWEETBRIAR WAY",
        "city": "BKFD",
        "state": "CA",
        "zip": "93311",
        "email": "WGKI93311@YAHOO.COM",
        "dateOfBirth": "1965-11-02T12:00:00",
        "ssn": "545238498",
        "userOrders": null,
        "isSold": false,
        "id": 22156
    },
    {
        "firstName": "ELIOT",
        "lastName": "LOUCK",
        "phone": "9544550030",
        "address": "APT 701",
        "city": "HLNDL",
        "state": "E",
        "zip": "33009",
        "email": "ELIOT@YAHOO.COM",
        "dateOfBirth": "1965-01-01T12:00:00",
        "ssn": "570787485",
        "userOrders": null,
        "isSold": false,
        "id": 22229
    },
    {
        "firstName": "YING",
        "lastName": "WANG",
        "phone": "6104518240",
        "address": "14111 E 87TH CT N",
        "city": "OWASSO",
        "state": "OK",
        "zip": "74055",
        "email": "WILLIAMRSHARP@SBCGLOBAL.NET",
        "dateOfBirth": "1965-02-16T12:00:00",
        "ssn": "203767644",
        "userOrders": null,
        "isSold": false,
        "id": 22244
    },
    {
        "firstName": "REGINALD",
        "lastName": "JOHNSON",
        "phone": "8474545677",
        "address": "APT 5704F",
        "city": "ELGN",
        "state": "BRIAR",
        "zip": "60123",
        "email": "REGMAN2028@AOL.COM",
        "dateOfBirth": "1965-01-05T12:00:00",
        "ssn": "393621185",
        "userOrders": null,
        "isSold": false,
        "id": 22324
    },
    {
        "firstName": "LOUISE",
        "lastName": "PHILLIPS",
        "phone": "7856333339",
        "address": "3528 EAGLE PASS CT",
        "city": "TOPEKA",
        "state": "KS",
        "zip": "66614",
        "email": "JHAWKER1@GMAIL.COM",
        "dateOfBirth": "1965-04-26T12:00:00",
        "ssn": "510647145",
        "userOrders": null,
        "isSold": true,
        "id": 22345
    },
    {
        "firstName": "KYM",
        "lastName": "HARRIS",
        "phone": "9522507994",
        "address": "3021 STATE ROAD 590 APT 612",
        "city": "OVERLAND PARK",
        "state": "FL",
        "zip": "66209",
        "email": "KYMMIEHARRIS@GMAIL.COM",
        "dateOfBirth": "1965-05-29T12:00:00",
        "ssn": "523319055",
        "userOrders": null,
        "isSold": false,
        "id": 22367
    },
    {
        "firstName": "MOIRA",
        "lastName": "BRADLEY",
        "phone": "3175239277",
        "address": "5241 ROSSLYN AVE",
        "city": "INDIANAPOLIS",
        "state": "IN",
        "zip": "46220",
        "email": "MOIRAA11@YAHOO.COM",
        "dateOfBirth": "1965-12-11T12:00:00",
        "ssn": "341445781",
        "userOrders": null,
        "isSold": false,
        "id": 22411
    },
    {
        "firstName": "ELIZABETH",
        "lastName": "BORRERO",
        "phone": "7709407005",
        "address": "APT R SIDE",
        "city": "MRETA",
        "state": "MERRITT",
        "zip": "30060",
        "email": "ELIZABET.BORRERO@ATT.NET",
        "dateOfBirth": "1965-06-22T12:00:00",
        "ssn": "582513261",
        "userOrders": null,
        "isSold": false,
        "id": 22470
    },
    {
        "firstName": "LORETTA*",
        "lastName": "HUTINETT",
        "phone": "1111110001",
        "address": "305 NW SHERWOOD DR",
        "city": "BLUE SPRINGS",
        "state": "SPRINGS",
        "zip": "64014",
        "email": "SHEMPHOWAR@AOL.COM",
        "dateOfBirth": "1965-02-20T12:00:00",
        "ssn": "500645470",
        "userOrders": null,
        "isSold": false,
        "id": 22488
    },
    {
        "firstName": "PALKINA",
        "lastName": "EVANS",
        "phone": "5103007985",
        "address": "150 ISABELLA ST",
        "city": "HAY",
        "state": "CA",
        "zip": "94544",
        "email": "EVANSB@SMCCD.EDU",
        "dateOfBirth": "1965-06-15T12:00:00",
        "ssn": "556081999",
        "userOrders": null,
        "isSold": false,
        "id": 22527
    },
    {
        "firstName": "WAYNE",
        "lastName": "THOMPSON",
        "phone": "4043143862",
        "address": "# 115",
        "city": "ALPH",
        "state": "ISSAQUAH",
        "zip": "30022",
        "email": "WAYNET26@BELLSOUTH.NET",
        "dateOfBirth": "1965-08-04T12:00:00",
        "ssn": "667107998",
        "userOrders": null,
        "isSold": false,
        "id": 22549
    },
    {
        "firstName": "JEAN",
        "lastName": "DAIGLE",
        "phone": "9199019797",
        "address": "8612 ROYTON CIR",
        "city": "RAL",
        "state": "NC",
        "zip": "27613",
        "email": "JDAIGLE97@GMAIL.COM",
        "dateOfBirth": "1965-05-16T12:00:00",
        "ssn": "246853726",
        "userOrders": null,
        "isSold": false,
        "id": 22560
    },
    {
        "firstName": "KATHLEEN",
        "lastName": "PASTOR",
        "phone": "9258183358",
        "address": "21 DRIFTWOOD CT",
        "city": "PH",
        "state": "HILL",
        "zip": "94523",
        "email": "KATHIPASTOR@MSN.COM",
        "dateOfBirth": "1965-01-25T12:00:00",
        "ssn": "566617947",
        "userOrders": null,
        "isSold": true,
        "id": 22571
    }
]