[
    {
        "firstName": "LISA",
        "lastName": "BAILEY",
        "phone": "9362328964",
        "address": "6131 INWAY DR",
        "city": "SPRING",
        "state": "TX",
        "zip": "77389",
        "email": "LISAMBAILEY2000@YAHOO.COM",
        "dateOfBirth": "1965-04-22T12:00:00",
        "ssn": "433417687",
        "userOrders": null,
        "isSold": false,
        "id": 70958
    },
    {
        "firstName": "ROTIS",
        "lastName": "CUISINE",
        "phone": "6622025760",
        "address": "485 ALEXA DR",
        "city": "MEMPHIS",
        "state": "MS",
        "zip": "38117",
        "email": "MANKISETTY@GMAIL.COM",
        "dateOfBirth": "1965-02-04T12:00:00",
        "ssn": "766164021",
        "userOrders": null,
        "isSold": false,
        "id": 70985
    },
    {
        "firstName": "TIMOTHY",
        "lastName": "FOGARTY",
        "phone": "4153106335",
        "address": "4538 FLEMING AVE",
        "city": "OAK",
        "state": "CA",
        "zip": "94619",
        "email": "TIM.FOGARTY.SF@GMAIL.COM",
        "dateOfBirth": "1965-08-13T12:00:00",
        "ssn": "549678963",
        "userOrders": null,
        "isSold": false,
        "id": 70994
    },
    {
        "firstName": "CHRIS",
        "lastName": "GARCIA",
        "phone": "5172317038",
        "address": "206 OKEMOS ST",
        "city": "MASON",
        "state": "MI",
        "zip": "48854",
        "email": "NUNN373@YAHOO.COM",
        "dateOfBirth": "1965-08-09T12:00:00",
        "ssn": "461553914",
        "userOrders": null,
        "isSold": false,
        "id": 70995
    },
    {
        "firstName": "DANA",
        "lastName": "SOSSEN",
        "phone": "7137789128",
        "address": "9246 NEFF ST",
        "city": "HOUSTON",
        "state": "TX",
        "zip": "77036",
        "email": "danna@real-estate-dept.com",
        "dateOfBirth": "1965-10-23T12:00:00",
        "ssn": "465086611",
        "userOrders": null,
        "isSold": false,
        "id": 71070
    },
    {
        "firstName": "STEPHANIE",
        "lastName": "RAHMING",
        "phone": "3056065714",
        "address": "4035 NW 165TH ST",
        "city": "MIAMI GARDENS",
        "state": "GARDENS",
        "zip": "33054",
        "email": "STEPHAKA123@YAHOO.COM",
        "dateOfBirth": "1965-04-27T12:00:00",
        "ssn": "264434028",
        "userOrders": null,
        "isSold": false,
        "id": 71246
    },
    {
        "firstName": "LAURIE",
        "lastName": "PILGRIM",
        "phone": "7062969448",
        "address": "1021 OCONEE CROSSING CT",
        "city": "BOGART",
        "state": "GA",
        "zip": "30622",
        "email": "LAURIEPILGRIM@OUTLOOK.COM",
        "dateOfBirth": "1965-09-18T12:00:00",
        "ssn": "252136371",
        "userOrders": null,
        "isSold": false,
        "id": 71250
    },
    {
        "firstName": "JEFF",
        "lastName": "WERBLUN",
        "phone": "2096706185",
        "address": "10001 REDCOAT LN",
        "city": "SHNGL SPGS",
        "state": "CA",
        "zip": "95682",
        "email": "JWERBLUN@GMAIL.COM",
        "dateOfBirth": "1965-05-03T12:00:00",
        "ssn": "561654054",
        "userOrders": null,
        "isSold": false,
        "id": 71259
    },
    {
        "firstName": "MARTIN",
        "lastName": "GARCIA",
        "phone": "2095237996",
        "address": "6615996217",
        "city": "MODESTO CA 95351-2117",
        "state": "VALLECITO",
        "zip": "MDSTO",
        "email": "95351",
        "dateOfBirth": "1965-07-03T12:00:00",
        "ssn": "518101702",
        "userOrders": null,
        "isSold": false,
        "id": 71265
    },
    {
        "firstName": "MARIA",
        "lastName": "CARDONA",
        "phone": "2097442457",
        "address": "890 RETRIEVER WAY",
        "city": "GALT",
        "state": "CA",
        "zip": "95632",
        "email": "JEFCARDONA890@GMAIL.COM",
        "dateOfBirth": "1965-12-10T12:00:00",
        "ssn": "606489524",
        "userOrders": null,
        "isSold": false,
        "id": 71332
    },
    {
        "firstName": "CATHERINE",
        "lastName": "DENT",
        "phone": "3236605293",
        "address": "28629 HIGH RIDGE DR",
        "city": "LA",
        "state": "CLARITA",
        "zip": "90039",
        "email": "CD@CATHERINEDENT.COM",
        "dateOfBirth": "1965-04-14T12:00:00",
        "ssn": "435419370",
        "userOrders": null,
        "isSold": false,
        "id": 71344
    },
    {
        "firstName": "HARRAJ",
        "lastName": "ATWAL",
        "phone": "9162438822",
        "address": "216 SERRANOS CT",
        "city": "RSVL",
        "state": "CA",
        "zip": "95747",
        "email": "GURSULK001@GMAIL.COM",
        "dateOfBirth": "1965-01-20T12:00:00",
        "ssn": "558752894",
        "userOrders": null,
        "isSold": false,
        "id": 71350
    },
    {
        "firstName": "JOSEPH",
        "lastName": "LEWIS",
        "phone": "5126586422",
        "address": "4825 DAVIS LN APT 1826",
        "city": "AUSTIN",
        "state": "TX",
        "zip": "78758",
        "email": "LEWIS92115@HOTMAIL.COM",
        "dateOfBirth": "1965-07-21T12:00:00",
        "ssn": "435041421",
        "userOrders": null,
        "isSold": false,
        "id": 71413
    },
    {
        "firstName": "JANICE",
        "lastName": "WALSH",
        "phone": "7343539038",
        "address": "35041 PEMBROKE AVE",
        "city": "LIVONIA",
        "state": "MI",
        "zip": "48152",
        "email": "JANICEWALSH325@GMAIL.COM",
        "dateOfBirth": "1965-03-25T12:00:00",
        "ssn": "366887931",
        "userOrders": null,
        "isSold": false,
        "id": 71561
    },
    {
        "firstName": "ROBERT",
        "lastName": "FOLLETT",
        "phone": "3174350623",
        "address": "10602 E 59TH ST",
        "city": "INDIANAPOLIS",
        "state": "IN",
        "zip": "46256",
        "email": "JANFOLLETT@ATT.NET",
        "dateOfBirth": "1965-02-08T12:00:00",
        "ssn": "307864501",
        "userOrders": null,
        "isSold": false,
        "id": 71573
    }
]