[
    {
        "firstName": "MELISSA",
        "lastName": "SPRING",
        "phone": "9376081901",
        "address": "2437 FEATHERSTON CT",
        "city": "SPRINGBORO",
        "state": "OH",
        "zip": "45066",
        "email": "MISSYSPRING@ATT.NET",
        "dateOfBirth": "1965-08-16T12:00:00",
        "ssn": "292484770",
        "userOrders": null,
        "isSold": false,
        "id": 38977
    },
    {
        "firstName": "EDWARD",
        "lastName": "ROSARIO",
        "phone": "4042718831",
        "address": "226 SILVER SPRING ST",
        "city": "DLS",
        "state": "GA",
        "zip": "30157",
        "email": "ED.ROSARIO226@GMAIL.COM",
        "dateOfBirth": "1965-01-27T12:00:00",
        "ssn": "148681687",
        "userOrders": null,
        "isSold": false,
        "id": 39024
    },
    {
        "firstName": "YONG",
        "lastName": "CHEN",
        "phone": "4087917859",
        "address": "10368 LOZANO LN",
        "city": "CPRTNO",
        "state": "CA",
        "zip": "95014",
        "email": "CHENYONG2310516@163.COM",
        "dateOfBirth": "1965-12-29T12:00:00",
        "ssn": "656295305",
        "userOrders": null,
        "isSold": false,
        "id": 39204
    },
    {
        "firstName": "VALERIE",
        "lastName": "MCADAMS",
        "phone": "3363587803",
        "address": "102 WHITESTONE DR",
        "city": "GNBO",
        "state": "NC",
        "zip": "27455",
        "email": "MACFAMILY102@AOL.COM",
        "dateOfBirth": "1965-11-05T12:00:00",
        "ssn": "105503838",
        "userOrders": null,
        "isSold": false,
        "id": 39210
    },
    {
        "firstName": "LAURA",
        "lastName": "BRUNE",
        "phone": "7145252435",
        "address": "1113 WILLIAMSON AVE",
        "city": "FUL",
        "state": "CA",
        "zip": "92833",
        "email": "LAURABRUNE@ATT.NET",
        "dateOfBirth": "1965-03-01T12:00:00",
        "ssn": "527876213",
        "userOrders": null,
        "isSold": false,
        "id": 39397
    },
    {
        "firstName": "ELLIS",
        "lastName": "SONGY",
        "phone": "9729217660",
        "address": "PO BOX 2219",
        "city": "OVILLA",
        "state": "OAK",
        "zip": "75154",
        "email": "ESONGY@YAHOO.COM",
        "dateOfBirth": "1965-05-20T12:00:00",
        "ssn": "439250468",
        "userOrders": null,
        "isSold": false,
        "id": 39413
    },
    {
        "firstName": "PAUL",
        "lastName": "WILSON",
        "phone": "4323338161",
        "address": "8109 MISTY WATER DR",
        "city": "ODESSA",
        "state": "WORTH",
        "zip": "79765",
        "email": "CORINA91169@CABLEONE.NET",
        "dateOfBirth": "1965-01-31T12:00:00",
        "ssn": "456378215",
        "userOrders": null,
        "isSold": false,
        "id": 39442
    },
    {
        "firstName": "BRENDA",
        "lastName": "HICKS",
        "phone": "3308069777",
        "address": "7199 POPLARWOOD RD NW",
        "city": "JACKSON TWP",
        "state": "CANTON",
        "zip": "44720",
        "email": "BHICKS54887@ATT.NET",
        "dateOfBirth": "1965-06-02T12:00:00",
        "ssn": "280641225",
        "userOrders": null,
        "isSold": false,
        "id": 39452
    },
    {
        "firstName": "PATRICIA",
        "lastName": "HAMAKER",
        "phone": "3175062105",
        "address": "13833 OAK GROVE CT",
        "city": "FISHERS",
        "state": "IN",
        "zip": "46038",
        "email": "PLH0704@AOL.COM",
        "dateOfBirth": "1965-07-04T12:00:00",
        "ssn": "317800924",
        "userOrders": null,
        "isSold": false,
        "id": 39455
    },
    {
        "firstName": "MAIRA",
        "lastName": "BRADING",
        "phone": "5126995285",
        "address": "1023 BLACKTHORN DR",
        "city": "PFLUGERVILLE",
        "state": "TX",
        "zip": "78660",
        "email": "SNOOPYMAIRA@YAHOO.COM",
        "dateOfBirth": "1965-12-05T12:00:00",
        "ssn": "450454486",
        "userOrders": null,
        "isSold": false,
        "id": 39487
    },
    {
        "firstName": "LAURENT",
        "lastName": "VISSICHELLI",
        "phone": "5163194623",
        "address": "34 1ST AVE",
        "city": "M*B",
        "state": "VALLEY",
        "zip": "33139",
        "email": "LAURENT305@GMAIL.COM",
        "dateOfBirth": "1965-05-19T12:00:00",
        "ssn": "408519122",
        "userOrders": null,
        "isSold": false,
        "id": 39514
    },
    {
        "firstName": "LAURIE",
        "lastName": "HITES",
        "phone": "5674549158",
        "address": "15011 COUNTY ROAD K",
        "city": "WHITEHOUSE VILLAGE",
        "state": "OH",
        "zip": "43571",
        "email": "LAURIE4848@AOL.COM",
        "dateOfBirth": "1965-01-27T12:00:00",
        "ssn": "275604680",
        "userOrders": null,
        "isSold": false,
        "id": 39523
    },
    {
        "firstName": "CHARLOTTE",
        "lastName": "NEVALLE",
        "phone": "9197497815",
        "address": "8903 SHALLCROSS WAY",
        "city": "RAL",
        "state": "NC",
        "zip": "27617",
        "email": "SASSYNCGAL83@YAHOO.COM",
        "dateOfBirth": "1965-03-28T12:00:00",
        "ssn": "238338023",
        "userOrders": null,
        "isSold": false,
        "id": 39536
    },
    {
        "firstName": "JERRY",
        "lastName": "LEWIS",
        "phone": "4026503505",
        "address": "5118 GERTRUDE ST",
        "city": "OMAHA",
        "state": "NE",
        "zip": "68157",
        "email": "SLEWISX5@GMAIL.COM",
        "dateOfBirth": "1965-01-20T12:00:00",
        "ssn": "506847869",
        "userOrders": null,
        "isSold": true,
        "id": 39745
    },
    {
        "firstName": "ALEX",
        "lastName": "RELF",
        "phone": "4257853882",
        "address": "10009 GREEN HEDGE AVE",
        "city": "CHAR",
        "state": "NC",
        "zip": "28269",
        "email": "ARCTICFOX35@HOTMAIL.COM",
        "dateOfBirth": "1965-07-17T12:00:00",
        "ssn": "129640320",
        "userOrders": null,
        "isSold": false,
        "id": 39778
    }
]