[
    {
        "firstName": "TIM",
        "lastName": "HAWKINS",
        "phone": "8282753654",
        "address": "177 BEAVER CREEK CIR",
        "city": "CNDLR",
        "state": "NC",
        "zip": "28715",
        "email": "COTTONTOP177@YAHOO.COM",
        "dateOfBirth": "1965-10-14T12:00:00",
        "ssn": "255210318",
        "userOrders": null,
        "isSold": false,
        "id": 97056
    },
    {
        "firstName": "PEGGY",
        "lastName": "EGAMI",
        "phone": "2096066232",
        "address": "5004 STONEDALE DR",
        "city": "SALIDA",
        "state": "CA",
        "zip": "95368",
        "email": "PEGGY.EGAMI@YAHOO.COM",
        "dateOfBirth": "1965-06-18T12:00:00",
        "ssn": "331702363",
        "userOrders": null,
        "isSold": false,
        "id": 97085
    },
    {
        "firstName": "ALICIA",
        "lastName": "MILLER",
        "phone": "8173125827",
        "address": "1106 PEGASUS DR",
        "city": "ARLINGTON",
        "state": "TX",
        "zip": "76013",
        "email": "ACMILLER623@YAHOO.COM",
        "dateOfBirth": "1965-06-23T12:00:00",
        "ssn": "454559719",
        "userOrders": null,
        "isSold": false,
        "id": 97141
    },
    {
        "firstName": "LORRAINE",
        "lastName": "HOQUIST",
        "phone": "9493300504",
        "address": "PO BOX 1342",
        "city": "LAKE FOREST",
        "state": "FOREST",
        "zip": "92630",
        "email": "LOVE2DANCEINTHEOC@GMAIL.COM",
        "dateOfBirth": "1965-05-22T12:00:00",
        "ssn": "560290209",
        "userOrders": null,
        "isSold": false,
        "id": 97211
    },
    {
        "firstName": "MARISELA",
        "lastName": "TELLECHEA",
        "phone": "5612611797",
        "address": "13558 BARBERRY DR",
        "city": "VILLAGE OF WELLINGTON",
        "state": "WELLINGTN",
        "zip": "33414",
        "email": "MARCY_TELLECHEA@YAHOO.COM",
        "dateOfBirth": "1965-02-01T12:00:00",
        "ssn": "265510880",
        "userOrders": null,
        "isSold": false,
        "id": 97215
    },
    {
        "firstName": "VANGIE",
        "lastName": "VILLALOBOS",
        "phone": "2629147521",
        "address": "723 GARDNER ST",
        "city": "KENOSHA",
        "state": "GENEVA",
        "zip": "53144",
        "email": "VILLALOBOSVANGIE@GMAIL.COM",
        "dateOfBirth": "1965-10-12T12:00:00",
        "ssn": "451254366",
        "userOrders": null,
        "isSold": false,
        "id": 97251
    },
    {
        "firstName": "THELMA",
        "lastName": "RAMIREZ",
        "phone": "7132911647",
        "address": "7014 VENUS ST",
        "city": "HOUSTON",
        "state": "TX",
        "zip": "77088",
        "email": "CARLOSC1989@HOTMAIL.COM",
        "dateOfBirth": "1965-04-14T12:00:00",
        "ssn": "641380743",
        "userOrders": null,
        "isSold": false,
        "id": 97262
    },
    {
        "firstName": "ANA",
        "lastName": "MENDOZA.",
        "phone": "4082877435",
        "address": "1841 COURTNEY AVE",
        "city": "SJ",
        "state": "JOSE",
        "zip": "95122",
        "email": "ANA1841@ATT.NET",
        "dateOfBirth": "1965-11-07T12:00:00",
        "ssn": "605884922",
        "userOrders": null,
        "isSold": false,
        "id": 97274
    },
    {
        "firstName": "DEBBIE",
        "lastName": "CABALLERO",
        "phone": "8184455207",
        "address": "7630 GREG AVE",
        "city": "SUN VLY",
        "state": "VALLEY",
        "zip": "91352",
        "email": "LOVELYLATINEYES101@YAHOO.COM",
        "dateOfBirth": "1965-09-26T12:00:00",
        "ssn": "571630939",
        "userOrders": null,
        "isSold": false,
        "id": 97279
    },
    {
        "firstName": "DENISE",
        "lastName": "WITCHEN",
        "phone": "5044164350",
        "address": "4905 DREYFOUS AVE",
        "city": "METAIRIE",
        "state": "LA",
        "zip": "70006",
        "email": "DWIT3238@AOL.COM",
        "dateOfBirth": "1965-05-16T12:00:00",
        "ssn": "439336727",
        "userOrders": null,
        "isSold": false,
        "id": 97280
    },
    {
        "firstName": "ALEJANDRO",
        "lastName": "BOJORQUEZ",
        "phone": "6614283942",
        "address": "6718 MILL CREEK DR",
        "city": "BKFD",
        "state": "CA",
        "zip": "93313",
        "email": "BOJORQUEZ65@YAHOO.COM",
        "dateOfBirth": "1965-12-22T12:00:00",
        "ssn": "568352031",
        "userOrders": null,
        "isSold": false,
        "id": 97304
    },
    {
        "firstName": "RHONDA",
        "lastName": "L",
        "phone": "9187984991",
        "address": "5395 S 4260 RD",
        "city": "ROGERS COUNTY",
        "state": "OK",
        "zip": "74016",
        "email": "RSTEPHENSON@CHELSEADRAGONS.NET",
        "dateOfBirth": "1965-08-31T12:00:00",
        "ssn": "448765396",
        "userOrders": null,
        "isSold": false,
        "id": 97344
    },
    {
        "firstName": "VERLTON",
        "lastName": "GORDON",
        "phone": "5712142212",
        "address": "APT 201",
        "city": "NAPRVL",
        "state": "BENEDETTI",
        "zip": "60563",
        "email": "VKGORDON@YAHOO.COM",
        "dateOfBirth": "1965-03-19T12:00:00",
        "ssn": "103587125",
        "userOrders": null,
        "isSold": false,
        "id": 97586
    },
    {
        "firstName": "SCAVOLINI",
        "lastName": "N/A",
        "phone": "2014601246",
        "address": "7139650100",
        "city": "HOUSTON TX 77004-7522",
        "state": "RIVERSIDE",
        "zip": "HOUSTON",
        "email": "77056",
        "dateOfBirth": "1965-03-11T12:00:00",
        "ssn": "582495365",
        "userOrders": null,
        "isSold": false,
        "id": 97677
    },
    {
        "firstName": "GERONIMO",
        "lastName": "VASQUEZ",
        "phone": "5592310209",
        "address": "416 W NORTH AVE",
        "city": "FRS",
        "state": "CA",
        "zip": "93706",
        "email": "JANCRMI@MAIL.FRESNOSTATE.EDU",
        "dateOfBirth": "1965-12-08T12:00:00",
        "ssn": "622187384",
        "userOrders": null,
        "isSold": false,
        "id": 97697
    }
]