[
    {
        "firstName": "JAMES",
        "lastName": "BLANKEN",
        "phone": "9376052965",
        "address": "412 N RACE ST",
        "city": "SPRINGFIELD",
        "state": "OH",
        "zip": "45504",
        "email": "JAMES.BLANKEN@HOTMAIL.COM",
        "dateOfBirth": "1965-08-10T12:00:00",
        "ssn": "292749226",
        "userOrders": null,
        "isSold": false,
        "id": 92015
    },
    {
        "firstName": "VICTOR",
        "lastName": "CORVO",
        "phone": "2398100862",
        "address": "2397724038",
        "city": "CAPE CORAL FL 33993-2404",
        "state": "NW",
        "zip": "HLH",
        "email": "33016",
        "dateOfBirth": "1965-03-10T12:00:00",
        "ssn": "589708587",
        "userOrders": null,
        "isSold": false,
        "id": 92106
    },
    {
        "firstName": "BRIAN",
        "lastName": "HALL",
        "phone": "4178306724",
        "address": "3554 W OAK RUN ST",
        "city": "BATTLEFIELD",
        "state": "MO",
        "zip": "65619",
        "email": "BRI1HALL@SBCGLOBAL.NET",
        "dateOfBirth": "1965-09-11T12:00:00",
        "ssn": "496589828",
        "userOrders": null,
        "isSold": false,
        "id": 92119
    },
    {
        "firstName": "ALEJANDRO",
        "lastName": "JARAMILLO",
        "phone": "5617067985",
        "address": "21354 GOSIER WAY",
        "city": "BOCA RATON",
        "state": "RATON",
        "zip": "33428",
        "email": "ALEJANDRO.JARAMILLO@REMARKGROUP.COM",
        "dateOfBirth": "1965-07-01T12:00:00",
        "ssn": "212116038",
        "userOrders": null,
        "isSold": false,
        "id": 92163
    },
    {
        "firstName": "RAMI",
        "lastName": "TEWFIK",
        "phone": "8186947060",
        "address": "8417 CALVIN AVE",
        "city": "C PK",
        "state": "CA",
        "zip": "91306",
        "email": "RAMITEWFIK@ATT.NET",
        "dateOfBirth": "1965-09-12T12:00:00",
        "ssn": "545558474",
        "userOrders": null,
        "isSold": false,
        "id": 92323
    },
    {
        "firstName": "JEFFREY",
        "lastName": "RUTH",
        "phone": "6068132638",
        "address": "135 LOCUST ST",
        "city": "MANCHESTER",
        "state": "KY",
        "zip": "40962",
        "email": "JDRUTH@ME.COM",
        "dateOfBirth": "1965-04-21T12:00:00",
        "ssn": "400177669",
        "userOrders": null,
        "isSold": false,
        "id": 92363
    },
    {
        "firstName": "SCOTT",
        "lastName": "RICH",
        "phone": "2563787911",
        "address": "403 ODELL AVE",
        "city": "CHILDERSBURG",
        "state": "AL",
        "zip": "35044",
        "email": "SCOTTRICH@ATT.NET",
        "dateOfBirth": "1965-05-28T12:00:00",
        "ssn": "418181118",
        "userOrders": null,
        "isSold": false,
        "id": 92372
    },
    {
        "firstName": "CLYDE",
        "lastName": "BAILEY",
        "phone": "2568742768",
        "address": "16874 RASPBERRY LN",
        "city": "ATHENS",
        "state": "AL",
        "zip": "35613",
        "email": "DELOLPN@GMAIL.COM",
        "dateOfBirth": "1965-10-30T12:00:00",
        "ssn": "417113576",
        "userOrders": null,
        "isSold": false,
        "id": 92396
    },
    {
        "firstName": "RITA",
        "lastName": "LARA",
        "phone": "6268620323",
        "address": "2108 WINTHROP DR",
        "city": "ALH",
        "state": "CA",
        "zip": "91803",
        "email": "RITAMARIELARA@YAHOO.COM",
        "dateOfBirth": "1965-08-09T12:00:00",
        "ssn": "545318542",
        "userOrders": null,
        "isSold": false,
        "id": 92488
    },
    {
        "firstName": "SELOME",
        "lastName": "TSEGAYE",
        "phone": "7704035493",
        "address": "2476 STONECROFT WAY",
        "city": "DLTH",
        "state": "GA",
        "zip": "30097",
        "email": "ABATK6@BELLSOUTH.NET",
        "dateOfBirth": "1965-01-10T12:00:00",
        "ssn": "253758903",
        "userOrders": null,
        "isSold": false,
        "id": 92518
    },
    {
        "firstName": "HUE",
        "lastName": "TA",
        "phone": "6262828639",
        "address": "205 S CHANDLER AVE APT A",
        "city": "M PK",
        "state": "PARK",
        "zip": "91754",
        "email": "DEMOBNOI1995@ATT.NET",
        "dateOfBirth": "1965-12-01T12:00:00",
        "ssn": "609532665",
        "userOrders": null,
        "isSold": false,
        "id": 92535
    },
    {
        "firstName": "VALERIE",
        "lastName": "A",
        "phone": "2166713216",
        "address": "FL 2",
        "city": "CLEVELAND",
        "state": "FLORIAN",
        "zip": "44111",
        "email": "V_HAYWARD@ATT.NET",
        "dateOfBirth": "1965-03-19T12:00:00",
        "ssn": "285767046",
        "userOrders": null,
        "isSold": false,
        "id": 92619
    },
    {
        "firstName": "FELICITAS",
        "lastName": "VALLIN",
        "phone": "2105276126",
        "address": "362 N SAN GABRIEL AVE",
        "city": "SAN ANTONIO",
        "state": "ANTONIO",
        "zip": "78237",
        "email": "DELGADILLO1965@YAHOO.COM",
        "dateOfBirth": "1965-04-23T12:00:00",
        "ssn": "452497170",
        "userOrders": null,
        "isSold": false,
        "id": 92713
    },
    {
        "firstName": "RITA",
        "lastName": "BAKER",
        "phone": "6155910839",
        "address": "2734 WALES CT",
        "city": "SPRING HILL",
        "state": "STN",
        "zip": "37179",
        "email": "RBAKER@POLICE.NASHVILLE.ORG",
        "dateOfBirth": "1965-02-13T12:00:00",
        "ssn": "105403369",
        "userOrders": null,
        "isSold": false,
        "id": 92855
    },
    {
        "firstName": "DAVID",
        "lastName": "POWERS",
        "phone": "3174131222",
        "address": "19135 GOLDEN MEADOW WAY",
        "city": "NOBLESVILLE",
        "state": "IN",
        "zip": "46060",
        "email": "MAIL4POWERS@SBCGLOBAL.NET",
        "dateOfBirth": "1965-08-06T12:00:00",
        "ssn": "313749985",
        "userOrders": null,
        "isSold": false,
        "id": 92878
    }
]