[
    {
        "firstName": "JAMIE",
        "lastName": "KEE",
        "phone": "9722883933",
        "address": "1728 COLBORNE DR",
        "city": "MESQUITE",
        "state": "TX",
        "zip": "75149",
        "email": "JE_KEE@YAHOO.COM",
        "dateOfBirth": "1965-01-22T12:00:00",
        "ssn": "461355637",
        "userOrders": null,
        "isSold": false,
        "id": 70170
    },
    {
        "firstName": "J",
        "lastName": "SCOTT",
        "phone": "8474130852",
        "address": "8475252914",
        "city": "SCHAUMBURG IL 60173-6576",
        "state": "CORSAIRE",
        "zip": "SCHMBRG",
        "email": "60173",
        "dateOfBirth": "1965-09-14T12:00:00",
        "ssn": "356649486",
        "userOrders": null,
        "isSold": false,
        "id": 70287
    },
    {
        "firstName": "BERNARDO",
        "lastName": "COBIAN",
        "phone": "7145615555",
        "address": "5031 CITATION AVE",
        "city": "CYP",
        "state": "CA",
        "zip": "90630",
        "email": "BERNARDOCOBIAN@GMAIL.COM",
        "dateOfBirth": "1965-08-20T12:00:00",
        "ssn": "603743887",
        "userOrders": null,
        "isSold": false,
        "id": 70333
    },
    {
        "firstName": "DOUG",
        "lastName": "CHALIFOUX",
        "phone": "8583573949",
        "address": "1276 W 8TH ST",
        "city": "SN PED",
        "state": "PEDRO",
        "zip": "90731",
        "email": "DCHALIFOUX101460@MSN.COM",
        "dateOfBirth": "1965-11-18T12:00:00",
        "ssn": "151561129",
        "userOrders": null,
        "isSold": false,
        "id": 70368
    },
    {
        "firstName": "ROGERS",
        "lastName": "J",
        "phone": "9252077705",
        "address": "213 MARTIN EDEN CT",
        "city": "PIT",
        "state": "CA",
        "zip": "94565",
        "email": "CALIASSASSIN@AOL.COM",
        "dateOfBirth": "1965-06-02T12:00:00",
        "ssn": "561611002",
        "userOrders": null,
        "isSold": false,
        "id": 70392
    },
    {
        "firstName": "LISA",
        "lastName": "COLBY",
        "phone": "4148078358",
        "address": "95 W EASY ST",
        "city": "WEST BEND",
        "state": "WI",
        "zip": "53095",
        "email": "CHEESE2717@YAHOO.COM",
        "dateOfBirth": "1965-04-28T12:00:00",
        "ssn": "388806446",
        "userOrders": null,
        "isSold": false,
        "id": 70468
    },
    {
        "firstName": "WING",
        "lastName": "KWAN",
        "phone": "1111110002",
        "address": "2909 S WELLS ST FL 2",
        "city": "CHGO",
        "state": "IL",
        "zip": "60616",
        "email": "VINCENTPUFFY@YAHOO.COM",
        "dateOfBirth": "1965-07-07T12:00:00",
        "ssn": "473113527",
        "userOrders": null,
        "isSold": false,
        "id": 70503
    },
    {
        "firstName": "RAFAEL",
        "lastName": "A",
        "phone": "4072832281",
        "address": "11415 CARDIFF DR",
        "city": "ORL",
        "state": "FL",
        "zip": "32837",
        "email": "RAFALOP16@ATT.NET",
        "dateOfBirth": "1965-05-27T12:00:00",
        "ssn": "769865694",
        "userOrders": null,
        "isSold": false,
        "id": 70519
    },
    {
        "firstName": "MARK",
        "lastName": "SEEBECK",
        "phone": "3142214428",
        "address": "1528 FOX RIDGE CT",
        "city": "ARNOLD",
        "state": "MO",
        "zip": "63010",
        "email": "MSEEBECK@YAHOO.COM",
        "dateOfBirth": "1965-09-09T12:00:00",
        "ssn": "491705057",
        "userOrders": null,
        "isSold": false,
        "id": 70734
    },
    {
        "firstName": "ROBERT",
        "lastName": "HOUSEYE",
        "phone": "9208036189",
        "address": "1026 CLARA AVE",
        "city": "SHEBOYGAN",
        "state": "WI",
        "zip": "53081",
        "email": "HBUBALA2@YAHOO.COM",
        "dateOfBirth": "1965-01-28T12:00:00",
        "ssn": "395682202",
        "userOrders": null,
        "isSold": false,
        "id": 70767
    },
    {
        "firstName": "ELIDA",
        "lastName": "JENNINGS",
        "phone": "2102512289",
        "address": "442 PILGRIM DR",
        "city": "SAN ANTONIO",
        "state": "ANTONIO",
        "zip": "78213",
        "email": "ELIDAJENNINGS@YAHOO.COM",
        "dateOfBirth": "1965-07-07T12:00:00",
        "ssn": "437192038",
        "userOrders": null,
        "isSold": false,
        "id": 70791
    },
    {
        "firstName": "CAROL",
        "lastName": "A",
        "phone": "8034776688",
        "address": "2491 SENATE ST APT C",
        "city": "COLA",
        "state": "SC",
        "zip": "29205",
        "email": "CAROLGOODWIN01@YAHOO.COM",
        "dateOfBirth": "1965-10-28T12:00:00",
        "ssn": "247592228",
        "userOrders": null,
        "isSold": true,
        "id": 70801
    },
    {
        "firstName": "MICHELLE",
        "lastName": "TRAVIS",
        "phone": "2707039329",
        "address": "1325 JEFFERSON ST",
        "city": "PADUCAH",
        "state": "KY",
        "zip": "42001",
        "email": "MTRAVISFREITAG@HOTMAIL.COM",
        "dateOfBirth": "1965-09-30T12:00:00",
        "ssn": "401179733",
        "userOrders": null,
        "isSold": false,
        "id": 70858
    },
    {
        "firstName": "SHELLIE",
        "lastName": "LANES",
        "phone": "3866738433",
        "address": "29 COQUINA RIDGE WAY",
        "city": "ORM BCH",
        "state": "BEACH",
        "zip": "32174",
        "email": "SLANES@ORMONDGOLDS.COM",
        "dateOfBirth": "1965-01-11T12:00:00",
        "ssn": "594127239",
        "userOrders": null,
        "isSold": false,
        "id": 70872
    },
    {
        "firstName": "TIM",
        "lastName": "GARRETT",
        "phone": "7708805409",
        "address": "2057 EDWARDS RD",
        "city": "DGLSVL",
        "state": "GA",
        "zip": "30134",
        "email": "TIM-GARRETT@ATT.NET",
        "dateOfBirth": "1965-09-24T12:00:00",
        "ssn": "260390320",
        "userOrders": null,
        "isSold": false,
        "id": 70919
    }
]