[
    {
        "firstName": "JAMES",
        "lastName": "HARDEN",
        "phone": "1111110001",
        "address": "13109 GLADYS DR",
        "city": "VANCE",
        "state": "AL",
        "zip": "35490",
        "email": "KHARDEN7177@GMAIL.COM",
        "dateOfBirth": "1965-08-08T12:00:00",
        "ssn": "420909768",
        "userOrders": null,
        "isSold": false,
        "id": 20215
    },
    {
        "firstName": "MICHAEL",
        "lastName": "BURTON",
        "phone": "1111110001",
        "address": "1010 CELEBRATION DR",
        "city": "RSWL",
        "state": "GA",
        "zip": "30076",
        "email": "MLBURTON83@GMAIL.COM",
        "dateOfBirth": "1965-08-29T12:00:00",
        "ssn": "513805303",
        "userOrders": null,
        "isSold": false,
        "id": 20217
    },
    {
        "firstName": "WILLIAM",
        "lastName": "OCKERMAN",
        "phone": "9497011035",
        "address": "201 W COLLINS AVE SPC 91",
        "city": "ORG",
        "state": "CA",
        "zip": "92867",
        "email": "MOMOCKERMAN@GMAIL.COM",
        "dateOfBirth": "1965-02-08T12:00:00",
        "ssn": "551455297",
        "userOrders": null,
        "isSold": false,
        "id": 20232
    },
    {
        "firstName": "TIM",
        "lastName": "BACA",
        "phone": "4233368217",
        "address": "285 NORTHWEST DR NW",
        "city": "CHARLESTON",
        "state": "TN",
        "zip": "37310",
        "email": "JANBAC17@GMAIL.COM",
        "dateOfBirth": "1965-04-24T12:00:00",
        "ssn": "571112167",
        "userOrders": null,
        "isSold": false,
        "id": 20237
    },
    {
        "firstName": "SHAMAINE",
        "lastName": "A",
        "phone": "9549616045",
        "address": "5831 WASHINGTON ST APT 43",
        "city": "HLWD",
        "state": "FL",
        "zip": "33023",
        "email": "BSENSATIONAL5@AOL.COM",
        "dateOfBirth": "1965-07-11T12:00:00",
        "ssn": "590048735",
        "userOrders": null,
        "isSold": false,
        "id": 20239
    },
    {
        "firstName": "WILSON",
        "lastName": "PULGARIN",
        "phone": "7704345539",
        "address": "2216 AUSTIN LAKE DR SE",
        "city": "SMYR",
        "state": "GA",
        "zip": "30082",
        "email": "WILSONPULGARIN@BELLSOUTH.NET",
        "dateOfBirth": "1965-06-04T12:00:00",
        "ssn": "253679149",
        "userOrders": null,
        "isSold": false,
        "id": 20298
    },
    {
        "firstName": "ENEMIAS",
        "lastName": "MARTINEZ",
        "phone": "2818301544",
        "address": "5822 FAIRWAY MANOR LN",
        "city": "SPRING",
        "state": "TX",
        "zip": "77373",
        "email": "LETICIAMARTINEZ911@SBCGLOBAL.NET",
        "dateOfBirth": "1965-01-01T12:00:00",
        "ssn": "452953848",
        "userOrders": null,
        "isSold": false,
        "id": 20369
    },
    {
        "firstName": "STEVEN",
        "lastName": "SYLVESTER",
        "phone": "9404471045",
        "address": "1908 LUCILE AVE",
        "city": "WICHITA FALLS",
        "state": "FALLS",
        "zip": "76301",
        "email": "MELODY_SYLVESTER@LIVE.COM",
        "dateOfBirth": "1965-11-30T12:00:00",
        "ssn": "561940511",
        "userOrders": null,
        "isSold": false,
        "id": 20396
    },
    {
        "firstName": "GINGER",
        "lastName": "WILLIANSON",
        "phone": "2816604701",
        "address": "153 TUSCULUM SQUARE DR",
        "city": "NASHVILLE",
        "state": "TN",
        "zip": "37211",
        "email": "MCKENZIEGINGER@YAHOO.COM",
        "dateOfBirth": "1965-06-30T12:00:00",
        "ssn": "411336503",
        "userOrders": null,
        "isSold": false,
        "id": 20403
    },
    {
        "firstName": "JAMIE",
        "lastName": "GARLAND",
        "phone": "3123153448",
        "address": "138 VIA MORELLA",
        "city": "SD",
        "state": "CA",
        "zip": "92130",
        "email": "JHGARLAND@GMAIL.COM",
        "dateOfBirth": "1965-09-12T12:00:00",
        "ssn": "339562961",
        "userOrders": null,
        "isSold": false,
        "id": 20447
    },
    {
        "firstName": "JOHN.",
        "lastName": "CHIANG",
        "phone": "6267441307",
        "address": "3053 LOMBARDY RD",
        "city": "PAS",
        "state": "CA",
        "zip": "91107",
        "email": "JCHIANG1@SBCGLOBAL.NET",
        "dateOfBirth": "1965-03-30T12:00:00",
        "ssn": "526532167",
        "userOrders": null,
        "isSold": false,
        "id": 20449
    },
    {
        "firstName": "MEVA",
        "lastName": "LOISELLE",
        "phone": "8155492814",
        "address": "840 W CHARLES ST",
        "city": "KNKAKE",
        "state": "IL",
        "zip": "60901",
        "email": "MVLOISELLE@AOL.COM",
        "dateOfBirth": "1965-09-28T12:00:00",
        "ssn": "350883308",
        "userOrders": null,
        "isSold": false,
        "id": 20624
    },
    {
        "firstName": "ALICIA",
        "lastName": "NUNEZ",
        "phone": "4144301252",
        "address": "2969 S 14TH ST",
        "city": "MILWAUKEE",
        "state": "WI",
        "zip": "53215",
        "email": "CARLOSNUNEZ16@YAHOO.COM",
        "dateOfBirth": "1965-06-01T12:00:00",
        "ssn": "328944326",
        "userOrders": null,
        "isSold": false,
        "id": 20642
    },
    {
        "firstName": "TRACEY-LEE",
        "lastName": "BAKER",
        "phone": "4073733918",
        "address": "8835 HASTINGS BEACH BLVD",
        "city": "ORL",
        "state": "FL",
        "zip": "32829",
        "email": "BAKERTLEE@YAHOO.COM",
        "dateOfBirth": "1965-06-02T12:00:00",
        "ssn": "265911383",
        "userOrders": null,
        "isSold": false,
        "id": 20678
    },
    {
        "firstName": "JEFF",
        "lastName": "WARE",
        "phone": "8179947029",
        "address": "100 ZUNI TRL N",
        "city": "FORT WORTH",
        "state": "WORTH",
        "zip": "76108",
        "email": "SAYWARE@SBCGLOBAL.NET",
        "dateOfBirth": "1965-12-14T12:00:00",
        "ssn": "459539476",
        "userOrders": null,
        "isSold": false,
        "id": 20801
    }
]