[
    {
        "firstName": "AMY",
        "lastName": "BOOZE",
        "phone": "1111110001",
        "address": "2202 SHADYDALE DR",
        "city": "ARLINGTON",
        "state": "TX",
        "zip": "76012",
        "email": "ABOOZE@SBCGLOBAL.NET",
        "dateOfBirth": "1965-08-24T12:00:00",
        "ssn": "454377409",
        "userOrders": null,
        "isSold": false,
        "id": 75135
    },
    {
        "firstName": "BARBARA",
        "lastName": "BLACK",
        "phone": "3865860076",
        "address": "29 RIVIERA ESTATES CT",
        "city": "PLM CST",
        "state": "COAST",
        "zip": "32164",
        "email": "BARBARA_ANNBLACK@YAHOO.COM",
        "dateOfBirth": "1965-05-26T12:00:00",
        "ssn": "124584952",
        "userOrders": null,
        "isSold": false,
        "id": 75208
    },
    {
        "firstName": "KRISTINE",
        "lastName": "MURTY",
        "phone": "6302358944",
        "address": "7S384 AUGUSTA LN",
        "city": "NAPRVL",
        "state": "IL",
        "zip": "60540",
        "email": "KMURTY@ATT.NET",
        "dateOfBirth": "1965-07-11T12:00:00",
        "ssn": "302769501",
        "userOrders": null,
        "isSold": false,
        "id": 75300
    },
    {
        "firstName": "ADONICIA",
        "lastName": "FIELD",
        "phone": "2145766545",
        "address": "5411 COLUMBIA AVE APT 35D",
        "city": "DALLAS",
        "state": "TX",
        "zip": "75214",
        "email": "NISHFIELDS657@GMAIL.COM",
        "dateOfBirth": "1965-08-09T12:00:00",
        "ssn": "434292918",
        "userOrders": null,
        "isSold": false,
        "id": 75342
    },
    {
        "firstName": "SHERYL",
        "lastName": "WALKER",
        "phone": "8036675315",
        "address": "139 PLACID VALLEY RD LOT 2",
        "city": "GSTN",
        "state": "SC",
        "zip": "29053",
        "email": "EYESOFORANGE37@AOL.COM",
        "dateOfBirth": "1965-05-29T12:00:00",
        "ssn": "251439932",
        "userOrders": null,
        "isSold": true,
        "id": 75488
    },
    {
        "firstName": "JUAN",
        "lastName": "CARLOS",
        "phone": "4098772985",
        "address": "104 TARPON AVE",
        "city": "GALVESTON",
        "state": "TX",
        "zip": "77550",
        "email": "JOSEFINA.ELGRANYOSOY@GMAIL.COM",
        "dateOfBirth": "1965-07-13T12:00:00",
        "ssn": "456993751",
        "userOrders": null,
        "isSold": false,
        "id": 75552
    },
    {
        "firstName": "GERALD",
        "lastName": "ROUSE",
        "phone": "4048628645",
        "address": "1619 CAMERON LANDING DR",
        "city": "STKBRDG",
        "state": "GA",
        "zip": "30281",
        "email": "NORTHEAST44@HOTMAIL.COM",
        "dateOfBirth": "1965-07-30T12:00:00",
        "ssn": "245316501",
        "userOrders": null,
        "isSold": false,
        "id": 75608
    },
    {
        "firstName": "WILLARD",
        "lastName": "PARKER",
        "phone": "6194504443",
        "address": "APT 4",
        "city": "SD",
        "state": "UNIVERSITY",
        "zip": "92105",
        "email": "MILDREDSANDIEGO@AOL.COM",
        "dateOfBirth": "1965-07-07T12:00:00",
        "ssn": "565575044",
        "userOrders": null,
        "isSold": false,
        "id": 75622
    },
    {
        "firstName": "SADAF.",
        "lastName": "PASHA",
        "phone": "7706272364",
        "address": "3636 PERRY PT",
        "city": "ACW",
        "state": "GA",
        "zip": "30102",
        "email": "SADAFMP@ATT.NET",
        "dateOfBirth": "1965-03-23T12:00:00",
        "ssn": "311176518",
        "userOrders": null,
        "isSold": false,
        "id": 75641
    },
    {
        "firstName": "ANTELMO",
        "lastName": "SAAVEDRA",
        "phone": "7149754818",
        "address": "1422 S POPLAR ST",
        "city": "SA",
        "state": "ANA",
        "zip": "92704",
        "email": "FREDQUIRINO90@GMAIL.COM",
        "dateOfBirth": "1965-06-26T12:00:00",
        "ssn": "623222007",
        "userOrders": null,
        "isSold": true,
        "id": 75704
    },
    {
        "firstName": "TAMMY",
        "lastName": "CONAWAY",
        "phone": "1111110001",
        "address": "1627 LIBERTY LN",
        "city": "SANDY SPRINGS",
        "state": "GA",
        "zip": "30342",
        "email": "TMARIEC8@GMAIL.COM",
        "dateOfBirth": "1965-04-14T12:00:00",
        "ssn": "475866396",
        "userOrders": null,
        "isSold": false,
        "id": 76041
    },
    {
        "firstName": "WENDY",
        "lastName": "KIBBEE",
        "phone": "4193762600",
        "address": "993 LINDEN LN",
        "city": "TOLEDO",
        "state": "OH",
        "zip": "43615",
        "email": "WKIBBEE@YAHOO.COM",
        "dateOfBirth": "1965-09-20T12:00:00",
        "ssn": "302620831",
        "userOrders": null,
        "isSold": false,
        "id": 76060
    },
    {
        "firstName": "ANDREW",
        "lastName": "KIM",
        "phone": "4083096592",
        "address": "ANDREW KIM",
        "city": "SJ",
        "state": "103",
        "zip": "95128",
        "email": "CYBERPAC0804@ATT.NET",
        "dateOfBirth": "1965-12-16T12:00:00",
        "ssn": "483155759",
        "userOrders": null,
        "isSold": false,
        "id": 76158
    },
    {
        "firstName": "DORETHA",
        "lastName": "HOLLAMAN",
        "phone": "2166737111",
        "address": "9800 ROBINSON AVE",
        "city": "GARFIELD HEIGHTS",
        "state": "HTS",
        "zip": "44125",
        "email": "HOLLAMANDORETHA@YAHOO.COM",
        "dateOfBirth": "1965-07-25T12:00:00",
        "ssn": "278600774",
        "userOrders": null,
        "isSold": false,
        "id": 76163
    },
    {
        "firstName": "SUSAN",
        "lastName": "&",
        "phone": "8474525546",
        "address": "422 RAVINE AVE",
        "city": "LK BLUF",
        "state": "BLUFF",
        "zip": "60044",
        "email": "KISSEL.SUE@GMAIL.COM",
        "dateOfBirth": "1965-06-27T12:00:00",
        "ssn": "341547517",
        "userOrders": null,
        "isSold": true,
        "id": 76269
    }
]