[
    {
        "firstName": "DANIEL",
        "lastName": "PHILLIPS",
        "phone": "5865010069",
        "address": "3684 OAKSHIRE AVE",
        "city": "BERKLEY",
        "state": "MI",
        "zip": "48072",
        "email": "DANIELPHILLIPSIII@YAHOO.COM",
        "dateOfBirth": "1965-01-17T12:00:00",
        "ssn": "368862529",
        "userOrders": null,
        "isSold": false,
        "id": 44753
    },
    {
        "firstName": "VADA",
        "lastName": "FARMER",
        "phone": "4044065843",
        "address": "4138 SPARTA BLVD",
        "city": "SOUTH FULTON",
        "state": "GA",
        "zip": "30349",
        "email": "VFARMER@SOUTHPAWCOMM.COM",
        "dateOfBirth": "1965-05-10T12:00:00",
        "ssn": "260377360",
        "userOrders": null,
        "isSold": false,
        "id": 44946
    },
    {
        "firstName": "MICHAEL",
        "lastName": "D",
        "phone": "5613104015",
        "address": "16431 74TH AVE N",
        "city": "P BCH GDNS",
        "state": "PALM",
        "zip": "33418",
        "email": "NGUYENMICHAEL34@YAHOO.COM",
        "dateOfBirth": "1965-05-25T12:00:00",
        "ssn": "231479281",
        "userOrders": null,
        "isSold": false,
        "id": 44967
    },
    {
        "firstName": "ELIZABETH",
        "lastName": "CROWE",
        "phone": "5129634899",
        "address": "30709 BERRY CREEK DR",
        "city": "EDMOND",
        "state": "TX",
        "zip": "73034",
        "email": "RUNCROWE@AOL.COM",
        "dateOfBirth": "1965-06-09T12:00:00",
        "ssn": "456518005",
        "userOrders": null,
        "isSold": false,
        "id": 44978
    },
    {
        "firstName": "GEORGE",
        "lastName": "POULOS",
        "phone": "7082274322",
        "address": "141 N GILBERT AVE",
        "city": "LA GRNG",
        "state": "GRANGE",
        "zip": "60525",
        "email": "QUICKTUE@SBCGLOBAL.NET",
        "dateOfBirth": "1965-11-02T12:00:00",
        "ssn": "320541284",
        "userOrders": null,
        "isSold": false,
        "id": 45031
    },
    {
        "firstName": "BERNICE",
        "lastName": "COLLINS",
        "phone": "3307832855",
        "address": "19 HILTON AVE",
        "city": "YOUNGSTOWN",
        "state": "OH",
        "zip": "44507",
        "email": "BERNICECLLNS@GMAIL.COM",
        "dateOfBirth": "1965-05-08T12:00:00",
        "ssn": "298666085",
        "userOrders": null,
        "isSold": false,
        "id": 45087
    },
    {
        "firstName": "QUANG",
        "lastName": "NGUYEN",
        "phone": "7147757809",
        "address": "10672 BALLAST AVE",
        "city": "GG",
        "state": "GROVE",
        "zip": "92843",
        "email": "QUANG_NGUYEN_007@YAHOO.COM",
        "dateOfBirth": "1965-06-22T12:00:00",
        "ssn": "550698397",
        "userOrders": null,
        "isSold": true,
        "id": 45100
    },
    {
        "firstName": "JOHN",
        "lastName": "WHITE",
        "phone": "8432145153",
        "address": "153 KOGER DR",
        "city": "SUMV",
        "state": "SC",
        "zip": "29483",
        "email": "WHITEJE65@YAHOO.COM",
        "dateOfBirth": "1965-08-10T12:00:00",
        "ssn": "530921095",
        "userOrders": null,
        "isSold": false,
        "id": 45152
    },
    {
        "firstName": "DAVID",
        "lastName": "CASTAGNO",
        "phone": "8167977613",
        "address": "15103 GREEN BRIAR DR",
        "city": "CLAY COUNTY",
        "state": "MO",
        "zip": "64089",
        "email": "DAVE.CASTAGNO@YAHOO.COM",
        "dateOfBirth": "1965-09-02T12:00:00",
        "ssn": "490609295",
        "userOrders": null,
        "isSold": false,
        "id": 45163
    },
    {
        "firstName": "HIROKO",
        "lastName": "WILSON",
        "phone": "6198513914",
        "address": "3076 DUCOMMUN AVE",
        "city": "SD",
        "state": "DIEGO",
        "zip": "92122",
        "email": "HIROKOWILSON@ATT.NET",
        "dateOfBirth": "1965-03-08T12:00:00",
        "ssn": "574921006",
        "userOrders": null,
        "isSold": false,
        "id": 45222
    },
    {
        "firstName": "DAVID",
        "lastName": "APPLEGATE",
        "phone": "2812221026",
        "address": "19700 HASTINGS RD",
        "city": "BRAZORIA COUNTY",
        "state": "TX",
        "zip": "77511",
        "email": "APPLEGATE1965@HOTMAIL.COM",
        "dateOfBirth": "1965-10-21T12:00:00",
        "ssn": "450519089",
        "userOrders": null,
        "isSold": false,
        "id": 45249
    },
    {
        "firstName": "PETE",
        "lastName": "HAACKER",
        "phone": "8174715587",
        "address": "15617 SWEETPINE LN",
        "city": "FORT WORTH",
        "state": "TX",
        "zip": "76262",
        "email": "TEXSC4@AOL.COM",
        "dateOfBirth": "1965-01-30T12:00:00",
        "ssn": "556176871",
        "userOrders": null,
        "isSold": false,
        "id": 45323
    },
    {
        "firstName": "JOHN",
        "lastName": "SEVIER",
        "phone": "6154140597",
        "address": "6144 TULIPTREE LN",
        "city": "NASHVILLE",
        "state": "TN",
        "zip": "37221",
        "email": "JS.BARITONE@GMAIL.COM",
        "dateOfBirth": "1965-04-26T12:00:00",
        "ssn": "499561337",
        "userOrders": null,
        "isSold": false,
        "id": 45339
    },
    {
        "firstName": "MARIA",
        "lastName": "CHAVEZ",
        "phone": "9096366772",
        "address": "3289 RUTHANN DR",
        "city": "JURUPA VLY",
        "state": "VALLEY",
        "zip": "92509",
        "email": "CHAVEZISRAEL2016@YAHOO.COM",
        "dateOfBirth": "1965-02-12T12:00:00",
        "ssn": "626942675",
        "userOrders": null,
        "isSold": false,
        "id": 45358
    },
    {
        "firstName": "AARON",
        "lastName": "COMBS",
        "phone": "1111110001",
        "address": "APT 10103",
        "city": "CONVERSE",
        "state": "FM",
        "zip": "78109",
        "email": "AARONLCOMBS@YAHOO.COM",
        "dateOfBirth": "1965-08-06T12:00:00",
        "ssn": "448803077",
        "userOrders": null,
        "isSold": false,
        "id": 45382
    }
]