[
    {
        "firstName": "CHRISTINE",
        "lastName": "MCBURNEY",
        "phone": "2164019187",
        "address": "1605 RYDALMOUNT RD",
        "city": "CLEVELAND HTS",
        "state": "HTS",
        "zip": "44118",
        "email": "KRITTY65@GMAIL.COM",
        "dateOfBirth": "1965-08-04T12:00:00",
        "ssn": "280722862",
        "userOrders": null,
        "isSold": false,
        "id": 29207
    },
    {
        "firstName": "NANCY",
        "lastName": "OWENS",
        "phone": "7343680682",
        "address": "111 BEDELL ST",
        "city": "BELLEVILLE",
        "state": "MI",
        "zip": "48111",
        "email": "ALANSMOM925@YAHOO.COM",
        "dateOfBirth": "1965-04-19T12:00:00",
        "ssn": "368644287",
        "userOrders": null,
        "isSold": false,
        "id": 29304
    },
    {
        "firstName": "MONICA",
        "lastName": "GONZALEZ",
        "phone": "9153299580",
        "address": "7625 IROQUOIS DR",
        "city": "EL PASO",
        "state": "PASO",
        "zip": "79912",
        "email": "MMONZ3@YAHOO.COM",
        "dateOfBirth": "1965-06-12T12:00:00",
        "ssn": "629328746",
        "userOrders": null,
        "isSold": false,
        "id": 29400
    },
    {
        "firstName": "SUZY",
        "lastName": "HUTCHISON",
        "phone": "2134846959",
        "address": "726 PARKMAN AVE",
        "city": "LA",
        "state": "ANGELES",
        "zip": "90026",
        "email": "SPLAB@PACBELL.NET",
        "dateOfBirth": "1965-10-17T12:00:00",
        "ssn": "534847402",
        "userOrders": null,
        "isSold": false,
        "id": 29411
    },
    {
        "firstName": "MEDICOEUR",
        "lastName": "MELUS",
        "phone": "9546384411",
        "address": "1632 NW 15TH TER",
        "city": "FT L",
        "state": "LAUDERDALE",
        "zip": "33311",
        "email": "INTCOALITION@YAHOO.COM",
        "dateOfBirth": "1965-01-10T12:00:00",
        "ssn": "593515264",
        "userOrders": null,
        "isSold": false,
        "id": 29415
    },
    {
        "firstName": "PATRICK",
        "lastName": "SCHAUB",
        "phone": "5134651285",
        "address": "156 WALNUT DR",
        "city": "SAN ANTONIO",
        "state": "OH",
        "zip": "78255",
        "email": "PSSCHAUB@ATT.NET",
        "dateOfBirth": "1965-09-20T12:00:00",
        "ssn": "268646952",
        "userOrders": null,
        "isSold": false,
        "id": 29435
    },
    {
        "firstName": "BOBBY",
        "lastName": "HICKS",
        "phone": "6167196981",
        "address": "820 DIAMOND AVE NE",
        "city": "GRAND RAPIDS",
        "state": "RAPIDS",
        "zip": "49503",
        "email": "BWHICKS1065@GMAIL.COM",
        "dateOfBirth": "1965-10-25T12:00:00",
        "ssn": "375824357",
        "userOrders": null,
        "isSold": false,
        "id": 29459
    },
    {
        "firstName": "LUIS",
        "lastName": "AGUIRRE",
        "phone": "7045305085",
        "address": "4267 FLAY RD",
        "city": "LINCTN",
        "state": "NC",
        "zip": "28092",
        "email": "AGUIRRELUISLOPEZ@GMAIL.COM",
        "dateOfBirth": "1965-05-07T12:00:00",
        "ssn": "625342633",
        "userOrders": null,
        "isSold": false,
        "id": 29587
    },
    {
        "firstName": "THERESA",
        "lastName": "RAY",
        "phone": "8435322224",
        "address": "1391 CAMP RD APT A",
        "city": "CHAS",
        "state": "SC",
        "zip": "29412",
        "email": "SPIDERLEG8@GMAIL.COM",
        "dateOfBirth": "1965-10-26T12:00:00",
        "ssn": "248318360",
        "userOrders": null,
        "isSold": false,
        "id": 29612
    },
    {
        "firstName": "ADAM",
        "lastName": "GREER",
        "phone": "3364301973",
        "address": "1502 WESTMINSTER DR",
        "city": "GNBO",
        "state": "NC",
        "zip": "27410",
        "email": "ADAM.GREER6@GMAIL.COM",
        "dateOfBirth": "1965-05-17T12:00:00",
        "ssn": "229171245",
        "userOrders": null,
        "isSold": false,
        "id": 29681
    },
    {
        "firstName": "LEE",
        "lastName": "SHELNUTT",
        "phone": "1111110001",
        "address": "104 PINEWOOD DR",
        "city": "HSVL",
        "state": "NC",
        "zip": "28078",
        "email": "LEE.SHELNUTT@ME.COM",
        "dateOfBirth": "1965-02-17T12:00:00",
        "ssn": "260157173",
        "userOrders": null,
        "isSold": false,
        "id": 29690
    },
    {
        "firstName": "SHAWN",
        "lastName": "BROWN",
        "phone": "4043247804",
        "address": "1371 DELTA CORS",
        "city": "LWRNCVL",
        "state": "GA",
        "zip": "30045",
        "email": "SHAWNPBROWN@ATT.NET",
        "dateOfBirth": "1965-11-23T12:00:00",
        "ssn": "259215717",
        "userOrders": null,
        "isSold": false,
        "id": 29718
    },
    {
        "firstName": "ERIN",
        "lastName": "GOMEZ",
        "phone": "2194877307",
        "address": "305 BELDEN PL",
        "city": "MUNSTER",
        "state": "IN",
        "zip": "46321",
        "email": "EBGOMEZ.2@GMAIL.COM",
        "dateOfBirth": "1965-10-04T12:00:00",
        "ssn": "314685537",
        "userOrders": null,
        "isSold": false,
        "id": 29776
    },
    {
        "firstName": "ANGELA",
        "lastName": "DRUMMOND",
        "phone": "2094752548",
        "address": "4441 ESCONDIDO ST APT 3105",
        "city": "STKN",
        "state": "VEGAS",
        "zip": "95210",
        "email": "ANGELADRUMMOND36@GMAIL.COM",
        "dateOfBirth": "1965-08-12T12:00:00",
        "ssn": "428084943",
        "userOrders": null,
        "isSold": false,
        "id": 29791
    },
    {
        "firstName": "MICHELE",
        "lastName": "PROVINCE",
        "phone": "4406676914",
        "address": "6389 MELDON DR",
        "city": "MENTOR",
        "state": "OH",
        "zip": "44060",
        "email": "MICHELEPROVINCE@YAHOO.COM",
        "dateOfBirth": "1965-09-29T12:00:00",
        "ssn": "277783555",
        "userOrders": null,
        "isSold": false,
        "id": 29947
    }
]