[
    {
        "firstName": "LISA",
        "lastName": "TYSON-BROOKS",
        "phone": "8432708375",
        "address": "PO BOX 40566",
        "city": "N CHAS",
        "state": "CHARLESTON",
        "zip": "29418",
        "email": "LUVING4MEONLY@YAHOO.COM",
        "dateOfBirth": "1965-10-03T12:00:00",
        "ssn": "248297484",
        "userOrders": null,
        "isSold": false,
        "id": 62857
    },
    {
        "firstName": "DIANA",
        "lastName": "HARRIS",
        "phone": "3134099525",
        "address": "19697 FARMINGTON RD APT 2",
        "city": "LIVONIA",
        "state": "MI",
        "zip": "48152",
        "email": "HARRISDIANA65@YAHOO.COM",
        "dateOfBirth": "1965-06-24T12:00:00",
        "ssn": "386822891",
        "userOrders": null,
        "isSold": false,
        "id": 62958
    },
    {
        "firstName": "CAROLYN",
        "lastName": "BELL",
        "phone": "9018644890",
        "address": "227 COCHRAN ST",
        "city": "MEMPHIS",
        "state": "TN",
        "zip": "38105",
        "email": "CAROLYNBELL12@ATT.NET",
        "dateOfBirth": "1965-12-14T12:00:00",
        "ssn": "409235743",
        "userOrders": null,
        "isSold": false,
        "id": 63046
    },
    {
        "firstName": "RUSSELL",
        "lastName": "MUEHLSTEIN",
        "phone": "8177298836",
        "address": "1309 GATEWOOD DR",
        "city": "KELLER",
        "state": "TX",
        "zip": "76248",
        "email": "RJM1965@SBCGLOBAL.NET",
        "dateOfBirth": "1965-04-06T12:00:00",
        "ssn": "462196140",
        "userOrders": null,
        "isSold": false,
        "id": 63101
    },
    {
        "firstName": "EDDIE",
        "lastName": "ANDERSON",
        "phone": "7709181923",
        "address": "3665 BRITTANY OAK TRCE",
        "city": "SNLVL",
        "state": "GA",
        "zip": "30039",
        "email": "ANDERSON3665@ATT.NET",
        "dateOfBirth": "1965-11-04T12:00:00",
        "ssn": "252175264",
        "userOrders": null,
        "isSold": false,
        "id": 63107
    },
    {
        "firstName": "GANGA",
        "lastName": "DANGAL",
        "phone": "5178948806",
        "address": "5821 RICHWOOD ST APT 16",
        "city": "LANSING",
        "state": "MI",
        "zip": "48911",
        "email": "GANGA0478@ATT.NET",
        "dateOfBirth": "1965-04-15T12:00:00",
        "ssn": "656970766",
        "userOrders": null,
        "isSold": false,
        "id": 63239
    },
    {
        "firstName": "MICHAEL",
        "lastName": "FAIRLESS",
        "phone": "1111110001",
        "address": "1111110002",
        "city": "MOUNTAIN VIEW OK 73062-1202",
        "state": "WASHINGTON",
        "zip": "MOUNTAIN VIEW",
        "email": "73062",
        "dateOfBirth": "1965-12-17T12:00:00",
        "ssn": "447644201",
        "userOrders": null,
        "isSold": false,
        "id": 63295
    },
    {
        "firstName": "TIMOTHY",
        "lastName": "KLINGBIEL",
        "phone": "2623894194",
        "address": "RESIDENTIAL & IND ASBES",
        "city": "WAUKESHA",
        "state": "ADAMS",
        "zip": "53186",
        "email": "TIMKLINGBIEL79@GMAIL.COM",
        "dateOfBirth": "1965-06-12T12:00:00",
        "ssn": "393860175",
        "userOrders": null,
        "isSold": false,
        "id": 63302
    },
    {
        "firstName": "MARK",
        "lastName": "BENSON",
        "phone": "3232161860",
        "address": "1801 E 54TH ST APT 100",
        "city": "LA",
        "state": "ANGELES",
        "zip": "90058",
        "email": "BENSONMARK365@YAHOO.COM",
        "dateOfBirth": "1965-04-16T12:00:00",
        "ssn": "566195978",
        "userOrders": null,
        "isSold": false,
        "id": 63362
    },
    {
        "firstName": "HECTOR",
        "lastName": "LARA",
        "phone": "5595568001",
        "address": "PO BOX 1761",
        "city": "DBA",
        "state": "CA",
        "zip": "93618",
        "email": "HLARAJR@HOTMAIL.COM",
        "dateOfBirth": "1965-04-12T12:00:00",
        "ssn": "567116439",
        "userOrders": null,
        "isSold": false,
        "id": 63449
    },
    {
        "firstName": "JAYVONNE",
        "lastName": "MCGEE",
        "phone": "7737446073",
        "address": "2602 DARYNS LANDING DR",
        "city": "KATY",
        "state": "TX",
        "zip": "77449",
        "email": "JAYVONNE.MCGEE@YAHOO.COM",
        "dateOfBirth": "1965-02-02T12:00:00",
        "ssn": "353546825",
        "userOrders": null,
        "isSold": false,
        "id": 63459
    },
    {
        "firstName": "ALI.",
        "lastName": "HUSSEIN",
        "phone": "3139036155",
        "address": "4303 CALHOUN ST",
        "city": "DEARBORN",
        "state": "MI",
        "zip": "48126",
        "email": "AHMEDHUSSEIN@YAHOO.COM",
        "dateOfBirth": "1965-09-05T12:00:00",
        "ssn": "372150377",
        "userOrders": null,
        "isSold": false,
        "id": 63559
    },
    {
        "firstName": "ANNA'S",
        "lastName": "HAIR",
        "phone": "8472192611",
        "address": "1039 N MILWAUKEE AVE",
        "city": "VERNON HILS",
        "state": "IL",
        "zip": "60061",
        "email": "ANNA.HAIRSTUDIO@ATT.NET",
        "dateOfBirth": "1965-03-03T12:00:00",
        "ssn": "347849393",
        "userOrders": null,
        "isSold": false,
        "id": 63654
    },
    {
        "firstName": "JAMES",
        "lastName": "NOORDYKE",
        "phone": "6164437578",
        "address": "40 WALLINWOOD AVE NE",
        "city": "GRAND RAPIDS",
        "state": "RAPIDS",
        "zip": "49503",
        "email": "JNOORDYKE@GMAIL.COM",
        "dateOfBirth": "1965-08-19T12:00:00",
        "ssn": "378603920",
        "userOrders": null,
        "isSold": false,
        "id": 63717
    },
    {
        "firstName": "DARIO",
        "lastName": "LIRMAN",
        "phone": "3056662442",
        "address": "1518 MANTUA AVE",
        "city": "C*G",
        "state": "GABLES",
        "zip": "33146",
        "email": "DDLIRMAN@HOTMAIL.COM",
        "dateOfBirth": "1965-04-12T12:00:00",
        "ssn": "556759562",
        "userOrders": null,
        "isSold": false,
        "id": 63726
    }
]