[
    {
        "firstName": "THOMAS",
        "lastName": "SCHAAF",
        "phone": "8165087656",
        "address": "4269 SW AVERIO LN",
        "city": "LEE'S SUMMIT",
        "state": "SUMMIT",
        "zip": "64082",
        "email": "JANET.LYNN.SCHAAF@GMAIL.COM",
        "dateOfBirth": "1965-07-12T12:00:00",
        "ssn": "494841383",
        "userOrders": null,
        "isSold": false,
        "id": 48675
    },
    {
        "firstName": "COLE",
        "lastName": "NGUYEN",
        "phone": "6264560498",
        "address": "5730 N WILLARD AVE APT 17",
        "city": "S GAB",
        "state": "GABRIEL",
        "zip": "91775",
        "email": "DNPB77@ATT.NET",
        "dateOfBirth": "1965-10-28T12:00:00",
        "ssn": "730070321",
        "userOrders": null,
        "isSold": false,
        "id": 48689
    },
    {
        "firstName": "STEVEN",
        "lastName": "KLEIN",
        "phone": "7722311714",
        "address": "4445 61ST CT",
        "city": "VERO BCH",
        "state": "BEACH",
        "zip": "32967",
        "email": "JEANNE@MARVINSMANAGEMENT.COM",
        "dateOfBirth": "1965-09-16T12:00:00",
        "ssn": "264716557",
        "userOrders": null,
        "isSold": false,
        "id": 48845
    },
    {
        "firstName": "GIULIANO",
        "lastName": "DESSI",
        "phone": "7864240415",
        "address": "7921 BYRON AVE APT 405",
        "city": "M*B",
        "state": "BEACH",
        "zip": "33141",
        "email": "GIULIANODESSIMIAMIRS@GMAIL.COM",
        "dateOfBirth": "1965-05-31T12:00:00",
        "ssn": "734089259",
        "userOrders": null,
        "isSold": false,
        "id": 48857
    },
    {
        "firstName": "RANJEEV",
        "lastName": "K",
        "phone": "5592981478",
        "address": "2686 E SPICE WAY",
        "city": "FRS",
        "state": "CA",
        "zip": "93720",
        "email": "RKGHAI2008@ATT.NET",
        "dateOfBirth": "1965-01-01T12:00:00",
        "ssn": "503175891",
        "userOrders": null,
        "isSold": false,
        "id": 48910
    },
    {
        "firstName": "ALICIA",
        "lastName": "MONTEMAYOR",
        "phone": "8324573309",
        "address": "13019 FERRY HILL LN",
        "city": "HOUSTON",
        "state": "TX",
        "zip": "77015",
        "email": "AUNTNEY19@GMAIL.COM",
        "dateOfBirth": "1965-02-19T12:00:00",
        "ssn": "568637068",
        "userOrders": null,
        "isSold": false,
        "id": 48946
    },
    {
        "firstName": "SHAJI",
        "lastName": "KORAH",
        "phone": "7276872714",
        "address": "1449 LENTON ROSE CT",
        "city": "JKVL",
        "state": "FL",
        "zip": "32216",
        "email": "SHAJIKORAH676@HOTMAIL.COM",
        "dateOfBirth": "1965-11-10T12:00:00",
        "ssn": "354904458",
        "userOrders": null,
        "isSold": false,
        "id": 49000
    },
    {
        "firstName": "ROBERT",
        "lastName": "FARMER",
        "phone": "4403810187",
        "address": "510 KIPLING CT",
        "city": "RICHMOND HTS",
        "state": "HTS",
        "zip": "44143",
        "email": "ROBERT.FARMER4@OUTLOOK.COM",
        "dateOfBirth": "1965-01-17T12:00:00",
        "ssn": "289785669",
        "userOrders": null,
        "isSold": false,
        "id": 49014
    },
    {
        "firstName": "FRANCISCO",
        "lastName": "TORRES",
        "phone": "3055865356",
        "address": "2210 NW 167TH AVE UNIT 204",
        "city": "PMBRK PNS",
        "state": "PNES",
        "zip": "33028",
        "email": "FRANTORRES@YAHOO.COM",
        "dateOfBirth": "1965-01-15T12:00:00",
        "ssn": "592712120",
        "userOrders": null,
        "isSold": false,
        "id": 49017
    },
    {
        "firstName": "BRUCE",
        "lastName": "S",
        "phone": "9048388439",
        "address": "4288 SUMMERTON OAKS CIR",
        "city": "JKVL",
        "state": "FL",
        "zip": "32223",
        "email": "WEDO440@ATT.NET",
        "dateOfBirth": "1965-06-11T12:00:00",
        "ssn": "157405217",
        "userOrders": null,
        "isSold": false,
        "id": 49070
    },
    {
        "firstName": "LYDIA",
        "lastName": "ROBINSON",
        "phone": "3104865218",
        "address": "9101 S VAN NESS AVE",
        "city": "ING",
        "state": "CA",
        "zip": "90305",
        "email": "MSPENNYH@YAHOO.COM",
        "dateOfBirth": "1965-06-23T12:00:00",
        "ssn": "559631223",
        "userOrders": null,
        "isSold": false,
        "id": 49082
    },
    {
        "firstName": "SHARON",
        "lastName": "FEHRLE",
        "phone": "8327977633",
        "address": "SHARON FEHRLE",
        "city": "TOMBALL",
        "state": "WESTWOLD",
        "zip": "77377",
        "email": "BLUEMULE08@HOTMAIL.COM",
        "dateOfBirth": "1965-10-12T12:00:00",
        "ssn": "450613654",
        "userOrders": null,
        "isSold": false,
        "id": 49105
    },
    {
        "firstName": "RICARDO",
        "lastName": "CAMPOS",
        "phone": "7863900852",
        "address": "4904 LAKE CECILE DR",
        "city": "HLH",
        "state": "FL",
        "zip": "33014",
        "email": "RICARDOSORAYA@ATT.NET",
        "dateOfBirth": "1965-11-29T12:00:00",
        "ssn": "769962810",
        "userOrders": null,
        "isSold": false,
        "id": 49217
    },
    {
        "firstName": "MALLORY",
        "lastName": "KNIGHT",
        "phone": "4055621081",
        "address": "2317 SPRINGDALE LN",
        "city": "EDMOND",
        "state": "MD",
        "zip": "73034",
        "email": "MALLORY.KNIGHT@ATT.NET",
        "dateOfBirth": "1965-04-13T12:00:00",
        "ssn": "230063177",
        "userOrders": null,
        "isSold": true,
        "id": 49220
    },
    {
        "firstName": "ABDUL.",
        "lastName": "ALAHMED",
        "phone": "9034752207",
        "address": "1100 W GRAND AVE",
        "city": "MARSHALL",
        "state": "TX",
        "zip": "75670",
        "email": "IRAQITIGER@YAHOO.COM",
        "dateOfBirth": "1965-03-03T12:00:00",
        "ssn": "630420166",
        "userOrders": null,
        "isSold": false,
        "id": 49246
    }
]