[
    {
        "firstName": "COREY",
        "lastName": "LAMB",
        "phone": "4052486888",
        "address": "1121 NW 38TH ST",
        "city": "OKLAHOMA CITY",
        "state": "CITY",
        "zip": "73118",
        "email": "COREY.LAMB1@GMAIL.COM",
        "dateOfBirth": "1965-01-08T12:00:00",
        "ssn": "447769226",
        "userOrders": null,
        "isSold": false,
        "id": 46952
    },
    {
        "firstName": "LARRY",
        "lastName": "MALONE",
        "phone": "5303052891",
        "address": "5244 ROBERTSON AVE",
        "city": "CRMCL",
        "state": "CA",
        "zip": "95608",
        "email": "LARRYIHX@GMAIL.COM",
        "dateOfBirth": "1965-07-31T12:00:00",
        "ssn": "548354295",
        "userOrders": null,
        "isSold": false,
        "id": 46957
    },
    {
        "firstName": "EDWARD",
        "lastName": "WIMBERLY",
        "phone": "8175592044",
        "address": "1510 SUNFLOWER LN",
        "city": "GRANBURY",
        "state": "TX",
        "zip": "76048",
        "email": "EJWRANCHER@YAHOO.COM",
        "dateOfBirth": "1965-06-07T12:00:00",
        "ssn": "465881319",
        "userOrders": null,
        "isSold": false,
        "id": 47102
    },
    {
        "firstName": "GREGORY",
        "lastName": "BROWN",
        "phone": "9099974734",
        "address": "1664 N 1880 W",
        "city": "SANTA CLARITA",
        "state": "UT",
        "zip": "91355",
        "email": "GBROWN29434@GMAIL.COM",
        "dateOfBirth": "1965-03-26T12:00:00",
        "ssn": "537804334",
        "userOrders": null,
        "isSold": true,
        "id": 47120
    },
    {
        "firstName": "DARRELL",
        "lastName": "SHEPPARD",
        "phone": "9137210202",
        "address": "1408 N 132ND ST",
        "city": "KANSAS CITY",
        "state": "CITY",
        "zip": "66109",
        "email": "SHEPPARDD44@YAHOO.COM",
        "dateOfBirth": "1965-04-09T12:00:00",
        "ssn": "513807086",
        "userOrders": null,
        "isSold": false,
        "id": 47186
    },
    {
        "firstName": "ROSS",
        "lastName": "STEELMAN",
        "phone": "4173799790",
        "address": "107 E TERRILL CREEK RD",
        "city": "BILLINGS",
        "state": "MO",
        "zip": "65610",
        "email": "AKROSCOE@AOL.COM",
        "dateOfBirth": "1965-12-27T12:00:00",
        "ssn": "475829516",
        "userOrders": null,
        "isSold": false,
        "id": 47319
    },
    {
        "firstName": "MARTIN",
        "lastName": "RAMIREZ",
        "phone": "1111110011",
        "address": "2930 NANDINA DR",
        "city": "PLM",
        "state": "CA",
        "zip": "93550",
        "email": "AMERICASMEXICAN001@YAHOO.COM",
        "dateOfBirth": "1965-11-11T12:00:00",
        "ssn": "614194657",
        "userOrders": null,
        "isSold": false,
        "id": 47352
    },
    {
        "firstName": "SOPHIA",
        "lastName": "WHEELER",
        "phone": "3056343525",
        "address": "1827 NW 43RD ST",
        "city": "MIA",
        "state": "FL",
        "zip": "33142",
        "email": "SOPHIAWHEELER@YMAIL.COM",
        "dateOfBirth": "1965-08-30T12:00:00",
        "ssn": "591207888",
        "userOrders": null,
        "isSold": false,
        "id": 47417
    },
    {
        "firstName": "DORA",
        "lastName": "ESPINOZA",
        "phone": "3102594118",
        "address": "3620 W 139TH ST APT 8",
        "city": "HAW",
        "state": "CA",
        "zip": "90250",
        "email": "INSAGOCA07@GMAIL.COM",
        "dateOfBirth": "1965-03-17T12:00:00",
        "ssn": "559074887",
        "userOrders": null,
        "isSold": false,
        "id": 47477
    },
    {
        "firstName": "CHRISTOPHER",
        "lastName": "ALLEMAN",
        "phone": "4052060133",
        "address": "8317 NW 35TH ST",
        "city": "BETHANY",
        "state": "OK",
        "zip": "73008",
        "email": "KAPHAR_1@YAHOO.COM",
        "dateOfBirth": "1965-08-07T12:00:00",
        "ssn": "440788646",
        "userOrders": null,
        "isSold": false,
        "id": 47517
    },
    {
        "firstName": "RONALD",
        "lastName": "GOFF",
        "phone": "5303053149",
        "address": "2923 LAREDO DR",
        "city": "RKLN",
        "state": "CA",
        "zip": "95765",
        "email": "RON80018@GMAIL.COM",
        "dateOfBirth": "1965-10-25T12:00:00",
        "ssn": "372866678",
        "userOrders": null,
        "isSold": false,
        "id": 47535
    },
    {
        "firstName": "MICHELLE",
        "lastName": "BURCZYK",
        "phone": "2484449264",
        "address": "13616 WINDMOOR DR",
        "city": "GREEN OAK TWP",
        "state": "LYON",
        "zip": "48178",
        "email": "MURRAYD5@SBCGLOBAL.NET",
        "dateOfBirth": "1965-09-20T12:00:00",
        "ssn": "384880090",
        "userOrders": null,
        "isSold": false,
        "id": 47545
    },
    {
        "firstName": "FRANCISCO",
        "lastName": "GARCIA",
        "phone": "4794661832",
        "address": "203 CAUDLE AVE",
        "city": "SPRINGDALE",
        "state": "AR",
        "zip": "72764",
        "email": "GARCIACUSTOMS@ATT.NET",
        "dateOfBirth": "1965-03-22T12:00:00",
        "ssn": "677222387",
        "userOrders": null,
        "isSold": true,
        "id": 47606
    },
    {
        "firstName": "SUSAN",
        "lastName": "KISER",
        "phone": "7048620760",
        "address": "LOT A",
        "city": "GAST",
        "state": "SEMINOLE",
        "zip": "28054",
        "email": "9803299241@VTEXT.COM",
        "dateOfBirth": "1965-03-01T12:00:00",
        "ssn": "244333445",
        "userOrders": null,
        "isSold": false,
        "id": 47659
    },
    {
        "firstName": "LAIS",
        "lastName": "COSTA",
        "phone": "6102412645",
        "address": "731 ELMWOOD DR",
        "city": "DAVIS",
        "state": "CA",
        "zip": "95616",
        "email": "BAUR.COSTA2011@GMAIL.COM",
        "dateOfBirth": "1965-08-09T12:00:00",
        "ssn": "434773158",
        "userOrders": null,
        "isSold": false,
        "id": 47690
    }
]