[
    {
        "firstName": "ARISTEO",
        "lastName": "MALDONALDO",
        "phone": "6787259414",
        "address": "1615 MONTRACHET DR",
        "city": "LWRNCVL",
        "state": "GA",
        "zip": "30043",
        "email": "CRUZNEZA@YAHOO.COM",
        "dateOfBirth": "1965-05-04T12:00:00",
        "ssn": "614246772",
        "userOrders": null,
        "isSold": false,
        "id": 63732
    },
    {
        "firstName": "KIM",
        "lastName": "WILLIAMS",
        "phone": "3314423493",
        "address": "3314423499",
        "city": "GENEVA IL 60134-1358",
        "state": "NORTH",
        "zip": "GENEVA",
        "email": "60134",
        "dateOfBirth": "1965-05-27T12:00:00",
        "ssn": "351688199",
        "userOrders": null,
        "isSold": false,
        "id": 63846
    },
    {
        "firstName": "DOUGLAS",
        "lastName": "DEBRULER",
        "phone": "5178178417",
        "address": "2412 TWILIGHT ST",
        "city": "SUMMIT TWP",
        "state": "MI",
        "zip": "49203",
        "email": "DDEBRULER@SBCGLOBAL.NET",
        "dateOfBirth": "1965-12-06T12:00:00",
        "ssn": "374904915",
        "userOrders": null,
        "isSold": false,
        "id": 63848
    },
    {
        "firstName": "DAISY",
        "lastName": "SANCHEZ",
        "phone": "4089709376",
        "address": "PO BOX 4513",
        "city": "S CLARA",
        "state": "CLARA",
        "zip": "95054",
        "email": "DAISY1827@ATT.NET",
        "dateOfBirth": "1965-12-02T12:00:00",
        "ssn": "618292706",
        "userOrders": null,
        "isSold": false,
        "id": 63862
    },
    {
        "firstName": "AMY",
        "lastName": "WILLIAMS",
        "phone": "6145626455",
        "address": "4566 COACHFORD DR",
        "city": "COLUMBUS",
        "state": "OH",
        "zip": "43231",
        "email": "AMYBURCZYK@GMAIL.COM",
        "dateOfBirth": "1965-07-28T12:00:00",
        "ssn": "293722579",
        "userOrders": null,
        "isSold": false,
        "id": 63882
    },
    {
        "firstName": "BILL",
        "lastName": "TESCHER",
        "phone": "8583847819",
        "address": "10831 ESCOBAR DR",
        "city": "SD",
        "state": "DIEGO",
        "zip": "92124",
        "email": "TESCHERBILL@ATT.NET",
        "dateOfBirth": "1965-11-25T12:00:00",
        "ssn": "517940406",
        "userOrders": null,
        "isSold": false,
        "id": 63944
    },
    {
        "firstName": "MOHAMMED",
        "lastName": "TAWFEEQ",
        "phone": "8173449759",
        "address": "15518 EL ESTADO DR APT 210",
        "city": "DALLAS",
        "state": "TX",
        "zip": "75231",
        "email": "MMHMMD_ALANYY@ATT.NET",
        "dateOfBirth": "1965-05-25T12:00:00",
        "ssn": "870416708",
        "userOrders": null,
        "isSold": false,
        "id": 63976
    },
    {
        "firstName": "BETHANA",
        "lastName": "TRAVIS",
        "phone": "7732205821",
        "address": "1206 WILLIS GAP RD",
        "city": "CHGO",
        "state": "VA",
        "zip": "60644",
        "email": "TRAVIS.BETHANA@SBCGLOBAL.NET",
        "dateOfBirth": "1965-02-16T12:00:00",
        "ssn": "330609348",
        "userOrders": null,
        "isSold": false,
        "id": 63978
    },
    {
        "firstName": "IQBAL",
        "lastName": "BARKHO",
        "phone": "7146063441",
        "address": "3633 S BEAR ST UNIT E",
        "city": "SA",
        "state": "ANA",
        "zip": "92704",
        "email": "IBARKHO@YAHOO.COM",
        "dateOfBirth": "1965-04-04T12:00:00",
        "ssn": "624170067",
        "userOrders": null,
        "isSold": true,
        "id": 64040
    },
    {
        "firstName": "MARILYN",
        "lastName": "BIGGS",
        "phone": "2282381035",
        "address": "2816 EDEN ST APT 423",
        "city": "PASCAGOULA",
        "state": "MS",
        "zip": "39581",
        "email": "MARILYNBIGGS@YAHOO.COM",
        "dateOfBirth": "1965-06-07T12:00:00",
        "ssn": "428352598",
        "userOrders": null,
        "isSold": false,
        "id": 64084
    },
    {
        "firstName": "VICENTE",
        "lastName": "SANCHEZ",
        "phone": "3239716265",
        "address": "131 E 88TH PL",
        "city": "LA",
        "state": "ANGELES",
        "zip": "90003",
        "email": "NATALIEANGUIANO4@GMAIL.COM",
        "dateOfBirth": "1965-12-15T12:00:00",
        "ssn": "604143963",
        "userOrders": null,
        "isSold": false,
        "id": 64175
    },
    {
        "firstName": "LARRY",
        "lastName": "DRAKE",
        "phone": "9372375487",
        "address": "6600 ALTER RD",
        "city": "HUBER HTS",
        "state": "OH",
        "zip": "45424",
        "email": "LARCHARDRAKE@AOL.COM",
        "dateOfBirth": "1965-10-05T12:00:00",
        "ssn": "275749043",
        "userOrders": null,
        "isSold": false,
        "id": 64190
    },
    {
        "firstName": "FASHION",
        "lastName": "CUT",
        "phone": "8185211065",
        "address": "7603 WHITE OAK AVE",
        "city": "RSDA",
        "state": "CA",
        "zip": "91335",
        "email": "ANAPELO@YAHOO.COM",
        "dateOfBirth": "1965-01-23T12:00:00",
        "ssn": "609709291",
        "userOrders": null,
        "isSold": false,
        "id": 64278
    },
    {
        "firstName": "CASSANDRA",
        "lastName": "JAMES",
        "phone": "2056505257",
        "address": "1601 MIMOSA PARK RD APT 167",
        "city": "TUSCALOOSA",
        "state": "AL",
        "zip": "35405",
        "email": "CHARLOTTECOSBY1952@NONE.COM",
        "dateOfBirth": "1965-06-21T12:00:00",
        "ssn": "420864218",
        "userOrders": null,
        "isSold": false,
        "id": 64351
    },
    {
        "firstName": "CLIFFORD",
        "lastName": "FAIR",
        "phone": "7025444771",
        "address": "1071 KILLODEN DR",
        "city": "MONROE",
        "state": "LA",
        "zip": "71203",
        "email": "CEEME45@YAHOO.COM",
        "dateOfBirth": "1965-02-22T12:00:00",
        "ssn": "439065114",
        "userOrders": null,
        "isSold": false,
        "id": 64420
    }
]