[
    {
        "firstName": "FRANK",
        "lastName": "ZAMUDIO",
        "phone": "5592857536",
        "address": "734 W FOUNTAIN WAY",
        "city": "FRS",
        "state": "CA",
        "zip": "93705",
        "email": "GALLOZAMUDIO@HOTMAIL.COM",
        "dateOfBirth": "1965-02-21T12:00:00",
        "ssn": "560454024",
        "userOrders": null,
        "isSold": false,
        "id": 56577
    },
    {
        "firstName": "GRADY",
        "lastName": "ANDERSON",
        "phone": "2625775035",
        "address": "4115 53RD AVE",
        "city": "KENOSHA",
        "state": "WI",
        "zip": "53144",
        "email": "GRADY_ANDER1@YAHOO.COM",
        "dateOfBirth": "1965-03-30T12:00:00",
        "ssn": "337668708",
        "userOrders": null,
        "isSold": false,
        "id": 56618
    },
    {
        "firstName": "ALEJANDRO",
        "lastName": "CEPEDA",
        "phone": "6192547604",
        "address": "1184 ALPINE AVE",
        "city": "CHLA VSTA",
        "state": "VISTA",
        "zip": "91911",
        "email": "ALEJANDRO.1965@ATT.NET",
        "dateOfBirth": "1965-06-27T12:00:00",
        "ssn": "554088422",
        "userOrders": null,
        "isSold": true,
        "id": 56626
    },
    {
        "firstName": "JOANN",
        "lastName": "SAULSBERRY",
        "phone": "5626889927",
        "address": "15613 S WHITE AVE",
        "city": "PARAMNT",
        "state": "CA",
        "zip": "90723",
        "email": "JOBERRIE35@YAHOO.COM",
        "dateOfBirth": "1965-10-25T12:00:00",
        "ssn": "555676678",
        "userOrders": null,
        "isSold": false,
        "id": 56747
    },
    {
        "firstName": "SUZANNE**",
        "lastName": "MAESTAS",
        "phone": "2098147325",
        "address": "664 BUCKINGHORSE CT",
        "city": "CHICO",
        "state": "CA",
        "zip": "95926",
        "email": "RAYANDSUZANNE@SBCGLOBAL.NET",
        "dateOfBirth": "1965-05-26T12:00:00",
        "ssn": "558371737",
        "userOrders": null,
        "isSold": false,
        "id": 56768
    },
    {
        "firstName": "APOLONIO",
        "lastName": "ESTRADA",
        "phone": "8479805454",
        "address": "1921 N LEWIS AVE APT 202",
        "city": "WKGN",
        "state": "IL",
        "zip": "60087",
        "email": "ESTRAPOL65@YAHOO.COM",
        "dateOfBirth": "1965-04-10T12:00:00",
        "ssn": "634099087",
        "userOrders": null,
        "isSold": false,
        "id": 56778
    },
    {
        "firstName": "JAMES",
        "lastName": "TORRANCE",
        "phone": "4148030688",
        "address": "4620A W TOWNSEND ST",
        "city": "MILWAUKEE",
        "state": "WI",
        "zip": "53216",
        "email": "JAMESTORRENCE@GMAIL.COM",
        "dateOfBirth": "1965-10-24T12:00:00",
        "ssn": "431433275",
        "userOrders": null,
        "isSold": false,
        "id": 56790
    },
    {
        "firstName": "JUDY",
        "lastName": "KNIGHT",
        "phone": "2167516498",
        "address": "13718 SOUTHVIEW AVE",
        "city": "CLEVELAND",
        "state": "OH",
        "zip": "44120",
        "email": "WORSHIPER5JKNIGHT@YAHOO.COM",
        "dateOfBirth": "1965-01-10T12:00:00",
        "ssn": "288781128",
        "userOrders": null,
        "isSold": false,
        "id": 56969
    },
    {
        "firstName": "JOHN",
        "lastName": "GOLDSMITH",
        "phone": "9548495156",
        "address": "804 NW 98TH AVE",
        "city": "PLTN",
        "state": "FL",
        "zip": "33324",
        "email": "JOHN.GOLD.1@HOTMAIL.COM",
        "dateOfBirth": "1965-02-25T12:00:00",
        "ssn": "127649249",
        "userOrders": null,
        "isSold": false,
        "id": 56982
    },
    {
        "firstName": "GUADALUPE",
        "lastName": "GARZA",
        "phone": "8318095340",
        "address": "1245 CAOBA WAY",
        "city": "SLNS",
        "state": "CA",
        "zip": "93905",
        "email": "QRZGOLONDRINA@YAHOO.COM",
        "dateOfBirth": "1965-08-31T12:00:00",
        "ssn": "552499304",
        "userOrders": null,
        "isSold": false,
        "id": 57012
    },
    {
        "firstName": "SUSAN",
        "lastName": "CUNNINGHAM",
        "phone": "2105096816",
        "address": "2108826239",
        "city": "SAN ANTONIO TX 78254-2317",
        "state": "SEATON",
        "zip": "SAN ANTONIO",
        "email": "78254",
        "dateOfBirth": "1965-10-22T12:00:00",
        "ssn": "558294146",
        "userOrders": null,
        "isSold": false,
        "id": 57032
    },
    {
        "firstName": "MARIA",
        "lastName": "MARQUEZ",
        "phone": "8476232902",
        "address": "13149 W WAKEFIELD DR",
        "city": "BCH PK",
        "state": "PARK",
        "zip": "60083",
        "email": "LUPE0595@SBCGLOBAL.NET",
        "dateOfBirth": "1965-04-27T12:00:00",
        "ssn": "349928610",
        "userOrders": null,
        "isSold": false,
        "id": 57156
    },
    {
        "firstName": "FADRICE",
        "lastName": "LAURENT",
        "phone": "9544275354",
        "address": "7862730642",
        "city": "1576 SE 3RD CT",
        "state": "BERN",
        "zip": "DFLD",
        "email": "33441",
        "dateOfBirth": "1965-07-24T12:00:00",
        "ssn": "772226792",
        "userOrders": null,
        "isSold": false,
        "id": 57247
    },
    {
        "firstName": "ROSA",
        "lastName": "MENJIVAR",
        "phone": "4692543278",
        "address": "439 CRANBROOK LN",
        "city": "FORT WORTH",
        "state": "PRAIRIE",
        "zip": "76115",
        "email": "JANETRIVERA170186@GMAIL.COM",
        "dateOfBirth": "1965-10-03T12:00:00",
        "ssn": "644886848",
        "userOrders": null,
        "isSold": false,
        "id": 57342
    },
    {
        "firstName": "PAMELA",
        "lastName": "BITTLE",
        "phone": "1111110001",
        "address": "23707 CERTOSA DR",
        "city": "LOUISVILLE",
        "state": "TX",
        "zip": "40245",
        "email": "SHERYLBITTEL@ATT.NET",
        "dateOfBirth": "1965-01-20T12:00:00",
        "ssn": "405900797",
        "userOrders": null,
        "isSold": false,
        "id": 57405
    }
]