[
    {
        "firstName": "STEPHANIE",
        "lastName": "BASS",
        "phone": "7574610120",
        "address": "PO BOX 780941",
        "city": "SAN ANTONIO",
        "state": "ANTONIO",
        "zip": "78253",
        "email": "STEPHANIEBASS@MSN.COM",
        "dateOfBirth": "1965-08-10T12:00:00",
        "ssn": "121560291",
        "userOrders": null,
        "isSold": false,
        "id": 78119
    },
    {
        "firstName": "LOUISE",
        "lastName": "DUMELLE",
        "phone": "7543684843",
        "address": "3631 NW 34TH AVE",
        "city": "LAUDERDALE LAKES",
        "state": "LAKES",
        "zip": "33309",
        "email": "MAGDALADUMELLE@YAHOO.COM",
        "dateOfBirth": "1965-02-08T12:00:00",
        "ssn": "591104589",
        "userOrders": null,
        "isSold": true,
        "id": 78200
    },
    {
        "firstName": "HOWARD",
        "lastName": "BOERSCHINGER",
        "phone": "3177775450",
        "address": "6915 BILLINGHAM CT",
        "city": "SPRING",
        "state": "TX",
        "zip": "77379",
        "email": "DONOVANHOWARD21@YAHOO.COM",
        "dateOfBirth": "1965-11-29T12:00:00",
        "ssn": "548354464",
        "userOrders": null,
        "isSold": false,
        "id": 78242
    },
    {
        "firstName": "JAIRO",
        "lastName": "JAIME",
        "phone": "3054847609",
        "address": "20210 SW 110TH CT",
        "city": "MIA",
        "state": "BAY",
        "zip": "33189",
        "email": "GYRO.JCK@GMAIL.COM",
        "dateOfBirth": "1965-10-12T12:00:00",
        "ssn": "592523812",
        "userOrders": null,
        "isSold": false,
        "id": 78244
    },
    {
        "firstName": "OTIS",
        "lastName": "MAY",
        "phone": "4695256962",
        "address": "APT 837",
        "city": "MCKINNEY",
        "state": "S",
        "zip": "75070",
        "email": "JUAKINA_HOLLINS@YAHOO.COM",
        "dateOfBirth": "1965-09-15T12:00:00",
        "ssn": "432258784",
        "userOrders": null,
        "isSold": false,
        "id": 78285
    },
    {
        "firstName": "JAMES",
        "lastName": "VAUGHAN",
        "phone": "6626173850",
        "address": "313 RED OAK LN",
        "city": "STARKVILLE",
        "state": "MS",
        "zip": "39759",
        "email": "JMVAUGHAN2606@MSN.COM",
        "dateOfBirth": "1965-11-30T12:00:00",
        "ssn": "425377239",
        "userOrders": null,
        "isSold": false,
        "id": 78336
    },
    {
        "firstName": "PAUL",
        "lastName": "HILL",
        "phone": "1111110001",
        "address": "11230 HARVEST DALE AVE",
        "city": "HOUSTON",
        "state": "TX",
        "zip": "77065",
        "email": "PHILL12190@AOL.COM",
        "dateOfBirth": "1965-08-06T12:00:00",
        "ssn": "467177203",
        "userOrders": null,
        "isSold": false,
        "id": 78361
    },
    {
        "firstName": "YVONNE",
        "lastName": "BURRIS",
        "phone": "3167378774",
        "address": "1914 N REDBARN LN",
        "city": "WICHITA",
        "state": "KS",
        "zip": "67212",
        "email": "BURR1S@YAHOO.COM",
        "dateOfBirth": "1965-12-09T12:00:00",
        "ssn": "509669736",
        "userOrders": null,
        "isSold": false,
        "id": 78383
    },
    {
        "firstName": "DONNA",
        "lastName": "GORMAN",
        "phone": "4043086039",
        "address": "785 MAPLELAKE DR",
        "city": "ACW",
        "state": "GA",
        "zip": "30101",
        "email": "DONNAGORMAN@BELLSOUTH.NET",
        "dateOfBirth": "1965-03-13T12:00:00",
        "ssn": "260064668",
        "userOrders": null,
        "isSold": false,
        "id": 78386
    },
    {
        "firstName": "EMMANUEL",
        "lastName": "ADDO",
        "phone": "7735364693",
        "address": "1111110002",
        "city": "7016 N RIDGE BLVD",
        "state": "BASM",
        "zip": "CHGO",
        "email": "60645",
        "dateOfBirth": "1965-10-29T12:00:00",
        "ssn": "340886262",
        "userOrders": null,
        "isSold": false,
        "id": 78401
    },
    {
        "firstName": "RUZANNA",
        "lastName": "AVETISYAN",
        "phone": "8184252889",
        "address": "APT 205",
        "city": "VN",
        "state": "VALERIO",
        "zip": "91405",
        "email": "RUZANNA5691@GMAIL.COM",
        "dateOfBirth": "1965-06-13T12:00:00",
        "ssn": "731249213",
        "userOrders": null,
        "isSold": false,
        "id": 78407
    },
    {
        "firstName": "ELENA",
        "lastName": "CONTRERAS",
        "phone": "5617629697",
        "address": "320 N LAKE DR",
        "city": "LANTANA",
        "state": "FL",
        "zip": "33460",
        "email": "ELENAVENZUELA65@GMAIL.COM",
        "dateOfBirth": "1965-03-16T12:00:00",
        "ssn": "266938607",
        "userOrders": null,
        "isSold": false,
        "id": 78455
    },
    {
        "firstName": "LETICIA",
        "lastName": "REYES",
        "phone": "3233979196",
        "address": "6309 ELGIN ST",
        "city": "LA",
        "state": "ANGELES",
        "zip": "90042",
        "email": "LETICIAR65@ATT.NET",
        "dateOfBirth": "1965-05-28T12:00:00",
        "ssn": "615056801",
        "userOrders": null,
        "isSold": false,
        "id": 78476
    },
    {
        "firstName": "GLORIA",
        "lastName": "DILLARD",
        "phone": "8152220844",
        "address": "22 PINE CIR",
        "city": "RCHTN PK",
        "state": "IL",
        "zip": "60471",
        "email": "GEEGLO45@GMAIL.COM",
        "dateOfBirth": "1965-05-24T12:00:00",
        "ssn": "347589589",
        "userOrders": null,
        "isSold": false,
        "id": 78568
    },
    {
        "firstName": "JOEL",
        "lastName": "DORSA",
        "phone": "5044605640",
        "address": "961 S CORNICHE DU LAC",
        "city": "COVINGTON",
        "state": "LA",
        "zip": "70433",
        "email": "JSDPE@HOTMAIL.COM",
        "dateOfBirth": "1965-07-05T12:00:00",
        "ssn": "434412192",
        "userOrders": null,
        "isSold": false,
        "id": 78791
    }
]