[
    {
        "firstName": "MARIA",
        "lastName": "KOWALSKI",
        "phone": "1111110001",
        "address": "7207 1/2 AVENUE E",
        "city": "HOUSTON",
        "state": "TX",
        "zip": "77011",
        "email": "MKOWALSKI908@SBCGLOBAL.NET",
        "dateOfBirth": "1965-08-22T12:00:00",
        "ssn": "460457364",
        "userOrders": null,
        "isSold": false,
        "id": 76272
    },
    {
        "firstName": "EVA",
        "lastName": "CARBONELL",
        "phone": "5107800785",
        "address": "UNIT 104",
        "city": "HAY",
        "state": "COPA",
        "zip": "94545",
        "email": "AGNESDAN72268@HOTMAIL.COM",
        "dateOfBirth": "1965-07-20T12:00:00",
        "ssn": "602630988",
        "userOrders": null,
        "isSold": false,
        "id": 76313
    },
    {
        "firstName": "MARTIN",
        "lastName": "PEREZ",
        "phone": "9037490491",
        "address": "14321 VALLEY VIEW RDG",
        "city": "TYLER",
        "state": "TX",
        "zip": "75702",
        "email": "MARTIN2444@ATT.NET",
        "dateOfBirth": "1965-09-23T12:00:00",
        "ssn": "561971406",
        "userOrders": null,
        "isSold": false,
        "id": 76314
    },
    {
        "firstName": "SHERI",
        "lastName": "CORDER",
        "phone": "9047551407",
        "address": "PO BOX 24053",
        "city": "PONTE VEDRA",
        "state": "FL",
        "zip": "32081",
        "email": "CORDERD@YAHOO.COM",
        "dateOfBirth": "1965-11-25T12:00:00",
        "ssn": "425335777",
        "userOrders": null,
        "isSold": false,
        "id": 76333
    },
    {
        "firstName": "JOE",
        "lastName": "BIFULCO",
        "phone": "7183109854",
        "address": "1901 N ANDREWS AVE APT 110",
        "city": "WLTN MNRS",
        "state": "MANORS",
        "zip": "33311",
        "email": "JOB0221@AOL.COM",
        "dateOfBirth": "1965-02-21T12:00:00",
        "ssn": "122583261",
        "userOrders": null,
        "isSold": false,
        "id": 76335
    },
    {
        "firstName": "DENISE",
        "lastName": "LOWERY",
        "phone": "6364611590",
        "address": "5314 AMBROSE XING",
        "city": "JEFFERSON COUNTY",
        "state": "MO",
        "zip": "63052",
        "email": "DALOWERY@DEWITTINS.COM",
        "dateOfBirth": "1965-04-01T12:00:00",
        "ssn": "486760665",
        "userOrders": null,
        "isSold": false,
        "id": 76356
    },
    {
        "firstName": "GAIL",
        "lastName": "CHASE",
        "phone": "2487658181",
        "address": "1122 MARYWOOD DR",
        "city": "ROYAL OAK",
        "state": "OAK",
        "zip": "48067",
        "email": "GCHASE3C@GMAIL.COM",
        "dateOfBirth": "1965-12-15T12:00:00",
        "ssn": "386706739",
        "userOrders": null,
        "isSold": false,
        "id": 76403
    },
    {
        "firstName": "ROBERT",
        "lastName": "WILSON",
        "phone": "2104218585",
        "address": "1010 E DREXEL AVE",
        "city": "SAN ANTONIO",
        "state": "ANTONIO",
        "zip": "78210",
        "email": "RWILSON1970@SATX.RR.COM",
        "dateOfBirth": "1965-08-30T12:00:00",
        "ssn": "459476636",
        "userOrders": null,
        "isSold": false,
        "id": 76415
    },
    {
        "firstName": "SARA",
        "lastName": "KING",
        "phone": "8162263767",
        "address": "PO BOX 6693",
        "city": "BLUE SPRINGS",
        "state": "SUMMIT",
        "zip": "64014",
        "email": "SARAWWE50@YAHOO.COM",
        "dateOfBirth": "1965-08-16T12:00:00",
        "ssn": "486848903",
        "userOrders": null,
        "isSold": false,
        "id": 76431
    },
    {
        "firstName": "LAUREL",
        "lastName": "GARCESS",
        "phone": "2094235758",
        "address": "1840 8TH ST",
        "city": "RDG",
        "state": "CA",
        "zip": "96001",
        "email": "TRUEVIRTUE@AOL.COM",
        "dateOfBirth": "1965-03-08T12:00:00",
        "ssn": "558398160",
        "userOrders": null,
        "isSold": false,
        "id": 76525
    },
    {
        "firstName": "GLADYS",
        "lastName": "MARIN-GOCKEL",
        "phone": "6307154765",
        "address": "1877 MAUREEN DR",
        "city": "HOFMN ESTS",
        "state": "EST",
        "zip": "60192",
        "email": "GGOCKEL@HOTMAIL.COM",
        "dateOfBirth": "1965-12-21T12:00:00",
        "ssn": "352961751",
        "userOrders": null,
        "isSold": false,
        "id": 76545
    },
    {
        "firstName": "BARBARA",
        "lastName": "LUZADER",
        "phone": "4404270683",
        "address": "15732 W PARADISE LN",
        "city": "OLMSTED TWP",
        "state": "AZ",
        "zip": "44138",
        "email": "STEVENMBLACK@SBCGLOBAL.NET",
        "dateOfBirth": "1965-07-03T12:00:00",
        "ssn": "277681422",
        "userOrders": null,
        "isSold": false,
        "id": 76846
    },
    {
        "firstName": "CHRISTOPHER",
        "lastName": "LONG",
        "phone": "8032383254",
        "address": "10 COTTON HOPE LN",
        "city": "COLA",
        "state": "SC",
        "zip": "29204",
        "email": "CTLSLONG@HOTMAIL.COM",
        "dateOfBirth": "1965-04-01T12:00:00",
        "ssn": "226236529",
        "userOrders": null,
        "isSold": true,
        "id": 77161
    },
    {
        "firstName": "MARTIN",
        "lastName": "LAGUNA",
        "phone": "6269999999",
        "address": "5018 SANTA ANITA AVE",
        "city": "TMPL CTY",
        "state": "CITY",
        "zip": "91780",
        "email": "CABALLERO_AZTECA69@HOTMAIL.COM",
        "dateOfBirth": "1965-07-01T12:00:00",
        "ssn": "946897610",
        "userOrders": null,
        "isSold": false,
        "id": 77226
    },
    {
        "firstName": "RENEE",
        "lastName": "MILAM",
        "phone": "8282457829",
        "address": "164 WALTER HORN RD",
        "city": "FOR CTY",
        "state": "CITY",
        "zip": "28043",
        "email": "R_MILAM@BELLSOUTH.NET",
        "dateOfBirth": "1965-08-22T12:00:00",
        "ssn": "380708616",
        "userOrders": null,
        "isSold": false,
        "id": 77244
    }
]