[
    {
        "firstName": "CHI",
        "lastName": "TRAN",
        "phone": "4155336942",
        "address": "1017 IRVING ST UNIT A",
        "city": "SF",
        "state": "FRANCISCO",
        "zip": "94122",
        "email": "TRAN150@ATT.NET",
        "dateOfBirth": "1965-10-25T12:00:00",
        "ssn": "613497344",
        "userOrders": null,
        "isSold": true,
        "id": 96070
    },
    {
        "firstName": "BONNIE",
        "lastName": "BREITSCHWERDT",
        "phone": "7142322476",
        "address": "9219 VIA VISTA DR",
        "city": "BU PK",
        "state": "PARK",
        "zip": "90620",
        "email": "DAVENBONNIE@SBCGLOBAL.NET",
        "dateOfBirth": "1965-11-23T12:00:00",
        "ssn": "556130066",
        "userOrders": null,
        "isSold": false,
        "id": 96158
    },
    {
        "firstName": "MARC",
        "lastName": "MANUEL",
        "phone": "6503069606",
        "address": "3684 COUNTRY CLUB DR",
        "city": "RC",
        "state": "CITY",
        "zip": "94061",
        "email": "MNJMANUEL@SBCGLOBAL.NET",
        "dateOfBirth": "1965-11-24T12:00:00",
        "ssn": "566551910",
        "userOrders": null,
        "isSold": false,
        "id": 96162
    },
    {
        "firstName": "PEGGY",
        "lastName": "SMITH",
        "phone": "3862742212",
        "address": "37 RAELAND LN",
        "city": "PLM CST",
        "state": "COAST",
        "zip": "32164",
        "email": "PEGGYSMITH2313@ATT.NET",
        "dateOfBirth": "1965-02-22T12:00:00",
        "ssn": "627732968",
        "userOrders": null,
        "isSold": false,
        "id": 96165
    },
    {
        "firstName": "MA",
        "lastName": "ROCIO",
        "phone": "5672455343",
        "address": "150 TAFT BLVD",
        "city": "FOSTORIA",
        "state": "OH",
        "zip": "44830",
        "email": "MA3089@ATT.NET",
        "dateOfBirth": "1965-09-24T12:00:00",
        "ssn": "942735692",
        "userOrders": null,
        "isSold": false,
        "id": 96221
    },
    {
        "firstName": "RONALD",
        "lastName": "SHAPIRO",
        "phone": "6622818361",
        "address": "1418 JACKSON AVE E APT A",
        "city": "OXFORD",
        "state": "MS",
        "zip": "38655",
        "email": "RONZO7@BELLSOUTH.NET",
        "dateOfBirth": "1965-11-10T12:00:00",
        "ssn": "498449465",
        "userOrders": null,
        "isSold": false,
        "id": 96309
    },
    {
        "firstName": "MARILYN",
        "lastName": "SMITH",
        "phone": "3142404125",
        "address": "1510 VARNUM DR",
        "city": "DELLWOOD",
        "state": "LOUIS",
        "zip": "63136",
        "email": "MARILYNSMITH6219@ATT.NET",
        "dateOfBirth": "1965-08-12T12:00:00",
        "ssn": "494763172",
        "userOrders": null,
        "isSold": false,
        "id": 96505
    },
    {
        "firstName": "SHARA",
        "lastName": "BROWN",
        "phone": "8597346262",
        "address": "627 CORNISHVILLE ST",
        "city": "HARRODSBURG",
        "state": "KY",
        "zip": "40330",
        "email": "S4RUNNERT@HOTMAII.COM",
        "dateOfBirth": "1965-04-15T12:00:00",
        "ssn": "267899519",
        "userOrders": null,
        "isSold": false,
        "id": 96534
    },
    {
        "firstName": "TERESA",
        "lastName": "HERNANDEZ",
        "phone": "2814447462",
        "address": "11318 DOVEDALE CT",
        "city": "HOUSTON",
        "state": "TX",
        "zip": "77067",
        "email": "LHERNANDEZ@ALDINE.12.TX.US",
        "dateOfBirth": "1965-05-26T12:00:00",
        "ssn": "630034904",
        "userOrders": null,
        "isSold": false,
        "id": 96756
    },
    {
        "firstName": "WILLLIAM",
        "lastName": "BUTLER",
        "phone": "5597654663",
        "address": "60 W 9TH ST APT C",
        "city": "CLOVIS",
        "state": "CA",
        "zip": "93612",
        "email": "WLBUTLER39@YAHOO.COM",
        "dateOfBirth": "1965-04-27T12:00:00",
        "ssn": "555114143",
        "userOrders": null,
        "isSold": false,
        "id": 96863
    },
    {
        "firstName": "LISA",
        "lastName": "STEVENS",
        "phone": "2166248728",
        "address": "3358 W 86TH ST",
        "city": "CLEVELAND",
        "state": "OH",
        "zip": "44102",
        "email": "SUNNYLEPRACHAN@GMAIL.COM",
        "dateOfBirth": "1965-04-16T12:00:00",
        "ssn": "288707356",
        "userOrders": null,
        "isSold": false,
        "id": 96881
    },
    {
        "firstName": "SUSAN",
        "lastName": "MCCOY",
        "phone": "9548943697",
        "address": "5546 SW 28TH TER",
        "city": "DANIA",
        "state": "LAUDERDALE",
        "zip": "33312",
        "email": "FLCATBIRD@BELLSOUTH.NET",
        "dateOfBirth": "1965-10-27T12:00:00",
        "ssn": "262976920",
        "userOrders": null,
        "isSold": false,
        "id": 96947
    },
    {
        "firstName": "ELIZABETH",
        "lastName": "REBHOLZ",
        "phone": "4147912275",
        "address": "2420 N 74TH ST",
        "city": "WAUWATOSA",
        "state": "WI",
        "zip": "53213",
        "email": "BETSY.REBHOLZ@GMAIL.COM",
        "dateOfBirth": "1965-03-09T12:00:00",
        "ssn": "396703119",
        "userOrders": null,
        "isSold": false,
        "id": 96952
    },
    {
        "firstName": "RODERICK",
        "lastName": "STAROSA",
        "phone": "7327793148",
        "address": "35 SHERRYBROOKE DR",
        "city": "HOWELL",
        "state": "NJ",
        "zip": "07731",
        "email": "RICSTAROSA@OPTONLINE.NET",
        "dateOfBirth": "1965-12-07T12:00:00",
        "ssn": "137840279",
        "userOrders": null,
        "isSold": true,
        "id": 97017
    },
    {
        "firstName": "JODY",
        "lastName": "ZIELINSKI",
        "phone": "9894150927",
        "address": "2240 CANTERBURY LN",
        "city": "BAY CITY",
        "state": "FL",
        "zip": "48706",
        "email": "JMRZ40@YAHOO.COM",
        "dateOfBirth": "1965-06-19T12:00:00",
        "ssn": "367801984",
        "userOrders": null,
        "isSold": false,
        "id": 97032
    }
]