[
    {
        "firstName": "CAROLYN",
        "lastName": "BROWN",
        "phone": "5044509707",
        "address": "2560 JEANNE ST",
        "city": "MARRERO",
        "state": "LA",
        "zip": "70072",
        "email": "CAROLYN42BROWN@YAHOO.COM",
        "dateOfBirth": "1965-11-08T12:00:00",
        "ssn": "436419356",
        "userOrders": null,
        "isSold": false,
        "id": 40569
    },
    {
        "firstName": "DANNY",
        "lastName": "C",
        "phone": "1111110001",
        "address": "CALIFORNIA SMOG CHECK",
        "city": "SP VLY",
        "state": "JAMACHA",
        "zip": "91977",
        "email": "DANNYDANG89@YAHOO.COM",
        "dateOfBirth": "1965-05-31T12:00:00",
        "ssn": "548590625",
        "userOrders": null,
        "isSold": false,
        "id": 40645
    },
    {
        "firstName": "OLIVIA",
        "lastName": "OLIVER",
        "phone": "2056691676",
        "address": "PO BOX 953",
        "city": "COLUMBIANA",
        "state": "AL",
        "zip": "35051",
        "email": "OLIVIAOLIVER@ATT.NET",
        "dateOfBirth": "1965-08-28T12:00:00",
        "ssn": "416887179",
        "userOrders": null,
        "isSold": false,
        "id": 40663
    },
    {
        "firstName": "TRINETTE",
        "lastName": "MCKINSEY",
        "phone": "2256541150",
        "address": "5575 ROLLINS RD",
        "city": "ZACHARY",
        "state": "LA",
        "zip": "70791",
        "email": "TRINETTEMCKINSEY@GMAIL.COM",
        "dateOfBirth": "1965-08-30T12:00:00",
        "ssn": "438376909",
        "userOrders": null,
        "isSold": false,
        "id": 40709
    },
    {
        "firstName": "TAMMY",
        "lastName": "NIZIOLEK",
        "phone": "7082598932",
        "address": "7311 BELOIT AVE",
        "city": "BRDGVW",
        "state": "IL",
        "zip": "60455",
        "email": "TAMMYNIZIOIEK@ATT.NET",
        "dateOfBirth": "1965-02-25T12:00:00",
        "ssn": "319548215",
        "userOrders": null,
        "isSold": false,
        "id": 40750
    },
    {
        "firstName": "GREGORY",
        "lastName": "MCLEOD",
        "phone": "9543046763",
        "address": "7871 NW 33RD ST",
        "city": "MRGT",
        "state": "FL",
        "zip": "33063",
        "email": "GREGM214@GMAIL.COM",
        "dateOfBirth": "1965-08-09T12:00:00",
        "ssn": "262932532",
        "userOrders": null,
        "isSold": false,
        "id": 40809
    },
    {
        "firstName": "DENISE",
        "lastName": "WRIGHT",
        "phone": "7753131651",
        "address": "17232 AQUAMARINE DR",
        "city": "SPANISH SPGS",
        "state": "NV",
        "zip": "89436",
        "email": "MRSWRIGHT1965@GMAIL.COM",
        "dateOfBirth": "1965-10-11T12:00:00",
        "ssn": "526537283",
        "userOrders": null,
        "isSold": true,
        "id": 40831
    },
    {
        "firstName": "ARNEL",
        "lastName": "SANCHEZ",
        "phone": "5103056035",
        "address": "1933 LILAC AVE",
        "city": "HAY",
        "state": "CA",
        "zip": "94545",
        "email": "DCS613@GMAIL.COM",
        "dateOfBirth": "1965-07-15T12:00:00",
        "ssn": "547458279",
        "userOrders": null,
        "isSold": false,
        "id": 40848
    },
    {
        "firstName": "ROBERT",
        "lastName": "DEHN",
        "phone": "4172093351",
        "address": "868 S QUADE RD",
        "city": "GREENE COUNTY",
        "state": "MO",
        "zip": "65802",
        "email": "BOBDEHN@SBCGLOBAL.NET",
        "dateOfBirth": "1965-11-18T12:00:00",
        "ssn": "107446448",
        "userOrders": null,
        "isSold": false,
        "id": 40875
    },
    {
        "firstName": "JOSEFINA",
        "lastName": "HERNANDEZ",
        "phone": "3232403615",
        "address": "2152 LAKE SHORE AVE",
        "city": "LA",
        "state": "ANGELES",
        "zip": "90039",
        "email": "MAYLYN2105@SBCGLOBAL.NET",
        "dateOfBirth": "1965-03-09T12:00:00",
        "ssn": "617074774",
        "userOrders": null,
        "isSold": false,
        "id": 40881
    },
    {
        "firstName": "QUENTIN",
        "lastName": "NESBITT",
        "phone": "5616879522",
        "address": "400 HURON PL",
        "city": "W*P*B",
        "state": "PALM",
        "zip": "33409",
        "email": "MSNEZ1818@GMAIL.COM",
        "dateOfBirth": "1965-07-28T12:00:00",
        "ssn": "591227365",
        "userOrders": null,
        "isSold": false,
        "id": 40965
    },
    {
        "firstName": "MARIO",
        "lastName": "FLORES",
        "phone": "6194054058",
        "address": "1630 PROSPECT ST",
        "city": "NATL CTY",
        "state": "CITY",
        "zip": "91950",
        "email": "SUPERMF08@GMAIL.COM",
        "dateOfBirth": "1965-11-28T12:00:00",
        "ssn": "918723232",
        "userOrders": null,
        "isSold": false,
        "id": 41089
    },
    {
        "firstName": "ANGELIA",
        "lastName": "INSCOE",
        "phone": "5022955822",
        "address": "UNIT 102",
        "city": "LOUISVILLE",
        "state": "HARRODS",
        "zip": "40059",
        "email": "ANGELIA@COLLAGENPIN.COM",
        "dateOfBirth": "1965-10-15T12:00:00",
        "ssn": "402150444",
        "userOrders": null,
        "isSold": false,
        "id": 41150
    },
    {
        "firstName": "MARY",
        "lastName": "ESTEVE",
        "phone": "9856881935",
        "address": "520 FORET ST",
        "city": "THIBODAUX",
        "state": "LA",
        "zip": "70301",
        "email": "MARY.ESTEVE@ATT.NET",
        "dateOfBirth": "1965-03-10T12:00:00",
        "ssn": "436154143",
        "userOrders": null,
        "isSold": false,
        "id": 41165
    },
    {
        "firstName": "CHARLIE",
        "lastName": "RICHARDSON",
        "phone": "9014942657",
        "address": "2846 BRIARWOOD DR",
        "city": "HORN LAKE",
        "state": "LAKE",
        "zip": "38637",
        "email": "CHARLIERICH1465@GMAIL.COM",
        "dateOfBirth": "1965-01-13T12:00:00",
        "ssn": "427153170",
        "userOrders": null,
        "isSold": false,
        "id": 41193
    }
]