[
    {
        "firstName": "JOSE",
        "lastName": "MEDINA",
        "phone": "8178191851",
        "address": "1417 SPRING WILLOW DR",
        "city": "ARLINGTON",
        "state": "TX",
        "zip": "76018",
        "email": "J.MEDINA2793@GMAIL.COM",
        "dateOfBirth": "1965-02-24T12:00:00",
        "ssn": "627092053",
        "userOrders": null,
        "isSold": false,
        "id": 14446
    },
    {
        "firstName": "LOIS",
        "lastName": "BARR",
        "phone": "3137018245",
        "address": "8423 HAZELTON ST",
        "city": "DEARBORN HEIGHTS",
        "state": "HTS",
        "zip": "48127",
        "email": "LOIS.BARR@ATT.NET",
        "dateOfBirth": "1965-02-21T12:00:00",
        "ssn": "386887796",
        "userOrders": null,
        "isSold": false,
        "id": 14533
    },
    {
        "firstName": "JOSEPH",
        "lastName": "TURNER",
        "phone": "1111110011",
        "address": "79 DECORAH DR",
        "city": "ST LOUIS COUNTY",
        "state": "LOUIS",
        "zip": "63146",
        "email": "TTURNER4163@ATT.NET",
        "dateOfBirth": "1965-08-26T12:00:00",
        "ssn": "487803960",
        "userOrders": null,
        "isSold": false,
        "id": 14619
    },
    {
        "firstName": "VICTORIA",
        "lastName": "GARCIA",
        "phone": "2107175115",
        "address": "1022 PASO HONDO",
        "city": "SAN ANTONIO",
        "state": "ANTONIO",
        "zip": "78252",
        "email": "WISECHOICE13065@YAHOO.COM",
        "dateOfBirth": "1965-01-30T12:00:00",
        "ssn": "386806728",
        "userOrders": null,
        "isSold": false,
        "id": 14736
    },
    {
        "firstName": "SHERRY",
        "lastName": "BRANTLEY",
        "phone": "1111110001",
        "address": "726 RICE ST",
        "city": "WD RVR",
        "state": "RIVER",
        "zip": "62095",
        "email": "SHERRYB652@GMAIL.COM",
        "dateOfBirth": "1965-09-06T12:00:00",
        "ssn": "494843824",
        "userOrders": null,
        "isSold": false,
        "id": 14839
    },
    {
        "firstName": "SHIRRIE",
        "lastName": "MCDONALD",
        "phone": "6016001743",
        "address": "132 DANIELS LN",
        "city": "CENTREVILLE",
        "state": "MS",
        "zip": "39631",
        "email": "SHIRRIEMCDONALD@BELLSOUTH.NET",
        "dateOfBirth": "1965-02-20T12:00:00",
        "ssn": "427137529",
        "userOrders": null,
        "isSold": false,
        "id": 14873
    },
    {
        "firstName": "RUBEN",
        "lastName": "CARRANZA",
        "phone": "6185931614",
        "address": "2707 HARVEY PL APT 74",
        "city": "GRANIT CTY",
        "state": "CITY",
        "zip": "62040",
        "email": "RUBEN.CARRANZA@ICLOUD.COM",
        "dateOfBirth": "1965-10-25T12:00:00",
        "ssn": "320969449",
        "userOrders": null,
        "isSold": false,
        "id": 14880
    },
    {
        "firstName": "ANN",
        "lastName": "HARVILLE",
        "phone": "8437189028",
        "address": "203 COLUMBIA DR",
        "city": "LDSN",
        "state": "SC",
        "zip": "29456",
        "email": "ANNHARVILLE@BELLSOUTH.NET",
        "dateOfBirth": "1965-05-28T12:00:00",
        "ssn": "250438340",
        "userOrders": null,
        "isSold": false,
        "id": 14885
    },
    {
        "firstName": "JAMIL",
        "lastName": "MAROUN",
        "phone": "9161111111",
        "address": "4104 OAK CT",
        "city": "SAC",
        "state": "CA",
        "zip": "95825",
        "email": "JIM.MAROUN@GMAIL.COM",
        "dateOfBirth": "1965-02-15T12:00:00",
        "ssn": "288646613",
        "userOrders": null,
        "isSold": false,
        "id": 15015
    },
    {
        "firstName": "MARSHALL",
        "lastName": "NEAL",
        "phone": "5129882434",
        "address": "180 COUNTY ROAD 504",
        "city": "SMITHVILLE",
        "state": "TX",
        "zip": "78957",
        "email": "MARSHALLNEAL@ROCKETMAIL.COM",
        "dateOfBirth": "1965-11-13T12:00:00",
        "ssn": "409376181",
        "userOrders": null,
        "isSold": false,
        "id": 15028
    },
    {
        "firstName": "KENNETH",
        "lastName": "BYNES",
        "phone": "9044866193",
        "address": "3936 VICTORIA LANDING DR S",
        "city": "JKVL",
        "state": "FL",
        "zip": "32208",
        "email": "KENQUEST45@YAHOO.COM",
        "dateOfBirth": "1965-07-13T12:00:00",
        "ssn": "594143270",
        "userOrders": null,
        "isSold": false,
        "id": 15157
    },
    {
        "firstName": "FLORENCE",
        "lastName": "EDIS",
        "phone": "6024867204",
        "address": "4808098691",
        "city": "HOUSTON TX 77083-4848",
        "state": "PASA",
        "zip": "HOUSTON",
        "email": "77083",
        "dateOfBirth": "1965-07-03T12:00:00",
        "ssn": "347025416",
        "userOrders": null,
        "isSold": false,
        "id": 15185
    },
    {
        "firstName": "PHILLIP",
        "lastName": "LARKIN",
        "phone": "5613193501",
        "address": "8392 DOMINICA PL",
        "city": "LOXAHATCHE",
        "state": "FL",
        "zip": "33470",
        "email": "PLARKIN@GA-CORP.COM",
        "dateOfBirth": "1965-01-27T12:00:00",
        "ssn": "572430027",
        "userOrders": null,
        "isSold": false,
        "id": 15353
    },
    {
        "firstName": "CARA",
        "lastName": "ROSSI",
        "phone": "7074805266",
        "address": "18820 TIMBER POINT RD",
        "city": "HIDDEN VLY LK",
        "state": "VL",
        "zip": "95467",
        "email": "CARAROSSI65@GMAIL.COM",
        "dateOfBirth": "1965-05-27T12:00:00",
        "ssn": "547654501",
        "userOrders": null,
        "isSold": false,
        "id": 15431
    },
    {
        "firstName": "SUZY",
        "lastName": "C",
        "phone": "5126958707",
        "address": "1600 S LAKELINE BLVD APT 1111",
        "city": "CEDAR PARK",
        "state": "PARK",
        "zip": "78613",
        "email": "FAWN13101@GMAIL.COM",
        "dateOfBirth": "1965-01-04T12:00:00",
        "ssn": "465150118",
        "userOrders": null,
        "isSold": false,
        "id": 15477
    }
]