[
    {
        "firstName": "JIYOUNG",
        "lastName": "LEE",
        "phone": "6147890751",
        "address": "4198 TROUTBROOK DR",
        "city": "DUBLIN",
        "state": "OH",
        "zip": "43017",
        "email": "JL020202@YAHOO.COM",
        "dateOfBirth": "1965-05-09T12:00:00",
        "ssn": "363155588",
        "userOrders": null,
        "isSold": false,
        "id": 30013
    },
    {
        "firstName": "GUILLERMO",
        "lastName": "GUEVARA",
        "phone": "9512778615",
        "address": "4359 PALAMINA CIR",
        "city": "COR",
        "state": "CA",
        "zip": "92883",
        "email": "MEMOGUEVARA@SBCGLOBAL.NET",
        "dateOfBirth": "1965-11-07T12:00:00",
        "ssn": "553190987",
        "userOrders": null,
        "isSold": false,
        "id": 30020
    },
    {
        "firstName": "THOMAS",
        "lastName": "TALMADGE",
        "phone": "8157293544",
        "address": "7084078300",
        "city": "704 KUNGS WAY",
        "state": "2",
        "zip": "JOLIET",
        "email": "60435",
        "dateOfBirth": "1965-11-28T12:00:00",
        "ssn": "340727779",
        "userOrders": null,
        "isSold": false,
        "id": 30023
    },
    {
        "firstName": "VICKY",
        "lastName": "EPPENGER*",
        "phone": "7082385172",
        "address": "1247 E 93RD ST FL 2",
        "city": "CHGO",
        "state": "IL",
        "zip": "60619",
        "email": "EVICKY12@GMAIL.COM",
        "dateOfBirth": "1965-05-02T12:00:00",
        "ssn": "347623464",
        "userOrders": null,
        "isSold": false,
        "id": 30053
    },
    {
        "firstName": "ROBERT",
        "lastName": "BONARIO",
        "phone": "1111110001",
        "address": "10931 MOCKINGBIRD PL",
        "city": "OAK RIDGE NORTH",
        "state": "TX",
        "zip": "77385",
        "email": "BONMATT04@ATT.NET",
        "dateOfBirth": "1965-09-28T12:00:00",
        "ssn": "467555753",
        "userOrders": null,
        "isSold": false,
        "id": 30058
    },
    {
        "firstName": "LORI",
        "lastName": "NEWSON",
        "phone": "7063466874",
        "address": "270 MAPLE FORGE DR",
        "city": "ATH",
        "state": "GA",
        "zip": "30606",
        "email": "JILLJAMES435@YAHOO.COM",
        "dateOfBirth": "1965-08-15T12:00:00",
        "ssn": "250273945",
        "userOrders": null,
        "isSold": false,
        "id": 30092
    },
    {
        "firstName": "ROBERT",
        "lastName": "SALAZAR",
        "phone": "3612070060",
        "address": "PO BOX 732",
        "city": "FREER",
        "state": "TX",
        "zip": "78357",
        "email": "ASALAZAR@FREERISD.NET",
        "dateOfBirth": "1965-01-15T12:00:00",
        "ssn": "449234378",
        "userOrders": null,
        "isSold": false,
        "id": 30207
    },
    {
        "firstName": "SUSAN",
        "lastName": "COLE",
        "phone": "5617332873",
        "address": "339 SW 9TH AVE",
        "city": "BOYN BCH",
        "state": "BEACH",
        "zip": "33435",
        "email": "BLUESKYSUE@ATT.NET",
        "dateOfBirth": "1965-07-16T12:00:00",
        "ssn": "193625716",
        "userOrders": null,
        "isSold": false,
        "id": 30264
    },
    {
        "firstName": "EDWARD",
        "lastName": "BARNES",
        "phone": "2143258999",
        "address": "1609 BALBOA LN",
        "city": "ALLEN",
        "state": "TX",
        "zip": "75002",
        "email": "DABARN@ATT.NET",
        "dateOfBirth": "1965-08-24T12:00:00",
        "ssn": "464359377",
        "userOrders": null,
        "isSold": false,
        "id": 30422
    },
    {
        "firstName": "JEFFEREY",
        "lastName": "GARDNER",
        "phone": "5043123032",
        "address": "530 HUSO ST",
        "city": "NEW ORLEANS",
        "state": "ORLEANS",
        "zip": "70118",
        "email": "JHUNTER_GARDNER@YAHOO.COM",
        "dateOfBirth": "1965-11-23T12:00:00",
        "ssn": "262957778",
        "userOrders": null,
        "isSold": false,
        "id": 30445
    },
    {
        "firstName": "GARY",
        "lastName": "SHARP",
        "phone": "2099887128",
        "address": "2931 MINESHAFT CT",
        "city": "RVRBK",
        "state": "CA",
        "zip": "95367",
        "email": "SHARPTOOLS@ATT.NET",
        "dateOfBirth": "1965-08-14T12:00:00",
        "ssn": "551087393",
        "userOrders": null,
        "isSold": false,
        "id": 30554
    },
    {
        "firstName": "PAUL",
        "lastName": "ADAMS",
        "phone": "2147349575",
        "address": "7419 GRACEFIELD LN",
        "city": "DALLAS",
        "state": "TX",
        "zip": "75248",
        "email": "ADAMS@ELECTROWAVE.COM",
        "dateOfBirth": "1965-11-14T12:00:00",
        "ssn": "384842859",
        "userOrders": null,
        "isSold": false,
        "id": 30564
    },
    {
        "firstName": "ROBERT",
        "lastName": "NICHOLS",
        "phone": "2484519081",
        "address": "105 E NEW YORK AVE",
        "city": "PONTIAC",
        "state": "MI",
        "zip": "48340",
        "email": "RNICHOLS48340@SBCGLOBAL.NET",
        "dateOfBirth": "1965-06-02T12:00:00",
        "ssn": "362725056",
        "userOrders": null,
        "isSold": false,
        "id": 30639
    },
    {
        "firstName": "RONG",
        "lastName": "CHEN",
        "phone": "3126622060",
        "address": "FL 2",
        "city": "CHGO",
        "state": "S",
        "zip": "60616",
        "email": "RONGDICHEN@ATT.NET",
        "dateOfBirth": "1965-10-28T12:00:00",
        "ssn": "130924945",
        "userOrders": null,
        "isSold": false,
        "id": 30720
    },
    {
        "firstName": "MOHAMAD",
        "lastName": "RIHAN",
        "phone": "7089529000",
        "address": "AL MAHGAR FOOD MART",
        "city": "OAK LWN",
        "state": "S",
        "zip": "60453",
        "email": "MAHAMAD9000@ATT.NET",
        "dateOfBirth": "1965-07-22T12:00:00",
        "ssn": "318782364",
        "userOrders": null,
        "isSold": false,
        "id": 30774
    }
]