[
    {
        "firstName": "JOANNE",
        "lastName": "FALSETTA",
        "phone": "6194817094",
        "address": "9922 WALDGROVE PL",
        "city": "SD",
        "state": "DIEGO",
        "zip": "92131",
        "email": "TOMSGIRL42@MSN.COM",
        "dateOfBirth": "1965-02-26T12:00:00",
        "ssn": "573860781",
        "userOrders": null,
        "isSold": false,
        "id": 69111
    },
    {
        "firstName": "KELVIN",
        "lastName": "PARKER",
        "phone": "9406132235",
        "address": "400 E 9TH ST",
        "city": "BURKBURNETT",
        "state": "TX",
        "zip": "76354",
        "email": "KEIVINPARKER@SBCGLOBAL.NET",
        "dateOfBirth": "1965-07-23T12:00:00",
        "ssn": "451316878",
        "userOrders": null,
        "isSold": false,
        "id": 69268
    },
    {
        "firstName": "PATRICIA",
        "lastName": "RIZZO",
        "phone": "9513148166",
        "address": "1179 DOVERWOOD ST",
        "city": "COR",
        "state": "CA",
        "zip": "92880",
        "email": "JRIZZO171@SBCGLOBAL.NET",
        "dateOfBirth": "1965-03-06T12:00:00",
        "ssn": "546673926",
        "userOrders": null,
        "isSold": false,
        "id": 69345
    },
    {
        "firstName": "DAVID",
        "lastName": "HAGUE",
        "phone": "5418910865",
        "address": "7687 CONE",
        "city": "LS MOLNS",
        "state": "MOLINOS",
        "zip": "96055",
        "email": "DKHAGUE@HOTMAIL.COM",
        "dateOfBirth": "1965-06-09T12:00:00",
        "ssn": "568868337",
        "userOrders": null,
        "isSold": false,
        "id": 69358
    },
    {
        "firstName": "CHRIS",
        "lastName": "J",
        "phone": "5129234993",
        "address": "6108 HYLAWN DR",
        "city": "AUSTIN",
        "state": "TX",
        "zip": "78723",
        "email": "CDITTMAR@HOTMAIL.COM",
        "dateOfBirth": "1965-07-27T12:00:00",
        "ssn": "451536930",
        "userOrders": null,
        "isSold": false,
        "id": 69380
    },
    {
        "firstName": "RUBEN",
        "lastName": "BUSTILLO",
        "phone": "2197182449",
        "address": "FL 1",
        "city": "HAMMOND",
        "state": "TORRENCE",
        "zip": "46327",
        "email": "RBUSTILLO1965@ICLOUD.COM",
        "dateOfBirth": "1965-02-24T12:00:00",
        "ssn": "595982484",
        "userOrders": null,
        "isSold": false,
        "id": 69441
    },
    {
        "firstName": "DEANNA",
        "lastName": "SMITH",
        "phone": "8315956459",
        "address": "163 LORIMER ST",
        "city": "SLNS",
        "state": "CA",
        "zip": "93901",
        "email": "DAYSALOO@SBCGLOBAL.NET",
        "dateOfBirth": "1965-06-21T12:00:00",
        "ssn": "555635095",
        "userOrders": null,
        "isSold": false,
        "id": 69556
    },
    {
        "firstName": "CINDY",
        "lastName": "WARD",
        "phone": "8472192201",
        "address": "APT 646",
        "city": "LA",
        "state": "W",
        "zip": "90045",
        "email": "CWARD5@COMCAST.NET",
        "dateOfBirth": "1965-10-16T12:00:00",
        "ssn": "393520990",
        "userOrders": null,
        "isSold": false,
        "id": 69675
    },
    {
        "firstName": "SANDRA",
        "lastName": "HOLLY",
        "phone": "7852153939",
        "address": "4724 SW 28TH ST",
        "city": "TOPEKA",
        "state": "KS",
        "zip": "66614",
        "email": "SKH@KNI.KS.GOV",
        "dateOfBirth": "1965-11-02T12:00:00",
        "ssn": "513802406",
        "userOrders": null,
        "isSold": true,
        "id": 69677
    },
    {
        "firstName": "WILLIAM",
        "lastName": "CLAY",
        "phone": "3172921833",
        "address": "8208 SHIBLER DR",
        "city": "INDIANAPOLIS",
        "state": "IN",
        "zip": "46219",
        "email": "HIIQDONKEY@MSN.COM",
        "dateOfBirth": "1965-08-16T12:00:00",
        "ssn": "191569525",
        "userOrders": null,
        "isSold": false,
        "id": 69826
    },
    {
        "firstName": "AMY",
        "lastName": "DAVIS",
        "phone": "7706874857",
        "address": "PO BOX 2243",
        "city": "KENNSW",
        "state": "ISLAND",
        "zip": "30152",
        "email": "AMY.DAVIS001@YAHOO.COM",
        "dateOfBirth": "1965-10-11T12:00:00",
        "ssn": "454199054",
        "userOrders": null,
        "isSold": false,
        "id": 69923
    },
    {
        "firstName": "ANDY",
        "lastName": "WILLIAMS",
        "phone": "2818559349",
        "address": "6931 KETTLE MAR DR",
        "city": "HOUSTON",
        "state": "TX",
        "zip": "77084",
        "email": "UTPAROTHED@GMAIL.COM",
        "dateOfBirth": "1965-01-07T12:00:00",
        "ssn": "466473950",
        "userOrders": null,
        "isSold": false,
        "id": 70093
    },
    {
        "firstName": "JEAN",
        "lastName": "JULES",
        "phone": "3057947785",
        "address": "13493 NW 8TH AVE",
        "city": "N*M",
        "state": "MIAMI",
        "zip": "33168",
        "email": "NOEMAILATALL@GMAIL.COM",
        "dateOfBirth": "1965-06-06T12:00:00",
        "ssn": "593234489",
        "userOrders": null,
        "isSold": false,
        "id": 70124
    },
    {
        "firstName": "CYNTHIA",
        "lastName": "RUSSELL",
        "phone": "9198669738",
        "address": "APT 618",
        "city": "RAL",
        "state": "PACES",
        "zip": "27609",
        "email": "CYNTHIARUSSELL17@YAHOO.COM",
        "dateOfBirth": "1965-04-28T12:00:00",
        "ssn": "238375435",
        "userOrders": null,
        "isSold": false,
        "id": 70141
    },
    {
        "firstName": "JIM",
        "lastName": "RITSEMA",
        "phone": "2694202470",
        "address": "4304 SUNNYBROOK DR",
        "city": "KALAMAZOO",
        "state": "MI",
        "zip": "49008",
        "email": "RITSEMAJK@GMAIL.COM",
        "dateOfBirth": "1965-08-28T12:00:00",
        "ssn": "386666963",
        "userOrders": null,
        "isSold": false,
        "id": 70149
    }
]