[
    {
        "firstName": "RAUL",
        "lastName": "P",
        "phone": "7607879615",
        "address": "231 E DENNETT AVE",
        "city": "FRS",
        "state": "CA",
        "zip": "93728",
        "email": "RAUL.RUIZ11@ATT.COM",
        "dateOfBirth": "1965-02-06T12:00:00",
        "ssn": "625227014",
        "userOrders": null,
        "isSold": false,
        "id": 89482
    },
    {
        "firstName": "LANI",
        "lastName": "LAYTON",
        "phone": "6196568032",
        "address": "2214 WILLOW CREEK CIR",
        "city": "CHLA VSTA",
        "state": "VISTA",
        "zip": "91915",
        "email": "SLAYTONLANI@AOL.COM",
        "dateOfBirth": "1965-12-04T12:00:00",
        "ssn": "532132804",
        "userOrders": null,
        "isSold": true,
        "id": 89687
    },
    {
        "firstName": "AVERY",
        "lastName": "SANCHEZ",
        "phone": "8179022521",
        "address": "3849 GERMAN POINTER WAY",
        "city": "FORT WORTH",
        "state": "WORTH",
        "zip": "76123",
        "email": "AVERYANDLESLEY@YAHOO.COM",
        "dateOfBirth": "1965-09-29T12:00:00",
        "ssn": "455537488",
        "userOrders": null,
        "isSold": false,
        "id": 89718
    },
    {
        "firstName": "ELVIRA",
        "lastName": "JONE",
        "phone": "4094330859",
        "address": "2140 CAROLINA AVE",
        "city": "PORT ARTHUR",
        "state": "ARTHUR",
        "zip": "77642",
        "email": "ELVIRAJONE@ATT.NET",
        "dateOfBirth": "1965-05-21T12:00:00",
        "ssn": "451196925",
        "userOrders": null,
        "isSold": false,
        "id": 89865
    },
    {
        "firstName": "SUSAN",
        "lastName": "PICKRON",
        "phone": "4072834980",
        "address": "1327 LA GORCE DR",
        "city": "ALT SPGS",
        "state": "FL",
        "zip": "32714",
        "email": "SUSANDISPATCH@HOTMAIL.COM",
        "dateOfBirth": "1965-07-18T12:00:00",
        "ssn": "264830109",
        "userOrders": null,
        "isSold": false,
        "id": 89875
    },
    {
        "firstName": "CHRISTINE",
        "lastName": "SMITH",
        "phone": "2164910922",
        "address": "2169216638",
        "city": "10504 SHAKER BLVD",
        "state": "68",
        "zip": "CLEVELAND",
        "email": "44128",
        "dateOfBirth": "1965-10-28T12:00:00",
        "ssn": "286701270",
        "userOrders": null,
        "isSold": false,
        "id": 89923
    },
    {
        "firstName": "JEFF",
        "lastName": "HURLEY***",
        "phone": "8163188876",
        "address": "507 ANDYPAUL CT",
        "city": "RAYMORE",
        "state": "MO",
        "zip": "64083",
        "email": "JHURLEY352@ME.COM",
        "dateOfBirth": "1965-12-31T12:00:00",
        "ssn": "496820280",
        "userOrders": null,
        "isSold": false,
        "id": 89967
    },
    {
        "firstName": "MICHAEL",
        "lastName": "FININEN",
        "phone": "8175681243",
        "address": "1304 GLASGOW RD",
        "city": "FORT WORTH",
        "state": "WORTH",
        "zip": "76134",
        "email": "AMFININEN1117@GMAIL.COM",
        "dateOfBirth": "1965-03-11T12:00:00",
        "ssn": "455199193",
        "userOrders": null,
        "isSold": false,
        "id": 89987
    },
    {
        "firstName": "THINH",
        "lastName": "NGUYEN",
        "phone": "6825979355",
        "address": "5833 ROCKPORT LN",
        "city": "HALTOM CITY",
        "state": "CITY",
        "zip": "76137",
        "email": "THYVUDT@GMAIL.COM",
        "dateOfBirth": "1965-12-31T12:00:00",
        "ssn": "606420558",
        "userOrders": null,
        "isSold": false,
        "id": 90008
    },
    {
        "firstName": "PATRICIA",
        "lastName": "KITCHEN",
        "phone": "4797513894",
        "address": "3777 GRAND VALLEY DR",
        "city": "SPRINGDALE",
        "state": "AR",
        "zip": "72764",
        "email": "TRISH.KITCHEN@YAHOO.COM",
        "dateOfBirth": "1965-09-18T12:00:00",
        "ssn": "509822437",
        "userOrders": null,
        "isSold": false,
        "id": 90155
    },
    {
        "firstName": "GARY",
        "lastName": "BERLENER",
        "phone": "8507230025",
        "address": "2884 YELLOW CREEK RD SPC 1243",
        "city": "VERO BCH",
        "state": "WY",
        "zip": "32966",
        "email": "RHONDABERLENER@GMAIL.COM",
        "dateOfBirth": "1965-01-10T12:00:00",
        "ssn": "499821391",
        "userOrders": null,
        "isSold": true,
        "id": 90186
    },
    {
        "firstName": "BETHANY",
        "lastName": "LENNON",
        "phone": "1111110001",
        "address": "1607 LANTANA DR",
        "city": "SPRING HILL",
        "state": "STN",
        "zip": "37179",
        "email": "LENNONBETH@HOTMAIL.COM",
        "dateOfBirth": "1965-11-17T12:00:00",
        "ssn": "246277525",
        "userOrders": null,
        "isSold": false,
        "id": 90189
    },
    {
        "firstName": "MARK",
        "lastName": "DZIEWIT",
        "phone": "5863445068",
        "address": "22919 MASONIC BLVD",
        "city": "ST CLAIR SHORES",
        "state": "CLR",
        "zip": "48082",
        "email": "PAPERBOY8694@YAHOO.COM",
        "dateOfBirth": "1965-03-22T12:00:00",
        "ssn": "372643014",
        "userOrders": null,
        "isSold": true,
        "id": 90238
    },
    {
        "firstName": "KARLA",
        "lastName": "BARKER",
        "phone": "8152748486",
        "address": "888 GOODWILL RD",
        "city": "CLEMNS",
        "state": "NC",
        "zip": "27012",
        "email": "KARLABARKER@ATT.NET",
        "dateOfBirth": "1965-08-21T12:00:00",
        "ssn": "237295182",
        "userOrders": null,
        "isSold": false,
        "id": 90340
    },
    {
        "firstName": "MANUEL",
        "lastName": "CENTENO",
        "phone": "4152445608",
        "address": "701 OLIVE AVE",
        "city": "SSF",
        "state": "SAN",
        "zip": "94080",
        "email": "DCHAVEZ28@YAHOO.COM",
        "dateOfBirth": "1965-01-14T12:00:00",
        "ssn": "602400221",
        "userOrders": null,
        "isSold": false,
        "id": 90418
    }
]