[
    {
        "firstName": "ALAN",
        "lastName": "CAMP",
        "phone": "6787723729",
        "address": "137 TOPSIDE CT",
        "city": "CUMG",
        "state": "NC",
        "zip": "30028",
        "email": "A_CAMP@BELLSOUTH.COM",
        "dateOfBirth": "1965-10-09T12:00:00",
        "ssn": "259197035",
        "userOrders": null,
        "isSold": false,
        "id": 35371
    },
    {
        "firstName": "LORIE",
        "lastName": "CRESWELL",
        "phone": "5805041177",
        "address": "9116 KNOTTINGHAM",
        "city": "OKLAHOMA CITY",
        "state": "CITY",
        "zip": "73139",
        "email": "LORIELEIGH0823@ATT.NET",
        "dateOfBirth": "1965-08-23T12:00:00",
        "ssn": "530803434",
        "userOrders": null,
        "isSold": false,
        "id": 35392
    },
    {
        "firstName": "JULIE",
        "lastName": "SCHLAPKOHL",
        "phone": "7723411044",
        "address": "4151 SW 42ND AVE",
        "city": "STU",
        "state": "CITY",
        "zip": "34996",
        "email": "MJSCHLAPY@AOL.COM",
        "dateOfBirth": "1965-11-08T12:00:00",
        "ssn": "590143073",
        "userOrders": null,
        "isSold": false,
        "id": 35406
    },
    {
        "firstName": "YU-HSUN",
        "lastName": "CHIEN",
        "phone": "4696670800",
        "address": "1412 LOMOND CT",
        "city": "PLANO",
        "state": "TX",
        "zip": "75025",
        "email": "ROBERT.CHIEN@GMAIL.COM",
        "dateOfBirth": "1965-08-20T12:00:00",
        "ssn": "633308358",
        "userOrders": null,
        "isSold": false,
        "id": 35447
    },
    {
        "firstName": "MESFIN",
        "lastName": "HAILE",
        "phone": "2145530053",
        "address": "APT 1020",
        "city": "DALLAS",
        "state": "FAIR",
        "zip": "75243",
        "email": "LIONTIGERNYALA@ATT.NET",
        "dateOfBirth": "1965-02-27T12:00:00",
        "ssn": "522338928",
        "userOrders": null,
        "isSold": false,
        "id": 35477
    },
    {
        "firstName": "NAOMI",
        "lastName": "D",
        "phone": "4785085398",
        "address": "1001 W MAIN ST APT 1",
        "city": "FORS",
        "state": "GA",
        "zip": "31029",
        "email": "SPICERNAOMI1@GMAIL.COM",
        "dateOfBirth": "1965-09-28T12:00:00",
        "ssn": "260272729",
        "userOrders": null,
        "isSold": false,
        "id": 35570
    },
    {
        "firstName": "SONYA",
        "lastName": "ANGELES",
        "phone": "3174847088",
        "address": "416 N FOREST AVE",
        "city": "INDIANAPOLIS",
        "state": "IN",
        "zip": "46201",
        "email": "SONYAANGELES@ATT.NET",
        "dateOfBirth": "1965-09-10T12:00:00",
        "ssn": "581913486",
        "userOrders": null,
        "isSold": false,
        "id": 35574
    },
    {
        "firstName": "OLUWAFEMI",
        "lastName": "ADENIYI",
        "phone": "3477247070",
        "address": "10534 BEECHNUT ST APT 701",
        "city": "HOUSTON",
        "state": "TX",
        "zip": "77072",
        "email": "ADEWALEDANIEL@YAHOO.COM",
        "dateOfBirth": "1965-05-10T12:00:00",
        "ssn": "772845344",
        "userOrders": null,
        "isSold": false,
        "id": 35602
    },
    {
        "firstName": "ELENA",
        "lastName": "LUBIVY",
        "phone": "4083098868",
        "address": "1124 FOXHURST WAY",
        "city": "SJ",
        "state": "JOSE",
        "zip": "95120",
        "email": "ELUBIVY@ADOBE.COM",
        "dateOfBirth": "1965-03-03T12:00:00",
        "ssn": "624587788",
        "userOrders": null,
        "isSold": true,
        "id": 35648
    },
    {
        "firstName": "GOLDIE",
        "lastName": "WARE",
        "phone": "6158305412",
        "address": "207 SHEPHERD HILLS DR",
        "city": "MADISON",
        "state": "TN",
        "zip": "37115",
        "email": "GOLDIEWILL@AOL.COM",
        "dateOfBirth": "1965-10-23T12:00:00",
        "ssn": "404118184",
        "userOrders": null,
        "isSold": false,
        "id": 35729
    },
    {
        "firstName": "ANTHONY",
        "lastName": "MINNIS",
        "phone": "2259100002",
        "address": "10717 LEIGH ELLEN AVE",
        "city": "BATON ROUGE",
        "state": "ROUGE",
        "zip": "70810",
        "email": "TONYMINNIS55@GMAIL.COM",
        "dateOfBirth": "1965-04-15T12:00:00",
        "ssn": "438155727",
        "userOrders": null,
        "isSold": true,
        "id": 35751
    },
    {
        "firstName": "KEITH",
        "lastName": "VIDOVIC",
        "phone": "1111110001",
        "address": "36 PACIFIC ST",
        "city": "FRANKFT",
        "state": "IL",
        "zip": "60423",
        "email": "KSV@PANDUIT.COM",
        "dateOfBirth": "1965-05-18T12:00:00",
        "ssn": "344668745",
        "userOrders": null,
        "isSold": false,
        "id": 35816
    },
    {
        "firstName": "KEVRIN",
        "lastName": "BLESSING",
        "phone": "1111110001",
        "address": "1507 EDGEFIELD RD",
        "city": "LYNDHURST",
        "state": "OH",
        "zip": "44124",
        "email": "KBLESS25@YAHOO.COM",
        "dateOfBirth": "1965-06-25T12:00:00",
        "ssn": "277700026",
        "userOrders": null,
        "isSold": false,
        "id": 35840
    },
    {
        "firstName": "ANNA",
        "lastName": "GONGORA",
        "phone": "2108838647",
        "address": "7603 ECKHERT RD",
        "city": "SAN ANTONIO",
        "state": "ANTONIO",
        "zip": "78240",
        "email": "ANNA.GONGORA@SBCGLOBAL.NET",
        "dateOfBirth": "1965-02-17T12:00:00",
        "ssn": "457833861",
        "userOrders": null,
        "isSold": false,
        "id": 35870
    },
    {
        "firstName": "AMY",
        "lastName": "FINN",
        "phone": "5024583546",
        "address": "2809 JOAN AVE",
        "city": "LOUISVILLE",
        "state": "KY",
        "zip": "40205",
        "email": "AFINNAFOR@YAHOO.COM",
        "dateOfBirth": "1965-10-18T12:00:00",
        "ssn": "404943395",
        "userOrders": null,
        "isSold": false,
        "id": 35905
    }
]