[
    {
        "firstName": "TRICIA",
        "lastName": "J",
        "phone": "2566526069",
        "address": "2510 WYNTERHALL RD SE",
        "city": "HUNTSVILLE",
        "state": "AL",
        "zip": "35803",
        "email": "PAUL.GROSPITCH@ATT.NET",
        "dateOfBirth": "1965-11-26T12:00:00",
        "ssn": "418964993",
        "userOrders": null,
        "isSold": false,
        "id": 39840
    },
    {
        "firstName": "CARLA",
        "lastName": "ELLIOTT",
        "phone": "9046384415",
        "address": "10438 GREENVILLE RD",
        "city": "JKVL",
        "state": "FL",
        "zip": "32256",
        "email": "CARLAELLIOTT65@GMAIL.COM",
        "dateOfBirth": "1965-04-14T12:00:00",
        "ssn": "107626133",
        "userOrders": null,
        "isSold": false,
        "id": 39887
    },
    {
        "firstName": "ALICIA",
        "lastName": "GAMINO",
        "phone": "6183674294",
        "address": "746 E MAIN ST",
        "city": "GRNVL",
        "state": "IL",
        "zip": "62246",
        "email": "PROLIFE@HOTMAIL.COM",
        "dateOfBirth": "1965-07-03T12:00:00",
        "ssn": "348822631",
        "userOrders": null,
        "isSold": false,
        "id": 39916
    },
    {
        "firstName": "PEDRO",
        "lastName": "CABRERA",
        "phone": "5308441884",
        "address": "1379 FRANKLIN RD",
        "city": "YC",
        "state": "CITY",
        "zip": "95993",
        "email": "PEDRO9997@ATT.NET",
        "dateOfBirth": "1965-08-27T12:00:00",
        "ssn": "536135076",
        "userOrders": null,
        "isSold": false,
        "id": 40009
    },
    {
        "firstName": "THOMAS",
        "lastName": "WILSON",
        "phone": "8327952443",
        "address": "TOM WILSON",
        "city": "CYPRESS",
        "state": "71",
        "zip": "77429",
        "email": "TEXWILSON47@THEWILSONZONE.COM",
        "dateOfBirth": "1965-12-23T12:00:00",
        "ssn": "454576846",
        "userOrders": null,
        "isSold": false,
        "id": 40029
    },
    {
        "firstName": "LISA",
        "lastName": "KIRBY",
        "phone": "2102657888",
        "address": "16505 LA CANTERA PKWY APT 716",
        "city": "SAN ANTONIO",
        "state": "ANTONIO",
        "zip": "78256",
        "email": "LISA.KIRBY@ESC20.NET",
        "dateOfBirth": "1965-08-07T12:00:00",
        "ssn": "233023135",
        "userOrders": null,
        "isSold": false,
        "id": 40136
    },
    {
        "firstName": "ASHWANI",
        "lastName": "SHARMA",
        "phone": "5308380740",
        "address": "11540 DEERFIELD DR",
        "city": "TRKE",
        "state": "CA",
        "zip": "96161",
        "email": "SHARMAASHWANI92@YAHOO.COM",
        "dateOfBirth": "1965-02-24T12:00:00",
        "ssn": "188991782",
        "userOrders": null,
        "isSold": false,
        "id": 40212
    },
    {
        "firstName": "MARIA",
        "lastName": "HEY",
        "phone": "1111110001",
        "address": "121 NORTHOAK DR",
        "city": "HOLLYWOOD PARK",
        "state": "PK",
        "zip": "78232",
        "email": "CREATAVET@SBCGLOBAL.NET",
        "dateOfBirth": "1965-08-09T12:00:00",
        "ssn": "450396497",
        "userOrders": null,
        "isSold": false,
        "id": 40254
    },
    {
        "firstName": "SONYA",
        "lastName": "BOWLER*",
        "phone": "2166816060",
        "address": "13863 SHADY OAK BLVD",
        "city": "GARFIELD HEIGHTS",
        "state": "HTS",
        "zip": "44125",
        "email": "SONJABOWLER@YAHOO.COM",
        "dateOfBirth": "1965-07-21T12:00:00",
        "ssn": "298721918",
        "userOrders": null,
        "isSold": false,
        "id": 40306
    },
    {
        "firstName": "ANGELO",
        "lastName": "BURGAZZI",
        "phone": "7734909345",
        "address": "2299 N OVERLOOK PATH",
        "city": "CPRTNO",
        "state": "FL",
        "zip": "95014",
        "email": "DIANIBURGAZZI@GMAIL.COM",
        "dateOfBirth": "1965-06-04T12:00:00",
        "ssn": "767202911",
        "userOrders": null,
        "isSold": false,
        "id": 40313
    },
    {
        "firstName": "BERNADETTE",
        "lastName": "S",
        "phone": "7138263242",
        "address": "15307 E WILLOWWIND CIR",
        "city": "MISSOURI CITY",
        "state": "TX",
        "zip": "77071",
        "email": "BERNADETTE.JUNIOR@GCSERV.COM",
        "dateOfBirth": "1965-08-27T12:00:00",
        "ssn": "460476010",
        "userOrders": null,
        "isSold": false,
        "id": 40332
    },
    {
        "firstName": "MOHOMMED",
        "lastName": "MANSORI",
        "phone": "6619047482",
        "address": "19731 SCARLET MEADOW DR",
        "city": "SANTA CLARITA",
        "state": "CLARITA",
        "zip": "91321",
        "email": "MMANSORI@SBCGLOBAL.NET",
        "dateOfBirth": "1965-12-22T12:00:00",
        "ssn": "552594003",
        "userOrders": null,
        "isSold": false,
        "id": 40348
    },
    {
        "firstName": "MARINA",
        "lastName": "MURASHOVA",
        "phone": "7606353610",
        "address": "7910 CALLE SAN FELIPE",
        "city": "CSBD",
        "state": "CA",
        "zip": "92009",
        "email": "MMURASHOVA@SBCGLOBAL.NET",
        "dateOfBirth": "1965-07-04T12:00:00",
        "ssn": "552592843",
        "userOrders": null,
        "isSold": false,
        "id": 40429
    },
    {
        "firstName": "DEBRA",
        "lastName": "HOLLAND",
        "phone": "9042517074",
        "address": "1432 LILA ST",
        "city": "JKVL",
        "state": "FL",
        "zip": "32208",
        "email": "DAHOLL50@GMAIL.COM",
        "dateOfBirth": "1965-11-23T12:00:00",
        "ssn": "249571545",
        "userOrders": null,
        "isSold": false,
        "id": 40443
    },
    {
        "firstName": "GENESIS",
        "lastName": "MIRANDA",
        "phone": "6617130037",
        "address": "14524 MARGATE ST",
        "city": "SH OKS",
        "state": "NUYS",
        "zip": "91411",
        "email": "GRMIRANDA5965@GMAIL.COM",
        "dateOfBirth": "1965-05-09T12:00:00",
        "ssn": "567457817",
        "userOrders": null,
        "isSold": false,
        "id": 40546
    }
]