[
    {
        "firstName": "JOSEPH",
        "lastName": "SCHWEDA",
        "phone": "9204105382",
        "address": "1309 OSHKOSH AVE",
        "city": "OSHKOSH",
        "state": "WI",
        "zip": "54902",
        "email": "JSCHWEDA1@AOL.COM",
        "dateOfBirth": "1965-07-26T12:00:00",
        "ssn": "397649288",
        "userOrders": null,
        "isSold": false,
        "id": 36947
    },
    {
        "firstName": "PETR",
        "lastName": "LEVTONYUK",
        "phone": "4407495646",
        "address": "3807 SHERATON DR",
        "city": "PARMA",
        "state": "OH",
        "zip": "44134",
        "email": "IEVTONYUK@SBCGLOBAL.NET",
        "dateOfBirth": "1965-08-01T12:00:00",
        "ssn": "298929472",
        "userOrders": null,
        "isSold": false,
        "id": 36998
    },
    {
        "firstName": "MARTIN",
        "lastName": "PALMA",
        "phone": "6193791286",
        "address": "975 CAMINITO ESTRELLA",
        "city": "CHLA VSTA",
        "state": "VISTA",
        "zip": "91910",
        "email": "ISABELPALMA05@GMAIL.COM",
        "dateOfBirth": "1965-08-30T12:00:00",
        "ssn": "611268741",
        "userOrders": null,
        "isSold": false,
        "id": 37013
    },
    {
        "firstName": "ALLISON",
        "lastName": "FUTERAL",
        "phone": "5108234608",
        "address": "470 49TH ST",
        "city": "OAK",
        "state": "CA",
        "zip": "94609",
        "email": "INFO@CRIMSONHORT.COM",
        "dateOfBirth": "1965-09-19T12:00:00",
        "ssn": "219584295",
        "userOrders": null,
        "isSold": false,
        "id": 37035
    },
    {
        "firstName": "STUART",
        "lastName": "ROSENBERG",
        "phone": "8472511406",
        "address": "2935 HARTZELL ST",
        "city": "WILMET",
        "state": "IL",
        "zip": "60091",
        "email": "STUART.ROSENBERG@ALBANYBANK.COM",
        "dateOfBirth": "1965-09-30T12:00:00",
        "ssn": "320549867",
        "userOrders": null,
        "isSold": false,
        "id": 37037
    },
    {
        "firstName": "DEBBIE",
        "lastName": "REED",
        "phone": "9492943703",
        "address": "21391 CALLE SENDERO",
        "city": "LAKE FOREST",
        "state": "FOREST",
        "zip": "92630",
        "email": "CHCKIDS@YAHOO.COM",
        "dateOfBirth": "1965-07-14T12:00:00",
        "ssn": "545676626",
        "userOrders": null,
        "isSold": false,
        "id": 37056
    },
    {
        "firstName": "CARLOS",
        "lastName": "BENAVIDEZ",
        "phone": "3237155030",
        "address": "4161 DALTON AVE",
        "city": "LA",
        "state": "ANGELES",
        "zip": "90062",
        "email": "EDBENAVIDES25@ATT.NET",
        "dateOfBirth": "1965-09-22T12:00:00",
        "ssn": "605180907",
        "userOrders": null,
        "isSold": false,
        "id": 37099
    },
    {
        "firstName": "BOBBY",
        "lastName": "KOSOL",
        "phone": "7044775279",
        "address": "318 E GOLD ST",
        "city": "KNGS MTN",
        "state": "MTN",
        "zip": "28086",
        "email": "BOBBY2288@ATT.NET",
        "dateOfBirth": "1965-04-04T12:00:00",
        "ssn": "540172445",
        "userOrders": null,
        "isSold": false,
        "id": 37137
    },
    {
        "firstName": "DAWOOD",
        "lastName": "AKHTAR",
        "phone": "7862297861",
        "address": "5841 SW 21ST ST",
        "city": "WEST PARK",
        "state": "PARK",
        "zip": "33023",
        "email": "DAWOOD@AMGGROUP.US",
        "dateOfBirth": "1965-12-30T12:00:00",
        "ssn": "592135449",
        "userOrders": null,
        "isSold": false,
        "id": 37228
    },
    {
        "firstName": "JACQUELINE",
        "lastName": "WILLIAMS",
        "phone": "8643441175",
        "address": "203 ROCK KNOLL DR",
        "city": "GREENWOOD",
        "state": "SC",
        "zip": "29649",
        "email": "DELTAJACKIE@EMBARQMAIL.COM",
        "dateOfBirth": "1965-09-10T12:00:00",
        "ssn": "251118195",
        "userOrders": null,
        "isSold": false,
        "id": 37269
    },
    {
        "firstName": "DWAYNE",
        "lastName": "PORTIS",
        "phone": "3173628367",
        "address": "8324 E 36TH PL",
        "city": "INDIANAPOLIS",
        "state": "IN",
        "zip": "46226",
        "email": "OTTLS.PD@GMAIL.COM",
        "dateOfBirth": "1965-07-27T12:00:00",
        "ssn": "304783922",
        "userOrders": null,
        "isSold": false,
        "id": 37301
    },
    {
        "firstName": "QUINCY",
        "lastName": "ROGERS",
        "phone": "6155680004",
        "address": "3440 COUNTRY WAY RD",
        "city": "ANTIOCH",
        "state": "TN",
        "zip": "37013",
        "email": "TYONNA922@GMAIL.COM",
        "dateOfBirth": "1965-12-25T12:00:00",
        "ssn": "415351430",
        "userOrders": null,
        "isSold": false,
        "id": 37371
    },
    {
        "firstName": "MARIA",
        "lastName": "DILLARD",
        "phone": "2108442416",
        "address": "3379 TIMBER VIEW DR APT 9212",
        "city": "SAN ANTONIO",
        "state": "ANTONIO",
        "zip": "78251",
        "email": "MARIADILLARD@ATT.NET",
        "dateOfBirth": "1965-03-28T12:00:00",
        "ssn": "499823440",
        "userOrders": null,
        "isSold": false,
        "id": 37378
    },
    {
        "firstName": "LAURI",
        "lastName": "HANSLIK",
        "phone": "9092260342",
        "address": "9539 COTTONWOOD AVE UNIT A",
        "city": "SANTEE",
        "state": "CA",
        "zip": "92071",
        "email": "ONESLIKMOM@GMAIL.COM",
        "dateOfBirth": "1965-10-18T12:00:00",
        "ssn": "572738790",
        "userOrders": null,
        "isSold": false,
        "id": 37404
    },
    {
        "firstName": "JEFFERY",
        "lastName": "WANDERER",
        "phone": "5599306095",
        "address": "1048 E MONTICELLO CIR",
        "city": "SF",
        "state": "CA",
        "zip": "94112",
        "email": "JORDANWANDERER@GMAIL.COM",
        "dateOfBirth": "1965-06-11T12:00:00",
        "ssn": "571656502",
        "userOrders": null,
        "isSold": false,
        "id": 37445
    }
]