[
    {
        "firstName": "STEVEN",
        "lastName": "DEINES",
        "phone": "8169145971",
        "address": "1840 SW NAPA VALLEY DR",
        "city": "LEE'S SUMMIT",
        "state": "SUMMIT",
        "zip": "64082",
        "email": "SJDEINES@YAHOO.COM",
        "dateOfBirth": "1965-10-07T12:00:00",
        "ssn": "515600453",
        "userOrders": null,
        "isSold": false,
        "id": 18134
    },
    {
        "firstName": "ROBERT",
        "lastName": "KINGSTON",
        "phone": "1111110001",
        "address": "3301 CITY VIEW DR",
        "city": "RICHMOND",
        "state": "WI",
        "zip": "77406",
        "email": "BOBKINGSTON1965@YAHOO.COM",
        "dateOfBirth": "1965-02-28T12:00:00",
        "ssn": "390801382",
        "userOrders": null,
        "isSold": false,
        "id": 18146
    },
    {
        "firstName": "ANTHONY",
        "lastName": "WALKER",
        "phone": "4703850920",
        "address": "2021 TRIBBLE VIEW CT",
        "city": "LWRNCVL",
        "state": "GA",
        "zip": "30019",
        "email": "TANYAWALKER28@GMAIL.COM",
        "dateOfBirth": "1965-06-28T12:00:00",
        "ssn": "255259115",
        "userOrders": null,
        "isSold": false,
        "id": 18159
    },
    {
        "firstName": "STEVEN",
        "lastName": "WHITE",
        "phone": "4047756069",
        "address": "105 SYCAMORE PL",
        "city": "DEC",
        "state": "GA",
        "zip": "30030",
        "email": "SWHITE@KEFMEDIA.COM",
        "dateOfBirth": "1965-11-16T12:00:00",
        "ssn": "295643968",
        "userOrders": null,
        "isSold": false,
        "id": 18203
    },
    {
        "firstName": "IVETTE",
        "lastName": "TRISTAN-",
        "phone": "7075674040",
        "address": "1927 BROADWAY ST",
        "city": "VJO",
        "state": "CA",
        "zip": "94589",
        "email": "THAMAHINTRISTAN@GMAIL.COM",
        "dateOfBirth": "1965-11-07T12:00:00",
        "ssn": "116644426",
        "userOrders": null,
        "isSold": false,
        "id": 18414
    },
    {
        "firstName": "JEROME",
        "lastName": "FITZGERALD",
        "phone": "7344160384",
        "address": "418 ARTHUR ST",
        "city": "PLYMOUTH",
        "state": "MI",
        "zip": "48170",
        "email": "JTHEJFITZ@COMCAST.NET",
        "dateOfBirth": "1965-01-23T12:00:00",
        "ssn": "377687201",
        "userOrders": null,
        "isSold": false,
        "id": 18426
    },
    {
        "firstName": "LUIS",
        "lastName": "ONTIVEROS",
        "phone": "6822308448",
        "address": "4421 KNOWLEDGE DR",
        "city": "HALTOM CITY",
        "state": "CITY",
        "zip": "76117",
        "email": "SERIOALON@HOTMAIL.COM",
        "dateOfBirth": "1965-08-10T12:00:00",
        "ssn": "644880861",
        "userOrders": null,
        "isSold": false,
        "id": 18469
    },
    {
        "firstName": "ELIZABETH",
        "lastName": "ROBINSON",
        "phone": "7043620931",
        "address": "5309 GERMAINE TER",
        "city": "ZRCNA",
        "state": "NC",
        "zip": "28790",
        "email": "WOODIEROBINSON@CAROLINA.RR.COM",
        "dateOfBirth": "1965-06-18T12:00:00",
        "ssn": "249888288",
        "userOrders": null,
        "isSold": false,
        "id": 18518
    },
    {
        "firstName": "ERIC",
        "lastName": "BROCKS",
        "phone": "3137224769",
        "address": "8027 GRAYFIELD ST",
        "city": "DEARBORN HEIGHTS",
        "state": "HTS",
        "zip": "48127",
        "email": "E.BROCKS@SBCGLOBAL.NET",
        "dateOfBirth": "1965-07-09T12:00:00",
        "ssn": "372689210",
        "userOrders": null,
        "isSold": false,
        "id": 18608
    },
    {
        "firstName": "LISA",
        "lastName": "L",
        "phone": "5126745168",
        "address": "APT 1838",
        "city": "AUSTIN",
        "state": "MONTEREY",
        "zip": "78749",
        "email": "JPCJJJ@GMAIL.COM",
        "dateOfBirth": "1965-12-28T12:00:00",
        "ssn": "460276949",
        "userOrders": null,
        "isSold": false,
        "id": 18635
    },
    {
        "firstName": "ROBERT",
        "lastName": "JONES",
        "phone": "9373696035",
        "address": "527 VALEWOOD LN",
        "city": "HARRISON TWP",
        "state": "OH",
        "zip": "45405",
        "email": "ROBERT_SANAE47@HOTMAIL.COM",
        "dateOfBirth": "1965-10-09T12:00:00",
        "ssn": "297747404",
        "userOrders": null,
        "isSold": false,
        "id": 18695
    },
    {
        "firstName": "NANCY",
        "lastName": "OBISPO",
        "phone": "4582259115",
        "address": "6695 MAJESTIC WAY",
        "city": "CARPNTRSVL",
        "state": "IL",
        "zip": "60110",
        "email": "NMO_15@YAHOO.COM",
        "dateOfBirth": "1965-10-15T12:00:00",
        "ssn": "348028243",
        "userOrders": null,
        "isSold": false,
        "id": 18742
    },
    {
        "firstName": "MINNA",
        "lastName": "HINH",
        "phone": "4082218897",
        "address": "2341 WALNUT GROVE AVE",
        "city": "SJ",
        "state": "JOSE",
        "zip": "95128",
        "email": "HINH.MINNA@GMAIL.COM",
        "dateOfBirth": "1965-10-28T12:00:00",
        "ssn": "586302866",
        "userOrders": null,
        "isSold": true,
        "id": 18770
    },
    {
        "firstName": "LISA",
        "lastName": "BLAKE",
        "phone": "9108131021",
        "address": "5206 OLYMPIA FIELDS LN",
        "city": "HOUSTON",
        "state": "TX",
        "zip": "77069",
        "email": "ROBERT@SATELLITEXP.COM",
        "dateOfBirth": "1965-08-20T12:00:00",
        "ssn": "111640079",
        "userOrders": null,
        "isSold": false,
        "id": 18844
    },
    {
        "firstName": "VANESSA",
        "lastName": "SCOTT",
        "phone": "4404416945",
        "address": "1952 N COLORADO AVE",
        "city": "INDIANAPOLIS",
        "state": "IN",
        "zip": "46218",
        "email": "VANESSASCOTT4475@YAHOO.COM",
        "dateOfBirth": "1965-08-11T12:00:00",
        "ssn": "307841680",
        "userOrders": null,
        "isSold": false,
        "id": 18896
    }
]