[
    {
        "firstName": "ROSHELLE",
        "lastName": "PENNINGTON",
        "phone": "8164440550",
        "address": "8505 HIGHLAND AVE",
        "city": "KANSAS CITY",
        "state": "CITY",
        "zip": "64131",
        "email": "AGIFTFORGAB@GMAIL.COM",
        "dateOfBirth": "1965-07-26T12:00:00",
        "ssn": "494808746",
        "userOrders": null,
        "isSold": false,
        "id": 55876
    },
    {
        "firstName": "KIETH",
        "lastName": "SIEBEL",
        "phone": "2813730504",
        "address": "12602 N RAVEN SHORE DR",
        "city": "CYPRESS",
        "state": "TX",
        "zip": "77433",
        "email": "KFSEIBEL@GMAIL.COM",
        "dateOfBirth": "1965-08-23T12:00:00",
        "ssn": "463192538",
        "userOrders": null,
        "isSold": false,
        "id": 55889
    },
    {
        "firstName": "MELISSA",
        "lastName": "GARCIA",
        "phone": "2819931115",
        "address": "8322215217",
        "city": "FRIENDSWOOD TX 77546-7414",
        "state": "SAFE",
        "zip": "FRIENDSWOOD",
        "email": "77546",
        "dateOfBirth": "1965-09-24T12:00:00",
        "ssn": "455534293",
        "userOrders": null,
        "isSold": false,
        "id": 56014
    },
    {
        "firstName": "KEOTA",
        "lastName": "WIGGINS",
        "phone": "6154918320",
        "address": "2301 SPENCER MILL RD",
        "city": "BURNS",
        "state": "TN",
        "zip": "37029",
        "email": "KEOTA@MEKONGEVAN.ORG",
        "dateOfBirth": "1965-03-19T12:00:00",
        "ssn": "415317004",
        "userOrders": null,
        "isSold": false,
        "id": 56052
    },
    {
        "firstName": "LIZA",
        "lastName": "AGUSTIN-KENNEDY",
        "phone": "8582798413",
        "address": "4494 LA CUENTA DR",
        "city": "SD",
        "state": "DIEGO",
        "zip": "92124",
        "email": "JLKENNEDY@SBCGLOBAL.NET",
        "dateOfBirth": "1965-06-12T12:00:00",
        "ssn": "570399697",
        "userOrders": null,
        "isSold": false,
        "id": 56082
    },
    {
        "firstName": "RON",
        "lastName": "CHU",
        "phone": "5104077983",
        "address": "1204 13TH AVE",
        "city": "OAK",
        "state": "CA",
        "zip": "94606",
        "email": "LOTUSBETA@YAHOO.COM",
        "dateOfBirth": "1965-01-10T12:00:00",
        "ssn": "548155419",
        "userOrders": null,
        "isSold": false,
        "id": 56091
    },
    {
        "firstName": "OM",
        "lastName": "PRAKASH*",
        "phone": "9163084445",
        "address": "4924 CAMINO ROYALE DR",
        "city": "SAC",
        "state": "CA",
        "zip": "95823",
        "email": "OM8139@ATT.NET",
        "dateOfBirth": "1965-01-01T12:00:00",
        "ssn": "613267925",
        "userOrders": null,
        "isSold": false,
        "id": 56106
    },
    {
        "firstName": "HARIS",
        "lastName": "AHMED",
        "phone": "6309042142",
        "address": "3720 HIGHKNOB CIR",
        "city": "NAPRVL",
        "state": "IL",
        "zip": "60564",
        "email": "HARIS@PRAGMATIUMCONSULTING.COM",
        "dateOfBirth": "1965-12-03T12:00:00",
        "ssn": "126747225",
        "userOrders": null,
        "isSold": false,
        "id": 56269
    },
    {
        "firstName": "LATISHA",
        "lastName": "REDHEAD",
        "phone": "5106815042",
        "address": "839 20TH ST",
        "city": "OAK",
        "state": "CA",
        "zip": "94607",
        "email": "LATISHAREDHEAD@YAHOO.COM",
        "dateOfBirth": "1965-10-12T12:00:00",
        "ssn": "554316500",
        "userOrders": null,
        "isSold": false,
        "id": 56305
    },
    {
        "firstName": "NATHANIEL",
        "lastName": "PHILLIPS",
        "phone": "7043950541",
        "address": "8325 RHIAN BROOK LN",
        "city": "CHAR",
        "state": "NC",
        "zip": "28216",
        "email": "CNPHILLIPS@AOL.COM",
        "dateOfBirth": "1965-06-09T12:00:00",
        "ssn": "312767302",
        "userOrders": null,
        "isSold": false,
        "id": 56340
    },
    {
        "firstName": "CHRISTOPH",
        "lastName": "DEMUTH",
        "phone": "6784048223",
        "address": "16829 CROSSHAVEN DR APT 3048",
        "city": "RSWL",
        "state": "NC",
        "zip": "30075",
        "email": "CHRISTOPH@DEMUTH-NOEFER.DE",
        "dateOfBirth": "1965-03-06T12:00:00",
        "ssn": "682147661",
        "userOrders": null,
        "isSold": false,
        "id": 56413
    },
    {
        "firstName": "SUSAN",
        "lastName": "PATIN",
        "phone": "1111110001",
        "address": "555 BARBARA PL",
        "city": "MANDEVILLE",
        "state": "LA",
        "zip": "70448",
        "email": "none@none.com",
        "dateOfBirth": "1965-02-20T12:00:00",
        "ssn": "433252669",
        "userOrders": null,
        "isSold": false,
        "id": 56431
    },
    {
        "firstName": "LISSA",
        "lastName": "COLLINS",
        "phone": "2145329061",
        "address": "7403 WOVENEDGE CT",
        "city": "FRISCO",
        "state": "TX",
        "zip": "75034",
        "email": "LISSACOLLINS65@GMAIL.COM",
        "dateOfBirth": "1965-05-01T12:00:00",
        "ssn": "455430115",
        "userOrders": null,
        "isSold": false,
        "id": 56441
    },
    {
        "firstName": "MELVIN",
        "lastName": "HESTLE",
        "phone": "8507918649",
        "address": "10645 SHEAR ST",
        "city": "PENSACOLA",
        "state": "FL",
        "zip": "32534",
        "email": "MELVINTYSAM@GMAIL.COM",
        "dateOfBirth": "1965-06-21T12:00:00",
        "ssn": "263397678",
        "userOrders": null,
        "isSold": false,
        "id": 56483
    },
    {
        "firstName": "CLAUDIA",
        "lastName": "REDDING",
        "phone": "4056429464",
        "address": "545 WILSON DR",
        "city": "MIDWEST CITY",
        "state": "CITY",
        "zip": "73110",
        "email": "ABBY585@MSN.COM",
        "dateOfBirth": "1965-06-14T12:00:00",
        "ssn": "440688257",
        "userOrders": null,
        "isSold": false,
        "id": 56511
    }
]