[
    {
        "firstName": "MANUEL",
        "lastName": "DUARTE",
        "phone": "5104158395",
        "address": "583 CAMELOT DR",
        "city": "SN LDRO",
        "state": "CA",
        "zip": "94578",
        "email": "MANUEL-DUARTE@ATT.NET",
        "dateOfBirth": "1965-04-16T12:00:00",
        "ssn": "573510256",
        "userOrders": null,
        "isSold": false,
        "id": 34533
    },
    {
        "firstName": "AIWEN",
        "lastName": "CHANG",
        "phone": "4088166785",
        "address": "793 WIDGET DR",
        "city": "COLUMBUS",
        "state": "JOSE",
        "zip": "43054",
        "email": "AIDOREMI@YAHOO.COM",
        "dateOfBirth": "1965-06-10T12:00:00",
        "ssn": "252917033",
        "userOrders": null,
        "isSold": true,
        "id": 34543
    },
    {
        "firstName": "SEUNG",
        "lastName": "TAE",
        "phone": "9148032265",
        "address": "5504 GREENTREE RD",
        "city": "HOUSTON",
        "state": "MD",
        "zip": "77025",
        "email": "STL830830@GMAIL.COM",
        "dateOfBirth": "1965-08-30T12:00:00",
        "ssn": "630948342",
        "userOrders": null,
        "isSold": true,
        "id": 34553
    },
    {
        "firstName": "REGINA",
        "lastName": "GILE",
        "phone": "6185586746",
        "address": "1319 WOODLAND DR UNIT A",
        "city": "RICHMOND HTS",
        "state": "HTS",
        "zip": "63117",
        "email": "GINABINA.M@GMAIL.COM",
        "dateOfBirth": "1965-07-08T12:00:00",
        "ssn": "356668719",
        "userOrders": null,
        "isSold": false,
        "id": 34615
    },
    {
        "firstName": "BRAD",
        "lastName": "RUBEN",
        "phone": "8054694510",
        "address": "28901 WIGHT RD",
        "city": "WH",
        "state": "CA",
        "zip": "90046",
        "email": "BRAD@MYARCHWAY.COM",
        "dateOfBirth": "1965-08-25T12:00:00",
        "ssn": "570675518",
        "userOrders": null,
        "isSold": false,
        "id": 34660
    },
    {
        "firstName": "DAVID",
        "lastName": "RYMARZ",
        "phone": "4148522275",
        "address": "5276 LYNN RD",
        "city": "GREENDALE",
        "state": "WI",
        "zip": "53129",
        "email": "AKANOECON@YAHOO.COM",
        "dateOfBirth": "1965-05-30T12:00:00",
        "ssn": "587428133",
        "userOrders": null,
        "isSold": false,
        "id": 34909
    },
    {
        "firstName": "GLORIA",
        "lastName": "RODRIGUES",
        "phone": "9167904680",
        "address": "130 YANKTON ST",
        "city": "EL DRDO HLS",
        "state": "CA",
        "zip": "95762",
        "email": "GLORIA_RODRIGUES@YAHOO.COM",
        "dateOfBirth": "1965-05-13T12:00:00",
        "ssn": "576681438",
        "userOrders": null,
        "isSold": false,
        "id": 34940
    },
    {
        "firstName": "KIMBERLY",
        "lastName": "FOSTERLING",
        "phone": "3144017609",
        "address": "924 SANDERS DR",
        "city": "CRESTWOOD",
        "state": "LOUIS",
        "zip": "63126",
        "email": "FOSTERLINGKIM@ATT.NET",
        "dateOfBirth": "1965-07-03T12:00:00",
        "ssn": "494842968",
        "userOrders": null,
        "isSold": false,
        "id": 35003
    },
    {
        "firstName": "JOSE",
        "lastName": "LUNA",
        "phone": "4694064748",
        "address": "709 REGAL CT APT 382",
        "city": "RICHARDSON",
        "state": "TX",
        "zip": "75080",
        "email": "GGCARLOS@GMAIL.COM",
        "dateOfBirth": "1965-12-06T12:00:00",
        "ssn": "460494319",
        "userOrders": null,
        "isSold": false,
        "id": 35023
    },
    {
        "firstName": "DAMIANO",
        "lastName": "CORTEZ",
        "phone": "4084067022",
        "address": "225 GOODYEAR ST APT 5",
        "city": "SJ",
        "state": "JOSE",
        "zip": "95110",
        "email": "ATT@ALLCONNECT.COM",
        "dateOfBirth": "1965-02-23T12:00:00",
        "ssn": "619125260",
        "userOrders": null,
        "isSold": true,
        "id": 35120
    },
    {
        "firstName": "MARSHA",
        "lastName": "PECENA",
        "phone": "3617461965",
        "address": "527 WESTWOOD DR",
        "city": "PORT LAVACA",
        "state": "LAVACA",
        "zip": "77979",
        "email": "MARS0002@YAHOO.COM",
        "dateOfBirth": "1965-01-14T12:00:00",
        "ssn": "466215414",
        "userOrders": null,
        "isSold": true,
        "id": 35128
    },
    {
        "firstName": "ROBERT",
        "lastName": "RANSONS",
        "phone": "2059669369",
        "address": "396 LANE PARK TRL",
        "city": "ALABASTER",
        "state": "AL",
        "zip": "35114",
        "email": "THERANSONS4@GMAIL.COM",
        "dateOfBirth": "1965-08-10T12:00:00",
        "ssn": "419920506",
        "userOrders": null,
        "isSold": false,
        "id": 35177
    },
    {
        "firstName": "STEVEN",
        "lastName": "BUI",
        "phone": "7144687247",
        "address": "7800 2ND ST APT 14",
        "city": "STN",
        "state": "CA",
        "zip": "90680",
        "email": "STEVENBUI2009@GMAIL.COM",
        "dateOfBirth": "1965-09-01T12:00:00",
        "ssn": "616243435",
        "userOrders": null,
        "isSold": false,
        "id": 35217
    },
    {
        "firstName": "JACQUELINE",
        "lastName": "HERNANDEZ",
        "phone": "9158773685",
        "address": "PO BOX 306",
        "city": "CANUTILLO",
        "state": "TX",
        "zip": "79835",
        "email": "JHERNAN165@SBCGLOBAL.NET",
        "dateOfBirth": "1965-01-29T12:00:00",
        "ssn": "458315333",
        "userOrders": null,
        "isSold": false,
        "id": 35261
    },
    {
        "firstName": "THERESA",
        "lastName": "LANE",
        "phone": "9725232911",
        "address": "7428 BOULDER CREEK DR",
        "city": "MCKINNEY",
        "state": "TX",
        "zip": "75070",
        "email": "TEXASLANES@GMAIL.COM",
        "dateOfBirth": "1965-07-27T12:00:00",
        "ssn": "456559919",
        "userOrders": null,
        "isSold": false,
        "id": 35332
    }
]