[
    {
        "firstName": "JEFF",
        "lastName": "DEMAREE",
        "phone": "6147470349",
        "address": "630 RAAB ST",
        "city": "PICKERINGTON",
        "state": "OH",
        "zip": "43147",
        "email": "JDEMAREE@BUCKEYECARS.COM",
        "dateOfBirth": "1965-05-03T12:00:00",
        "ssn": "296506732",
        "userOrders": null,
        "isSold": false,
        "id": 23551
    },
    {
        "firstName": "KEITH",
        "lastName": "J",
        "phone": "1111110001",
        "address": "62 W PEIFFER AVE",
        "city": "LEMONT",
        "state": "IL",
        "zip": "60439",
        "email": "KMICHALEK@SBCGLOBAL.NET",
        "dateOfBirth": "1965-03-11T12:00:00",
        "ssn": "355683234",
        "userOrders": null,
        "isSold": false,
        "id": 23644
    },
    {
        "firstName": "JEFFREY",
        "lastName": "MAST",
        "phone": "9705810883",
        "address": "697 LAUREL HILL CT",
        "city": "LOVELAND",
        "state": "CO",
        "zip": "80537",
        "email": "JEFF_BILLS@MASTFAMILY.COM",
        "dateOfBirth": "1965-03-31T12:00:00",
        "ssn": "356628715",
        "userOrders": null,
        "isSold": true,
        "id": 23687
    },
    {
        "firstName": "TINA",
        "lastName": "L",
        "phone": "3178339311",
        "address": "12100 BECKLEY RD",
        "city": "CUMBERLAND",
        "state": "IN",
        "zip": "46229",
        "email": "TINAKOST@ATT.NET",
        "dateOfBirth": "1965-04-14T12:00:00",
        "ssn": "305825093",
        "userOrders": null,
        "isSold": false,
        "id": 23707
    },
    {
        "firstName": "LEROY",
        "lastName": "GONZALES",
        "phone": "2094167447",
        "address": "421 JOHNSON ST",
        "city": "TLK",
        "state": "CA",
        "zip": "95380",
        "email": "G.LEROY46@YAHOO.COM",
        "dateOfBirth": "1965-10-30T12:00:00",
        "ssn": "559154824",
        "userOrders": null,
        "isSold": false,
        "id": 23804
    },
    {
        "firstName": "NANCY",
        "lastName": "MOES",
        "phone": "8083446137",
        "address": "2647 GOLDEN FAWN TRL",
        "city": "SHNGL SPGS",
        "state": "SPGS",
        "zip": "95682",
        "email": "VENTURAMOES@ROADRUNNER.COM",
        "dateOfBirth": "1965-02-15T12:00:00",
        "ssn": "555657246",
        "userOrders": null,
        "isSold": true,
        "id": 24138
    },
    {
        "firstName": "RICHARD",
        "lastName": "GLENN",
        "phone": "1111110003",
        "address": "305 N CROCKETT ST",
        "city": "EDGEWOOD",
        "state": "TX",
        "zip": "75117",
        "email": "DORSEY415526@SBCGLOBAL.NET",
        "dateOfBirth": "1965-11-24T12:00:00",
        "ssn": "458530805",
        "userOrders": null,
        "isSold": false,
        "id": 24164
    },
    {
        "firstName": "JOHN",
        "lastName": "M",
        "phone": "7073491001",
        "address": "27 PINNACLE PEAK ST",
        "city": "NAPA",
        "state": "CA",
        "zip": "94558",
        "email": "HAGANJOHN@MAC.COM",
        "dateOfBirth": "1965-10-04T12:00:00",
        "ssn": "556570512",
        "userOrders": null,
        "isSold": false,
        "id": 24343
    },
    {
        "firstName": "TRACEE",
        "lastName": "SCHRAEDER",
        "phone": "9493607325",
        "address": "4 PARKWOOD",
        "city": "ALISO VIEJO",
        "state": "VIEJO",
        "zip": "92656",
        "email": "TRACEEB123@YAHOO.COM",
        "dateOfBirth": "1965-08-20T12:00:00",
        "ssn": "556940450",
        "userOrders": null,
        "isSold": true,
        "id": 24386
    },
    {
        "firstName": "KATHY",
        "lastName": "ADAMS",
        "phone": "2482127833",
        "address": "304 OTTAWA DR",
        "city": "PONTIAC",
        "state": "MI",
        "zip": "48341",
        "email": "ADAMS-KATHY@ATT.NET",
        "dateOfBirth": "1965-11-03T12:00:00",
        "ssn": "386806930",
        "userOrders": null,
        "isSold": false,
        "id": 24395
    },
    {
        "firstName": "JULIE",
        "lastName": "WINCHESTER",
        "phone": "2107448104",
        "address": "15255 FIELD SPARROW",
        "city": "SAN ANTONIO",
        "state": "ANTONIO",
        "zip": "78253",
        "email": "WINCHESTER_JULIE@YAHOO.COM",
        "dateOfBirth": "1965-08-17T12:00:00",
        "ssn": "448683446",
        "userOrders": null,
        "isSold": false,
        "id": 24450
    },
    {
        "firstName": "ANNETTE",
        "lastName": "ELSTON",
        "phone": "2162291876",
        "address": "1110 NORTHRIDGE OVAL",
        "city": "BROOKLYN",
        "state": "OH",
        "zip": "44144",
        "email": "ANNETTELSTON@GMAIL.COM",
        "dateOfBirth": "1965-07-15T12:00:00",
        "ssn": "300703556",
        "userOrders": null,
        "isSold": false,
        "id": 24457
    },
    {
        "firstName": "KAREN",
        "lastName": "ROWE",
        "phone": "9039172462",
        "address": "110 W ELM CREEK DR",
        "city": "LONGVIEW",
        "state": "TX",
        "zip": "75605",
        "email": "ROWE111111@YAHOO.COM",
        "dateOfBirth": "1965-08-05T12:00:00",
        "ssn": "458456243",
        "userOrders": null,
        "isSold": false,
        "id": 24604
    },
    {
        "firstName": "ILDEFONSO",
        "lastName": "SANCHEZ",
        "phone": "9205699050",
        "address": "1215 REBER ST UNIT 1",
        "city": "GREEN BAY",
        "state": "BAY",
        "zip": "54302",
        "email": "MARTHYSANCHEZ89@YAHOO.COM",
        "dateOfBirth": "1965-08-22T12:00:00",
        "ssn": "621124189",
        "userOrders": null,
        "isSold": false,
        "id": 24636
    },
    {
        "firstName": "RICHARD",
        "lastName": "MCDOWELL",
        "phone": "5107088612",
        "address": "2806 CHANSLOR AVE",
        "city": "RICH",
        "state": "CA",
        "zip": "94804",
        "email": "MCDOWELL.RICHARD@GMAIL.COM",
        "dateOfBirth": "1965-09-19T12:00:00",
        "ssn": "612788051",
        "userOrders": null,
        "isSold": false,
        "id": 24738
    }
]