[
    {
        "firstName": "HELEN",
        "lastName": "PARRISH",
        "phone": "3863256963",
        "address": "111 CEDAR CREEK CUTOFF RD",
        "city": "PALATKA",
        "state": "FL",
        "zip": "32177",
        "email": "HPARRISH1@BELLSOUTH.NET",
        "dateOfBirth": "1965-11-29T12:00:00",
        "ssn": "526758132",
        "userOrders": null,
        "isSold": false,
        "id": 18943
    },
    {
        "firstName": "TAMMIE",
        "lastName": "PIERSON",
        "phone": "3177505173",
        "address": "6142 MACBETH CT",
        "city": "INDIANAPOLIS",
        "state": "IN",
        "zip": "46254",
        "email": "T_PIERSON@SBCGLOBAL.NET",
        "dateOfBirth": "1965-05-02T12:00:00",
        "ssn": "316804029",
        "userOrders": null,
        "isSold": false,
        "id": 18953
    },
    {
        "firstName": "VICKIE*",
        "lastName": "YOUNG",
        "phone": "7042521893",
        "address": "142 SINGLE OAK DR",
        "city": "TRTMN",
        "state": "NC",
        "zip": "28166",
        "email": "DAVICKIEYOUNG65@GMAIL.COM",
        "dateOfBirth": "1965-02-15T12:00:00",
        "ssn": "237212513",
        "userOrders": null,
        "isSold": false,
        "id": 19005
    },
    {
        "firstName": "DARRELL",
        "lastName": "ESTEP",
        "phone": "7045306501",
        "address": "1111110002",
        "city": "IRON STATION NC 28080-9551",
        "state": "RED",
        "zip": "IRON STA",
        "email": "28080",
        "dateOfBirth": "1965-07-30T12:00:00",
        "ssn": "230250389",
        "userOrders": null,
        "isSold": false,
        "id": 19073
    },
    {
        "firstName": "TONY",
        "lastName": "SCOTT",
        "phone": "6168053998",
        "address": "3744 RAVINE VISTA DR SE",
        "city": "GRAND RAPIDS",
        "state": "MI",
        "zip": "49508",
        "email": "EMAIL2TONYSCOTT@GMAIL.COM",
        "dateOfBirth": "1965-10-22T12:00:00",
        "ssn": "366902153",
        "userOrders": null,
        "isSold": false,
        "id": 19079
    },
    {
        "firstName": "LISA",
        "lastName": "MCCULLAR",
        "phone": "9013376310",
        "address": "691 VALLEY SPRINGS DR",
        "city": "SOUTHAVEN",
        "state": "MS",
        "zip": "38671",
        "email": "LGMRN65@YAHOO.COM",
        "dateOfBirth": "1965-06-04T12:00:00",
        "ssn": "587273724",
        "userOrders": null,
        "isSold": false,
        "id": 19114
    },
    {
        "firstName": "JOSEPH",
        "lastName": "DARNELL",
        "phone": "7708427262",
        "address": "126 OAKWOOD TRL",
        "city": "MC*D",
        "state": "GA",
        "zip": "30252",
        "email": "DDARNELL0765@GMAIL.COM",
        "dateOfBirth": "1965-10-07T12:00:00",
        "ssn": "257353545",
        "userOrders": null,
        "isSold": false,
        "id": 19142
    },
    {
        "firstName": "BERNABE",
        "lastName": "LOPEZ",
        "phone": "6018326885",
        "address": "216 E ACADEMY ST A",
        "city": "CANTON",
        "state": "MS",
        "zip": "39046",
        "email": "BHLOPEZ2@HOTMAIL.COM",
        "dateOfBirth": "1965-03-06T12:00:00",
        "ssn": "428939461",
        "userOrders": null,
        "isSold": false,
        "id": 19186
    },
    {
        "firstName": "TRACY",
        "lastName": "ALAILIMA",
        "phone": "9047182762",
        "address": "550 REMINGTON FOREST DR",
        "city": "SAINT JOHNS",
        "state": "JOHNS",
        "zip": "32259",
        "email": "TRACY.ALAILIMA@GMAIL.COM",
        "dateOfBirth": "1965-02-22T12:00:00",
        "ssn": "181589849",
        "userOrders": null,
        "isSold": false,
        "id": 19202
    },
    {
        "firstName": "DARIN",
        "lastName": "GREEN",
        "phone": "5104123536",
        "address": "2304 MARITIME WAY",
        "city": "RICH",
        "state": "CA",
        "zip": "94804",
        "email": "DEGREEN33@YAHOO.COM",
        "dateOfBirth": "1965-05-31T12:00:00",
        "ssn": "466272616",
        "userOrders": null,
        "isSold": false,
        "id": 19279
    },
    {
        "firstName": "STEVEN",
        "lastName": "CARY",
        "phone": "2708205555",
        "address": "901 STATE ROUTE 171",
        "city": "NASHVILLE",
        "state": "KY",
        "zip": "37216",
        "email": "BANDO999999999@ATT.NET",
        "dateOfBirth": "1965-04-22T12:00:00",
        "ssn": "406066678",
        "userOrders": null,
        "isSold": false,
        "id": 19313
    },
    {
        "firstName": "DAVID",
        "lastName": "SOWELL",
        "phone": "2813450088",
        "address": "8615 JACKRABBIT RD UNIT L",
        "city": "HOUSTON",
        "state": "TX",
        "zip": "77095",
        "email": "FLUIDTHREADS7@ATT.NET",
        "dateOfBirth": "1965-03-07T12:00:00",
        "ssn": "464230999",
        "userOrders": null,
        "isSold": false,
        "id": 19487
    },
    {
        "firstName": "PAUL",
        "lastName": "MARSHALL",
        "phone": "1111110002",
        "address": "640 PLUM CREEK CT",
        "city": "FLSM",
        "state": "CA",
        "zip": "95630",
        "email": "PAVI.MARSHALL@GMAIL.COM",
        "dateOfBirth": "1965-06-06T12:00:00",
        "ssn": "355667420",
        "userOrders": null,
        "isSold": false,
        "id": 19498
    },
    {
        "firstName": "WAIHNER",
        "lastName": "A.",
        "phone": "5623823146",
        "address": "CDL SCRAP & METAL",
        "city": "LA",
        "state": "MATEO",
        "zip": "90021",
        "email": "TATITONENA@YAHOO.COM",
        "dateOfBirth": "1965-08-23T12:00:00",
        "ssn": "603206882",
        "userOrders": null,
        "isSold": false,
        "id": 19521
    },
    {
        "firstName": "VIRGIL",
        "lastName": "PEDRAZA",
        "phone": "1111110001",
        "address": "4822 SIENNA HEIGHTS LN",
        "city": "PASADENA",
        "state": "TX",
        "zip": "77505",
        "email": "VIRGIL.PEDRAZA@PEPSICO.COM",
        "dateOfBirth": "1965-04-11T12:00:00",
        "ssn": "456536475",
        "userOrders": null,
        "isSold": false,
        "id": 19527
    }
]