[
    {
        "firstName": "CHRISTOPHER",
        "lastName": "SMITH",
        "phone": "8479101484",
        "address": "3623 HALE LN",
        "city": "ISLD LK",
        "state": "LAKE",
        "zip": "60042",
        "email": "CSMILLSCUSTOM@MSN.COM",
        "dateOfBirth": "1965-01-08T12:00:00",
        "ssn": "358647830",
        "userOrders": null,
        "isSold": false,
        "id": 59523
    },
    {
        "firstName": "DEAN",
        "lastName": "R",
        "phone": "7348298923",
        "address": "520 N MOHAWK AVE",
        "city": "YPSILANTI TWP",
        "state": "MI",
        "zip": "48198",
        "email": "DTHRUSH1220@YAHOO.COM",
        "dateOfBirth": "1965-10-01T12:00:00",
        "ssn": "369903609",
        "userOrders": null,
        "isSold": false,
        "id": 59581
    },
    {
        "firstName": "ALTAGRACIA",
        "lastName": "WARD",
        "phone": "2259369856",
        "address": "18188 JOHN BROUSSARD RD",
        "city": "WOODVILLE",
        "state": "LA",
        "zip": "39669",
        "email": "MOMMAROACH@EATEL.NET",
        "dateOfBirth": "1965-08-07T12:00:00",
        "ssn": "438193455",
        "userOrders": null,
        "isSold": false,
        "id": 59649
    },
    {
        "firstName": "IVELISSE",
        "lastName": "DAVILA",
        "phone": "1111110001",
        "address": "APT 512",
        "city": "ORL",
        "state": "PARK",
        "zip": "32825",
        "email": "IVEDAVI48@GMAIL.COM",
        "dateOfBirth": "1965-03-15T12:00:00",
        "ssn": "583593261",
        "userOrders": null,
        "isSold": false,
        "id": 59692
    },
    {
        "firstName": "MINA",
        "lastName": "BLACKBURN",
        "phone": "2058269150",
        "address": "16 DOGWOOD LN",
        "city": "TUSCALOOSA",
        "state": "AL",
        "zip": "35405",
        "email": "BLAC1965@GMAIL.COM",
        "dateOfBirth": "1965-11-27T12:00:00",
        "ssn": "418112893",
        "userOrders": null,
        "isSold": false,
        "id": 59724
    },
    {
        "firstName": "TANIA",
        "lastName": "SUAREZ",
        "phone": "3053223674",
        "address": "19650 SW 134TH AVE",
        "city": "MIA",
        "state": "FL",
        "zip": "33177",
        "email": "T.SUAREZ@MED.MIAMI.EDU",
        "dateOfBirth": "1965-08-30T12:00:00",
        "ssn": "261979709",
        "userOrders": null,
        "isSold": false,
        "id": 59762
    },
    {
        "firstName": "GENEA",
        "lastName": "MITCHELL",
        "phone": "3162074152",
        "address": "10102 W 19TH CIR N",
        "city": "WICHITA",
        "state": "KS",
        "zip": "67212",
        "email": "MITCHELLGENEA@GMAIL.COM",
        "dateOfBirth": "1965-06-02T12:00:00",
        "ssn": "509842841",
        "userOrders": null,
        "isSold": true,
        "id": 59782
    },
    {
        "firstName": "PAUL",
        "lastName": "TOWERS",
        "phone": "2016406322",
        "address": "3240 SW 50TH ST",
        "city": "HLWD",
        "state": "LAUDERDALE",
        "zip": "33021",
        "email": "TOWRAD_65@YAHOO.COM",
        "dateOfBirth": "1965-04-14T12:00:00",
        "ssn": "187607761",
        "userOrders": null,
        "isSold": false,
        "id": 59804
    },
    {
        "firstName": "TOM",
        "lastName": "GEORGIADIS",
        "phone": "4407292487",
        "address": "8665 PRESCOTT DR",
        "city": "CHESTER TWP",
        "state": "OH",
        "zip": "44026",
        "email": "TGEORGIADIS1@SBCGLOBAL.NET",
        "dateOfBirth": "1965-04-04T12:00:00",
        "ssn": "296749907",
        "userOrders": null,
        "isSold": false,
        "id": 59818
    },
    {
        "firstName": "MARC",
        "lastName": "PROVOST",
        "phone": "9546299829",
        "address": "3593 SATIN LEAF CT",
        "city": "CRL SPRNGS",
        "state": "SPRINGS",
        "zip": "33065",
        "email": "MARCNBEV@BELISOUTH.NET",
        "dateOfBirth": "1965-12-11T12:00:00",
        "ssn": "265115579",
        "userOrders": null,
        "isSold": false,
        "id": 59881
    },
    {
        "firstName": "CHRIS",
        "lastName": "PENDLETON",
        "phone": "4176690359",
        "address": "23994 LAWRENCE 1091 LOT RV5",
        "city": "MONETT",
        "state": "MO",
        "zip": "65708",
        "email": "CHRIS.PENDLETON3@ATT.NET",
        "dateOfBirth": "1965-03-09T12:00:00",
        "ssn": "544883575",
        "userOrders": null,
        "isSold": false,
        "id": 60178
    },
    {
        "firstName": "SUSAN",
        "lastName": "FISHMAN*",
        "phone": "8586994906",
        "address": "PO BOX 1203",
        "city": "RS FE",
        "state": "SANTA",
        "zip": "92067",
        "email": "SANDIEGO92067@YAHOO.COM",
        "dateOfBirth": "1965-08-20T12:00:00",
        "ssn": "606386122",
        "userOrders": null,
        "isSold": false,
        "id": 60206
    },
    {
        "firstName": "JOHN",
        "lastName": "DAILEY",
        "phone": "5126335422",
        "address": "15018 TERRA POINT DR",
        "city": "CYPRESS",
        "state": "TX",
        "zip": "77429",
        "email": "JDAILEY20@GMAIL.COM",
        "dateOfBirth": "1965-04-26T12:00:00",
        "ssn": "462297078",
        "userOrders": null,
        "isSold": false,
        "id": 60208
    },
    {
        "firstName": "MAURINA",
        "lastName": "ALLISON",
        "phone": "4194900640",
        "address": "520 WAGGONER BLVD",
        "city": "TOLEDO",
        "state": "OH",
        "zip": "43612",
        "email": "BERRYSPEC2@YAHOO.COM",
        "dateOfBirth": "1965-07-02T12:00:00",
        "ssn": "289528837",
        "userOrders": null,
        "isSold": false,
        "id": 60224
    },
    {
        "firstName": "ADELA",
        "lastName": "ALOMIA",
        "phone": "9258645075",
        "address": "39 GREYSTONE PL",
        "city": "PIT",
        "state": "CA",
        "zip": "94565",
        "email": "JUANGAHCO@HOTMAIL.COM",
        "dateOfBirth": "1965-03-16T12:00:00",
        "ssn": "604499978",
        "userOrders": null,
        "isSold": false,
        "id": 60275
    }
]