[
    {
        "firstName": "JEANNE",
        "lastName": "WILLIAMS",
        "phone": "7706678402",
        "address": "10060 ANAHEIM DR",
        "city": "JOHNS CREEK",
        "state": "CREEK",
        "zip": "30022",
        "email": "JVWILLIAMS99@HOTMAIL.COM",
        "dateOfBirth": "1965-01-11T12:00:00",
        "ssn": "266615626",
        "userOrders": null,
        "isSold": false,
        "id": 81422
    },
    {
        "firstName": "LICIA",
        "lastName": "DUBRIDGE",
        "phone": "6168442478",
        "address": "18226 W SPRING LAKE RD",
        "city": "SPRING LAKE TWP",
        "state": "LAKE",
        "zip": "49456",
        "email": "YKAYAK@SBCGLOBAL.NET",
        "dateOfBirth": "1965-10-05T12:00:00",
        "ssn": "367905610",
        "userOrders": null,
        "isSold": false,
        "id": 81432
    },
    {
        "firstName": "DARRELL",
        "lastName": "COUFAL",
        "phone": "5595708368",
        "address": "5595193698",
        "city": "FRESNO CA 93704-4705",
        "state": "E",
        "zip": "FRS",
        "email": "93704",
        "dateOfBirth": "1965-04-05T12:00:00",
        "ssn": "568736033",
        "userOrders": null,
        "isSold": false,
        "id": 81498
    },
    {
        "firstName": "WILLIAM",
        "lastName": "WALDEN",
        "phone": "1111110001",
        "address": "1546 GRAYFRIARS AVE",
        "city": "DELHI TWP",
        "state": "MI",
        "zip": "48842",
        "email": "ALLYC.WAL@NETZERO.NET",
        "dateOfBirth": "1965-12-31T12:00:00",
        "ssn": "380863814",
        "userOrders": null,
        "isSold": false,
        "id": 81537
    },
    {
        "firstName": "MARK",
        "lastName": "COCHRAN",
        "phone": "8176801630",
        "address": "7300 LINDWALL CT",
        "city": "NORTH RICHLAND HILLS",
        "state": "RICHLND",
        "zip": "76180",
        "email": "MMCOCHRAN@GMAIL.COM",
        "dateOfBirth": "1965-04-13T12:00:00",
        "ssn": "275742802",
        "userOrders": null,
        "isSold": true,
        "id": 81538
    },
    {
        "firstName": "JOAN",
        "lastName": "HARRIS",
        "phone": "9858099020",
        "address": "157 GRAND LAKE DR",
        "city": "COVINGTON",
        "state": "LA",
        "zip": "70435",
        "email": "JHARRIS1965@YAHOO.COM",
        "dateOfBirth": "1965-05-17T12:00:00",
        "ssn": "434352278",
        "userOrders": null,
        "isSold": false,
        "id": 81549
    },
    {
        "firstName": "JAY",
        "lastName": "GREER",
        "phone": "8174802492",
        "address": "2200 IRWIN ST",
        "city": "FORT WORTH",
        "state": "WORTH",
        "zip": "76110",
        "email": "J.A.GREER@SBCGLOBAL.NET",
        "dateOfBirth": "1965-10-01T12:00:00",
        "ssn": "463113957",
        "userOrders": null,
        "isSold": false,
        "id": 81580
    },
    {
        "firstName": "MARIA",
        "lastName": "RANGEL",
        "phone": "7130972277",
        "address": "6723 GUSE ST TRLR 8",
        "city": "HOUSTON",
        "state": "TX",
        "zip": "77076",
        "email": "JUAREZFREDAL@ATT.NET",
        "dateOfBirth": "1965-07-05T12:00:00",
        "ssn": "638603819",
        "userOrders": null,
        "isSold": false,
        "id": 81638
    },
    {
        "firstName": "STEVEN",
        "lastName": "PAYNE",
        "phone": "1111110005",
        "address": "6615381000",
        "city": "PALMDALE CA 93552-5823",
        "state": "SULPHUR",
        "zip": "PLM",
        "email": "93550",
        "dateOfBirth": "1965-09-15T12:00:00",
        "ssn": "510767211",
        "userOrders": null,
        "isSold": false,
        "id": 81668
    },
    {
        "firstName": "LETTY",
        "lastName": "WALKER",
        "phone": "7138171140",
        "address": "8411 E COPPER LAKES DR",
        "city": "HOUSTON",
        "state": "TX",
        "zip": "77065",
        "email": "LET0815@YAHOO.COM",
        "dateOfBirth": "1965-08-15T12:00:00",
        "ssn": "452479798",
        "userOrders": null,
        "isSold": false,
        "id": 81787
    },
    {
        "firstName": "LANCE",
        "lastName": "LANG",
        "phone": "8126296155",
        "address": "5455 OAKWOOD DR",
        "city": "NEWBURGH",
        "state": "IN",
        "zip": "47630",
        "email": "LANCELANG@ICLOUD.COM",
        "dateOfBirth": "1965-01-30T12:00:00",
        "ssn": "303802066",
        "userOrders": null,
        "isSold": false,
        "id": 81790
    },
    {
        "firstName": "ROBERT",
        "lastName": "SHEILDS",
        "phone": "5019203065",
        "address": "14507 BLACK BEAR DR",
        "city": "LITTLE ROCK",
        "state": "ROCK",
        "zip": "72223",
        "email": "ETSHIELDS@ATT.NET",
        "dateOfBirth": "1965-03-15T12:00:00",
        "ssn": "432453647",
        "userOrders": null,
        "isSold": true,
        "id": 81856
    },
    {
        "firstName": "KRISTOPHER",
        "lastName": "LACY",
        "phone": "8149255120",
        "address": "LOT 18",
        "city": "COLONIAL BEACH",
        "state": "KINGS",
        "zip": "22443",
        "email": "LACYTUNES1@AOL.COM",
        "dateOfBirth": "1965-03-05T12:00:00",
        "ssn": "225253147",
        "userOrders": null,
        "isSold": false,
        "id": 81952
    },
    {
        "firstName": "DEBORAH",
        "lastName": "YANKOWSKI",
        "phone": "7136369962",
        "address": "8343 SHARPCREST ST",
        "city": "HOUSTON",
        "state": "TX",
        "zip": "77036",
        "email": "DEBORAHYANKFARMER@GMAIL.COM",
        "dateOfBirth": "1965-10-12T12:00:00",
        "ssn": "525459953",
        "userOrders": null,
        "isSold": false,
        "id": 81962
    },
    {
        "firstName": "CHRISTOPHER",
        "lastName": "COLEMAN",
        "phone": "3109085630",
        "address": "7169 ELDERBERRY AVE",
        "city": "EASTVALE",
        "state": "CA",
        "zip": "92880",
        "email": "CCOLEMANNCA@GMAIL.COM",
        "dateOfBirth": "1965-08-13T12:00:00",
        "ssn": "559197646",
        "userOrders": null,
        "isSold": false,
        "id": 82043
    }
]