[
    {
        "firstName": "PAMELA",
        "lastName": "KUFAHL",
        "phone": "6787875001",
        "address": "741 MOROSGO DR NE APT 1525",
        "city": "ATL",
        "state": "GA",
        "zip": "30324",
        "email": "PAMELAJKOOF@GMAIL.COM",
        "dateOfBirth": "1965-03-27T12:00:00",
        "ssn": "333460385",
        "userOrders": null,
        "isSold": false,
        "id": 74323
    },
    {
        "firstName": "MARY",
        "lastName": "MC",
        "phone": "6305304849",
        "address": "266 E SOUTH ST",
        "city": "ELMHRST",
        "state": "IL",
        "zip": "60126",
        "email": "BMCCANN@MSN.COM",
        "dateOfBirth": "1965-09-10T12:00:00",
        "ssn": "333622022",
        "userOrders": null,
        "isSold": false,
        "id": 74333
    },
    {
        "firstName": "SHERYL",
        "lastName": "DEGEETER",
        "phone": "5865040408",
        "address": "2687 HEATHFIELD RD",
        "city": "BLOOMFIELD TWP",
        "state": "HLS",
        "zip": "48301",
        "email": "SDEGEETER28@GMAIL.COM",
        "dateOfBirth": "1965-01-28T12:00:00",
        "ssn": "367842073",
        "userOrders": null,
        "isSold": true,
        "id": 74454
    },
    {
        "firstName": "CHARLOTTE",
        "lastName": "MILLER",
        "phone": "4049882900",
        "address": "404 OAKVIEW LN",
        "city": "MRETA",
        "state": "GA",
        "zip": "30066",
        "email": "CHARLOTTER2203@YAHOO.COM",
        "dateOfBirth": "1965-08-17T12:00:00",
        "ssn": "419020617",
        "userOrders": null,
        "isSold": false,
        "id": 74540
    },
    {
        "firstName": "DANA.",
        "lastName": "JENKINS",
        "phone": "8184478886",
        "address": "6400 FARMDALE AVE",
        "city": "NH",
        "state": "HOLLYWOOD",
        "zip": "91606",
        "email": "JENKINSDANA6@GMAIL.COM",
        "dateOfBirth": "1965-04-14T12:00:00",
        "ssn": "558493858",
        "userOrders": null,
        "isSold": false,
        "id": 74607
    },
    {
        "firstName": "RHONDA",
        "lastName": "MCKINZIE",
        "phone": "9135233768",
        "address": "15608 W 123RD TER",
        "city": "OLATHE",
        "state": "KS",
        "zip": "66062",
        "email": "RJMCK@ME.COM",
        "dateOfBirth": "1965-04-29T12:00:00",
        "ssn": "513745462",
        "userOrders": null,
        "isSold": false,
        "id": 74619
    },
    {
        "firstName": "TONY",
        "lastName": "GUZMAN",
        "phone": "7146541622",
        "address": "204 BROADWAY",
        "city": "CM",
        "state": "MESA",
        "zip": "92627",
        "email": "SWEETT23@ICLOUD.COM",
        "dateOfBirth": "1965-04-27T12:00:00",
        "ssn": "547411856",
        "userOrders": null,
        "isSold": true,
        "id": 74657
    },
    {
        "firstName": "NHAN",
        "lastName": "NGUYEN",
        "phone": "4082052663",
        "address": "4082384152",
        "city": "SAN JOSE CA 95148-2741",
        "state": "NORWOOD",
        "zip": "SJ",
        "email": "95148",
        "dateOfBirth": "1965-03-15T12:00:00",
        "ssn": "567814993",
        "userOrders": null,
        "isSold": false,
        "id": 74832
    },
    {
        "firstName": "JOAN",
        "lastName": "WALL",
        "phone": "6189101052",
        "address": "10 RIDGE ST",
        "city": "MORO",
        "state": "IL",
        "zip": "62067",
        "email": "DAVEWFLYING@YAHOO.COM",
        "dateOfBirth": "1965-07-05T12:00:00",
        "ssn": "329604136",
        "userOrders": null,
        "isSold": false,
        "id": 74843
    },
    {
        "firstName": "ELENA",
        "lastName": "BELL",
        "phone": "6268081444",
        "address": "1172 E WASHINGTON BLVD",
        "city": "PAS",
        "state": "CA",
        "zip": "91104",
        "email": "HTPU@AOL.COM",
        "dateOfBirth": "1965-10-02T12:00:00",
        "ssn": "552430226",
        "userOrders": null,
        "isSold": false,
        "id": 74928
    },
    {
        "firstName": "MARGARITA",
        "lastName": "VASQUEZ",
        "phone": "6197482915",
        "address": "2404 TURNING TRAIL RD",
        "city": "CHLA VSTA",
        "state": "VISTA",
        "zip": "91914",
        "email": "MAGUIV@ATT.NET",
        "dateOfBirth": "1965-01-27T12:00:00",
        "ssn": "612030289",
        "userOrders": null,
        "isSold": true,
        "id": 74937
    },
    {
        "firstName": "DONALD",
        "lastName": "JACOBS",
        "phone": "3306184000",
        "address": "1520 S ARLINGTON ST",
        "city": "SPRINGFIELD TWP",
        "state": "OH",
        "zip": "44319",
        "email": "DON@SKYCASTERS.COM",
        "dateOfBirth": "1965-12-21T12:00:00",
        "ssn": "288583381",
        "userOrders": null,
        "isSold": false,
        "id": 74943
    },
    {
        "firstName": "PAULETTE",
        "lastName": "DEFFENBAUGH",
        "phone": "6268272500",
        "address": "165 HURLBUT ST",
        "city": "PAS",
        "state": "CA",
        "zip": "91107",
        "email": "DEFFENBAUGHPM@GMAIL.COM",
        "dateOfBirth": "1965-07-05T12:00:00",
        "ssn": "546590309",
        "userOrders": null,
        "isSold": false,
        "id": 74983
    },
    {
        "firstName": "ARLESA",
        "lastName": "LEVERETTE",
        "phone": "9544414773",
        "address": "511 SE 5TH AVE APT 703",
        "city": "PMBRK PNS",
        "state": "LAUDERDALE",
        "zip": "33027",
        "email": "JAW620@GMAIL.COM",
        "dateOfBirth": "1965-08-25T12:00:00",
        "ssn": "425233785",
        "userOrders": null,
        "isSold": false,
        "id": 75013
    },
    {
        "firstName": "HECTOR",
        "lastName": "ENCARNACION",
        "phone": "2195455361",
        "address": "6732 GRAND AVE",
        "city": "HAMMOND",
        "state": "IN",
        "zip": "46323",
        "email": "JAZIDAD65@YAHOO.COM",
        "dateOfBirth": "1965-07-30T12:00:00",
        "ssn": "109528167",
        "userOrders": null,
        "isSold": false,
        "id": 75026
    }
]