[
    {
        "firstName": "JAMES",
        "lastName": "LEVSEY",
        "phone": "1111110001",
        "address": "616 MUSTANG CT",
        "city": "LITTLE ELM",
        "state": "ELM",
        "zip": "75068",
        "email": "JIMKLEV@HOTMAIL.COM",
        "dateOfBirth": "1965-03-13T12:00:00",
        "ssn": "310845035",
        "userOrders": null,
        "isSold": false,
        "id": 73441
    },
    {
        "firstName": "KIRK",
        "lastName": "WILLE",
        "phone": "1111110001",
        "address": "8668 FOOTHILL RD",
        "city": "OCNSD",
        "state": "ID",
        "zip": "92057",
        "email": "KIRKCWILLE@YAHOO.COM",
        "dateOfBirth": "1965-02-12T12:00:00",
        "ssn": "239333494",
        "userOrders": null,
        "isSold": false,
        "id": 73458
    },
    {
        "firstName": "ROBERT",
        "lastName": "PRINCE",
        "phone": "1111110001",
        "address": "715 NW 7TH ST",
        "city": "BOYN BCH",
        "state": "BEACH",
        "zip": "33426",
        "email": "RPRINCEONLINE@LIVE.COM",
        "dateOfBirth": "1965-12-19T12:00:00",
        "ssn": "262855481",
        "userOrders": null,
        "isSold": false,
        "id": 73552
    },
    {
        "firstName": "ELDON",
        "lastName": "CRAFT",
        "phone": "3146192424",
        "address": "1207 JULIE AVE",
        "city": "CAHKIA",
        "state": "IL",
        "zip": "62206",
        "email": "ELDON1CRAFT@GMAIL.COM",
        "dateOfBirth": "1965-12-16T12:00:00",
        "ssn": "498822817",
        "userOrders": null,
        "isSold": false,
        "id": 73661
    },
    {
        "firstName": "LAWRENCE",
        "lastName": "MARSHALL",
        "phone": "4098667346",
        "address": "2105 DIAMOND D DR",
        "city": "AUSTIN",
        "state": "TX",
        "zip": "78748",
        "email": "LADYSHEA2964@GMAIL.COM",
        "dateOfBirth": "1965-01-14T12:00:00",
        "ssn": "458495705",
        "userOrders": null,
        "isSold": false,
        "id": 73723
    },
    {
        "firstName": "LISA",
        "lastName": "MARTIN",
        "phone": "8585381566",
        "address": "154 CRESTVIEW CT",
        "city": "SD",
        "state": "CA",
        "zip": "92129",
        "email": "3DRAGONS@SBCGLOBAL.NET",
        "dateOfBirth": "1965-01-13T12:00:00",
        "ssn": "552178709",
        "userOrders": null,
        "isSold": false,
        "id": 73759
    },
    {
        "firstName": "NANA",
        "lastName": "HONORE",
        "phone": "5043930330",
        "address": "1840 LONGMIRE RD APT 14101",
        "city": "NEW ORLEANS",
        "state": "TX",
        "zip": "70131",
        "email": "HONONAN@AOL.COM",
        "dateOfBirth": "1965-10-31T12:00:00",
        "ssn": "436212444",
        "userOrders": null,
        "isSold": false,
        "id": 73815
    },
    {
        "firstName": "ELIZABETH",
        "lastName": "MOYA",
        "phone": "3057768560",
        "address": "1450 MADRUGA AVE STE 207",
        "city": "PINECREST",
        "state": "GABLES",
        "zip": "33156",
        "email": "BETH3@MOYAINSURANCE.COM",
        "dateOfBirth": "1965-01-23T12:00:00",
        "ssn": "264750205",
        "userOrders": null,
        "isSold": false,
        "id": 73987
    },
    {
        "firstName": "GARY",
        "lastName": "CALLAHAN",
        "phone": "7702540610",
        "address": "154 CROSSROADS EST DR",
        "city": "NWN",
        "state": "GA",
        "zip": "30265",
        "email": "GARY-CALLAHAN@ATT.NET",
        "dateOfBirth": "1965-10-26T12:00:00",
        "ssn": "254359821",
        "userOrders": null,
        "isSold": false,
        "id": 74021
    },
    {
        "firstName": "DAVID",
        "lastName": "MAYTON",
        "phone": "6156135543",
        "address": "4829 LAURA JEANNE BLVD",
        "city": "MURFREESBORO",
        "state": "TN",
        "zip": "37129",
        "email": "MAYTONK@BELLSOUTH.NET",
        "dateOfBirth": "1965-01-08T12:00:00",
        "ssn": "413315267",
        "userOrders": null,
        "isSold": false,
        "id": 74068
    },
    {
        "firstName": "KIMBERLY",
        "lastName": "PARMENTER",
        "phone": "6365918677",
        "address": "16314 TRUMAN RD",
        "city": "WILDWOOD",
        "state": "MO",
        "zip": "63040",
        "email": "WILDHORSES2LUV@HOTMAIL.COM",
        "dateOfBirth": "1965-11-11T12:00:00",
        "ssn": "368844896",
        "userOrders": null,
        "isSold": false,
        "id": 74077
    },
    {
        "firstName": "CYNTHIA",
        "lastName": "BURRY",
        "phone": "2167891536",
        "address": "18104 CLIFTON RD",
        "city": "LAKEWOOD",
        "state": "OH",
        "zip": "44107",
        "email": "DCBURRY@COX.NET",
        "dateOfBirth": "1965-03-16T12:00:00",
        "ssn": "288582869",
        "userOrders": null,
        "isSold": false,
        "id": 74086
    },
    {
        "firstName": "PETRUS",
        "lastName": "VAN",
        "phone": "8327453511",
        "address": "29980 FM 2978 RD APT 1601",
        "city": "MAGNOLIA",
        "state": "TX",
        "zip": "77354",
        "email": "VANDERLEYPETE@GMAIL.COM",
        "dateOfBirth": "1965-04-13T12:00:00",
        "ssn": "827155849",
        "userOrders": null,
        "isSold": false,
        "id": 74126
    },
    {
        "firstName": "WILLIAM",
        "lastName": "BECKER",
        "phone": "7077921324",
        "address": "1938 WILLIAM DR",
        "city": "PENGR",
        "state": "CA",
        "zip": "94951",
        "email": "BECKERWC@YAHOO.COM",
        "dateOfBirth": "1965-01-09T12:00:00",
        "ssn": "548234507",
        "userOrders": null,
        "isSold": false,
        "id": 74164
    },
    {
        "firstName": "MELBA",
        "lastName": "PALMOUR",
        "phone": "8176918358",
        "address": "4209 JENNY LAKE TRL",
        "city": "NORTH RICHLAND HILLS",
        "state": "WORTH",
        "zip": "76182",
        "email": "MELBA.PALMOUR124@KELLERISD.NET",
        "dateOfBirth": "1965-07-15T12:00:00",
        "ssn": "462533479",
        "userOrders": null,
        "isSold": false,
        "id": 74226
    }
]