[
    {
        "firstName": "DOUGLAS",
        "lastName": "WELLS",
        "phone": "2706016535",
        "address": "1411 E 7TH ST",
        "city": "PRINCETON",
        "state": "KY",
        "zip": "42445",
        "email": "NOEMAIL23@GMAIL.COM",
        "dateOfBirth": "1965-10-23T12:00:00",
        "ssn": "408174691",
        "userOrders": null,
        "isSold": false,
        "id": 82993
    },
    {
        "firstName": "MARGUERITE",
        "lastName": "WILLIAMS",
        "phone": "8305220102",
        "address": "PO BOX 63032",
        "city": "BANDERA",
        "state": "CREEK",
        "zip": "78003",
        "email": "WILLIAMS_M52@YAHOO.COM",
        "dateOfBirth": "1965-01-25T12:00:00",
        "ssn": "455679604",
        "userOrders": null,
        "isSold": false,
        "id": 83049
    },
    {
        "firstName": "JUAN",
        "lastName": "JOSE",
        "phone": "3233046849",
        "address": "7121 CEDAR ST",
        "city": "HTG PK",
        "state": "PK",
        "zip": "90255",
        "email": "DOLMOS83@ALOL.COM",
        "dateOfBirth": "1965-09-01T12:00:00",
        "ssn": "624187040",
        "userOrders": null,
        "isSold": false,
        "id": 83052
    },
    {
        "firstName": "KATRINA",
        "lastName": "SMITH",
        "phone": "7654576753",
        "address": "1740 S INDIANA AVE",
        "city": "KOKOMO",
        "state": "IN",
        "zip": "46902",
        "email": "DAMSELFLIER@ATT.NET",
        "dateOfBirth": "1965-01-31T12:00:00",
        "ssn": "310820837",
        "userOrders": null,
        "isSold": false,
        "id": 83060
    },
    {
        "firstName": "ANDRES",
        "lastName": "ARSILLO",
        "phone": "9564558104",
        "address": "1322 E MONROE ST",
        "city": "BROWNSVILLE",
        "state": "TX",
        "zip": "78520",
        "email": "ANDRESARSILLO@ATT.NET",
        "dateOfBirth": "1965-05-08T12:00:00",
        "ssn": "460457709",
        "userOrders": null,
        "isSold": false,
        "id": 83180
    },
    {
        "firstName": "BRADLEY",
        "lastName": "MCKINNON",
        "phone": "9037831118",
        "address": "535 SHILOH ST",
        "city": "PARIS",
        "state": "TX",
        "zip": "75460",
        "email": "ANDERSON_TINA22@YAHOO.COM",
        "dateOfBirth": "1965-08-18T12:00:00",
        "ssn": "450556857",
        "userOrders": null,
        "isSold": false,
        "id": 83194
    },
    {
        "firstName": "TORBEN",
        "lastName": "POULSEN",
        "phone": "8473479202",
        "address": "408 DANBURY CT",
        "city": "SCHMBRG",
        "state": "IL",
        "zip": "60193",
        "email": "POUL12@SBCGLOBAL.NET",
        "dateOfBirth": "1965-10-17T12:00:00",
        "ssn": "346681747",
        "userOrders": null,
        "isSold": false,
        "id": 83446
    },
    {
        "firstName": "SALLY",
        "lastName": "BELL",
        "phone": "1111110001",
        "address": "16816 CRYSTAL CT",
        "city": "TINLY PK",
        "state": "PARK",
        "zip": "60477",
        "email": "BELLS65@NETZERO.COM",
        "dateOfBirth": "1965-08-15T12:00:00",
        "ssn": "323747569",
        "userOrders": null,
        "isSold": false,
        "id": 83485
    },
    {
        "firstName": "GREG",
        "lastName": "ADAMS",
        "phone": "9185045462",
        "address": "2911 S 94TH EAST AVE",
        "city": "TULSA",
        "state": "OK",
        "zip": "74129",
        "email": "GREG_ADAMS1965@HOTMAIL.COM",
        "dateOfBirth": "1965-10-30T12:00:00",
        "ssn": "442784174",
        "userOrders": null,
        "isSold": false,
        "id": 83497
    },
    {
        "firstName": "KEVIN",
        "lastName": "RICH",
        "phone": "6164024252",
        "address": "6168428760",
        "city": "SPRING LAKE MI 49456-1560",
        "state": "TRUDY",
        "zip": "SPRING LAKE TWP",
        "email": "49456",
        "dateOfBirth": "1965-02-18T12:00:00",
        "ssn": "373642455",
        "userOrders": null,
        "isSold": false,
        "id": 83623
    },
    {
        "firstName": "BETSY",
        "lastName": "MADDOX",
        "phone": "8058133759",
        "address": "285 MIDNIGHT MOON LN",
        "city": "SIMI VLY",
        "state": "VALLEY",
        "zip": "93065",
        "email": "TONY@TONYMADDOXPHOTOGRAPHY.COM",
        "dateOfBirth": "1965-02-18T12:00:00",
        "ssn": "308746402",
        "userOrders": null,
        "isSold": false,
        "id": 83627
    },
    {
        "firstName": "DAVID",
        "lastName": "WANG",
        "phone": "9168054849",
        "address": "1189 DARLING WAY",
        "city": "FLSM",
        "state": "CA",
        "zip": "95630",
        "email": "WANG0925@ATT.NET",
        "dateOfBirth": "1965-06-11T12:00:00",
        "ssn": "621443347",
        "userOrders": null,
        "isSold": false,
        "id": 83711
    },
    {
        "firstName": "CESAR",
        "lastName": "MURILLO",
        "phone": "6192790666",
        "address": "1129 N ADAIR PL",
        "city": "ANH",
        "state": "CA",
        "zip": "92806",
        "email": "TRISHAMURILLO70@GMAIL.COM",
        "dateOfBirth": "1965-07-26T12:00:00",
        "ssn": "565290795",
        "userOrders": null,
        "isSold": false,
        "id": 83713
    },
    {
        "firstName": "MISHELL",
        "lastName": "HARRIS",
        "phone": "9898355461",
        "address": "5720 N SAGINAW RD",
        "city": "LARKIN TWP",
        "state": "MI",
        "zip": "48642",
        "email": "CHINEVERE2000@YAHOO.COM",
        "dateOfBirth": "1965-01-12T12:00:00",
        "ssn": "380761643",
        "userOrders": null,
        "isSold": false,
        "id": 83806
    },
    {
        "firstName": "DAVID",
        "lastName": "DILLOWAY",
        "phone": "7343065192",
        "address": "38024 DONALD ST",
        "city": "LIVONIA",
        "state": "MI",
        "zip": "48154",
        "email": "DEBBIEDILLOWAY530@GMAIL.COM",
        "dateOfBirth": "1965-06-07T12:00:00",
        "ssn": "380869931",
        "userOrders": null,
        "isSold": false,
        "id": 83832
    }
]