[
    {
        "firstName": "CRAIG",
        "lastName": "BOWSER",
        "phone": "4697677011",
        "address": "21717 HIGHWAY K16",
        "city": "TOMBALL",
        "state": "KS",
        "zip": "77375",
        "email": "MAJ_REDLEG@YAHOO.COM",
        "dateOfBirth": "1965-10-16T12:00:00",
        "ssn": "513629463",
        "userOrders": null,
        "isSold": false,
        "id": 93724
    },
    {
        "firstName": "BARBARA",
        "lastName": "STAK",
        "phone": "7723360921",
        "address": "627 SE DEAN TER",
        "city": "P*S*L",
        "state": "ST",
        "zip": "34984",
        "email": "BARBIEGIRLFL@YAHOO.COM",
        "dateOfBirth": "1965-11-29T12:00:00",
        "ssn": "131522905",
        "userOrders": null,
        "isSold": true,
        "id": 93739
    },
    {
        "firstName": "HUE",
        "lastName": "LAM",
        "phone": "7733063617",
        "address": "5962 N RICHMOND ST",
        "city": "CHGO",
        "state": "IL",
        "zip": "60659",
        "email": "HUE.LAM11@YAHOO.COM",
        "dateOfBirth": "1965-09-28T12:00:00",
        "ssn": "332862288",
        "userOrders": null,
        "isSold": false,
        "id": 93756
    },
    {
        "firstName": "SANDRA",
        "lastName": "MONROE",
        "phone": "9798498405",
        "address": "9799974046",
        "city": "ANGLETON TX 77515-4275",
        "state": "W",
        "zip": "ANGLETON",
        "email": "77515",
        "dateOfBirth": "1965-09-07T12:00:00",
        "ssn": "459170476",
        "userOrders": null,
        "isSold": false,
        "id": 93807
    },
    {
        "firstName": "MICHAEL",
        "lastName": "TOSO",
        "phone": "2093427348",
        "address": "4016 WINCANTON RD",
        "city": "SALIDA",
        "state": "CA",
        "zip": "95368",
        "email": "MCHL_TOSO@YAHOO.COM",
        "dateOfBirth": "1965-06-13T12:00:00",
        "ssn": "568026902",
        "userOrders": null,
        "isSold": false,
        "id": 93810
    },
    {
        "firstName": "LILIA",
        "lastName": "PALOS-BERGADO",
        "phone": "7147465065",
        "address": "1830 N PALOMARES ST",
        "city": "LA PLMA",
        "state": "CA",
        "zip": "90623",
        "email": "LPB593@YAHOO.COM",
        "dateOfBirth": "1965-09-16T12:00:00",
        "ssn": "567555067",
        "userOrders": null,
        "isSold": false,
        "id": 93816
    },
    {
        "firstName": "NADIE",
        "lastName": "GEAN",
        "phone": "7542351511",
        "address": "2121 W OAKLAND PARK BLVD STE 9",
        "city": "OKLND PK",
        "state": "PARK",
        "zip": "33311",
        "email": "JQCUEP6750@ATT.NET",
        "dateOfBirth": "1965-11-30T12:00:00",
        "ssn": "594130338",
        "userOrders": null,
        "isSold": false,
        "id": 93874
    },
    {
        "firstName": "TIMOTHY",
        "lastName": "BREWER",
        "phone": "9893263735",
        "address": "805 W BELLE AVE",
        "city": "ST CHARLES",
        "state": "CHARLES",
        "zip": "48655",
        "email": "SUZIECOLEMAN67@YAHOO.COM",
        "dateOfBirth": "1965-10-04T12:00:00",
        "ssn": "363905959",
        "userOrders": null,
        "isSold": false,
        "id": 93883
    },
    {
        "firstName": "MURRAY.",
        "lastName": "LOVE",
        "phone": "7048779005",
        "address": "8926 SCOTTSBORO DR",
        "city": "HSVL",
        "state": "NC",
        "zip": "28078",
        "email": "MURMAN1965@ATT.NET",
        "dateOfBirth": "1965-01-04T12:00:00",
        "ssn": "240177931",
        "userOrders": null,
        "isSold": false,
        "id": 93941
    },
    {
        "firstName": "ROSEANNE",
        "lastName": "CHECOLINSKI",
        "phone": "2626736629",
        "address": "229 W LOOS ST",
        "city": "HARTFORD",
        "state": "WI",
        "zip": "53027",
        "email": "ROSEANNE@CHARTER.NET",
        "dateOfBirth": "1965-08-01T12:00:00",
        "ssn": "392688378",
        "userOrders": null,
        "isSold": false,
        "id": 93960
    },
    {
        "firstName": "JAMES",
        "lastName": "TURNAGE",
        "phone": "7706177776",
        "address": "123 SEASIDE RD",
        "city": "MRETA",
        "state": "HELENA",
        "zip": "30068",
        "email": "ERICTURNAGE48@GMAIL.COM",
        "dateOfBirth": "1965-05-07T12:00:00",
        "ssn": "248274111",
        "userOrders": null,
        "isSold": false,
        "id": 94058
    },
    {
        "firstName": "ANGELA",
        "lastName": "PISKUR",
        "phone": "4142077891",
        "address": "3626 MENOMONEE RIVER PKWY",
        "city": "MILWAUKEE",
        "state": "WI",
        "zip": "53207",
        "email": "ANGELAPISKUR@GMAIL.COM",
        "dateOfBirth": "1965-06-02T12:00:00",
        "ssn": "398866973",
        "userOrders": null,
        "isSold": false,
        "id": 94067
    },
    {
        "firstName": "DAVID",
        "lastName": "LANE",
        "phone": "7138709595",
        "address": "3828 DEL MONTE DR",
        "city": "HOUSTON",
        "state": "TX",
        "zip": "77019",
        "email": "DLLANE@PDQ.NET",
        "dateOfBirth": "1965-06-10T12:00:00",
        "ssn": "467566406",
        "userOrders": null,
        "isSold": false,
        "id": 94076
    },
    {
        "firstName": "KATHLEEN",
        "lastName": "KRAMER",
        "phone": "8479460788",
        "address": "975 BUGLE LN",
        "city": "VERNON HILS",
        "state": "LK",
        "zip": "60061",
        "email": "KKRAMER313@YAHOO.COM",
        "dateOfBirth": "1965-03-13T12:00:00",
        "ssn": "331688771",
        "userOrders": null,
        "isSold": false,
        "id": 94197
    },
    {
        "firstName": "ELIZABETH",
        "lastName": "GRAY",
        "phone": "1111110007",
        "address": "1456 FIR DR",
        "city": "ALTUS",
        "state": "SPRINGS",
        "zip": "73521",
        "email": "TICTUX@YAHOO.COM",
        "dateOfBirth": "1965-06-02T12:00:00",
        "ssn": "448769017",
        "userOrders": null,
        "isSold": false,
        "id": 94318
    }
]