[
    {
        "firstName": "ROBERT",
        "lastName": "CHARLES",
        "phone": "3107357071",
        "address": "1320 S CASTLEGATE AVE",
        "city": "CPT",
        "state": "CA",
        "zip": "90221",
        "email": "LEATRICECHARLES@GMAIL.COM",
        "dateOfBirth": "1965-03-16T12:00:00",
        "ssn": "570411880",
        "userOrders": null,
        "isSold": false,
        "id": 32095
    },
    {
        "firstName": "DOROTHY",
        "lastName": "HUDSON",
        "phone": "7739781247",
        "address": "2315 E 103RD ST",
        "city": "CHGO",
        "state": "IL",
        "zip": "60617",
        "email": "DOHUDSON7685@SBCGLOBAL.NET",
        "dateOfBirth": "1965-04-09T12:00:00",
        "ssn": "347645911",
        "userOrders": null,
        "isSold": false,
        "id": 32133
    },
    {
        "firstName": "NAJIDA",
        "lastName": "TAYE",
        "phone": "2817799236",
        "address": "ANTHONY'S AUTO SALE",
        "city": "SOUTH HOUSTON",
        "state": "MISSISSIPPI",
        "zip": "77587",
        "email": "IMPTAYBEH05@ATT.NET",
        "dateOfBirth": "1965-05-02T12:00:00",
        "ssn": "464959139",
        "userOrders": null,
        "isSold": false,
        "id": 32227
    },
    {
        "firstName": "MARIA",
        "lastName": "CERVANTES",
        "phone": "9512310211",
        "address": "7338 EVANS ST",
        "city": "RIV",
        "state": "CA",
        "zip": "92504",
        "email": "ANGIECERVANTES11612@YAHOO.COM",
        "dateOfBirth": "1965-03-09T12:00:00",
        "ssn": "609181003",
        "userOrders": null,
        "isSold": false,
        "id": 32471
    },
    {
        "firstName": "JOHN",
        "lastName": "MULRYAN",
        "phone": "2162802413",
        "address": "1661 BUNTS RD",
        "city": "LAKEWOOD",
        "state": "OH",
        "zip": "44107",
        "email": "JOHNMULRYAN@SBCGLOBAL.NET",
        "dateOfBirth": "1965-09-25T12:00:00",
        "ssn": "300726660",
        "userOrders": null,
        "isSold": false,
        "id": 32539
    },
    {
        "firstName": "ALIEN",
        "lastName": "TRAN",
        "phone": "9132279963",
        "address": "425 N 29TH ST",
        "city": "KANSAS CITY",
        "state": "CITY",
        "zip": "66102",
        "email": "THUYLY10TRAN@YAHOO.COM",
        "dateOfBirth": "1965-07-27T12:00:00",
        "ssn": "491042670",
        "userOrders": null,
        "isSold": false,
        "id": 32663
    },
    {
        "firstName": "TRACY",
        "lastName": "A",
        "phone": "8327149436",
        "address": "511 REMINGTON GREEN CT",
        "city": "HOUSTON",
        "state": "TX",
        "zip": "77073",
        "email": "TRACY.MAYS@YAHOO.COM",
        "dateOfBirth": "1965-10-26T12:00:00",
        "ssn": "451558834",
        "userOrders": null,
        "isSold": false,
        "id": 32672
    },
    {
        "firstName": "ANTONIO",
        "lastName": "GO",
        "phone": "8308327499",
        "address": "1748 JASONS NORTH CT",
        "city": "NEW BRAUNFELS",
        "state": "BRAUNFELS",
        "zip": "78130",
        "email": "ACT7115@SBCGLOBAL.NET",
        "dateOfBirth": "1965-12-17T12:00:00",
        "ssn": "558795072",
        "userOrders": null,
        "isSold": true,
        "id": 32706
    },
    {
        "firstName": "PATRICIA",
        "lastName": "LEFTRIDGE",
        "phone": "5306134116",
        "address": "13055 LINCOLN WAY APT G",
        "city": "AUB",
        "state": "CA",
        "zip": "95603",
        "email": "PLEFTRIDGE@YAHOO.COM",
        "dateOfBirth": "1965-05-28T12:00:00",
        "ssn": "561651493",
        "userOrders": null,
        "isSold": false,
        "id": 32730
    },
    {
        "firstName": "LISA",
        "lastName": "TABAK",
        "phone": "1111110001",
        "address": "430 T ST",
        "city": "BKFD",
        "state": "CA",
        "zip": "93304",
        "email": "NOEMAIL@GMAIL.COM",
        "dateOfBirth": "1965-03-04T12:00:00",
        "ssn": "563060878",
        "userOrders": null,
        "isSold": false,
        "id": 32735
    },
    {
        "firstName": "ANNE",
        "lastName": "MAHONEY",
        "phone": "4233855577",
        "address": "4026 TRAIL RIDGE RD",
        "city": "CHATTANOOGA",
        "state": "FL",
        "zip": "37421",
        "email": "ANNEMGB@HOTMAIL.COM",
        "dateOfBirth": "1965-04-04T12:00:00",
        "ssn": "762015279",
        "userOrders": null,
        "isSold": false,
        "id": 32956
    },
    {
        "firstName": "BECKY",
        "lastName": "BALTZ",
        "phone": "1111110001",
        "address": "6127 JOY DR W",
        "city": "JKVL",
        "state": "FL",
        "zip": "32244",
        "email": "BRBALTZ@GMAIL.COM",
        "dateOfBirth": "1965-12-07T12:00:00",
        "ssn": "413354047",
        "userOrders": null,
        "isSold": false,
        "id": 32998
    },
    {
        "firstName": "LEAH",
        "lastName": "WRIGHT",
        "phone": "8105995317",
        "address": "7828 WINFIELD DR",
        "city": "HAMBURG TWP",
        "state": "MI",
        "zip": "48116",
        "email": "RS.WRIGHT.2014@GMAIL.COM",
        "dateOfBirth": "1965-08-05T12:00:00",
        "ssn": "382701882",
        "userOrders": null,
        "isSold": false,
        "id": 33030
    },
    {
        "firstName": "ARTURO",
        "lastName": "GAVINA",
        "phone": "2243458454",
        "address": "2008 N 17TH AVE APT 12",
        "city": "CARPNTRSVL",
        "state": "PARK",
        "zip": "60110",
        "email": "JUDITHGAVINA@YAHOO.COM",
        "dateOfBirth": "1965-09-02T12:00:00",
        "ssn": "337864086",
        "userOrders": null,
        "isSold": false,
        "id": 33052
    },
    {
        "firstName": "KIMBERLY",
        "lastName": "GATES\"",
        "phone": "2512297255",
        "address": "APT 108",
        "city": "MOBILE",
        "state": "SHELTON",
        "zip": "36618",
        "email": "JAZZYRED2012@ATT.NET",
        "dateOfBirth": "1965-05-06T12:00:00",
        "ssn": "555397172",
        "userOrders": null,
        "isSold": false,
        "id": 33058
    }
]