[
    {
        "firstName": "TAMI",
        "lastName": "D",
        "phone": "4087812749",
        "address": "2103 BROKEN RAIL LN",
        "city": "RKLN",
        "state": "CA",
        "zip": "95765",
        "email": "NIELSENST@SBCGLOBAL.NET",
        "dateOfBirth": "1965-08-06T12:00:00",
        "ssn": "556475564",
        "userOrders": null,
        "isSold": false,
        "id": 28302
    },
    {
        "firstName": "JAMES",
        "lastName": "PRICE",
        "phone": "9362016563",
        "address": "2006 PRUITT HILL CIR",
        "city": "NACOGDOCHES",
        "state": "TX",
        "zip": "75961",
        "email": "PRICEJR67@GMAIL.COM",
        "dateOfBirth": "1965-10-20T12:00:00",
        "ssn": "451251423",
        "userOrders": null,
        "isSold": false,
        "id": 28441
    },
    {
        "firstName": "JAMES",
        "lastName": "VETTER",
        "phone": "2487903454",
        "address": "4620 CLYDE RD",
        "city": "OCEOLA TWP",
        "state": "MI",
        "zip": "48855",
        "email": "PLUMCRAZY247@SBCGLOBAL.NET",
        "dateOfBirth": "1965-02-13T12:00:00",
        "ssn": "398663092",
        "userOrders": null,
        "isSold": false,
        "id": 28461
    },
    {
        "firstName": "TARYN",
        "lastName": "SIMPSON",
        "phone": "5013135797",
        "address": "6310 COLONEL GLENN RD APT 537",
        "city": "LITTLE ROCK",
        "state": "ROCK",
        "zip": "72204",
        "email": "TARYN6704@ATT.NET",
        "dateOfBirth": "1965-07-03T12:00:00",
        "ssn": "429399646",
        "userOrders": null,
        "isSold": true,
        "id": 28486
    },
    {
        "firstName": "DOUG",
        "lastName": "HULL",
        "phone": "5175434345",
        "address": "727 WALNUT ST",
        "city": "CHARLOTTE",
        "state": "MI",
        "zip": "48813",
        "email": "HULLSTER@SBCGLOBAL.NET",
        "dateOfBirth": "1965-02-23T12:00:00",
        "ssn": "373509867",
        "userOrders": null,
        "isSold": false,
        "id": 28491
    },
    {
        "firstName": "LARRI",
        "lastName": "CURRY",
        "phone": "7122690553",
        "address": "1523 3RD AVE S",
        "city": "JOLIET",
        "state": "IA",
        "zip": "60441",
        "email": "GETKCLOVE@SBCGLOBAL.NET",
        "dateOfBirth": "1965-05-01T12:00:00",
        "ssn": "343645506",
        "userOrders": null,
        "isSold": false,
        "id": 28576
    },
    {
        "firstName": "PAUL",
        "lastName": "GARANCIS",
        "phone": "2142078488",
        "address": "7827 STANFORD AVE",
        "city": "DALLAS",
        "state": "TX",
        "zip": "75225",
        "email": "PAUL.GARANCIS@GMAIL.COM",
        "dateOfBirth": "1965-12-04T12:00:00",
        "ssn": "387783788",
        "userOrders": null,
        "isSold": false,
        "id": 28620
    },
    {
        "firstName": "SHERRI",
        "lastName": "CHANDLER",
        "phone": "4696848866",
        "address": "8930 S PARK RD",
        "city": "MARYVILLE",
        "state": "AR",
        "zip": "37804",
        "email": "SHERRI_C_65@YAHOO.COM",
        "dateOfBirth": "1965-08-12T12:00:00",
        "ssn": "463491132",
        "userOrders": null,
        "isSold": true,
        "id": 28653
    },
    {
        "firstName": "KATHERINE",
        "lastName": "POINTER",
        "phone": "9492906502",
        "address": "2406 HOLLY LN",
        "city": "NB",
        "state": "BEACH",
        "zip": "92663",
        "email": "WAFFLEPOINTER@GMAIL.COM",
        "dateOfBirth": "1965-12-08T12:00:00",
        "ssn": "452455856",
        "userOrders": null,
        "isSold": false,
        "id": 28697
    },
    {
        "firstName": "CAROLYN",
        "lastName": "HERMAN",
        "phone": "3145501593",
        "address": "3061 BELLERIVE DR",
        "city": "BEL-NOR",
        "state": "LOUIS",
        "zip": "63121",
        "email": "CAROLYNHERMAN@GMAIL.COM",
        "dateOfBirth": "1965-05-29T12:00:00",
        "ssn": "475586447",
        "userOrders": null,
        "isSold": false,
        "id": 28704
    },
    {
        "firstName": "RITA",
        "lastName": "CAZARES",
        "phone": "3133840692",
        "address": "18655 HARMAN ST",
        "city": "ALLEN PARK",
        "state": "MI",
        "zip": "48101",
        "email": "RITA-CAZARES@ATT.NET",
        "dateOfBirth": "1965-08-06T12:00:00",
        "ssn": "380703873",
        "userOrders": null,
        "isSold": false,
        "id": 28781
    },
    {
        "firstName": "DANA",
        "lastName": "LEGATE",
        "phone": "8179912817",
        "address": "3505 PALOMINO DR",
        "city": "ARLINGTON",
        "state": "TX",
        "zip": "76017",
        "email": "DANA7016@ATT.NET",
        "dateOfBirth": "1965-08-25T12:00:00",
        "ssn": "469924993",
        "userOrders": null,
        "isSold": false,
        "id": 28903
    },
    {
        "firstName": "EDWARD",
        "lastName": "SERFATY",
        "phone": "2817174268",
        "address": "8322296907",
        "city": "MISSION VIEJO CA 92691-5144",
        "state": "SADDLEBACK",
        "zip": "KATY",
        "email": "77450",
        "dateOfBirth": "1965-08-03T12:00:00",
        "ssn": "616807287",
        "userOrders": null,
        "isSold": false,
        "id": 28944
    },
    {
        "firstName": "JIMMY",
        "lastName": "J",
        "phone": "6142094444",
        "address": "1991 JERVIS RD",
        "city": "UPPER ARLINGTON",
        "state": "ARLNGTN",
        "zip": "43221",
        "email": "MULLAJG@YAHOO.COM",
        "dateOfBirth": "1965-10-04T12:00:00",
        "ssn": "282061751",
        "userOrders": null,
        "isSold": false,
        "id": 29018
    },
    {
        "firstName": "RENWICK",
        "lastName": "JOHNSON",
        "phone": "8329000749",
        "address": "279 BOYD RD",
        "city": "HOUSTON",
        "state": "SANDY",
        "zip": "77095",
        "email": "RENWICK1523@ATT.NET",
        "dateOfBirth": "1965-07-11T12:00:00",
        "ssn": "455230749",
        "userOrders": null,
        "isSold": false,
        "id": 29104
    }
]