[
    {
        "firstName": "KATHLEEN",
        "lastName": "LEGG",
        "phone": "8164382845",
        "address": "8923 E 74TH ST",
        "city": "RAYTOWN",
        "state": "MO",
        "zip": "64133",
        "email": "KATHY.LEGG@CERNER.COM",
        "dateOfBirth": "1965-01-08T12:00:00",
        "ssn": "514806430",
        "userOrders": null,
        "isSold": false,
        "id": 25554
    },
    {
        "firstName": "MARK",
        "lastName": "BROCKMAN",
        "phone": "3102797754",
        "address": "1133 N DEARBORN ST APT 3001",
        "city": "CHGO",
        "state": "IL",
        "zip": "60610",
        "email": "BROCK@BROCKMANCREATIVE.COM",
        "dateOfBirth": "1965-07-05T12:00:00",
        "ssn": "502928110",
        "userOrders": null,
        "isSold": false,
        "id": 25558
    },
    {
        "firstName": "RAYMOND",
        "lastName": "GRANDBERRY",
        "phone": "3108777874",
        "address": "23319 PRESERVE GLEN CIR",
        "city": "SPRING",
        "state": "TX",
        "zip": "77389",
        "email": "CARAYZN@AOL.COM",
        "dateOfBirth": "1965-03-13T12:00:00",
        "ssn": "361602121",
        "userOrders": null,
        "isSold": false,
        "id": 25629
    },
    {
        "firstName": "BOB",
        "lastName": "CHARRON",
        "phone": "9513160937",
        "address": "17385 VANDERHILL CIR",
        "city": "COR",
        "state": "CA",
        "zip": "92879",
        "email": "DANYELLEC07@GMAIL.COM",
        "dateOfBirth": "1965-09-28T12:00:00",
        "ssn": "566690118",
        "userOrders": null,
        "isSold": false,
        "id": 25877
    },
    {
        "firstName": "CORRIE",
        "lastName": "HAYS",
        "phone": "3865863594",
        "address": "40 ROLLING SANDS DR",
        "city": "PLM CST",
        "state": "COAST",
        "zip": "32164",
        "email": "AGREE2NOTB@YAHOO.COM",
        "dateOfBirth": "1965-11-17T12:00:00",
        "ssn": "267894625",
        "userOrders": null,
        "isSold": false,
        "id": 25892
    },
    {
        "firstName": "MR.",
        "lastName": "JESSIE",
        "phone": "1111110001",
        "address": "5727 S GRAMERCY PL",
        "city": "LA",
        "state": "ANGELES",
        "zip": "90062",
        "email": "EYEBOXGROUP@GMAIL.COM",
        "dateOfBirth": "1965-04-19T12:00:00",
        "ssn": "255252303",
        "userOrders": null,
        "isSold": false,
        "id": 25946
    },
    {
        "firstName": "NOEL",
        "lastName": "SIX",
        "phone": "5099908701",
        "address": "8308375088",
        "city": "CIBOLO TX 78108-3052",
        "state": "SILVER",
        "zip": "SCHERTZ",
        "email": "78108",
        "dateOfBirth": "1965-11-01T12:00:00",
        "ssn": "445789966",
        "userOrders": null,
        "isSold": false,
        "id": 25994
    },
    {
        "firstName": "SHEILAH",
        "lastName": "LEAL",
        "phone": "2096279305",
        "address": "725 W MONTECITO AVE",
        "city": "TRACY",
        "state": "CA",
        "zip": "95391",
        "email": "SHEBILL622@SBCGLOBAL.NET",
        "dateOfBirth": "1965-06-22T12:00:00",
        "ssn": "333861010",
        "userOrders": null,
        "isSold": false,
        "id": 26004
    },
    {
        "firstName": "KIM",
        "lastName": "BINION",
        "phone": "6197490097",
        "address": "1332 SOMERMONT DR",
        "city": "EL CAJ",
        "state": "CAJON",
        "zip": "92021",
        "email": "RAVENHEARTBELLA@GMAIL.COM",
        "dateOfBirth": "1965-08-10T12:00:00",
        "ssn": "571026411",
        "userOrders": null,
        "isSold": false,
        "id": 26020
    },
    {
        "firstName": "SHANNON",
        "lastName": "POLLEY",
        "phone": "5863810448",
        "address": "11768 MONSBROOK CT",
        "city": "STERLING HEIGHTS",
        "state": "HTS",
        "zip": "48312",
        "email": "ROSEJIM@WIDEOPENWEST.COM",
        "dateOfBirth": "1965-07-01T12:00:00",
        "ssn": "371861924",
        "userOrders": null,
        "isSold": false,
        "id": 26077
    },
    {
        "firstName": "KEVIN",
        "lastName": "SHORT",
        "phone": "6784556844",
        "address": "6735 CHELSEA GARDENS WAY",
        "city": "CUMG",
        "state": "GA",
        "zip": "30040",
        "email": "KEVINSHORT32@AOL.COM",
        "dateOfBirth": "1965-11-21T12:00:00",
        "ssn": "235131726",
        "userOrders": null,
        "isSold": false,
        "id": 26262
    },
    {
        "firstName": "DEIRDRE",
        "lastName": "BARNES",
        "phone": "2517097883",
        "address": "123 BONHAM LN",
        "city": "FAIRHOPE",
        "state": "AL",
        "zip": "36532",
        "email": "TIMABARNES@GMAIL.COM",
        "dateOfBirth": "1965-09-22T12:00:00",
        "ssn": "102549814",
        "userOrders": null,
        "isSold": false,
        "id": 26376
    },
    {
        "firstName": "LEONETT",
        "lastName": "HARRIS",
        "phone": "9099089019",
        "address": "3798 OBSIDIAN RD",
        "city": "S BDO",
        "state": "BERNRDNO",
        "zip": "92407",
        "email": "LWHDMW@GMAIL.COM",
        "dateOfBirth": "1965-08-03T12:00:00",
        "ssn": "573196445",
        "userOrders": null,
        "isSold": false,
        "id": 26429
    },
    {
        "firstName": "JOHN",
        "lastName": "MCREYNOLDS",
        "phone": "3218634318",
        "address": "2465 LISA LN",
        "city": "MELB",
        "state": "FL",
        "zip": "32935",
        "email": "MACSPORTSFAM@GMAIL.COM",
        "dateOfBirth": "1965-05-16T12:00:00",
        "ssn": "261996957",
        "userOrders": null,
        "isSold": false,
        "id": 26433
    },
    {
        "firstName": "LISA",
        "lastName": "MOWRY",
        "phone": "6303992902",
        "address": "2200 OAKRIDGE DR APT 10",
        "city": "AURORA",
        "state": "IL",
        "zip": "60502",
        "email": "LISAMMOWRY21@GMAIL.COM",
        "dateOfBirth": "1965-01-10T12:00:00",
        "ssn": "354544072",
        "userOrders": null,
        "isSold": false,
        "id": 26494
    }
]