[
    {
        "firstName": "DEWEY",
        "lastName": "SIMMONS*",
        "phone": "2145278042",
        "address": "988 E INTERSTATE 30 APT 101",
        "city": "GARLAND",
        "state": "TX",
        "zip": "75043",
        "email": "DWYSIMMONS@YAHOO.COM",
        "dateOfBirth": "1965-12-24T12:00:00",
        "ssn": "450250969",
        "userOrders": null,
        "isSold": false,
        "id": 55150
    },
    {
        "firstName": "BEATRIZ",
        "lastName": "HERRERA",
        "phone": "9192715112",
        "address": "APT D",
        "city": "RAL",
        "state": "PEBBLE",
        "zip": "27616",
        "email": "NONE_NONE@HOTMAIL.COM",
        "dateOfBirth": "1965-10-14T12:00:00",
        "ssn": "608860868",
        "userOrders": null,
        "isSold": false,
        "id": 55157
    },
    {
        "firstName": "JEFF",
        "lastName": "BROOKS",
        "phone": "3148080632",
        "address": "1323 MALLARDS WAY",
        "city": "OFALLON",
        "state": "FALLON",
        "zip": "63368",
        "email": "HUBIE31@AOL.COM",
        "dateOfBirth": "1965-03-29T12:00:00",
        "ssn": "498821380",
        "userOrders": null,
        "isSold": false,
        "id": 55220
    },
    {
        "firstName": "MARY",
        "lastName": "DAVIS",
        "phone": "5612511045",
        "address": "12780 53RD RD N",
        "city": "W*P*B",
        "state": "PALM",
        "zip": "33411",
        "email": "JITI5BRFL@BELLSOUTH.NET",
        "dateOfBirth": "1965-09-29T12:00:00",
        "ssn": "447681821",
        "userOrders": null,
        "isSold": false,
        "id": 55335
    },
    {
        "firstName": "YASMIN",
        "lastName": "GHANEM",
        "phone": "4044311346",
        "address": "3915 CROWNED EAGLE",
        "city": "DGLSVL",
        "state": "GA",
        "zip": "30135",
        "email": "MOUNKEZ67@MSN.COM",
        "dateOfBirth": "1965-10-25T12:00:00",
        "ssn": "675092492",
        "userOrders": null,
        "isSold": false,
        "id": 55372
    },
    {
        "firstName": "ARTURO",
        "lastName": "CORTEZ",
        "phone": "2132107193",
        "address": "636 N HILL PL APT 105A",
        "city": "LA",
        "state": "ANGELES",
        "zip": "90012",
        "email": "ARTURO1329@ATT.NET",
        "dateOfBirth": "1965-10-26T12:00:00",
        "ssn": "559974236",
        "userOrders": null,
        "isSold": false,
        "id": 55427
    },
    {
        "firstName": "DAVIS",
        "lastName": "GRIFFIN",
        "phone": "8324096890",
        "address": "8121 JUTLAND RD APT 2",
        "city": "HOUSTON",
        "state": "TX",
        "zip": "77033",
        "email": "DAVISGRIFFIN65@GMAIL.COM",
        "dateOfBirth": "1965-07-03T12:00:00",
        "ssn": "466238682",
        "userOrders": null,
        "isSold": false,
        "id": 55540
    },
    {
        "firstName": "TROY",
        "lastName": "LEDUC",
        "phone": "7852752433",
        "address": "701 LINCOLN ST",
        "city": "CONCORDIA",
        "state": "KS",
        "zip": "66901",
        "email": "TLEDUC1@YAHOO.COM",
        "dateOfBirth": "1965-02-03T12:00:00",
        "ssn": "509666137",
        "userOrders": null,
        "isSold": true,
        "id": 55591
    },
    {
        "firstName": "ALFREDO",
        "lastName": "SANCHEZ",
        "phone": "9548151741",
        "address": "1980 S OCEAN DR APT 18C",
        "city": "HLNDL",
        "state": "BCH",
        "zip": "33009",
        "email": "ALFREDS5865@GMAIL.COM",
        "dateOfBirth": "1965-05-08T12:00:00",
        "ssn": "266890046",
        "userOrders": null,
        "isSold": false,
        "id": 55642
    },
    {
        "firstName": "LAURA",
        "lastName": "LETNER",
        "phone": "2174223018",
        "address": "13 W ENLOW DR",
        "city": "DECATR",
        "state": "IL",
        "zip": "62521",
        "email": "LAURALETNER@ATT.NET",
        "dateOfBirth": "1965-12-08T12:00:00",
        "ssn": "356587148",
        "userOrders": null,
        "isSold": false,
        "id": 55687
    },
    {
        "firstName": "ROBERT",
        "lastName": "CONTINO",
        "phone": "4127214662",
        "address": "484 LYMINGTON RD",
        "city": "TR CNYN",
        "state": "PARK",
        "zip": "92679",
        "email": "RCONTINO@ITS.JNJ.COM",
        "dateOfBirth": "1965-02-08T12:00:00",
        "ssn": "191581484",
        "userOrders": null,
        "isSold": false,
        "id": 55698
    },
    {
        "firstName": "EDWARD",
        "lastName": "BUCCI",
        "phone": "2623471202",
        "address": "3109 DARTMOOR CT",
        "city": "WAUKESHA",
        "state": "WI",
        "zip": "53188",
        "email": "EDWARD.BUCCI@AIG.COM",
        "dateOfBirth": "1965-01-22T12:00:00",
        "ssn": "388900705",
        "userOrders": null,
        "isSold": false,
        "id": 55712
    },
    {
        "firstName": "KHALED",
        "lastName": "ANDAJANY",
        "phone": "9043335433",
        "address": "3111 COUNTRY CLUB BLVD",
        "city": "OR PK",
        "state": "PARK",
        "zip": "32073",
        "email": "KDAJANI5@HOTMAIL.COM",
        "dateOfBirth": "1965-05-27T12:00:00",
        "ssn": "591532314",
        "userOrders": null,
        "isSold": false,
        "id": 55714
    },
    {
        "firstName": "KENNETH",
        "lastName": "WISENHUNT",
        "phone": "6016582077",
        "address": "2202 NODDING PINES DR APT 435",
        "city": "CORPUS CHRISTI",
        "state": "CHRISTI",
        "zip": "78414",
        "email": "THC1123@YAHOO.COM",
        "dateOfBirth": "1965-08-24T12:00:00",
        "ssn": "427376522",
        "userOrders": null,
        "isSold": false,
        "id": 55792
    },
    {
        "firstName": "DEVONAY",
        "lastName": "WILLIS",
        "phone": "9012104322",
        "address": "1492 GENESIS CIR APT 203",
        "city": "MEMPHIS",
        "state": "TN",
        "zip": "38106",
        "email": "DEVONAYWILLIS@ATT.NET",
        "dateOfBirth": "1965-01-28T12:00:00",
        "ssn": "409270409",
        "userOrders": null,
        "isSold": false,
        "id": 55837
    }
]