[
    {
        "firstName": "KIM",
        "lastName": "PETTY",
        "phone": "7076443497",
        "address": "2231 SILVER FOX CIR",
        "city": "FRFLD",
        "state": "CA",
        "zip": "94534",
        "email": "KIMPETTY2265@GMAIL.COM",
        "dateOfBirth": "1965-08-22T12:00:00",
        "ssn": "551173462",
        "userOrders": null,
        "isSold": false,
        "id": 64480
    },
    {
        "firstName": "MARTIN",
        "lastName": "DOMINGUEZ",
        "phone": "8179809841",
        "address": "8109 CUTTER HILL AVE",
        "city": "FORT WORTH",
        "state": "WORTH",
        "zip": "76134",
        "email": "DOMINGUEZ4851@SBCGLOBAL.NET",
        "dateOfBirth": "1965-02-22T12:00:00",
        "ssn": "458999821",
        "userOrders": null,
        "isSold": false,
        "id": 64501
    },
    {
        "firstName": "JAMES",
        "lastName": "BOOTH",
        "phone": "7038018973",
        "address": "5319 CANE RUN RD",
        "city": "ITASCA",
        "state": "KY",
        "zip": "60143",
        "email": "BOOTH1873@YAHOO.COM",
        "dateOfBirth": "1965-05-11T12:00:00",
        "ssn": "329704327",
        "userOrders": null,
        "isSold": false,
        "id": 64506
    },
    {
        "firstName": "ERIC",
        "lastName": "LAYTON",
        "phone": "6143893691",
        "address": "1884 WYTHE ST",
        "city": "COLUMBUS",
        "state": "OH",
        "zip": "43235",
        "email": "ELAYTON955@ATT.NET",
        "dateOfBirth": "1965-08-06T12:00:00",
        "ssn": "270644593",
        "userOrders": null,
        "isSold": false,
        "id": 64521
    },
    {
        "firstName": "FRANK",
        "lastName": "COCO",
        "phone": "7734546227",
        "address": "2345 23RD W",
        "city": "CHGO",
        "state": "IL",
        "zip": "60608",
        "email": "PEKY_ROSE@YAHOO.COM",
        "dateOfBirth": "1965-09-10T12:00:00",
        "ssn": "323507221",
        "userOrders": null,
        "isSold": false,
        "id": 64555
    },
    {
        "firstName": "RALPH",
        "lastName": "UTLER",
        "phone": "4156529400",
        "address": "2349 MARCIA DR",
        "city": "PH",
        "state": "HILL",
        "zip": "94523",
        "email": "REUTLER@SBCGLOBAL.NET",
        "dateOfBirth": "1965-11-14T12:00:00",
        "ssn": "563530567",
        "userOrders": null,
        "isSold": true,
        "id": 64558
    },
    {
        "firstName": "MARK",
        "lastName": "KELNHOFER",
        "phone": "6145231134",
        "address": "6138 SAWGRASS WAY",
        "city": "GENOA TWP",
        "state": "OH",
        "zip": "43082",
        "email": "MARKANDJEANINE@SBCGLOBAL.NET",
        "dateOfBirth": "1965-11-29T12:00:00",
        "ssn": "398585557",
        "userOrders": null,
        "isSold": false,
        "id": 64615
    },
    {
        "firstName": "RAMIRO",
        "lastName": "BAUTISTA",
        "phone": "8315788715",
        "address": "1413 DEL MONTE AVE UNIT O",
        "city": "SLNS",
        "state": "CA",
        "zip": "93905",
        "email": "RAMIROBR65@YAHOO.COM",
        "dateOfBirth": "1965-07-01T12:00:00",
        "ssn": "624051874",
        "userOrders": null,
        "isSold": false,
        "id": 64619
    },
    {
        "firstName": "KAREN",
        "lastName": "KLUKIS",
        "phone": "7083496666",
        "address": "25915 DERBY DR",
        "city": "NEW LENOX",
        "state": "IL",
        "zip": "60451",
        "email": "KLUKAREN@GMAII.COM",
        "dateOfBirth": "1965-08-18T12:00:00",
        "ssn": "356649184",
        "userOrders": null,
        "isSold": false,
        "id": 64665
    },
    {
        "firstName": "WEN",
        "lastName": "LEE",
        "phone": "1111110001",
        "address": "APT K",
        "city": "ORG",
        "state": "N",
        "zip": "92867",
        "email": "WENCHING65@GMAIL.COM",
        "dateOfBirth": "1965-11-24T12:00:00",
        "ssn": "610322805",
        "userOrders": null,
        "isSold": false,
        "id": 64668
    },
    {
        "firstName": "SCOTT",
        "lastName": "REEDER",
        "phone": "2176297372",
        "address": "620 BRIARWOOD RD",
        "city": "SPALDNG",
        "state": "IL",
        "zip": "62684",
        "email": "NEWSY1@AOL.COM",
        "dateOfBirth": "1965-02-12T12:00:00",
        "ssn": "335589589",
        "userOrders": null,
        "isSold": false,
        "id": 64901
    },
    {
        "firstName": "NURAN",
        "lastName": "SOYDAN",
        "phone": "8312334998",
        "address": "PO BOX 725",
        "city": "MTRY",
        "state": "CA",
        "zip": "93940",
        "email": "NURANSOYDAN@GMAIL.COM",
        "dateOfBirth": "1965-11-01T12:00:00",
        "ssn": "610821779",
        "userOrders": null,
        "isSold": false,
        "id": 64922
    },
    {
        "firstName": "BOBBIE",
        "lastName": "DANIEL*",
        "phone": "4074917504",
        "address": "5236 SHALE RIDGE TRL",
        "city": "ORL",
        "state": "FL",
        "zip": "32818",
        "email": "BOBBIE7TH@AOL.COM",
        "dateOfBirth": "1965-08-03T12:00:00",
        "ssn": "265871060",
        "userOrders": null,
        "isSold": false,
        "id": 64966
    },
    {
        "firstName": "ANCA",
        "lastName": "BUJES",
        "phone": "4153500829",
        "address": "5256 BOYD AVE",
        "city": "OAK",
        "state": "CA",
        "zip": "94618",
        "email": "ANCABUJES@GMAIL.COM",
        "dateOfBirth": "1965-09-02T12:00:00",
        "ssn": "565672243",
        "userOrders": null,
        "isSold": false,
        "id": 65112
    },
    {
        "firstName": "JANICE",
        "lastName": "MCMELLON",
        "phone": "9039494942",
        "address": "193 PIERCE RD",
        "city": "TEXARKANA",
        "state": "TX",
        "zip": "75501",
        "email": "JMCMELLON65@GMAIL.COM",
        "dateOfBirth": "1965-10-04T12:00:00",
        "ssn": "460319925",
        "userOrders": null,
        "isSold": false,
        "id": 65215
    }
]