[
    {
        "firstName": "ISMAEL",
        "lastName": "PEREZ",
        "phone": "8177247273",
        "address": "2916 ELINOR ST APT 100",
        "city": "FORT WORTH",
        "state": "WORTH",
        "zip": "76111",
        "email": "IPEREZ_11@HOTMAIL.COM",
        "dateOfBirth": "1965-11-27T12:00:00",
        "ssn": "462316953",
        "userOrders": null,
        "isSold": false,
        "id": 30874
    },
    {
        "firstName": "NADIA",
        "lastName": "LAKHDAR",
        "phone": "3126788201",
        "address": "APT C4",
        "city": "CHGO",
        "state": "N",
        "zip": "60640",
        "email": "NADIA.LAKHDAR05@GMAIL.COM",
        "dateOfBirth": "1965-01-30T12:00:00",
        "ssn": "339089451",
        "userOrders": null,
        "isSold": true,
        "id": 30886
    },
    {
        "firstName": "TRACY",
        "lastName": "HENRY",
        "phone": "5739310384",
        "address": "310 E PINE ST",
        "city": "EAST PRAIRIE",
        "state": "PRAIRIE",
        "zip": "63845",
        "email": "BGIRL52@AOL.COM",
        "dateOfBirth": "1965-01-04T12:00:00",
        "ssn": "494680056",
        "userOrders": null,
        "isSold": false,
        "id": 30935
    },
    {
        "firstName": "MICHELLE",
        "lastName": "LAWRENCE",
        "phone": "7138527223",
        "address": "16903 SAVANNAH PARK DR",
        "city": "CYPRESS",
        "state": "TX",
        "zip": "77429",
        "email": "MEMELAW@HOTMAIL.COM",
        "dateOfBirth": "1965-08-15T12:00:00",
        "ssn": "435431469",
        "userOrders": null,
        "isSold": false,
        "id": 30984
    },
    {
        "firstName": "JOHN",
        "lastName": "STORY",
        "phone": "6198384449",
        "address": "5076 1/2 LOTUS ST",
        "city": "SD",
        "state": "DIEGO",
        "zip": "92107",
        "email": "JSTORY@HOTMAIL.COM",
        "dateOfBirth": "1965-09-15T12:00:00",
        "ssn": "545491251",
        "userOrders": null,
        "isSold": false,
        "id": 31067
    },
    {
        "firstName": "GEORGE",
        "lastName": "RICHARDSON",
        "phone": "7542445433",
        "address": "918 NW 2ND AVE",
        "city": "HLNDL",
        "state": "BCH",
        "zip": "33009",
        "email": "GEORGERICHARDSON934@YAHOO.COM",
        "dateOfBirth": "1965-04-21T12:00:00",
        "ssn": "531396132",
        "userOrders": null,
        "isSold": false,
        "id": 31102
    },
    {
        "firstName": "DENISE",
        "lastName": "MOORE",
        "phone": "3604342028",
        "address": "PO BOX 1337",
        "city": "MISHAWAKA",
        "state": "MA",
        "zip": "46544",
        "email": "MOORED011@HOTMAIL.COM",
        "dateOfBirth": "1965-06-15T12:00:00",
        "ssn": "311843952",
        "userOrders": null,
        "isSold": true,
        "id": 31298
    },
    {
        "firstName": "NANCY",
        "lastName": "JOHNSON",
        "phone": "1111110017",
        "address": "45311 HEATHERWOODE LN",
        "city": "MACOMB TWP",
        "state": "MI",
        "zip": "48044",
        "email": "NANCYSJOHNSON@SBCGLOBAL.NET",
        "dateOfBirth": "1965-07-29T12:00:00",
        "ssn": "402921272",
        "userOrders": null,
        "isSold": false,
        "id": 31378
    },
    {
        "firstName": "AURELIO",
        "lastName": "MUCCI",
        "phone": "5106764311",
        "address": "16040 BERKSHIRE RD",
        "city": "SN LDRO",
        "state": "LEANDRO",
        "zip": "94578",
        "email": "AURELIOMUCCI@YAHOO.COM",
        "dateOfBirth": "1965-04-14T12:00:00",
        "ssn": "729091166",
        "userOrders": null,
        "isSold": false,
        "id": 31454
    },
    {
        "firstName": "TRACY",
        "lastName": "PHILLIPS",
        "phone": "7738860037",
        "address": "2712 W MONROE ST UNIT B",
        "city": "CHGO",
        "state": "IL",
        "zip": "60612",
        "email": "TRACYPHILLIPS2712@ATT.NET",
        "dateOfBirth": "1965-07-31T12:00:00",
        "ssn": "408391786",
        "userOrders": null,
        "isSold": false,
        "id": 31704
    },
    {
        "firstName": "GREGORY",
        "lastName": "WINTER",
        "phone": "7138802224",
        "address": "3911 ABBEYWOOD DR",
        "city": "HOUSTON",
        "state": "TX",
        "zip": "77007",
        "email": "GAWINTER1@YAHOO.COM",
        "dateOfBirth": "1965-11-20T12:00:00",
        "ssn": "431983529",
        "userOrders": null,
        "isSold": false,
        "id": 31760
    },
    {
        "firstName": "CATHERINE",
        "lastName": "GABBETT",
        "phone": "4084104916",
        "address": "5843 HILLVIEW AVE",
        "city": "SJ",
        "state": "JOSE",
        "zip": "95123",
        "email": "CATHIGABBETT@GMAIL.COM",
        "dateOfBirth": "1965-07-20T12:00:00",
        "ssn": "571538765",
        "userOrders": null,
        "isSold": true,
        "id": 31764
    },
    {
        "firstName": "MARGARITA",
        "lastName": "ZAPEDA",
        "phone": "5613065185",
        "address": "21946 HOLLY TREE WAY",
        "city": "BOCA RATON",
        "state": "RATON",
        "zip": "33428",
        "email": "MARGARITA@MCEPEDA.COM",
        "dateOfBirth": "1965-05-10T12:00:00",
        "ssn": "115542438",
        "userOrders": null,
        "isSold": false,
        "id": 31770
    },
    {
        "firstName": "JACQUELINE",
        "lastName": "BOUTTE",
        "phone": "3376367988",
        "address": "1009 FIELD ST",
        "city": "NEW IBERIA",
        "state": "IBERIA",
        "zip": "70560",
        "email": "JACQUELINEBOUTTE@ATT.NET",
        "dateOfBirth": "1965-08-28T12:00:00",
        "ssn": "433339575",
        "userOrders": null,
        "isSold": false,
        "id": 31785
    },
    {
        "firstName": "TRACY",
        "lastName": "HARGROVE",
        "phone": "2053107645",
        "address": "1066 WOODLORE CIR",
        "city": "G*B",
        "state": "BREEZE",
        "zip": "32563",
        "email": "RALPHHARGROVE@YAHOO.COM",
        "dateOfBirth": "1965-12-26T12:00:00",
        "ssn": "257274337",
        "userOrders": null,
        "isSold": false,
        "id": 32066
    }
]