[
    {
        "firstName": "THEODORE",
        "lastName": "CAIAZZA",
        "phone": "8479752628",
        "address": "2439 N DRURY LN",
        "city": "ARL HTS",
        "state": "HTS",
        "zip": "60004",
        "email": "TCAIA@COMCAST.NET",
        "dateOfBirth": "1965-08-24T12:00:00",
        "ssn": "319563975",
        "userOrders": null,
        "isSold": false,
        "id": 42178
    },
    {
        "firstName": "JOHN",
        "lastName": "RISE",
        "phone": "9137805187",
        "address": "14892 W 156TH CIR",
        "city": "JOHNSON COUNTY",
        "state": "KS",
        "zip": "66062",
        "email": "JRISE@SBCGLOBAL.NET",
        "dateOfBirth": "1965-11-20T12:00:00",
        "ssn": "508807492",
        "userOrders": null,
        "isSold": true,
        "id": 42236
    },
    {
        "firstName": "DEBBIE",
        "lastName": "PACE",
        "phone": "8322027194",
        "address": "4322 AZTEC ST",
        "city": "PASADENA",
        "state": "TX",
        "zip": "77504",
        "email": "DEBBIE@DEBBIEPACE.COM",
        "dateOfBirth": "1965-12-29T12:00:00",
        "ssn": "463553781",
        "userOrders": null,
        "isSold": false,
        "id": 42465
    },
    {
        "firstName": "JEANETT",
        "lastName": "HARMON",
        "phone": "7133745218",
        "address": "1590 ELGIE ST",
        "city": "HOUSTON",
        "state": "TX",
        "zip": "77086",
        "email": "JEANETTA8854@GMAIL.COM",
        "dateOfBirth": "1965-09-10T12:00:00",
        "ssn": "435392192",
        "userOrders": null,
        "isSold": false,
        "id": 42547
    },
    {
        "firstName": "REBECCA",
        "lastName": "SEVERSON",
        "phone": "5123885810",
        "address": "900 OAKLANDS DR",
        "city": "ROUND ROCK",
        "state": "ROCK",
        "zip": "78681",
        "email": "RJSEVERSON2002@AOL.COM",
        "dateOfBirth": "1965-03-16T12:00:00",
        "ssn": "465293845",
        "userOrders": null,
        "isSold": true,
        "id": 42558
    },
    {
        "firstName": "ANDREW",
        "lastName": "SOTO",
        "phone": "2095372368",
        "address": "1416 HACKETT RD",
        "city": "CERES",
        "state": "CA",
        "zip": "95307",
        "email": "64LIGHT@SBCGLOBAL.NET",
        "dateOfBirth": "1965-05-27T12:00:00",
        "ssn": "566294625",
        "userOrders": null,
        "isSold": false,
        "id": 42566
    },
    {
        "firstName": "CHRISTINE",
        "lastName": "BOOTH",
        "phone": "6182779083",
        "address": "45 BEDFORD DR",
        "city": "BELVL",
        "state": "IL",
        "zip": "62226",
        "email": "KISSBOOTH@YAHOO.COM",
        "dateOfBirth": "1965-06-06T12:00:00",
        "ssn": "323508543",
        "userOrders": null,
        "isSold": false,
        "id": 42600
    },
    {
        "firstName": "SEAN",
        "lastName": "CURRY",
        "phone": "3174983899",
        "address": "7684 W WILLIAMSWOOD DR",
        "city": "NEW PALESTINE",
        "state": "PALESTINE",
        "zip": "46163",
        "email": "IUFANMAN@AOL.COM",
        "dateOfBirth": "1965-06-04T12:00:00",
        "ssn": "313825376",
        "userOrders": null,
        "isSold": false,
        "id": 42628
    },
    {
        "firstName": "MICHAEL",
        "lastName": "HSU",
        "phone": "1111110001",
        "address": "1701 E HEBRON PKWY APT 6306",
        "city": "BURLESON",
        "state": "TX",
        "zip": "76028",
        "email": "HAEJUK0810@GMAIL.COM",
        "dateOfBirth": "1965-02-01T12:00:00",
        "ssn": "134686260",
        "userOrders": null,
        "isSold": false,
        "id": 42673
    },
    {
        "firstName": "GEORGE",
        "lastName": "JONES",
        "phone": "9152409811",
        "address": "1471 RUDY MONTOYA DR",
        "city": "EL PASO",
        "state": "PASO",
        "zip": "79936",
        "email": "DERRICKJONEZ@YAHOO.COM",
        "dateOfBirth": "1965-01-21T12:00:00",
        "ssn": "325581956",
        "userOrders": null,
        "isSold": false,
        "id": 42762
    },
    {
        "firstName": "DANIEL",
        "lastName": "MARTINEZ",
        "phone": "9158601556",
        "address": "1 VIA PLACITA",
        "city": "EL PASO",
        "state": "PASO",
        "zip": "79927",
        "email": "DAN-MARTINEZ@ATT.NET",
        "dateOfBirth": "1965-06-16T12:00:00",
        "ssn": "449614772",
        "userOrders": null,
        "isSold": false,
        "id": 42842
    },
    {
        "firstName": "RODNEY",
        "lastName": "HAMPTON",
        "phone": "8169851118",
        "address": "3304 N MCCOY ST",
        "city": "INDEPENDENCE",
        "state": "MO",
        "zip": "64050",
        "email": "RODNEY.HAMPTON3@YAHOO.COM",
        "dateOfBirth": "1965-12-22T12:00:00",
        "ssn": "495829472",
        "userOrders": null,
        "isSold": false,
        "id": 42850
    },
    {
        "firstName": "EMILY",
        "lastName": "OPPEL",
        "phone": "9548219606",
        "address": "1520 NE 56TH ST APT 5",
        "city": "FT L",
        "state": "LAUDERDALE",
        "zip": "33334",
        "email": "EMILY.OPPEL@CONCURRENT-RT.COM",
        "dateOfBirth": "1965-01-04T12:00:00",
        "ssn": "141663415",
        "userOrders": null,
        "isSold": false,
        "id": 42921
    },
    {
        "firstName": "JAMES",
        "lastName": "KINGSBY",
        "phone": "3186244890",
        "address": "2101 BAUCUM PL",
        "city": "HAYNESVILLE",
        "state": "LA",
        "zip": "71038",
        "email": "NONE@NONE.COM",
        "dateOfBirth": "1965-09-23T12:00:00",
        "ssn": "436157192",
        "userOrders": null,
        "isSold": false,
        "id": 42940
    },
    {
        "firstName": "MAIDA",
        "lastName": "GREENBERG",
        "phone": "7073263146",
        "address": "PO BOX 874",
        "city": "VCVL",
        "state": "CA",
        "zip": "95688",
        "email": "MYDAG46@GMAIL.COM",
        "dateOfBirth": "1965-12-18T12:00:00",
        "ssn": "572080919",
        "userOrders": null,
        "isSold": false,
        "id": 43170
    }
]