[
    {
        "firstName": "MR.",
        "lastName": "JOSE",
        "phone": "7082681256",
        "address": "3736 1/2 RIDGELAND AVE APT 1",
        "city": "BRWYN",
        "state": "IL",
        "zip": "60402",
        "email": "MARIAZ65@ATT.NET",
        "dateOfBirth": "1965-09-05T12:00:00",
        "ssn": "322828687",
        "userOrders": null,
        "isSold": false,
        "id": 92905
    },
    {
        "firstName": "MICHAEL",
        "lastName": "WONG",
        "phone": "3144010736",
        "address": "11453 LADUE RD",
        "city": "CREVE COEUR",
        "state": "COEUR",
        "zip": "63141",
        "email": "WONG_M333@SBCGLOBAL.NET",
        "dateOfBirth": "1965-10-08T12:00:00",
        "ssn": "122522184",
        "userOrders": null,
        "isSold": false,
        "id": 92922
    },
    {
        "firstName": "DONNA",
        "lastName": "TURNER",
        "phone": "3102003539",
        "address": "108 BLACK OAK DR",
        "city": "DALLAS",
        "state": "TX",
        "zip": "75206",
        "email": "DONNAGTURNER@YAHOO.COM",
        "dateOfBirth": "1965-01-17T12:00:00",
        "ssn": "452559341",
        "userOrders": null,
        "isSold": false,
        "id": 92942
    },
    {
        "firstName": "TITO",
        "lastName": "DIAZ",
        "phone": "8152198799",
        "address": "350 S MAIN ST APT 14",
        "city": "WACONDA",
        "state": "IL",
        "zip": "60084",
        "email": "YURIDIA_83_8@HOTMAIL.COM",
        "dateOfBirth": "1965-02-06T12:00:00",
        "ssn": "328887458",
        "userOrders": null,
        "isSold": false,
        "id": 92965
    },
    {
        "firstName": "KENNETH",
        "lastName": "ERICKSEN",
        "phone": "5043285735",
        "address": "5048132694",
        "city": "WESTWEGO LA 70094-2306",
        "state": "MODERN",
        "zip": "MARRERO",
        "email": "70072",
        "dateOfBirth": "1965-04-29T12:00:00",
        "ssn": "439211116",
        "userOrders": null,
        "isSold": false,
        "id": 93021
    },
    {
        "firstName": "DAVID",
        "lastName": "WILSON",
        "phone": "2815997236",
        "address": "20731 MUSTANG FALLS CT",
        "city": "KATY",
        "state": "TX",
        "zip": "77450",
        "email": "DAVIDWILSON@SBCGLOBAL.NET",
        "dateOfBirth": "1965-01-12T12:00:00",
        "ssn": "462370622",
        "userOrders": null,
        "isSold": false,
        "id": 93191
    },
    {
        "firstName": "ANITA",
        "lastName": "CASKEY",
        "phone": "2813448794",
        "address": "1207 WOVEN WOOD CT",
        "city": "RICHMOND",
        "state": "TX",
        "zip": "77406",
        "email": "ACASKEY01@ATT.NET",
        "dateOfBirth": "1965-12-10T12:00:00",
        "ssn": "466612645",
        "userOrders": null,
        "isSold": false,
        "id": 93198
    },
    {
        "firstName": "YI",
        "lastName": "WEN",
        "phone": "5103960121",
        "address": "40557 AMBAR PL",
        "city": "FMT",
        "state": "CA",
        "zip": "94539",
        "email": "YIWENKUO@YAHOO.COM",
        "dateOfBirth": "1965-01-04T12:00:00",
        "ssn": "328866546",
        "userOrders": null,
        "isSold": false,
        "id": 93216
    },
    {
        "firstName": "SHAWN",
        "lastName": "A",
        "phone": "8156309068",
        "address": "206 DIANA ST",
        "city": "DECATR",
        "state": "IL",
        "zip": "62526",
        "email": "SHAWNDALY@ATT.NET",
        "dateOfBirth": "1965-07-05T12:00:00",
        "ssn": "320586531",
        "userOrders": null,
        "isSold": false,
        "id": 93367
    },
    {
        "firstName": "MARK",
        "lastName": "LINDAUER",
        "phone": "8102277706",
        "address": "4632 MOUNT BRIGHTON DR",
        "city": "BRIGHTON TWP",
        "state": "MI",
        "zip": "48114",
        "email": "LINDAUER5056@GMAIL.COM",
        "dateOfBirth": "1965-08-05T12:00:00",
        "ssn": "404804896",
        "userOrders": null,
        "isSold": false,
        "id": 93384
    },
    {
        "firstName": "PAMELA",
        "lastName": "S",
        "phone": "9188614205",
        "address": "3320 W 41ST ST",
        "city": "TULSA",
        "state": "OK",
        "zip": "74107",
        "email": "JMPS89723@OUTLOOK.COM",
        "dateOfBirth": "1965-06-23T12:00:00",
        "ssn": "443787536",
        "userOrders": null,
        "isSold": false,
        "id": 93403
    },
    {
        "firstName": "SUNG",
        "lastName": "WOOK",
        "phone": "8589268328",
        "address": "10957 CAMINITO ARCADA",
        "city": "SD",
        "state": "DIEGO",
        "zip": "92131",
        "email": "SOCOMDESIGN@GMAIL.COM",
        "dateOfBirth": "1965-05-20T12:00:00",
        "ssn": "618433750",
        "userOrders": null,
        "isSold": false,
        "id": 93476
    },
    {
        "firstName": "FRANK",
        "lastName": "MEYERS",
        "phone": "8432450084",
        "address": "913 W SUMTER ST",
        "city": "FLORENCE",
        "state": "SC",
        "zip": "29501",
        "email": "TONYAMEYERS41@YAHOO.COM",
        "dateOfBirth": "1965-01-05T12:00:00",
        "ssn": "248473418",
        "userOrders": null,
        "isSold": false,
        "id": 93565
    },
    {
        "firstName": "FELECIA",
        "lastName": "WATSON",
        "phone": "5046696246",
        "address": "APT 54",
        "city": "TERRYTOWN",
        "state": "CARROLLWOOD",
        "zip": "70056",
        "email": "FELECIAD4U@YAHOO.COM",
        "dateOfBirth": "1965-02-12T12:00:00",
        "ssn": "425195964",
        "userOrders": null,
        "isSold": false,
        "id": 93678
    },
    {
        "firstName": "KEVIN",
        "lastName": "HUNTER",
        "phone": "8089903526",
        "address": "1665 HIGHLAND AVE",
        "city": "VERO BCH",
        "state": "BEACH",
        "zip": "32960",
        "email": "BRANDYJHUNTER@YAHOO.COM",
        "dateOfBirth": "1965-06-16T12:00:00",
        "ssn": "300648406",
        "userOrders": null,
        "isSold": false,
        "id": 93708
    }
]