[
    {
        "firstName": "ELVINA",
        "lastName": "SAMUELS",
        "phone": "3302080433",
        "address": "62 VESPER ST",
        "city": "AKRON",
        "state": "OH",
        "zip": "44310",
        "email": "SAMUELSELVINA@YAHOO.COM",
        "dateOfBirth": "1965-12-04T12:00:00",
        "ssn": "267499461",
        "userOrders": null,
        "isSold": false,
        "id": 26504
    },
    {
        "firstName": "DEBORAH",
        "lastName": "KODORA",
        "phone": "5049082998",
        "address": "4357 GENERAL MEYER AVE",
        "city": "MANDEVILLE",
        "state": "ORLEANS",
        "zip": "70448",
        "email": "KODORDE@GMAIL.COM",
        "dateOfBirth": "1965-07-18T12:00:00",
        "ssn": "439435794",
        "userOrders": null,
        "isSold": false,
        "id": 26688
    },
    {
        "firstName": "RAFAEL",
        "lastName": "LUGO",
        "phone": "6168348656",
        "address": "3282 BARBARAY WAY",
        "city": "HOLLAND",
        "state": "MI",
        "zip": "49423",
        "email": "RAFAELLUGO63@YAHOO.COM",
        "dateOfBirth": "1965-03-12T12:00:00",
        "ssn": "374788473",
        "userOrders": null,
        "isSold": false,
        "id": 26788
    },
    {
        "firstName": "MARTIN",
        "lastName": "VELASQUEZ",
        "phone": "6193007829",
        "address": "3744 BANCROFT ST APT 5",
        "city": "SD",
        "state": "DIEGO",
        "zip": "92104",
        "email": "VICKYGEEFLORES@HOTMAIL.COM",
        "dateOfBirth": "1965-05-12T12:00:00",
        "ssn": "609126857",
        "userOrders": null,
        "isSold": false,
        "id": 26848
    },
    {
        "firstName": "BEVERLY",
        "lastName": "SIMMONS",
        "phone": "8437972670",
        "address": "2921 OTRANTO RD",
        "city": "N CHAS",
        "state": "SC",
        "zip": "29406",
        "email": "GSIMMONS@AOL.COM",
        "dateOfBirth": "1965-06-24T12:00:00",
        "ssn": "247459705",
        "userOrders": null,
        "isSold": false,
        "id": 26913
    },
    {
        "firstName": "LEIGH",
        "lastName": "YAP",
        "phone": "4805777230",
        "address": "1846 W BROOKWOOD CT",
        "city": "SD",
        "state": "AZ",
        "zip": "92101",
        "email": "LYAP65@GMAIL.COM",
        "dateOfBirth": "1965-11-27T12:00:00",
        "ssn": "557673228",
        "userOrders": null,
        "isSold": false,
        "id": 26951
    },
    {
        "firstName": "JUDY",
        "lastName": "IRISH",
        "phone": "5127334587",
        "address": "13110 MARBLE FALLS CV",
        "city": "AUSTIN",
        "state": "TX",
        "zip": "78729",
        "email": "JUDY_RISH@YAHOO.COM",
        "dateOfBirth": "1965-12-09T12:00:00",
        "ssn": "454532852",
        "userOrders": null,
        "isSold": false,
        "id": 26968
    },
    {
        "firstName": "MARY",
        "lastName": "MARTIN",
        "phone": "6782094225",
        "address": "7160 JOSHUA WAY",
        "city": "ATL",
        "state": "GA",
        "zip": "30311",
        "email": "MARY.MM165@GMAIL.COM",
        "dateOfBirth": "1965-06-16T12:00:00",
        "ssn": "186605131",
        "userOrders": null,
        "isSold": false,
        "id": 27024
    },
    {
        "firstName": "SUSY",
        "lastName": "DORSEY",
        "phone": "6197429032",
        "address": "2355 CAMINITO AGRADO",
        "city": "SD",
        "state": "DIEGO",
        "zip": "92107",
        "email": "IAMSUSYD@GMAIL.COM",
        "dateOfBirth": "1965-02-08T12:00:00",
        "ssn": "526851513",
        "userOrders": null,
        "isSold": false,
        "id": 27030
    },
    {
        "firstName": "SEAN",
        "lastName": "DALEY",
        "phone": "2146165948",
        "address": "1435 CHASE LN",
        "city": "IRVING",
        "state": "TX",
        "zip": "75063",
        "email": "DALEY.S@MAC.COM",
        "dateOfBirth": "1965-03-30T12:00:00",
        "ssn": "645822823",
        "userOrders": null,
        "isSold": false,
        "id": 27145
    },
    {
        "firstName": "DONNELL",
        "lastName": "PICKERING",
        "phone": "2252661981",
        "address": "3444 WAYNE DR",
        "city": "BATON ROUGE",
        "state": "ROUGE",
        "zip": "70805",
        "email": "DONNELL.ALLEN@GMAIL.COM",
        "dateOfBirth": "1965-03-11T12:00:00",
        "ssn": "439944117",
        "userOrders": null,
        "isSold": true,
        "id": 27175
    },
    {
        "firstName": "CAROLYNN",
        "lastName": "DAWKINS",
        "phone": "7043493428",
        "address": "4953 SUMMERSIDE DR",
        "city": "CLOVER",
        "state": "SC",
        "zip": "29710",
        "email": "CAMSMOM614@YAHOO.COM",
        "dateOfBirth": "1965-07-22T12:00:00",
        "ssn": "250455217",
        "userOrders": null,
        "isSold": false,
        "id": 27211
    },
    {
        "firstName": "LYNN",
        "lastName": "BROOKS",
        "phone": "6302515939",
        "address": "406 TWINLEAF TRL",
        "city": "YORKVL",
        "state": "IL",
        "zip": "60560",
        "email": "L.JANSSEN.BROOKS@GMAIL.COM",
        "dateOfBirth": "1965-01-07T12:00:00",
        "ssn": "360621143",
        "userOrders": null,
        "isSold": false,
        "id": 27213
    },
    {
        "firstName": "CRAIG",
        "lastName": "SCHLESSER",
        "phone": "5038534632",
        "address": "5084 W MORRIS AVE",
        "city": "FRS",
        "state": "CA",
        "zip": "93722",
        "email": "CRAIG.SCHLESSER@GMAIL.COM",
        "dateOfBirth": "1965-03-02T12:00:00",
        "ssn": "540986229",
        "userOrders": null,
        "isSold": false,
        "id": 27350
    },
    {
        "firstName": "ANDREA",
        "lastName": "LOPEZ",
        "phone": "5593805399",
        "address": "509 E MONTEREY ST",
        "city": "AVNL",
        "state": "CA",
        "zip": "93204",
        "email": "ANDREA8538@ATT.NET",
        "dateOfBirth": "1965-11-30T12:00:00",
        "ssn": "617749224",
        "userOrders": null,
        "isSold": false,
        "id": 27357
    }
]