[
    {
        "firstName": "PASCUAL",
        "lastName": "MEDINA",
        "phone": "8329011380",
        "address": "2017 TERRY ST",
        "city": "HOUSTON",
        "state": "TX",
        "zip": "77076",
        "email": "PASCUAL.MEDINA0565@GMAIL.COM",
        "dateOfBirth": "1965-05-15T12:00:00",
        "ssn": "239615767",
        "userOrders": null,
        "isSold": false,
        "id": 91320
    },
    {
        "firstName": "WENDY",
        "lastName": "MAYS",
        "phone": "3185405685",
        "address": "PO BOX 1071",
        "city": "COUSHATTA",
        "state": "LA",
        "zip": "71019",
        "email": "WENDYMAYS@YAHOO.COM",
        "dateOfBirth": "1965-02-21T12:00:00",
        "ssn": "439354535",
        "userOrders": null,
        "isSold": false,
        "id": 91359
    },
    {
        "firstName": "FRANK",
        "lastName": "MOSELY",
        "phone": "2149383281",
        "address": "9254 FOREST LN APT 306",
        "city": "DALLAS",
        "state": "TX",
        "zip": "75243",
        "email": "MOSELY.FRANK@ATT.NET",
        "dateOfBirth": "1965-04-10T12:00:00",
        "ssn": "456415207",
        "userOrders": null,
        "isSold": false,
        "id": 91421
    },
    {
        "firstName": "LISA",
        "lastName": "CHAMBERS",
        "phone": "9163353442",
        "address": "224 E GARDEN ST APT 307",
        "city": "PENSACOLA",
        "state": "FL",
        "zip": "32501",
        "email": "CATNIP.ZONE7@GMAIL.COM",
        "dateOfBirth": "1965-06-19T12:00:00",
        "ssn": "252395749",
        "userOrders": null,
        "isSold": false,
        "id": 91459
    },
    {
        "firstName": "ANNE",
        "lastName": "MATEER",
        "phone": "9137067060",
        "address": "14001 W 158TH ST",
        "city": "OLATHE",
        "state": "KS",
        "zip": "66062",
        "email": "ABURCHCT@OLATHESCHOOLS.ORG",
        "dateOfBirth": "1965-11-05T12:00:00",
        "ssn": "498541529",
        "userOrders": null,
        "isSold": false,
        "id": 91527
    },
    {
        "firstName": "ENRIQUETA",
        "lastName": "WONG",
        "phone": "6197088016",
        "address": "723 EASTSHORE TER UNIT 59",
        "city": "CHLA VSTA",
        "state": "VISTA",
        "zip": "91913",
        "email": "QUETITAWONG@YAHOO.COM",
        "dateOfBirth": "1965-11-28T12:00:00",
        "ssn": "609084178",
        "userOrders": null,
        "isSold": true,
        "id": 91545
    },
    {
        "firstName": "RALPH",
        "lastName": "HERKLEY",
        "phone": "2163567414",
        "address": "11902 WILLARD AVE",
        "city": "GARFIELD HEIGHTS",
        "state": "HTS",
        "zip": "44125",
        "email": "RHERKLEY@YAHOO.COM",
        "dateOfBirth": "1965-05-08T12:00:00",
        "ssn": "271743200",
        "userOrders": null,
        "isSold": false,
        "id": 91577
    },
    {
        "firstName": "ALYSANNE",
        "lastName": "HAHN",
        "phone": "8185542138",
        "address": "RIGHT CHOICE",
        "city": "C PK",
        "state": "OWENSMOUTH",
        "zip": "91303",
        "email": "DHAHN@MEDNET.UCLA.EDU",
        "dateOfBirth": "1965-12-04T12:00:00",
        "ssn": "490862906",
        "userOrders": null,
        "isSold": false,
        "id": 91675
    },
    {
        "firstName": "DEBORAH",
        "lastName": "FORD",
        "phone": "9046311555",
        "address": "8025 BAYMEADOWS CIR E APT 2103",
        "city": "JKVL",
        "state": "FL",
        "zip": "32256",
        "email": "FORDD1@ATT.NET",
        "dateOfBirth": "1965-10-16T12:00:00",
        "ssn": "592053630",
        "userOrders": null,
        "isSold": false,
        "id": 91695
    },
    {
        "firstName": "ROGER",
        "lastName": "WILLIAMS",
        "phone": "3139781709",
        "address": "836 BRANDON AVE",
        "city": "PONTIAC",
        "state": "MI",
        "zip": "48340",
        "email": "BRITBRAN1105@YAHOO.COM",
        "dateOfBirth": "1965-12-20T12:00:00",
        "ssn": "386869612",
        "userOrders": null,
        "isSold": false,
        "id": 91747
    },
    {
        "firstName": "JAVIER",
        "lastName": "VIOLLASENOR",
        "phone": "7073387766",
        "address": "17877 RAILROAD AVE",
        "city": "SNMA",
        "state": "CA",
        "zip": "95476",
        "email": "JAVIER178@AATT.NET",
        "dateOfBirth": "1965-11-20T12:00:00",
        "ssn": "546438436",
        "userOrders": null,
        "isSold": false,
        "id": 91772
    },
    {
        "firstName": "TIM",
        "lastName": "BELCHER",
        "phone": "5868597370",
        "address": "17313 LINCOLN AVE",
        "city": "EASTPOINTE",
        "state": "MI",
        "zip": "48021",
        "email": "LIL_MISS_MOE67@ATT.NET",
        "dateOfBirth": "1965-08-10T12:00:00",
        "ssn": "370904852",
        "userOrders": null,
        "isSold": false,
        "id": 91796
    },
    {
        "firstName": "MICHEAL",
        "lastName": "WILLIAMS",
        "phone": "1111110007",
        "address": "118 CLIFTON DR",
        "city": "ATH",
        "state": "GA",
        "zip": "30606",
        "email": "WORKOUTWARRIORS@BELLSOUTH.NET",
        "dateOfBirth": "1965-06-15T12:00:00",
        "ssn": "258828612",
        "userOrders": null,
        "isSold": false,
        "id": 91902
    },
    {
        "firstName": "LYNN",
        "lastName": "LUETKEMEYER",
        "phone": "6366990345",
        "address": "164 CEDARBROOK DR",
        "city": "ST CHARLES",
        "state": "OH",
        "zip": "63301",
        "email": "LUKES3LLC@YAHOO.COM",
        "dateOfBirth": "1965-08-31T12:00:00",
        "ssn": "361448613",
        "userOrders": null,
        "isSold": false,
        "id": 91911
    },
    {
        "firstName": "MARIANO",
        "lastName": "ORTIZ",
        "phone": "6265790956",
        "address": "12041 KERRWOOD ST",
        "city": "EL M",
        "state": "MONTE",
        "zip": "91732",
        "email": "SUNANDMAR@HOTMAIL.COM",
        "dateOfBirth": "1965-12-04T12:00:00",
        "ssn": "607203045",
        "userOrders": null,
        "isSold": false,
        "id": 92000
    }
]