[
    {
        "firstName": "DIANNE",
        "lastName": "HENDERSON",
        "phone": "2142816074",
        "address": "7012 COLESHIRE DR",
        "city": "DALLAS",
        "state": "TX",
        "zip": "75232",
        "email": "DIANNE1965@SBCGLOBAL.NET",
        "dateOfBirth": "1965-05-27T12:00:00",
        "ssn": "458419244",
        "userOrders": null,
        "isSold": false,
        "id": 33088
    },
    {
        "firstName": "SURESH",
        "lastName": "PAYANKANNUR",
        "phone": "4087231237",
        "address": "549 TARTER CT",
        "city": "SJ",
        "state": "JOSE",
        "zip": "95136",
        "email": "SURESHPW@YAHOO.COM",
        "dateOfBirth": "1965-01-31T12:00:00",
        "ssn": "614600059",
        "userOrders": null,
        "isSold": true,
        "id": 33209
    },
    {
        "firstName": "DARRELL",
        "lastName": "SMITH",
        "phone": "9722239994",
        "address": "845 WOODRIDGE CIR",
        "city": "DESOTO",
        "state": "TX",
        "zip": "75115",
        "email": "DARRELL0507@ATT.NET",
        "dateOfBirth": "1965-04-04T12:00:00",
        "ssn": "451499805",
        "userOrders": null,
        "isSold": false,
        "id": 33358
    },
    {
        "firstName": "ALEJANDRO",
        "lastName": "CHEBEBEAU",
        "phone": "7869917719",
        "address": "1125 W 71ST ST APT 9",
        "city": "HLH",
        "state": "FL",
        "zip": "33014",
        "email": "ACHEDEBEAU@YAHOO.ES",
        "dateOfBirth": "1965-09-21T12:00:00",
        "ssn": "769722155",
        "userOrders": null,
        "isSold": false,
        "id": 33400
    },
    {
        "firstName": "NANCY",
        "lastName": "M",
        "phone": "6262305995",
        "address": "3100 KENNEDY DR",
        "city": "MCKINNEY",
        "state": "TX",
        "zip": "75071",
        "email": "MURGUIA_NANCY@YAHOO.COM",
        "dateOfBirth": "1965-12-11T12:00:00",
        "ssn": "555996055",
        "userOrders": null,
        "isSold": false,
        "id": 33460
    },
    {
        "firstName": "WARREN",
        "lastName": "WOODDALL",
        "phone": "6824788389",
        "address": "7417 TRAIL CREEK DR",
        "city": "CORPUS CHRISTI",
        "state": "CHRISTI",
        "zip": "78414",
        "email": "WOODDALLWE@YAHOO.COM",
        "dateOfBirth": "1965-02-16T12:00:00",
        "ssn": "457046445",
        "userOrders": null,
        "isSold": false,
        "id": 33493
    },
    {
        "firstName": "ERNESTO.",
        "lastName": "CORONEL",
        "phone": "3053433466",
        "address": "401 SE 4TH TER",
        "city": "DANIA",
        "state": "FL",
        "zip": "33004",
        "email": "M23PENA@YAHOO.COM",
        "dateOfBirth": "1965-05-09T12:00:00",
        "ssn": "617601385",
        "userOrders": null,
        "isSold": false,
        "id": 33629
    },
    {
        "firstName": "LISA",
        "lastName": "SIAU",
        "phone": "6019472664",
        "address": "105 DAVID HOLLAND CIR",
        "city": "LUCEDALE",
        "state": "MS",
        "zip": "39452",
        "email": "SIAULISA@YAHOO.COM",
        "dateOfBirth": "1965-09-25T12:00:00",
        "ssn": "427370003",
        "userOrders": null,
        "isSold": false,
        "id": 33940
    },
    {
        "firstName": "MARK",
        "lastName": "KEZY",
        "phone": "3125056635",
        "address": "KEZY & ASSOCIATES",
        "city": "CHGO",
        "state": "W",
        "zip": "60603",
        "email": "MARK9056@ATT.NET",
        "dateOfBirth": "1965-05-17T12:00:00",
        "ssn": "305864564",
        "userOrders": null,
        "isSold": false,
        "id": 33979
    },
    {
        "firstName": "JOYCE.",
        "lastName": "EVANS",
        "phone": "8502815731",
        "address": "5227 CERNY RD APT 703",
        "city": "PENSACOLA",
        "state": "FL",
        "zip": "32526",
        "email": "LLEGGETTASHLEY87@YAHOO.COM",
        "dateOfBirth": "1965-10-19T12:00:00",
        "ssn": "390647464",
        "userOrders": null,
        "isSold": false,
        "id": 33994
    },
    {
        "firstName": "MARIA",
        "lastName": "ARRADONDO",
        "phone": "4056137289",
        "address": "9605 N MCKINLEY AVE",
        "city": "OKLAHOMA CITY",
        "state": "CITY",
        "zip": "73114",
        "email": "CESARARREDONDO16@ATT.NET",
        "dateOfBirth": "1965-01-24T12:00:00",
        "ssn": "522877976",
        "userOrders": null,
        "isSold": false,
        "id": 34083
    },
    {
        "firstName": "TONI",
        "lastName": "BIBBS",
        "phone": "7088628055",
        "address": "594 PAXTON AVE",
        "city": "CAL CTY",
        "state": "CITY",
        "zip": "60409",
        "email": "ANTHONY.THABOSS@YAHOO.COM",
        "dateOfBirth": "1965-05-12T12:00:00",
        "ssn": "331603186",
        "userOrders": null,
        "isSold": false,
        "id": 34147
    },
    {
        "firstName": "BRENDA",
        "lastName": "HUNTER",
        "phone": "2488215534",
        "address": "511 WALLACE BLVD",
        "city": "BRANDON TWP",
        "state": "MI",
        "zip": "48371",
        "email": "BRENHUNTER3@GMAIL.COM",
        "dateOfBirth": "1965-10-02T12:00:00",
        "ssn": "370825054",
        "userOrders": null,
        "isSold": false,
        "id": 34313
    },
    {
        "firstName": "CALVIN",
        "lastName": "FELTON",
        "phone": "2102569397",
        "address": "6306 PIONEER POINT DR",
        "city": "SAN ANTONIO",
        "state": "ANTONIO",
        "zip": "78244",
        "email": "VALLEJO138@YAHOO.COM",
        "dateOfBirth": "1965-09-16T12:00:00",
        "ssn": "184629684",
        "userOrders": null,
        "isSold": false,
        "id": 34445
    },
    {
        "firstName": "PATRICIA",
        "lastName": "SALDANA",
        "phone": "3618063959",
        "address": "7401 CESSNA DR",
        "city": "CORPUS CHRISTI",
        "state": "CHRISTI",
        "zip": "78412",
        "email": "PGSALDANA@HOTMAIL.COM",
        "dateOfBirth": "1965-06-11T12:00:00",
        "ssn": "464490961",
        "userOrders": null,
        "isSold": false,
        "id": 34503
    }
]