[
    {
        "firstName": "SHERMAN",
        "lastName": "WILLIAM",
        "phone": "2053354027",
        "address": "1428 PRIMROSE LN",
        "city": "HOOVER",
        "state": "AL",
        "zip": "35244",
        "email": "SWILLIAMS1428@ATT.NET",
        "dateOfBirth": "1965-04-13T12:00:00",
        "ssn": "422046076",
        "userOrders": null,
        "isSold": false,
        "id": 86881
    },
    {
        "firstName": "FREDDIE",
        "lastName": "BUNCH",
        "phone": "6192084204",
        "address": "4040 49TH ST APT 5",
        "city": "SD",
        "state": "DIEGO",
        "zip": "92105",
        "email": "FBUNCH313@YAHOO.COM",
        "dateOfBirth": "1965-02-02T12:00:00",
        "ssn": "382789803",
        "userOrders": null,
        "isSold": false,
        "id": 86954
    },
    {
        "firstName": "RANDALL",
        "lastName": "REED",
        "phone": "9139403840",
        "address": "503 E SPRING AVE",
        "city": "BONNER SPRINGS",
        "state": "SPGS",
        "zip": "66012",
        "email": "TEXCAN@LIVE.COM",
        "dateOfBirth": "1965-11-30T12:00:00",
        "ssn": "512724002",
        "userOrders": null,
        "isSold": true,
        "id": 86977
    },
    {
        "firstName": "KING",
        "lastName": "WINSTON",
        "phone": "2564538692",
        "address": "3604 MARY DR",
        "city": "OXFORD",
        "state": "AL",
        "zip": "36203",
        "email": "KNGWINSTON@GMAIL.COM",
        "dateOfBirth": "1965-12-17T12:00:00",
        "ssn": "416139729",
        "userOrders": null,
        "isSold": false,
        "id": 86987
    },
    {
        "firstName": "TRUDY",
        "lastName": "BURNS",
        "phone": "8089381711",
        "address": "APT 266",
        "city": "RHNRT PK",
        "state": "ROHNERT",
        "zip": "94928",
        "email": "TRUDYBURNS159@ATT.NET",
        "dateOfBirth": "1965-12-21T12:00:00",
        "ssn": "438117343",
        "userOrders": null,
        "isSold": false,
        "id": 87006
    },
    {
        "firstName": "JOEL",
        "lastName": "HINOJOSA",
        "phone": "2107226870",
        "address": "1811 LYONS ST",
        "city": "SAN ANTONIO",
        "state": "ANTONIO",
        "zip": "78207",
        "email": "JOELHINOJOSA65@GMAIL.COM",
        "dateOfBirth": "1965-12-13T12:00:00",
        "ssn": "459519899",
        "userOrders": null,
        "isSold": false,
        "id": 87033
    },
    {
        "firstName": "DIANA",
        "lastName": "BRESSIE",
        "phone": "9513712214",
        "address": "5558 ROUNDUP RD",
        "city": "NORCO",
        "state": "CA",
        "zip": "92860",
        "email": "CDBRESSIE@ATT.NET",
        "dateOfBirth": "1965-03-26T12:00:00",
        "ssn": "562392888",
        "userOrders": null,
        "isSold": false,
        "id": 87069
    },
    {
        "firstName": "ANGELA",
        "lastName": "GONZALES",
        "phone": "2392975226",
        "address": "682 LAFFERTY CT",
        "city": "ROCHESTER HILLS",
        "state": "HLS",
        "zip": "48307",
        "email": "JESSICA_PEREZ2588@YAHOO.COM",
        "dateOfBirth": "1965-08-04T12:00:00",
        "ssn": "366904703",
        "userOrders": null,
        "isSold": true,
        "id": 87179
    },
    {
        "firstName": "GERALD",
        "lastName": "SONGY",
        "phone": "5049940950",
        "address": "2510 FIELDVIEW DR",
        "city": "LUTCHER",
        "state": "IBERIA",
        "zip": "70071",
        "email": "SONGY.COLLEEN@YAHOO.COM",
        "dateOfBirth": "1965-07-29T12:00:00",
        "ssn": "438063909",
        "userOrders": null,
        "isSold": false,
        "id": 87193
    },
    {
        "firstName": "DOUG",
        "lastName": "HARMON",
        "phone": "5073624491",
        "address": "14564 SAKATAH LAKE RD",
        "city": "WATERVILLE",
        "state": "MN",
        "zip": "56096",
        "email": "SAKATAHSPLASH@YAHOO.COM",
        "dateOfBirth": "1965-10-07T12:00:00",
        "ssn": "468949150",
        "userOrders": null,
        "isSold": true,
        "id": 87244
    },
    {
        "firstName": "PAULINE",
        "lastName": "TU",
        "phone": "4089607830",
        "address": "786 ADELINE AVE",
        "city": "SJ",
        "state": "JOSE",
        "zip": "95136",
        "email": "KEVINTU@YAHOO.COM",
        "dateOfBirth": "1965-07-15T12:00:00",
        "ssn": "310069077",
        "userOrders": null,
        "isSold": false,
        "id": 87277
    },
    {
        "firstName": "MICHELLE",
        "lastName": "FARRELL",
        "phone": "2193659312",
        "address": "13021 W 90TH AVE",
        "city": "ST JOHN",
        "state": "JOHN",
        "zip": "46373",
        "email": "FARRELL.MICHELLE@ATT.NET",
        "dateOfBirth": "1965-10-07T12:00:00",
        "ssn": "308781924",
        "userOrders": null,
        "isSold": false,
        "id": 87310
    },
    {
        "firstName": "ASRAR",
        "lastName": "PATEL",
        "phone": "4692316701",
        "address": "3911 COMPTON DR",
        "city": "RICHARDSON",
        "state": "TX",
        "zip": "75082",
        "email": "ASRARP@SBCGLOBAL.NET",
        "dateOfBirth": "1965-10-01T12:00:00",
        "ssn": "451736639",
        "userOrders": null,
        "isSold": false,
        "id": 87334
    },
    {
        "firstName": "MIRNA",
        "lastName": "TEJEDA",
        "phone": "5612552922",
        "address": "1731 63RD WAY S",
        "city": "W*P*B",
        "state": "PALM",
        "zip": "33415",
        "email": "MIRNITA.TEJE145@YAHOO.COM",
        "dateOfBirth": "1965-05-30T12:00:00",
        "ssn": "922875849",
        "userOrders": null,
        "isSold": false,
        "id": 87352
    },
    {
        "firstName": "SCOTT",
        "lastName": "ALLBRIGHT",
        "phone": "1111110001",
        "address": "10236 S VINCENNES AVE FL 1",
        "city": "CHGO",
        "state": "IL",
        "zip": "60643",
        "email": "SCOTT.ALBRIGHT9143@ATT.NET",
        "dateOfBirth": "1965-07-07T12:00:00",
        "ssn": "347642848",
        "userOrders": null,
        "isSold": false,
        "id": 87471
    }
]