[
    {
        "firstName": "LYNN",
        "lastName": "JARAMILLO",
        "phone": "7148036997",
        "address": "2 VIA CARISMA",
        "city": "ALISO VIEJO",
        "state": "VIEJO",
        "zip": "92656",
        "email": "LYNNJ@DLAPRINTING.COM",
        "dateOfBirth": "1965-01-14T12:00:00",
        "ssn": "497708625",
        "userOrders": null,
        "isSold": true,
        "id": 60807
    },
    {
        "firstName": "JUANA",
        "lastName": "GONZALEZ",
        "phone": "8585813847",
        "address": "4540 CLAIREMONT DR",
        "city": "SD",
        "state": "DIEGO",
        "zip": "92117",
        "email": "JUANA2614@ATT.NET",
        "dateOfBirth": "1965-05-16T12:00:00",
        "ssn": "336334116",
        "userOrders": null,
        "isSold": false,
        "id": 60817
    },
    {
        "firstName": "AMY",
        "lastName": "STANFORD",
        "phone": "2517531794",
        "address": "PO BOX 64",
        "city": "MOBILE",
        "state": "AL",
        "zip": "36695",
        "email": "AMYLEE1265@GMAIL.COM",
        "dateOfBirth": "1965-12-29T12:00:00",
        "ssn": "416138030",
        "userOrders": null,
        "isSold": false,
        "id": 60821
    },
    {
        "firstName": "CHRISTOPHER",
        "lastName": "LOUD",
        "phone": "4094432442",
        "address": "2602 21ST ST N",
        "city": "TEXAS CITY",
        "state": "CITY",
        "zip": "77590",
        "email": "BIGGCHRIS50@YAHOO.COM",
        "dateOfBirth": "1965-01-13T12:00:00",
        "ssn": "461270802",
        "userOrders": null,
        "isSold": false,
        "id": 60862
    },
    {
        "firstName": "JENNIFER",
        "lastName": "BROPHY",
        "phone": "2053947007",
        "address": "16531 HIGHWAY 69 N",
        "city": "NORTHPORT",
        "state": "AL",
        "zip": "35475",
        "email": "SASSY35475@YAHOO.COM",
        "dateOfBirth": "1965-04-28T12:00:00",
        "ssn": "520768157",
        "userOrders": null,
        "isSold": false,
        "id": 60877
    },
    {
        "firstName": "TRACY",
        "lastName": "HERBERT",
        "phone": "4154906867",
        "address": "901 W 3RD ST APT D",
        "city": "ANT",
        "state": "CA",
        "zip": "94509",
        "email": "KILASUMMER1@GMAIL.COM",
        "dateOfBirth": "1965-03-17T12:00:00",
        "ssn": "573839935",
        "userOrders": null,
        "isSold": false,
        "id": 60889
    },
    {
        "firstName": "SCOTT",
        "lastName": "REDDING",
        "phone": "7708915681",
        "address": "76 BASS LAKE DR",
        "city": "TPLE",
        "state": "GA",
        "zip": "30179",
        "email": "AMRGSR@AOL.COM",
        "dateOfBirth": "1965-10-14T12:00:00",
        "ssn": "252294516",
        "userOrders": null,
        "isSold": false,
        "id": 61018
    },
    {
        "firstName": "AYMARA",
        "lastName": "SALAZAR",
        "phone": "5612499163",
        "address": "429 LYTLE ST",
        "city": "W*P*B",
        "state": "PALM",
        "zip": "33405",
        "email": "NADINFITO@GMAIL.COM",
        "dateOfBirth": "1965-10-19T12:00:00",
        "ssn": "784859524",
        "userOrders": null,
        "isSold": false,
        "id": 61093
    },
    {
        "firstName": "VICTOR",
        "lastName": "TRAN",
        "phone": "6264445932",
        "address": "12141 WANDA ST",
        "city": "EL M",
        "state": "MONTE",
        "zip": "91732",
        "email": "KINDBAND047@GMAIL.COM",
        "dateOfBirth": "1965-01-01T12:00:00",
        "ssn": "480088955",
        "userOrders": null,
        "isSold": false,
        "id": 61163
    },
    {
        "firstName": "HASSAN",
        "lastName": "MAHMOUDI",
        "phone": "7609089120",
        "address": "7609665398",
        "city": "OCEANSIDE CA 92056-5510",
        "state": "MESA",
        "zip": "OCNSD",
        "email": "92056",
        "dateOfBirth": "1965-09-01T12:00:00",
        "ssn": "382332314",
        "userOrders": null,
        "isSold": true,
        "id": 61164
    },
    {
        "firstName": "STELLA",
        "lastName": "MARTINS",
        "phone": "4153610784",
        "address": "4390 PANORAMA DR",
        "city": "S RS",
        "state": "ROSA",
        "zip": "95409",
        "email": "SMARTINS2013@GMAIL.COM",
        "dateOfBirth": "1965-09-10T12:00:00",
        "ssn": "619721030",
        "userOrders": null,
        "isSold": false,
        "id": 61306
    },
    {
        "firstName": "TAMMY",
        "lastName": "DENO",
        "phone": "1111110001",
        "address": "10035 KING ARTHUR AVE",
        "city": "DENHAM SPRINGS",
        "state": "SPGS",
        "zip": "70706",
        "email": "TAMMY.DENO@ATT.NET",
        "dateOfBirth": "1965-09-19T12:00:00",
        "ssn": "437374602",
        "userOrders": null,
        "isSold": true,
        "id": 61420
    },
    {
        "firstName": "KELLEY",
        "lastName": "CARR",
        "phone": "4403470468",
        "address": "31825 DENSMORE RD",
        "city": "WILLOWICK",
        "state": "OH",
        "zip": "44095",
        "email": "K.CARR@SBGLOBAL.NET",
        "dateOfBirth": "1965-03-10T12:00:00",
        "ssn": "516962748",
        "userOrders": null,
        "isSold": false,
        "id": 61424
    },
    {
        "firstName": "THELMA",
        "lastName": "DRAKEFORD",
        "phone": "2514594090",
        "address": "PO BOX 6482",
        "city": "MOBILE",
        "state": "AL",
        "zip": "36605",
        "email": "TDRAKEFORD3560@ATT.NET",
        "dateOfBirth": "1965-11-29T12:00:00",
        "ssn": "417119690",
        "userOrders": null,
        "isSold": false,
        "id": 61434
    },
    {
        "firstName": "DENNIS",
        "lastName": "FRANCESCHINI",
        "phone": "7875099545",
        "address": "717 CLL COCATIER URB MONTE BLL",
        "city": "KENNEWICK",
        "state": "PR",
        "zip": "99336",
        "email": "DMFRANCESCHINI@YAHOO.COM",
        "dateOfBirth": "1965-11-21T12:00:00",
        "ssn": "582718062",
        "userOrders": null,
        "isSold": false,
        "id": 61660
    }
]