[
    {
        "firstName": "ANGEL",
        "lastName": "LADOR",
        "phone": "7732513552",
        "address": "8912 AUSTIN AVE",
        "city": "MORTN GRV",
        "state": "GROVE",
        "zip": "60053",
        "email": "TINALADOR@YAHOO.COM",
        "dateOfBirth": "1965-09-30T12:00:00",
        "ssn": "504067220",
        "userOrders": null,
        "isSold": true,
        "id": 82152
    },
    {
        "firstName": "JOREE",
        "lastName": "A",
        "phone": "6012705966",
        "address": "6012974127",
        "city": "SUMRALL MS 39482-5443",
        "state": "SEMINARY",
        "zip": "SUMRALL",
        "email": "39482",
        "dateOfBirth": "1965-09-27T12:00:00",
        "ssn": "426374427",
        "userOrders": null,
        "isSold": false,
        "id": 82238
    },
    {
        "firstName": "ANASTASSIA",
        "lastName": "THEODORE",
        "phone": "9544157975",
        "address": "7901 NW 63RD WAY",
        "city": "PKLND",
        "state": "FL",
        "zip": "33067",
        "email": "PAPADOULA@AOL.COM",
        "dateOfBirth": "1965-06-03T12:00:00",
        "ssn": "592824440",
        "userOrders": null,
        "isSold": false,
        "id": 82310
    },
    {
        "firstName": "NORMA",
        "lastName": "DUNLAP",
        "phone": "5807282927",
        "address": "607 SE AVE D",
        "city": "IDABEL",
        "state": "OK",
        "zip": "74745",
        "email": "NORMADUNLAP21@YAHOO.COM",
        "dateOfBirth": "1965-08-29T12:00:00",
        "ssn": "440745325",
        "userOrders": null,
        "isSold": false,
        "id": 82376
    },
    {
        "firstName": "MARCIA",
        "lastName": "NUFFER",
        "phone": "4043865283",
        "address": "4810 HUNTLEY DR",
        "city": "SANDY SPRINGS",
        "state": "GA",
        "zip": "30342",
        "email": "MNUFFER1218@GMAIL.COM",
        "dateOfBirth": "1965-12-18T12:00:00",
        "ssn": "213564857",
        "userOrders": null,
        "isSold": false,
        "id": 82440
    },
    {
        "firstName": "RICHARD",
        "lastName": "QUINTERO",
        "phone": "5598594620",
        "address": "1490 E GERALD AVE",
        "city": "DBA",
        "state": "CA",
        "zip": "93618",
        "email": "BOOSRAIDER@YAHOO.COM",
        "dateOfBirth": "1965-07-08T12:00:00",
        "ssn": "563948254",
        "userOrders": null,
        "isSold": false,
        "id": 82456
    },
    {
        "firstName": "VELTRINA",
        "lastName": "HENDERSON",
        "phone": "6142180857",
        "address": "2116 WARD RD",
        "city": "COLUMBUS",
        "state": "OH",
        "zip": "43224",
        "email": "VELTRINA.47@GMAIL.COM",
        "dateOfBirth": "1965-08-14T12:00:00",
        "ssn": "268802212",
        "userOrders": null,
        "isSold": false,
        "id": 82489
    },
    {
        "firstName": "JULIE",
        "lastName": "CAMPOS",
        "phone": "9729358530",
        "address": "308 N LOWRANCE RD",
        "city": "ELLIS COUNTY",
        "state": "OAK",
        "zip": "75154",
        "email": "JUROYBOSCO@ATT.NET",
        "dateOfBirth": "1965-02-05T12:00:00",
        "ssn": "466943367",
        "userOrders": null,
        "isSold": false,
        "id": 82614
    },
    {
        "firstName": "STEVEN",
        "lastName": "ADAME",
        "phone": "9163705321",
        "address": "1232 KONDOS AVE",
        "city": "SAC",
        "state": "CA",
        "zip": "95814",
        "email": "LALOVESA@YAHOO.COM",
        "dateOfBirth": "1965-10-06T12:00:00",
        "ssn": "567312994",
        "userOrders": null,
        "isSold": false,
        "id": 82639
    },
    {
        "firstName": "SANDRA",
        "lastName": "HENTHORN",
        "phone": "5027023366",
        "address": "501 E 7TH ST",
        "city": "JEFFERSONVILLE",
        "state": "IN",
        "zip": "47130",
        "email": "SAMI3165@YAHOO.COM",
        "dateOfBirth": "1965-05-31T12:00:00",
        "ssn": "270780615",
        "userOrders": null,
        "isSold": false,
        "id": 82645
    },
    {
        "firstName": "OMAR",
        "lastName": "VIZCAINO",
        "phone": "3055320964",
        "address": "3850 BIRD RD PH 1",
        "city": "MIA",
        "state": "FL",
        "zip": "33133",
        "email": "OMARVIZCAINO@ME.COM",
        "dateOfBirth": "1965-01-24T12:00:00",
        "ssn": "264777757",
        "userOrders": null,
        "isSold": false,
        "id": 82654
    },
    {
        "firstName": "DENISE",
        "lastName": "ALEXANDER",
        "phone": "9723023557",
        "address": "8025 OHIO DR APT 12212",
        "city": "PLANO",
        "state": "TX",
        "zip": "75024",
        "email": "DALEXANDER5@SLB.COM",
        "dateOfBirth": "1965-01-31T12:00:00",
        "ssn": "457538983",
        "userOrders": null,
        "isSold": false,
        "id": 82689
    },
    {
        "firstName": "JILL",
        "lastName": "RUZICH",
        "phone": "7607536843",
        "address": "PO BOX 514",
        "city": "ENCNTS",
        "state": "SANTA",
        "zip": "92024",
        "email": "JILLZICH@YAHOO.COM",
        "dateOfBirth": "1965-09-28T12:00:00",
        "ssn": "565920011",
        "userOrders": null,
        "isSold": false,
        "id": 82832
    },
    {
        "firstName": "DAWN",
        "lastName": "REED",
        "phone": "6185091228",
        "address": "1100 4TH AVE",
        "city": "BELVL",
        "state": "IL",
        "zip": "62220",
        "email": "BILLANDDAWNREED@GMAIL.COM",
        "dateOfBirth": "1965-07-04T12:00:00",
        "ssn": "327646595",
        "userOrders": null,
        "isSold": false,
        "id": 82925
    },
    {
        "firstName": "HUSAM",
        "lastName": "CHAMMOUT",
        "phone": "8156904219",
        "address": "8158234219",
        "city": "PLAINFIELD IL 60586-7625",
        "state": "BROOKFIELD",
        "zip": "JOLIET",
        "email": "60586",
        "dateOfBirth": "1965-10-06T12:00:00",
        "ssn": "395027193",
        "userOrders": null,
        "isSold": false,
        "id": 82978
    }
]