[
    {
        "firstName": "JOHN",
        "lastName": "BOLTON",
        "phone": "6199200549",
        "address": "1536 GALVESTON ST",
        "city": "SD",
        "state": "DIEGO",
        "zip": "92110",
        "email": "JBTECHDESIGN@GMAIL.COM",
        "dateOfBirth": "1965-06-22T12:00:00",
        "ssn": "549353517",
        "userOrders": null,
        "isSold": false,
        "id": 45603
    },
    {
        "firstName": "ANNA*",
        "lastName": "LOCKHART",
        "phone": "7343551623",
        "address": "4941 S HILL RD",
        "city": "WIXOM",
        "state": "MI",
        "zip": "48393",
        "email": "LUCIACAMACHO4@GMAIL.COM",
        "dateOfBirth": "1965-01-10T12:00:00",
        "ssn": "372084592",
        "userOrders": null,
        "isSold": false,
        "id": 45635
    },
    {
        "firstName": "SHARON",
        "lastName": "GULLEY",
        "phone": "9047059503",
        "address": "10658 IOWA AVE",
        "city": "JKVL",
        "state": "FL",
        "zip": "32219",
        "email": "GREENBUTTERFLY63@YAHOO.COM",
        "dateOfBirth": "1965-12-18T12:00:00",
        "ssn": "263814638",
        "userOrders": null,
        "isSold": false,
        "id": 45636
    },
    {
        "firstName": "MANUEL",
        "lastName": "CASILLAS",
        "phone": "9155660130",
        "address": "3900 JOHNSON AVE APT 5",
        "city": "EL PASO",
        "state": "PASO",
        "zip": "79930",
        "email": "MANUEL8268@ATT.NET",
        "dateOfBirth": "1965-08-07T12:00:00",
        "ssn": "601292387",
        "userOrders": null,
        "isSold": false,
        "id": 45743
    },
    {
        "firstName": "EDDIE",
        "lastName": "ARMITAGE",
        "phone": "1111110001",
        "address": "818 RUSSET VALLEY DR",
        "city": "CEDAR PARK",
        "state": "PARK",
        "zip": "78613",
        "email": "ZONIANZONIANED@HOTMAIL.COM",
        "dateOfBirth": "1965-12-26T12:00:00",
        "ssn": "453673550",
        "userOrders": null,
        "isSold": false,
        "id": 45799
    },
    {
        "firstName": "DAVID",
        "lastName": "ANDERSON",
        "phone": "5089040495",
        "address": "235 W NORTH ST",
        "city": "GREENFIELD",
        "state": "IN",
        "zip": "46140",
        "email": "DCADJA0065@GMAIL.COM",
        "dateOfBirth": "1965-02-27T12:00:00",
        "ssn": "308681126",
        "userOrders": null,
        "isSold": false,
        "id": 45828
    },
    {
        "firstName": "HEIDI",
        "lastName": "BECKMAN",
        "phone": "6086653553",
        "address": "14 N ROSA RD",
        "city": "MADISON",
        "state": "WI",
        "zip": "53705",
        "email": "BECKMANFLLLE@GMAIL.COM",
        "dateOfBirth": "1965-11-18T12:00:00",
        "ssn": "394589079",
        "userOrders": null,
        "isSold": false,
        "id": 45835
    },
    {
        "firstName": "DAVID",
        "lastName": "HERNANDEZ",
        "phone": "7133200686",
        "address": "7575 BISSONNET ST APT 245",
        "city": "HOUSTON",
        "state": "TX",
        "zip": "77074",
        "email": "JRZ.SNCHZ@GMAIL.COM",
        "dateOfBirth": "1965-10-28T12:00:00",
        "ssn": "452990688",
        "userOrders": null,
        "isSold": false,
        "id": 45887
    },
    {
        "firstName": "LARRY",
        "lastName": "JOHNSON",
        "phone": "2514794341",
        "address": "662 FARNELL LN",
        "city": "MOBILE",
        "state": "AL",
        "zip": "36606",
        "email": "L824363@BELLSOUTH.NET",
        "dateOfBirth": "1965-07-09T12:00:00",
        "ssn": "424113918",
        "userOrders": null,
        "isSold": false,
        "id": 45940
    },
    {
        "firstName": "ROSE",
        "lastName": "A",
        "phone": "2055347406",
        "address": "11022 CHALET RIDGE RD",
        "city": "TUSCALOOSA",
        "state": "AL",
        "zip": "35404",
        "email": "ROSEBURCH123.RB@GMAIL.COM",
        "dateOfBirth": "1965-02-02T12:00:00",
        "ssn": "436111326",
        "userOrders": null,
        "isSold": false,
        "id": 45963
    },
    {
        "firstName": "JOHN",
        "lastName": "SHAW",
        "phone": "2098529895",
        "address": "2403 ADELFA ST",
        "city": "LA GRNG",
        "state": "GRANGE",
        "zip": "95329",
        "email": "JQUICNYSHAW@YAHOO.COM",
        "dateOfBirth": "1965-08-28T12:00:00",
        "ssn": "536742080",
        "userOrders": null,
        "isSold": false,
        "id": 45989
    },
    {
        "firstName": "ROSWITHA",
        "lastName": "SCOTT",
        "phone": "8168851957",
        "address": "510 MAPLE AVE",
        "city": "SMITHVILLE",
        "state": "MO",
        "zip": "64089",
        "email": "CARIBBROSE@SBCGLOBAL.NET",
        "dateOfBirth": "1965-08-26T12:00:00",
        "ssn": "446029956",
        "userOrders": null,
        "isSold": false,
        "id": 46053
    },
    {
        "firstName": "SAMANTHA",
        "lastName": "HAYES",
        "phone": "3127146299",
        "address": "1730 E 70TH ST FL 2",
        "city": "CHGO",
        "state": "IL",
        "zip": "60649",
        "email": "SAMANTHA5415@ATT.NET",
        "dateOfBirth": "1965-05-27T12:00:00",
        "ssn": "350645011",
        "userOrders": null,
        "isSold": false,
        "id": 46241
    },
    {
        "firstName": "ROSALABA",
        "lastName": "A",
        "phone": "8303054799",
        "address": "PO BOX 2462",
        "city": "NEW BRAUNFELS",
        "state": "TX",
        "zip": "78130",
        "email": "ROS111505KEN@YAHOO.COM",
        "dateOfBirth": "1965-10-12T12:00:00",
        "ssn": "449771944",
        "userOrders": null,
        "isSold": false,
        "id": 46307
    },
    {
        "firstName": "TIMOTHY",
        "lastName": "ORTINAU",
        "phone": "3148088210",
        "address": "3829 FRENCH CT",
        "city": "ST LOUIS",
        "state": "LOUIS",
        "zip": "63116",
        "email": "T.ORTINAU@ATT.NET",
        "dateOfBirth": "1965-06-13T12:00:00",
        "ssn": "492823800",
        "userOrders": null,
        "isSold": false,
        "id": 46440
    }
]