[
    {
        "firstName": "LINDA",
        "lastName": "HIRTHE",
        "phone": "4146286774",
        "address": "3138 S MABBETT AVE",
        "city": "MILWAUKEE",
        "state": "WI",
        "zip": "53207",
        "email": "LHIRTHE9@GMAIL.COM",
        "dateOfBirth": "1965-09-10T12:00:00",
        "ssn": "345680030",
        "userOrders": null,
        "isSold": false,
        "id": 24757
    },
    {
        "firstName": "HENRY",
        "lastName": "KIMBLE",
        "phone": "6308732012",
        "address": "21W553 LYNN RD APT 22",
        "city": "LOMBRD",
        "state": "IL",
        "zip": "60148",
        "email": "HENRYKIMBLE@ATT.NET",
        "dateOfBirth": "1965-07-02T12:00:00",
        "ssn": "352625417",
        "userOrders": null,
        "isSold": false,
        "id": 24763
    },
    {
        "firstName": "JOHN",
        "lastName": "GANGLOFF",
        "phone": "3143243885",
        "address": "1211 WINDCREST CIR",
        "city": "ST LOUIS COUNTY",
        "state": "MO",
        "zip": "63129",
        "email": "JOHNGANGLOFF@SBCGLOBAL.NET",
        "dateOfBirth": "1965-11-26T12:00:00",
        "ssn": "491780254",
        "userOrders": null,
        "isSold": false,
        "id": 24770
    },
    {
        "firstName": "NORMITA",
        "lastName": "MAGALLANES",
        "phone": "7145620620",
        "address": "4218 W FLOWER AVE",
        "city": "FUL",
        "state": "CA",
        "zip": "92833",
        "email": "FEBOLINA@MAC.COM",
        "dateOfBirth": "1965-01-11T12:00:00",
        "ssn": "606144734",
        "userOrders": null,
        "isSold": false,
        "id": 24777
    },
    {
        "firstName": "ARTURO",
        "lastName": "GOMEZ",
        "phone": "5598648344",
        "address": "787 W ROSE AVE",
        "city": "FRS",
        "state": "CA",
        "zip": "93706",
        "email": "GOMEZARTURO@ATT.NET",
        "dateOfBirth": "1965-12-15T12:00:00",
        "ssn": "626209663",
        "userOrders": null,
        "isSold": false,
        "id": 24838
    },
    {
        "firstName": "FRED",
        "lastName": "HOLDEN",
        "phone": "2104030859",
        "address": "2807 ROCKY OAK ST",
        "city": "SAN ANTONIO",
        "state": "ANTONIO",
        "zip": "78232",
        "email": "FHOLDENJR@MSN.COM",
        "dateOfBirth": "1965-10-12T12:00:00",
        "ssn": "459922290",
        "userOrders": null,
        "isSold": false,
        "id": 24853
    },
    {
        "firstName": "PEDRO",
        "lastName": "LOPEZ",
        "phone": "8327744944",
        "address": "3950 HOLLISTER ST APT 15",
        "city": "HOUSTON",
        "state": "TX",
        "zip": "77080",
        "email": "LOPEZPEDRO12@YAHOO.COM",
        "dateOfBirth": "1965-06-09T12:00:00",
        "ssn": "612384174",
        "userOrders": null,
        "isSold": false,
        "id": 24857
    },
    {
        "firstName": "REGINA",
        "lastName": "WALKER",
        "phone": "1111110001",
        "address": "8339 HIGH BRUSH DR",
        "city": "DALLAS",
        "state": "TX",
        "zip": "75249",
        "email": "TRIPSMOM10@GMAIL.COM",
        "dateOfBirth": "1965-02-24T12:00:00",
        "ssn": "459457491",
        "userOrders": null,
        "isSold": false,
        "id": 25086
    },
    {
        "firstName": "LESA",
        "lastName": "SOULE",
        "phone": "5867644153",
        "address": "1216 WISCONSIN AVE",
        "city": "E CHINA TWP",
        "state": "MI",
        "zip": "48054",
        "email": "LESASOULE@GMAIL.COM",
        "dateOfBirth": "1965-11-03T12:00:00",
        "ssn": "367861540",
        "userOrders": null,
        "isSold": false,
        "id": 25185
    },
    {
        "firstName": "DANIEL",
        "lastName": "TOOMEY",
        "phone": "2104970288",
        "address": "17911 FAWN KNL",
        "city": "SAN ANTONIO",
        "state": "ANTONIO",
        "zip": "78258",
        "email": "DAN_TOOMEY@YAHOO.COM",
        "dateOfBirth": "1965-03-26T12:00:00",
        "ssn": "286508893",
        "userOrders": null,
        "isSold": false,
        "id": 25296
    },
    {
        "firstName": "BRENDA",
        "lastName": "GILLIAN",
        "phone": "4698344023",
        "address": "2006 PINECREST AVE",
        "city": "HOPE",
        "state": "AR",
        "zip": "71801",
        "email": "BRENDA2130@ATT.NET",
        "dateOfBirth": "1965-12-19T12:00:00",
        "ssn": "429397005",
        "userOrders": null,
        "isSold": true,
        "id": 25314
    },
    {
        "firstName": "ELIZABETH",
        "lastName": "KNEDSON",
        "phone": "9497353284",
        "address": "APT 139",
        "city": "IRV",
        "state": "PALATINE",
        "zip": "92612",
        "email": "EGROVER65@GMAIL.COM",
        "dateOfBirth": "1965-10-13T12:00:00",
        "ssn": "568318339",
        "userOrders": null,
        "isSold": false,
        "id": 25366
    },
    {
        "firstName": "DONNA",
        "lastName": "GILLIAM",
        "phone": "6157830097",
        "address": "6157830095",
        "city": "NASHVILLE TN 37215-2019",
        "state": "VALLEY",
        "zip": "NASHVILLE",
        "email": "37215",
        "dateOfBirth": "1965-06-03T12:00:00",
        "ssn": "415258200",
        "userOrders": null,
        "isSold": true,
        "id": 25505
    },
    {
        "firstName": ".DOURK",
        "lastName": "FOOTE*",
        "phone": "8324882020",
        "address": "1148 W 51ST PL",
        "city": "LA",
        "state": "ANGELES",
        "zip": "90037",
        "email": "DOURKFOOTE@YAHOO.COM",
        "dateOfBirth": "1965-10-04T12:00:00",
        "ssn": "462492757",
        "userOrders": null,
        "isSold": false,
        "id": 25531
    },
    {
        "firstName": "DEANNA",
        "lastName": "WEAVER",
        "phone": "8174966165",
        "address": "7725 S HIGHWAY 171",
        "city": "ARLINGTON",
        "state": "TX",
        "zip": "76016",
        "email": "HIPPIECHICK065@GMAIL.COM",
        "dateOfBirth": "1965-04-30T12:00:00",
        "ssn": "566335165",
        "userOrders": null,
        "isSold": false,
        "id": 25549
    }
]