[
    {
        "firstName": "NANDITA",
        "lastName": "GUHA",
        "phone": "7134321421",
        "address": "UNIT 2403",
        "city": "HOUSTON",
        "state": "PEMBERTON",
        "zip": "77030",
        "email": "007NGT@GMAIL.COM",
        "dateOfBirth": "1965-10-07T12:00:00",
        "ssn": "433758320",
        "userOrders": null,
        "isSold": true,
        "id": 12197
    },
    {
        "firstName": "RICK",
        "lastName": "TAYLOR",
        "phone": "9193575358",
        "address": "109 BRECKENRIDGE PL",
        "city": "CHPL HL",
        "state": "HILL",
        "zip": "27514",
        "email": "RICHARDTAYLOR03@YAHOO.COM",
        "dateOfBirth": "1965-04-15T12:00:00",
        "ssn": "420902997",
        "userOrders": null,
        "isSold": true,
        "id": 12219
    },
    {
        "firstName": "ANGELITA",
        "lastName": "SALVADOR",
        "phone": "1111110001",
        "address": "370 RICHLAND AVE UNIT A",
        "city": "SF",
        "state": "FRANCISCO",
        "zip": "94110",
        "email": "ANGELITA888@ATT.NET",
        "dateOfBirth": "1965-02-27T12:00:00",
        "ssn": "625302927",
        "userOrders": null,
        "isSold": true,
        "id": 12242
    },
    {
        "firstName": "RITA",
        "lastName": "TARPEY",
        "phone": "8479709420",
        "address": "19618 W CAMBRIDGE RD",
        "city": "MUNDLEIN",
        "state": "IL",
        "zip": "60060",
        "email": "RJB125@ATT.NET",
        "dateOfBirth": "1965-09-10T12:00:00",
        "ssn": "325446514",
        "userOrders": null,
        "isSold": true,
        "id": 12296
    },
    {
        "firstName": "SHERRY",
        "lastName": "HOOSE",
        "phone": "9194418930",
        "address": "117 SKYGROVE DR",
        "city": "HOLLY SPNG",
        "state": "SPRINGS",
        "zip": "27540",
        "email": "SHERRYHOOSE@YAHOO.COM",
        "dateOfBirth": "1965-01-05T12:00:00",
        "ssn": "441767326",
        "userOrders": null,
        "isSold": true,
        "id": 12300
    },
    {
        "firstName": "TONY",
        "lastName": "ESPES",
        "phone": "2563101285",
        "address": "2178 PEACEFUL VALLEY RD",
        "city": "OXFORD",
        "state": "AL",
        "zip": "36260",
        "email": "TLE426@AOL.COM",
        "dateOfBirth": "1965-04-30T12:00:00",
        "ssn": "419943617",
        "userOrders": null,
        "isSold": true,
        "id": 12362
    },
    {
        "firstName": "ROBERT",
        "lastName": "DONAT",
        "phone": "6304871769",
        "address": "1410 S GOLIAD ST APT 1406",
        "city": "ROCKWALL",
        "state": "TX",
        "zip": "75087",
        "email": "ROBERTDONAT44@YAHOO.COM",
        "dateOfBirth": "1965-05-02T12:00:00",
        "ssn": "342642496",
        "userOrders": null,
        "isSold": true,
        "id": 12397
    },
    {
        "firstName": "FREDA",
        "lastName": "WEST",
        "phone": "6013218617",
        "address": "4016 LIBERTY HILL RD",
        "city": "JACKSON",
        "state": "MS",
        "zip": "39206",
        "email": "FREDAWEST@ATT.NET",
        "dateOfBirth": "1965-03-17T12:00:00",
        "ssn": "427336528",
        "userOrders": null,
        "isSold": true,
        "id": 12439
    },
    {
        "firstName": "MITCHELL",
        "lastName": "PAGAN",
        "phone": "7723411189",
        "address": "5676 SE COLLINS AVE",
        "city": "STU",
        "state": "FL",
        "zip": "34997",
        "email": "MITCHELLPAGA@OUTLOOK.COM",
        "dateOfBirth": "1965-06-01T12:00:00",
        "ssn": "261974783",
        "userOrders": null,
        "isSold": true,
        "id": 12457
    },
    {
        "firstName": "ARTHUR",
        "lastName": "DELORENZO",
        "phone": "8188843465",
        "address": "6320 WILBUR AVE",
        "city": "C PK",
        "state": "CA",
        "zip": "91306",
        "email": "ARTDELO@GMAIL.COM",
        "dateOfBirth": "1965-12-02T12:00:00",
        "ssn": "129546706",
        "userOrders": null,
        "isSold": true,
        "id": 12509
    },
    {
        "firstName": "RODNEY",
        "lastName": "JARRELL",
        "phone": "4047869128",
        "address": "1158 GOLDEN MEADOW DR",
        "city": "RVRDL",
        "state": "GA",
        "zip": "30296",
        "email": "RODNEYJARRELL65@GMAIL.COM",
        "dateOfBirth": "1965-06-06T12:00:00",
        "ssn": "255084141",
        "userOrders": null,
        "isSold": true,
        "id": 12565
    },
    {
        "firstName": "EVANGELINE",
        "lastName": "VARILLA",
        "phone": "8478580662",
        "address": "8203 N OZARK AVE",
        "city": "NILES",
        "state": "IL",
        "zip": "60714",
        "email": "CHARLESVARILLA@GMAIL.COM",
        "dateOfBirth": "1965-06-26T12:00:00",
        "ssn": "333769693",
        "userOrders": null,
        "isSold": true,
        "id": 12614
    },
    {
        "firstName": "MELISSA",
        "lastName": "JONES",
        "phone": "1111110018",
        "address": "1455 SHINY OAKS TRL APT 1725",
        "city": "FORT WORTH",
        "state": "WORTH",
        "zip": "76112",
        "email": "MJONES515@YAHOO.COM",
        "dateOfBirth": "1965-05-15T12:00:00",
        "ssn": "460496683",
        "userOrders": null,
        "isSold": true,
        "id": 12741
    },
    {
        "firstName": "KAREN",
        "lastName": "SMITH",
        "phone": "9856408050",
        "address": "68433 LESTER DR",
        "city": "PEARL RIVER",
        "state": "RIVER",
        "zip": "70452",
        "email": "KHBROOM@BELLSOUTH.NET",
        "dateOfBirth": "1965-01-01T12:00:00",
        "ssn": "433983509",
        "userOrders": null,
        "isSold": true,
        "id": 12767
    },
    {
        "firstName": "PAUL",
        "lastName": "JENKINS",
        "phone": "9547558288",
        "address": "1634 CYPRESS POINTE DR",
        "city": "CRL SPRNGS",
        "state": "SPRINGS",
        "zip": "33071",
        "email": "MONPOJ@BELLSOUTH.NET",
        "dateOfBirth": "1965-11-14T12:00:00",
        "ssn": "266870528",
        "userOrders": null,
        "isSold": true,
        "id": 12846
    }
]