[
    {
        "firstName": "RICK",
        "lastName": "BEAVER",
        "phone": "7733085478",
        "address": "153 STONY POINT DR",
        "city": "SEBASTIAN",
        "state": "FL",
        "zip": "32958",
        "email": "RICKBEAVER@HOTMAIL.COM",
        "dateOfBirth": "1966-09-25T12:00:00",
        "ssn": "341722090",
        "userOrders": null,
        "isSold": false,
        "id": 26090
    },
    {
        "firstName": "JOSE",
        "lastName": "BARTOLOMEI",
        "phone": "4812826030",
        "address": "3855 S 40TH ST",
        "city": "GREENFIELD",
        "state": "WI",
        "zip": "53221",
        "email": "MFDCSC@AOL.COM",
        "dateOfBirth": "1966-07-21T12:00:00",
        "ssn": "584839329",
        "userOrders": null,
        "isSold": false,
        "id": 26108
    },
    {
        "firstName": "NGOC",
        "lastName": "TRAN",
        "phone": "4089660934",
        "address": "2069 LARSEN PL",
        "city": "S CLARA",
        "state": "CLARA",
        "zip": "95051",
        "email": "KHAITRAN93@YAHOO.COM",
        "dateOfBirth": "1966-02-23T12:00:00",
        "ssn": "611462794",
        "userOrders": null,
        "isSold": false,
        "id": 26162
    },
    {
        "firstName": "PATRICIA",
        "lastName": "BURNS.",
        "phone": "6019064420",
        "address": "5817 KRISTEN DR",
        "city": "JACKSON",
        "state": "MS",
        "zip": "39211",
        "email": "PATRICIABURNS1.PB@GMAIL.COM",
        "dateOfBirth": "1966-05-09T12:00:00",
        "ssn": "348641103",
        "userOrders": null,
        "isSold": false,
        "id": 26236
    },
    {
        "firstName": "MATTHEW",
        "lastName": "BEDNARA",
        "phone": "6185806858",
        "address": "2021 RAVENWOOD DR",
        "city": "COLNSVL",
        "state": "IL",
        "zip": "62234",
        "email": "MATT@BEDNARA.COM",
        "dateOfBirth": "1966-04-01T12:00:00",
        "ssn": "326686453",
        "userOrders": null,
        "isSold": false,
        "id": 26256
    },
    {
        "firstName": "SANDRA",
        "lastName": "UVALLE",
        "phone": "2106892587",
        "address": "359 CHARBEN DR",
        "city": "SAN ANTONIO",
        "state": "ANTONIO",
        "zip": "78237",
        "email": "ZAGGIEM.UVALLE3@GMAIL.COM",
        "dateOfBirth": "1966-07-18T12:00:00",
        "ssn": "449596643",
        "userOrders": null,
        "isSold": false,
        "id": 26314
    },
    {
        "firstName": "ELIZABETH",
        "lastName": "JARRETT",
        "phone": "3179873852",
        "address": "1427 IRON TRL W",
        "city": "INDIANAPOLIS",
        "state": "IN",
        "zip": "46234",
        "email": "shortgirl1236@hotmail.com",
        "dateOfBirth": "1966-07-15T12:00:00",
        "ssn": "311047073",
        "userOrders": null,
        "isSold": false,
        "id": 26332
    },
    {
        "firstName": "SIMON",
        "lastName": "CROFT",
        "phone": "7705601221",
        "address": "4590 GOLD MINE DR",
        "city": "SGR HL",
        "state": "HILL",
        "zip": "30518",
        "email": "SPCROFT@CHARTER.NET",
        "dateOfBirth": "1966-01-22T12:00:00",
        "ssn": "256062676",
        "userOrders": null,
        "isSold": true,
        "id": 26418
    },
    {
        "firstName": "HOWARD",
        "lastName": "YOUNG",
        "phone": "4055034907",
        "address": "5713 NW 162ND ST",
        "city": "OKLAHOMA CITY",
        "state": "OK",
        "zip": "73013",
        "email": "HOWARDYOUNG2004-WEB1@YAHOO.COM",
        "dateOfBirth": "1966-12-10T12:00:00",
        "ssn": "441664319",
        "userOrders": null,
        "isSold": false,
        "id": 26455
    },
    {
        "firstName": "KEN",
        "lastName": "BEALS",
        "phone": "1111110001",
        "address": "8749 MANHATTAN AVE",
        "city": "PLANO",
        "state": "TX",
        "zip": "75024",
        "email": "REYKEN1@OUTLOOK.COM",
        "dateOfBirth": "1966-09-19T12:00:00",
        "ssn": "374805169",
        "userOrders": null,
        "isSold": false,
        "id": 26489
    },
    {
        "firstName": "RAMON",
        "lastName": "GOMEZ",
        "phone": "3238302600",
        "address": "1209 S SPRUCE ST",
        "city": "MTB",
        "state": "CA",
        "zip": "90640",
        "email": "RAMONGUAPO@ATT.NET",
        "dateOfBirth": "1966-11-22T12:00:00",
        "ssn": "613208967",
        "userOrders": null,
        "isSold": false,
        "id": 26507
    },
    {
        "firstName": "MARY",
        "lastName": "BOOHER",
        "phone": "7609200174",
        "address": "8747 BOWER ST",
        "city": "S RS",
        "state": "CA",
        "zip": "95403",
        "email": "THEBPTBOOS@AOL.COM",
        "dateOfBirth": "1966-08-27T12:00:00",
        "ssn": "530445256",
        "userOrders": null,
        "isSold": false,
        "id": 26531
    },
    {
        "firstName": "CARLA",
        "lastName": "BURRELL",
        "phone": "2103964444",
        "address": "3431 OAKDALE ST APT 2005",
        "city": "SAN ANTONIO",
        "state": "ANTONIO",
        "zip": "78229",
        "email": "BURRELL1917@YAHOO.COM",
        "dateOfBirth": "1966-06-17T12:00:00",
        "ssn": "465437308",
        "userOrders": null,
        "isSold": false,
        "id": 26532
    },
    {
        "firstName": "SUSAN",
        "lastName": "ROBBINS",
        "phone": "5613013174",
        "address": "4657 SW ROLFE ST",
        "city": "P*S*L",
        "state": "ST",
        "zip": "34953",
        "email": "SROBB36@YAHOO.COM",
        "dateOfBirth": "1966-10-21T12:00:00",
        "ssn": "591165321",
        "userOrders": null,
        "isSold": true,
        "id": 26543
    },
    {
        "firstName": "THERESA",
        "lastName": "MARTIN",
        "phone": "4082676131",
        "address": "4400 THE WOODS DR APT 602",
        "city": "SJ",
        "state": "JOSE",
        "zip": "95136",
        "email": "THERESA4HIM@YAHOO.COM",
        "dateOfBirth": "1966-07-26T12:00:00",
        "ssn": "557636098",
        "userOrders": null,
        "isSold": true,
        "id": 26556
    }
]