[
    {
        "firstName": "JERRI",
        "lastName": "F",
        "phone": "5049094022",
        "address": "103 KENDRA LN",
        "city": "PICAYUNE",
        "state": "MS",
        "zip": "39466",
        "email": "NEWORLEANS_CREOLE@YAHOO.COM",
        "dateOfBirth": "1966-07-23T12:00:00",
        "ssn": "426199394",
        "userOrders": null,
        "isSold": false,
        "id": 41472
    },
    {
        "firstName": "YVES",
        "lastName": "TALOM",
        "phone": "6785608246",
        "address": "2086 DAYRON CIR",
        "city": "MRETA",
        "state": "GA",
        "zip": "30062",
        "email": "TETALOM@GMAIL.COM",
        "dateOfBirth": "1966-10-03T12:00:00",
        "ssn": "667129943",
        "userOrders": null,
        "isSold": false,
        "id": 41500
    },
    {
        "firstName": "SCOTT",
        "lastName": "ROOF",
        "phone": "8154824400",
        "address": "740 SAINT ANDREWS LN APT 48",
        "city": "CRYSTL LK",
        "state": "LAKE",
        "zip": "60014",
        "email": "ANOTHERID74048@ATT.NET",
        "dateOfBirth": "1966-12-14T12:00:00",
        "ssn": "320500737",
        "userOrders": null,
        "isSold": false,
        "id": 41533
    },
    {
        "firstName": "KAREN",
        "lastName": "ROSS",
        "phone": "3178823343",
        "address": "5407 WAKEFIELD DR S",
        "city": "GREENWOOD",
        "state": "IN",
        "zip": "46142",
        "email": "KARENROSS5407@COMCAST.NET",
        "dateOfBirth": "1966-05-15T12:00:00",
        "ssn": "309889037",
        "userOrders": null,
        "isSold": false,
        "id": 41571
    },
    {
        "firstName": "SHARON",
        "lastName": "JURGELEWICZ",
        "phone": "5862602149",
        "address": "46243 CHALMERS DR",
        "city": "MACOMB TWP",
        "state": "MI",
        "zip": "48044",
        "email": "BUZZWEJ@COMCAST.NET",
        "dateOfBirth": "1966-12-15T12:00:00",
        "ssn": "362883569",
        "userOrders": null,
        "isSold": false,
        "id": 41575
    },
    {
        "firstName": "TRACY",
        "lastName": "BOST",
        "phone": "9015684721",
        "address": "8825 KENBROOK CV",
        "city": "MEMPHIS",
        "state": "TN",
        "zip": "38018",
        "email": "SHOPGIRLNMEMPHIS@GMAIL.COM",
        "dateOfBirth": "1966-01-31T12:00:00",
        "ssn": "432552023",
        "userOrders": null,
        "isSold": false,
        "id": 41799
    },
    {
        "firstName": "JOEY",
        "lastName": "RODRIGUEZ",
        "phone": "2817328592",
        "address": "9402 WINDRUSH DR",
        "city": "SPRING",
        "state": "TX",
        "zip": "77379",
        "email": "BACKYARDSPLUS@GMAIL.COM",
        "dateOfBirth": "1966-11-13T12:00:00",
        "ssn": "462456192",
        "userOrders": null,
        "isSold": false,
        "id": 41991
    },
    {
        "firstName": "RUFINA",
        "lastName": "VILLAPUDA",
        "phone": "9098771765",
        "address": "1428 LORRAINE PL",
        "city": "RLTO",
        "state": "CA",
        "zip": "92376",
        "email": "RUFINAVILLAPUDUA@ATT.NET",
        "dateOfBirth": "1966-07-19T12:00:00",
        "ssn": "559933782",
        "userOrders": null,
        "isSold": false,
        "id": 42046
    },
    {
        "firstName": "DANIEL",
        "lastName": "SERRANO",
        "phone": "3127090426",
        "address": "FL 2",
        "city": "CHGO",
        "state": "S",
        "zip": "60632",
        "email": "CLAUDIAANDRADE0426@GMAIL.COM",
        "dateOfBirth": "1966-12-18T12:00:00",
        "ssn": "342948629",
        "userOrders": null,
        "isSold": false,
        "id": 42083
    },
    {
        "firstName": "CYNTHIA",
        "lastName": "COX",
        "phone": "4145179300",
        "address": "3547 S 15TH PL",
        "city": "MILWAUKEE",
        "state": "WI",
        "zip": "53221",
        "email": "RICHCINDYCOX@GMAIL.COM",
        "dateOfBirth": "1966-05-06T12:00:00",
        "ssn": "388806293",
        "userOrders": null,
        "isSold": false,
        "id": 42197
    },
    {
        "firstName": "LUIS",
        "lastName": "M",
        "phone": "8318016089",
        "address": "123 SALLY ST",
        "city": "HST",
        "state": "CA",
        "zip": "95023",
        "email": "LUISMC66@ICLOUD.COM",
        "dateOfBirth": "1966-10-07T12:00:00",
        "ssn": "619058369",
        "userOrders": null,
        "isSold": false,
        "id": 42390
    },
    {
        "firstName": "KELLY",
        "lastName": "SHERYL",
        "phone": "7139060638",
        "address": "6555 MAPLERIDGE ST APT 42M",
        "city": "HOUSTON",
        "state": "TX",
        "zip": "77081",
        "email": "KVANDENBERG11@GMAIL.COM",
        "dateOfBirth": "1966-05-08T12:00:00",
        "ssn": "439430825",
        "userOrders": null,
        "isSold": false,
        "id": 42442
    },
    {
        "firstName": "HANH",
        "lastName": "PHAM",
        "phone": "1111110002",
        "address": "2725 GRASMERE ST",
        "city": "MOBILE",
        "state": "TX",
        "zip": "36617",
        "email": "YAHANH@YAHOO.COM",
        "dateOfBirth": "1966-02-26T12:00:00",
        "ssn": "459538442",
        "userOrders": null,
        "isSold": false,
        "id": 42446
    },
    {
        "firstName": "ADONIS",
        "lastName": "MAIQUEZ",
        "phone": "3057903503",
        "address": "5757 COLLINS AVE APT 1706",
        "city": "M*B",
        "state": "BEACH",
        "zip": "33140",
        "email": "AMAIQUEZ@YAHOO.COM",
        "dateOfBirth": "1966-11-07T12:00:00",
        "ssn": "594659854",
        "userOrders": null,
        "isSold": false,
        "id": 42518
    },
    {
        "firstName": "JEFFREY",
        "lastName": "S",
        "phone": "8587353777",
        "address": "222 W CLIFF ST",
        "city": "SOL B",
        "state": "BEACH",
        "zip": "92075",
        "email": "JEFEMARTIN@ME.COM",
        "dateOfBirth": "1966-11-22T12:00:00",
        "ssn": "554714657",
        "userOrders": null,
        "isSold": false,
        "id": 42563
    }
]