[
    {
        "firstName": "MASAKI",
        "lastName": "TACHIBANA",
        "phone": "3345244686",
        "address": "101 CAMILLE CIR",
        "city": "CLANTON",
        "state": "AL",
        "zip": "35045",
        "email": "JACSYS@HOTMAIL.COM",
        "dateOfBirth": "1966-03-15T12:00:00",
        "ssn": "639564542",
        "userOrders": null,
        "isSold": false,
        "id": 95223
    },
    {
        "firstName": "CHAOZHI",
        "lastName": "HUANG",
        "phone": "9548894102",
        "address": "2827 POINCIANA CIR",
        "city": "COOPER CTY",
        "state": "FL",
        "zip": "33026",
        "email": "CHAOZHI.HUANG@PARALLON.NET",
        "dateOfBirth": "1966-11-24T12:00:00",
        "ssn": "589474729",
        "userOrders": null,
        "isSold": false,
        "id": 95279
    },
    {
        "firstName": "LONNY",
        "lastName": "BERG",
        "phone": "5867647621",
        "address": "25717 DONCEA DR",
        "city": "WARREN",
        "state": "MI",
        "zip": "48091",
        "email": "LORDSBERG@YAHOO.COM",
        "dateOfBirth": "1966-12-31T12:00:00",
        "ssn": "125563767",
        "userOrders": null,
        "isSold": false,
        "id": 95285
    },
    {
        "firstName": "THEODORA",
        "lastName": "WILLIAMS",
        "phone": "7089169192",
        "address": "14924 PARKSIDE AVE",
        "city": "HARVY",
        "state": "IL",
        "zip": "60426",
        "email": "TEDDIW66@GMAIL.COM",
        "dateOfBirth": "1966-04-11T12:00:00",
        "ssn": "353708381",
        "userOrders": null,
        "isSold": false,
        "id": 95345
    },
    {
        "firstName": "SCOTT",
        "lastName": "BERRYMAN",
        "phone": "7049158597",
        "address": "3369 HUNTING WOOD CT",
        "city": "GAST",
        "state": "NC",
        "zip": "28052",
        "email": "BERRYMAN981@GMAIL.COM",
        "dateOfBirth": "1966-11-27T12:00:00",
        "ssn": "242350752",
        "userOrders": null,
        "isSold": false,
        "id": 95378
    },
    {
        "firstName": "DOWNETTA",
        "lastName": "TROTTER",
        "phone": "9042584665",
        "address": "UNIT 1608",
        "city": "JKVL",
        "state": "UNIVERSITY",
        "zip": "32277",
        "email": "DOWNETTATROTTER@GMAIL.COM",
        "dateOfBirth": "1966-09-29T12:00:00",
        "ssn": "593093221",
        "userOrders": null,
        "isSold": false,
        "id": 95391
    },
    {
        "firstName": "SOSAN",
        "lastName": "Y",
        "phone": "2484111111",
        "address": "30040 W 13 MILE RD",
        "city": "FARMINGTON HILLS",
        "state": "HLS",
        "zip": "48334",
        "email": "SOSANJAMEL@YAHOO.COM",
        "dateOfBirth": "1966-05-24T12:00:00",
        "ssn": "364822065",
        "userOrders": null,
        "isSold": true,
        "id": 95463
    },
    {
        "firstName": "DAWN",
        "lastName": "NICKEL",
        "phone": "7075924270",
        "address": "706 MORISSETTE WAY",
        "city": "VCVL",
        "state": "CA",
        "zip": "95687",
        "email": "DNX2-1984@COMCAST.NET",
        "dateOfBirth": "1966-02-16T12:00:00",
        "ssn": "526350263",
        "userOrders": null,
        "isSold": false,
        "id": 95620
    },
    {
        "firstName": "SANTOSH",
        "lastName": "KAR",
        "phone": "7346789645",
        "address": "1257 DUNDEE DR",
        "city": "CANTON TWP",
        "state": "MI",
        "zip": "48188",
        "email": "SANTOSH_KAR@HOTMAIL.COM",
        "dateOfBirth": "1966-01-01T12:00:00",
        "ssn": "495132911",
        "userOrders": null,
        "isSold": false,
        "id": 95625
    },
    {
        "firstName": "FRANCIS",
        "lastName": "JONES",
        "phone": "4697347696",
        "address": "PO BOX 1096",
        "city": "MCKINNEY",
        "state": "TX",
        "zip": "75070",
        "email": "FRJONES4@GMAIL.COM",
        "dateOfBirth": "1966-08-08T12:00:00",
        "ssn": "462498736",
        "userOrders": null,
        "isSold": false,
        "id": 95635
    },
    {
        "firstName": "MOSES",
        "lastName": "BECERRA",
        "phone": "7132989923",
        "address": "1419 SEAFIELD DR",
        "city": "CHANNELVIEW",
        "state": "TX",
        "zip": "77530",
        "email": "MOEBECERRA@HOTMAIL.COM",
        "dateOfBirth": "1966-05-20T12:00:00",
        "ssn": "455512966",
        "userOrders": null,
        "isSold": false,
        "id": 95702
    },
    {
        "firstName": "JOHANNA",
        "lastName": "IMBERT",
        "phone": "7866121184",
        "address": "APT 104",
        "city": "MIA",
        "state": "SW",
        "zip": "33186",
        "email": "YOGIMBERT@MSN.COM",
        "dateOfBirth": "1966-07-06T12:00:00",
        "ssn": "594211466",
        "userOrders": null,
        "isSold": false,
        "id": 95735
    },
    {
        "firstName": "DAVE",
        "lastName": "HEWITT",
        "phone": "9167698440",
        "address": "2031 CREST MAR CT",
        "city": "EL DRDO HLS",
        "state": "DORADO",
        "zip": "95762",
        "email": "DAVIDWHEWITT@SBCGLOBAL.NET",
        "dateOfBirth": "1966-02-03T12:00:00",
        "ssn": "569555307",
        "userOrders": null,
        "isSold": false,
        "id": 95754
    },
    {
        "firstName": "ZAN",
        "lastName": "HONG",
        "phone": "4155318386",
        "address": "332 NAPLES ST",
        "city": "SF",
        "state": "FRANCISCO",
        "zip": "94112",
        "email": "544891163@QQ.COM",
        "dateOfBirth": "1966-11-07T12:00:00",
        "ssn": "625835736",
        "userOrders": null,
        "isSold": true,
        "id": 95964
    },
    {
        "firstName": "ANGELA",
        "lastName": "JOHNSON",
        "phone": "5015337729",
        "address": "1126 TWILIGHT DR",
        "city": "LEWISVILLE",
        "state": "TX",
        "zip": "75056",
        "email": "ANGELRAMANO@YAHOO.COM",
        "dateOfBirth": "1966-07-29T12:00:00",
        "ssn": "430438566",
        "userOrders": null,
        "isSold": false,
        "id": 96205
    }
]