[
    {
        "firstName": "GEOFFRY",
        "lastName": "LINE",
        "phone": "4705058785",
        "address": "7185 CREEK RIDGE DR",
        "city": "CUMG",
        "state": "GA",
        "zip": "30041",
        "email": "JAMIE.LINE66@GMAIL.COM",
        "dateOfBirth": "1966-09-13T12:00:00",
        "ssn": "355700319",
        "userOrders": null,
        "isSold": false,
        "id": 29126
    },
    {
        "firstName": "SHILPEN",
        "lastName": "PATEL",
        "phone": "4075741105",
        "address": "7830 SAINT ANDREWS CIR",
        "city": "ORL",
        "state": "FL",
        "zip": "32835",
        "email": "SHILPEN2005@YAHOO.COM",
        "dateOfBirth": "1966-08-04T12:00:00",
        "ssn": "603390284",
        "userOrders": null,
        "isSold": false,
        "id": 29344
    },
    {
        "firstName": "ANDREW",
        "lastName": "WESTBY",
        "phone": "7757720494",
        "address": "90 E EMERSON WAY",
        "city": "SPARKS",
        "state": "NV",
        "zip": "89431",
        "email": "WISE81E@AOL.COM",
        "dateOfBirth": "1966-10-23T12:00:00",
        "ssn": "530909203",
        "userOrders": null,
        "isSold": true,
        "id": 29350
    },
    {
        "firstName": "KHOSROW",
        "lastName": "MILANI",
        "phone": "4048865809",
        "address": "2415 LIVELY TRL NE",
        "city": "ATL",
        "state": "GA",
        "zip": "30345",
        "email": "MILANITONY@YAHOO.COM",
        "dateOfBirth": "1966-10-08T12:00:00",
        "ssn": "253813512",
        "userOrders": null,
        "isSold": false,
        "id": 29370
    },
    {
        "firstName": "AZRA",
        "lastName": "LOVIC",
        "phone": "8477592330",
        "address": "9386 LANDINGS LN UNIT 308",
        "city": "DES PL",
        "state": "PLAINES",
        "zip": "60016",
        "email": "EELVISS84@HOTMAIL.COM",
        "dateOfBirth": "1966-02-07T12:00:00",
        "ssn": "257900901",
        "userOrders": null,
        "isSold": false,
        "id": 29399
    },
    {
        "firstName": "STEPHEN",
        "lastName": "HANSON",
        "phone": "9496831735",
        "address": "27 TAHOE",
        "city": "CM",
        "state": "CA",
        "zip": "92626",
        "email": "STEPHENHANSON5@GMAIL.COM",
        "dateOfBirth": "1966-11-21T12:00:00",
        "ssn": "526134857",
        "userOrders": null,
        "isSold": false,
        "id": 29403
    },
    {
        "firstName": "PETRA",
        "lastName": "GARCIA",
        "phone": "2818941638",
        "address": "13406 TARA OAK DR",
        "city": "HOUSTON",
        "state": "TX",
        "zip": "77065",
        "email": "PETRA-GARCIA@ATT.NET",
        "dateOfBirth": "1966-04-25T12:00:00",
        "ssn": "457938102",
        "userOrders": null,
        "isSold": false,
        "id": 29406
    },
    {
        "firstName": "CHERYL",
        "lastName": "MARTI",
        "phone": "9206629303",
        "address": "2014 MYSTIC HILLS TER",
        "city": "SUAMICO",
        "state": "WI",
        "zip": "54313",
        "email": "CHERYLDAIRY@SBCGLOBAL.NET",
        "dateOfBirth": "1966-09-12T12:00:00",
        "ssn": "476965516",
        "userOrders": null,
        "isSold": false,
        "id": 29421
    },
    {
        "firstName": "MELISSA",
        "lastName": "LEE",
        "phone": "3182284427",
        "address": "1606 WOOD ST",
        "city": "FLORIEN",
        "state": "SPRING",
        "zip": "71429",
        "email": "LEEBOY2014@YAHOO.COM",
        "dateOfBirth": "1966-07-08T12:00:00",
        "ssn": "423414835",
        "userOrders": null,
        "isSold": false,
        "id": 29589
    },
    {
        "firstName": "MICHAEL",
        "lastName": "GOLD",
        "phone": "7736126112",
        "address": "670 S PARKSIDE AVE",
        "city": "ELMHRST",
        "state": "IL",
        "zip": "60126",
        "email": "MICHAEL@SPOONINC.COM",
        "dateOfBirth": "1966-07-20T12:00:00",
        "ssn": "333529103",
        "userOrders": null,
        "isSold": false,
        "id": 29601
    },
    {
        "firstName": "ERNESTO",
        "lastName": "ESCAMILLA",
        "phone": "5592843959",
        "address": "13002 WADDLE FARM",
        "city": "SAN ANTONIO",
        "state": "ANTONIO",
        "zip": "78249",
        "email": "ERNESTO_ESCAMILLA100@YAHOO.COM",
        "dateOfBirth": "1966-07-08T12:00:00",
        "ssn": "463971529",
        "userOrders": null,
        "isSold": false,
        "id": 29647
    },
    {
        "firstName": "CLAYTON",
        "lastName": "BLOUNT",
        "phone": "7043630066",
        "address": "4925 BROOKHAVEN DR",
        "city": "GAST",
        "state": "NC",
        "zip": "28056",
        "email": "CLAYTONBBLOUNT@HOTMAIL.COM",
        "dateOfBirth": "1966-08-30T12:00:00",
        "ssn": "237239192",
        "userOrders": null,
        "isSold": false,
        "id": 29670
    },
    {
        "firstName": "TINA",
        "lastName": "SARVER",
        "phone": "1111110001",
        "address": "103 GRAYLING DR",
        "city": "THE COLONY",
        "state": "OH",
        "zip": "75056",
        "email": "T7888@AOL.COM",
        "dateOfBirth": "1966-08-10T12:00:00",
        "ssn": "294785888",
        "userOrders": null,
        "isSold": false,
        "id": 29696
    },
    {
        "firstName": "NANCY",
        "lastName": "WEST",
        "phone": "2097720396",
        "address": "FLR DWNSTRS",
        "city": "VLY SPGS",
        "state": "GILL",
        "zip": "95252",
        "email": "CABUGGYGIRL@ATT.NET",
        "dateOfBirth": "1966-01-24T12:00:00",
        "ssn": "571597760",
        "userOrders": null,
        "isSold": false,
        "id": 29702
    },
    {
        "firstName": "NAN",
        "lastName": "HARLESS",
        "phone": "4403542607",
        "address": "301 EAST ST",
        "city": "FAIRPORT",
        "state": "HBR",
        "zip": "44077",
        "email": "BUNDLES@ELITE-MOBILITY.COM",
        "dateOfBirth": "1966-04-30T12:00:00",
        "ssn": "276508938",
        "userOrders": null,
        "isSold": false,
        "id": 29748
    }
]