[
    {
        "firstName": "AMY",
        "lastName": "SYLVESTER",
        "phone": "2059604535",
        "address": "2520 HEATHERMOOR RD",
        "city": "MOUNTAIN BROOK",
        "state": "BRK",
        "zip": "35223",
        "email": "SYLV8859@BELLSOUTH.NET",
        "dateOfBirth": "1966-12-31T12:00:00",
        "ssn": "421928481",
        "userOrders": null,
        "isSold": false,
        "id": 69711
    },
    {
        "firstName": "NELSON",
        "lastName": "BENITEZ",
        "phone": "2249992716",
        "address": "5532 W 65TH ST",
        "city": "CHGO",
        "state": "IL",
        "zip": "60638",
        "email": "FRANK.KILL@HOTMAIL.COM",
        "dateOfBirth": "1966-04-11T12:00:00",
        "ssn": "630187577",
        "userOrders": null,
        "isSold": false,
        "id": 69784
    },
    {
        "firstName": "FRANCISCO",
        "lastName": "HERRERA",
        "phone": "9565797018",
        "address": "2650 POMPEII ST",
        "city": "BROWNSVILLE",
        "state": "TX",
        "zip": "78520",
        "email": "FRANCHERR888@GMAIL.COM",
        "dateOfBirth": "1966-08-08T12:00:00",
        "ssn": "459518061",
        "userOrders": null,
        "isSold": false,
        "id": 69791
    },
    {
        "firstName": "ELIZABETH",
        "lastName": "PORTER",
        "phone": "3012223578",
        "address": "120 CRENSHAW ST",
        "city": "STHPT",
        "state": "CITY",
        "zip": "32409",
        "email": "SEASICTOO@AOL.COM",
        "dateOfBirth": "1966-02-16T12:00:00",
        "ssn": "415230091",
        "userOrders": null,
        "isSold": false,
        "id": 69816
    },
    {
        "firstName": "JAMES",
        "lastName": "BROWN",
        "phone": "5013394828",
        "address": "35 BROOKWOOD LN",
        "city": "MOUNTAIN VIEW",
        "state": "AR",
        "zip": "72560",
        "email": "JDBTHE2ND@YAHOO.COM",
        "dateOfBirth": "1966-07-06T12:00:00",
        "ssn": "432454444",
        "userOrders": null,
        "isSold": true,
        "id": 69887
    },
    {
        "firstName": "MICHAEL",
        "lastName": "ARTHUR",
        "phone": "8589976403",
        "address": "7836 CAMINO TRANQUILO",
        "city": "SD",
        "state": "DIEGO",
        "zip": "92122",
        "email": "RIGGGS23@GMAIL.COM",
        "dateOfBirth": "1966-02-23T12:00:00",
        "ssn": "231216267",
        "userOrders": null,
        "isSold": false,
        "id": 69891
    },
    {
        "firstName": "KAREN",
        "lastName": "BROWN",
        "phone": "3144060719",
        "address": "1732 CORONITA DR",
        "city": "FENTON",
        "state": "MO",
        "zip": "63026",
        "email": "KMAYBROWN@YAHOO.COM",
        "dateOfBirth": "1966-06-02T12:00:00",
        "ssn": "490826380",
        "userOrders": null,
        "isSold": false,
        "id": 69922
    },
    {
        "firstName": "MERCEDITHA",
        "lastName": "IGTIBEN",
        "phone": "1111110001",
        "address": "3037 ALLENWOOD DR",
        "city": "SJ",
        "state": "JOSE",
        "zip": "95148",
        "email": "IGTIBEN@ATT.NET",
        "dateOfBirth": "1966-08-30T12:00:00",
        "ssn": "567950775",
        "userOrders": null,
        "isSold": true,
        "id": 69931
    },
    {
        "firstName": "MIGUEL",
        "lastName": "GONZALEZ",
        "phone": "8327666050",
        "address": "29443 FOX RIVER DR",
        "city": "SPRING",
        "state": "TX",
        "zip": "77386",
        "email": "MG12355@CHARTER.NET",
        "dateOfBirth": "1966-07-13T12:00:00",
        "ssn": "456635808",
        "userOrders": null,
        "isSold": false,
        "id": 69985
    },
    {
        "firstName": "AMY",
        "lastName": "MOODY",
        "phone": "8173008196",
        "address": "322 STEPPES CT",
        "city": "PARKER COUNTY",
        "state": "TX",
        "zip": "76087",
        "email": "MOODYS_5@YAHOO.COM",
        "dateOfBirth": "1966-04-06T12:00:00",
        "ssn": "462552656",
        "userOrders": null,
        "isSold": false,
        "id": 70016
    },
    {
        "firstName": "SHEILA",
        "lastName": "BOSTIC",
        "phone": "8434394276",
        "address": "200 GILCHRIST AVE APT 10",
        "city": "MC*COLL",
        "state": "COLL",
        "zip": "29570",
        "email": "MRS.BOSTIC62709@GMAIL.COM",
        "dateOfBirth": "1966-03-02T12:00:00",
        "ssn": "217479617",
        "userOrders": null,
        "isSold": false,
        "id": 70037
    },
    {
        "firstName": "MR",
        "lastName": "OSMAN",
        "phone": "3135843786",
        "address": "5800 ORCHARD AVE",
        "city": "DEARBORN",
        "state": "MI",
        "zip": "48126",
        "email": "OELFASIH@YAHOO.COM",
        "dateOfBirth": "1966-09-18T12:00:00",
        "ssn": "364967978",
        "userOrders": null,
        "isSold": false,
        "id": 70221
    },
    {
        "firstName": "MICHAEL",
        "lastName": "DAVIS",
        "phone": "7042008497",
        "address": "18800 RAMSEY COVE DR",
        "city": "CORNELIUS",
        "state": "NC",
        "zip": "28031",
        "email": "BANND.SCALISE@GMAIL.COM",
        "dateOfBirth": "1966-08-08T12:00:00",
        "ssn": "434069545",
        "userOrders": null,
        "isSold": false,
        "id": 70227
    },
    {
        "firstName": "DAVID",
        "lastName": "LOPEZ",
        "phone": "6618589277",
        "address": "PO BOX 337",
        "city": "WASCO",
        "state": "CA",
        "zip": "93280",
        "email": "DAVIDLOPEZ1970@ATT.NET",
        "dateOfBirth": "1966-09-27T12:00:00",
        "ssn": "565839432",
        "userOrders": null,
        "isSold": false,
        "id": 70365
    },
    {
        "firstName": "MARK",
        "lastName": "OSTERKAMP",
        "phone": "8173414221",
        "address": "3601 RED BUD DR",
        "city": "PARKER COUNTY",
        "state": "TX",
        "zip": "76087",
        "email": "MARKOSTERKAMP@ATT.NET",
        "dateOfBirth": "1966-10-16T12:00:00",
        "ssn": "330683960",
        "userOrders": null,
        "isSold": false,
        "id": 70457
    }
]