[
    {
        "firstName": "TINA",
        "lastName": "MORTON",
        "phone": "7344644653",
        "address": "3521 PHEASANT RUN CIR APT 1",
        "city": "ANN ARBOR",
        "state": "ARBOR",
        "zip": "48108",
        "email": "MORTONSAXOPHONE@GMAIL.COM",
        "dateOfBirth": "1966-06-14T12:00:00",
        "ssn": "383888645",
        "userOrders": null,
        "isSold": true,
        "id": 11467
    },
    {
        "firstName": "JOHN",
        "lastName": "KEMMER",
        "phone": "6788368464",
        "address": "29 JAEGER LN",
        "city": "ALISO VIEJO",
        "state": "VIEJO",
        "zip": "92656",
        "email": "STEPH.KEMMER@GMAIL.COM",
        "dateOfBirth": "1966-09-10T12:00:00",
        "ssn": "555692841",
        "userOrders": null,
        "isSold": true,
        "id": 11571
    },
    {
        "firstName": "RUTH",
        "lastName": "RAGER",
        "phone": "3139483032",
        "address": "17247 BRADY",
        "city": "REDFORD",
        "state": "MI",
        "zip": "48239",
        "email": "RUTH.RAGER@YAHOO.COM",
        "dateOfBirth": "1966-08-14T12:00:00",
        "ssn": "368845170",
        "userOrders": null,
        "isSold": true,
        "id": 11660
    },
    {
        "firstName": "DONNA",
        "lastName": "LANE",
        "phone": "8596130945",
        "address": "624 COUNTRYSIDE ESTATES DR",
        "city": "HARRODSBURG",
        "state": "KY",
        "zip": "40330",
        "email": "DONNALANE2001@YAHOO.COM",
        "dateOfBirth": "1966-12-14T12:00:00",
        "ssn": "402194942",
        "userOrders": null,
        "isSold": true,
        "id": 11731
    },
    {
        "firstName": "JOHN",
        "lastName": "KENNEY",
        "phone": "6077590981",
        "address": "1113 BROOKHILL WAY",
        "city": "CARY",
        "state": "NC",
        "zip": "27519",
        "email": "JACKNBRIDGE@HOTMAIL.COM",
        "dateOfBirth": "1966-07-16T12:00:00",
        "ssn": "127669014",
        "userOrders": null,
        "isSold": true,
        "id": 11738
    },
    {
        "firstName": "JULIE",
        "lastName": "GUZMAN",
        "phone": "2817027935",
        "address": "PO BOX 2710",
        "city": "CYPRESS",
        "state": "TX",
        "zip": "77433",
        "email": "FYPOS271@SBCGLOBAL.NET",
        "dateOfBirth": "1966-10-13T12:00:00",
        "ssn": "456494039",
        "userOrders": null,
        "isSold": true,
        "id": 11781
    },
    {
        "firstName": "MIGUEL",
        "lastName": "RAMIREZ",
        "phone": "5592687113",
        "address": "7076318511",
        "city": "FRESNO CA 93728-3830",
        "state": "N",
        "zip": "FRS",
        "email": "93728",
        "dateOfBirth": "1966-05-08T12:00:00",
        "ssn": "605102056",
        "userOrders": null,
        "isSold": true,
        "id": 11793
    },
    {
        "firstName": "WILLIAM",
        "lastName": "PHILLIPS",
        "phone": "2163465546",
        "address": "13809 CORMERE AVE",
        "city": "CLEVELAND",
        "state": "OH",
        "zip": "44120",
        "email": "WPHIL@ATT.NET",
        "dateOfBirth": "1966-06-15T12:00:00",
        "ssn": "282705075",
        "userOrders": null,
        "isSold": true,
        "id": 11859
    },
    {
        "firstName": "ISRAEL",
        "lastName": "MILES",
        "phone": "4692454188",
        "address": "3612 GARRETT RD",
        "city": "FORT WORTH",
        "state": "TX",
        "zip": "76040",
        "email": "ISRAELMILES777@GMAIL.COM",
        "dateOfBirth": "1966-01-28T12:00:00",
        "ssn": "462179035",
        "userOrders": null,
        "isSold": true,
        "id": 11896
    },
    {
        "firstName": "TANIA",
        "lastName": "ROMERO",
        "phone": "7864208736",
        "address": "20240 SW 103RD AVE",
        "city": "CUTLER BAY",
        "state": "BAY",
        "zip": "33189",
        "email": "TANIA0224@GMAIL.COM",
        "dateOfBirth": "1966-02-24T12:00:00",
        "ssn": "768964709",
        "userOrders": null,
        "isSold": true,
        "id": 11923
    },
    {
        "firstName": "DIANE",
        "lastName": "BOZZONE",
        "phone": "9738627774",
        "address": "903 THOENIG RD",
        "city": "NEWTON",
        "state": "NJ",
        "zip": "07860",
        "email": "DIBOZZ@EMBARQMAIL.COM",
        "dateOfBirth": "1966-09-24T12:00:00",
        "ssn": "157626119",
        "userOrders": null,
        "isSold": true,
        "id": 11971
    },
    {
        "firstName": "FELICITA",
        "lastName": "MENDOZA",
        "phone": "5597065525",
        "address": "812 CLARK ST",
        "city": "FRBGH",
        "state": "CA",
        "zip": "93622",
        "email": "FELICITAM02@ATT.NET",
        "dateOfBirth": "1966-02-21T12:00:00",
        "ssn": "603888397",
        "userOrders": null,
        "isSold": true,
        "id": 12001
    },
    {
        "firstName": "CAREN",
        "lastName": "CONRAD",
        "phone": "9372791580",
        "address": "5024 BELLCREEK LN",
        "city": "DAYTON",
        "state": "OH",
        "zip": "45406",
        "email": "RAZZYTAZZY2007@YAHOO.COM",
        "dateOfBirth": "1966-03-28T12:00:00",
        "ssn": "291661743",
        "userOrders": null,
        "isSold": true,
        "id": 12073
    },
    {
        "firstName": "JILL",
        "lastName": "WHITE",
        "phone": "2253246477",
        "address": "17483 HEARTHWOOD DR",
        "city": "CENTRAL",
        "state": "SPGS",
        "zip": "70739",
        "email": "JILLPWHITE66@GMAIL.COM",
        "dateOfBirth": "1966-12-07T12:00:00",
        "ssn": "434431916",
        "userOrders": null,
        "isSold": true,
        "id": 12099
    },
    {
        "firstName": "TIM",
        "lastName": "PILLOW",
        "phone": "3175146233",
        "address": "6360 CRIMSON CIRCLE WEST DR",
        "city": "INDIANAPOLIS",
        "state": "IN",
        "zip": "46227",
        "email": "TLPILLOW@GMAIL.COM",
        "dateOfBirth": "1966-07-13T12:00:00",
        "ssn": "317809844",
        "userOrders": null,
        "isSold": true,
        "id": 12115
    }
]