[
    {
        "firstName": "ALESSANDRO",
        "lastName": "GRILLO",
        "phone": "5869328017",
        "address": "47800 SCHOENHERR RD",
        "city": "SHELBY TWP",
        "state": "TWP",
        "zip": "48315",
        "email": "ANTONIOGRILLO440@GMAIL.COM",
        "dateOfBirth": "1966-03-17T12:00:00",
        "ssn": "385112857",
        "userOrders": null,
        "isSold": false,
        "id": 67046
    },
    {
        "firstName": "JULIO",
        "lastName": "SALAZAR",
        "phone": "5103649646",
        "address": "4628 CREEKWOOD DR",
        "city": "FMT",
        "state": "CA",
        "zip": "94555",
        "email": "JULIOSALAZARJR@ATT.NET",
        "dateOfBirth": "1966-07-01T12:00:00",
        "ssn": "619969178",
        "userOrders": null,
        "isSold": false,
        "id": 67076
    },
    {
        "firstName": "SIXTO",
        "lastName": "ROBLES",
        "phone": "1112223333",
        "address": "7739966945",
        "city": "WAUKEGAN IL 60087-4841",
        "state": "N",
        "zip": "WKGN",
        "email": "60087",
        "dateOfBirth": "1966-10-08T12:00:00",
        "ssn": "582649578",
        "userOrders": null,
        "isSold": true,
        "id": 67102
    },
    {
        "firstName": "MARILYN",
        "lastName": "DAVIS",
        "phone": "2565779399",
        "address": "120 WYNCHASE DR W",
        "city": "MUSCLE SHOALS",
        "state": "SHOALS",
        "zip": "35661",
        "email": "DAVIDDDAVIS@ME.COM",
        "dateOfBirth": "1966-03-14T12:00:00",
        "ssn": "420119891",
        "userOrders": null,
        "isSold": false,
        "id": 67204
    },
    {
        "firstName": "GARY",
        "lastName": "KONDRAT",
        "phone": "2482406421",
        "address": "5021 TIMBER RIDGE TRL",
        "city": "INDEPENDENCE TWP",
        "state": "MI",
        "zip": "48346",
        "email": "GARYKONDRAT@YAHOO.COM",
        "dateOfBirth": "1966-09-30T12:00:00",
        "ssn": "374882893",
        "userOrders": null,
        "isSold": false,
        "id": 67279
    },
    {
        "firstName": "JAVIER",
        "lastName": "PEREZ",
        "phone": "6612479230",
        "address": "6618620003",
        "city": "BAKERSFIELD CA 93305-2828",
        "state": "JEFFREY",
        "zip": "BKFD",
        "email": "93305",
        "dateOfBirth": "1966-07-27T12:00:00",
        "ssn": "623248466",
        "userOrders": null,
        "isSold": false,
        "id": 67353
    },
    {
        "firstName": "CAROL",
        "lastName": "L",
        "phone": "2812486103",
        "address": "16350 ELLA BLVD APT 1038",
        "city": "HOUSTON",
        "state": "TX",
        "zip": "77090",
        "email": "CAROL_ALVY@ATT.NET",
        "dateOfBirth": "1966-08-22T12:00:00",
        "ssn": "466355971",
        "userOrders": null,
        "isSold": false,
        "id": 67386
    },
    {
        "firstName": "VINCENT",
        "lastName": "MUNEZ",
        "phone": "8055871900",
        "address": "2214 MADRONE ST",
        "city": "SIMI VLY",
        "state": "VALLEY",
        "zip": "93065",
        "email": "ATT@ALLCONNECT.COM",
        "dateOfBirth": "1966-02-11T12:00:00",
        "ssn": "551139709",
        "userOrders": null,
        "isSold": false,
        "id": 67422
    },
    {
        "firstName": "LISA",
        "lastName": "DEGRAAF",
        "phone": "2693700166",
        "address": "3525 PINTO RD",
        "city": "COOPER",
        "state": "MI",
        "zip": "49004",
        "email": "DEGRAAF4@SBCGLOBAL.NET",
        "dateOfBirth": "1966-04-08T12:00:00",
        "ssn": "378887048",
        "userOrders": null,
        "isSold": false,
        "id": 67469
    },
    {
        "firstName": "JEAN",
        "lastName": "JOSEPH",
        "phone": "2053261357",
        "address": "7863126573",
        "city": "MIAMI FL 33126-8017",
        "state": "NW",
        "zip": "MIA",
        "email": "33126",
        "dateOfBirth": "1966-01-29T12:00:00",
        "ssn": "113941085",
        "userOrders": null,
        "isSold": false,
        "id": 67486
    },
    {
        "firstName": "ENGELBERTO",
        "lastName": "PEREZ",
        "phone": "2195763948",
        "address": "804 W 151ST ST",
        "city": "EAST CHICAGO",
        "state": "CHICAGO",
        "zip": "46312",
        "email": "ENGELPEREZ66@GMAIL.COM",
        "dateOfBirth": "1966-08-16T12:00:00",
        "ssn": "532679168",
        "userOrders": null,
        "isSold": false,
        "id": 67703
    },
    {
        "firstName": "VICENTE",
        "lastName": "ARCEO",
        "phone": "5108275482",
        "address": "1611 S SAN JOAQUIN ST",
        "city": "OAK",
        "state": "CA",
        "zip": "94621",
        "email": "GUSTAVOARCEO@ATT.NET",
        "dateOfBirth": "1966-02-16T12:00:00",
        "ssn": "625274318",
        "userOrders": null,
        "isSold": false,
        "id": 67710
    },
    {
        "firstName": "DAISY",
        "lastName": "TSANG",
        "phone": "5624582088",
        "address": "14749 BITTERSWEET LN",
        "city": "EASTVALE",
        "state": "CA",
        "zip": "92880",
        "email": "DAISYGINESTSANG@GMAIL.COM",
        "dateOfBirth": "1966-03-16T12:00:00",
        "ssn": "558437132",
        "userOrders": null,
        "isSold": false,
        "id": 67891
    },
    {
        "firstName": "STEPHANIE",
        "lastName": "REED",
        "phone": "3237507004",
        "address": "3237507004",
        "city": "LOS ANGELES CA 90044-5042",
        "state": "W",
        "zip": "LA",
        "email": "90044",
        "dateOfBirth": "1966-07-04T12:00:00",
        "ssn": "548419732",
        "userOrders": null,
        "isSold": false,
        "id": 67961
    },
    {
        "firstName": "LORI",
        "lastName": "MOSHER",
        "phone": "5182320926",
        "address": "5186239956",
        "city": "WARRENSBURG NY 12885-4807",
        "state": "SCHROON",
        "zip": "WARRENSBURG",
        "email": "12885",
        "dateOfBirth": "1966-02-17T12:00:00",
        "ssn": "105564625",
        "userOrders": null,
        "isSold": false,
        "id": 68014
    }
]