[
    {
        "firstName": "RON",
        "lastName": "MCPHEE",
        "phone": "7139149794",
        "address": "6041 WINSOME LN APT 223",
        "city": "HOUSTON",
        "state": "TX",
        "zip": "77057",
        "email": "RON.MCPHEE@ATT.NET",
        "dateOfBirth": "1966-10-25T12:00:00",
        "ssn": "482110293",
        "userOrders": null,
        "isSold": false,
        "id": 89449
    },
    {
        "firstName": "DAVID",
        "lastName": "MARCHESCHI",
        "phone": "7732559423",
        "address": "178 CHRISTINA CIR",
        "city": "WHETN",
        "state": "IL",
        "zip": "60189",
        "email": "WATERJOE@HOTMAIL.COM",
        "dateOfBirth": "1966-09-14T12:00:00",
        "ssn": "336681949",
        "userOrders": null,
        "isSold": false,
        "id": 89477
    },
    {
        "firstName": "AGNUS",
        "lastName": "KIMUTU",
        "phone": "9194009825",
        "address": "108 SOLSTICE DR",
        "city": "HAW RIV",
        "state": "RIVER",
        "zip": "27258",
        "email": "AG_KIM@YAHOO.COM",
        "dateOfBirth": "1966-12-30T12:00:00",
        "ssn": "688093460",
        "userOrders": null,
        "isSold": false,
        "id": 89491
    },
    {
        "firstName": "MARINA",
        "lastName": "FARINHA",
        "phone": "4156866033",
        "address": "5036 CHABLIS CT",
        "city": "VJO",
        "state": "CA",
        "zip": "94591",
        "email": "MARINAFARINHA@YAHOO.COM",
        "dateOfBirth": "1966-02-28T12:00:00",
        "ssn": "623110489",
        "userOrders": null,
        "isSold": false,
        "id": 89493
    },
    {
        "firstName": "DONALD",
        "lastName": "NELSON",
        "phone": "1111110007",
        "address": "1005 W 8TH ST APT 33",
        "city": "BAY ST LOUIS",
        "state": "LA",
        "zip": "39520",
        "email": "NCHARLES95@YAHOO.COM",
        "dateOfBirth": "1966-09-16T12:00:00",
        "ssn": "434154303",
        "userOrders": null,
        "isSold": false,
        "id": 89506
    },
    {
        "firstName": "JAVIER",
        "lastName": "FABIAN",
        "phone": "3235991127",
        "address": "661 W 69TH ST",
        "city": "LA",
        "state": "ANGELES",
        "zip": "90044",
        "email": "PERGENTINA17@GMAIL.COM",
        "dateOfBirth": "1966-12-18T12:00:00",
        "ssn": "575801134",
        "userOrders": null,
        "isSold": false,
        "id": 89550
    },
    {
        "firstName": "HUMBERTO",
        "lastName": "ORELLANA",
        "phone": "8284488733",
        "address": "1679 LANDIS LN",
        "city": "MORGNTN",
        "state": "NC",
        "zip": "28655",
        "email": "ORELLANAC123@GMAIL.COM",
        "dateOfBirth": "1966-01-26T12:00:00",
        "ssn": "589485718",
        "userOrders": null,
        "isSold": false,
        "id": 89557
    },
    {
        "firstName": "JOSE",
        "lastName": "BANDA",
        "phone": "6163378672",
        "address": "2128 STAFFORD AVE SW",
        "city": "GRAND RAPIDS",
        "state": "RAPIDS",
        "zip": "49507",
        "email": "JOSEBANDA33@GMAIL.COM",
        "dateOfBirth": "1966-05-01T12:00:00",
        "ssn": "379981986",
        "userOrders": null,
        "isSold": false,
        "id": 89622
    },
    {
        "firstName": "RUBAN",
        "lastName": "BALASUBRAMANIAM",
        "phone": "4702735970",
        "address": "7835 SCOUT CREEK CIR",
        "city": "SUWANEE",
        "state": "GA",
        "zip": "30024",
        "email": "RUBANB@YAHOO.COM",
        "dateOfBirth": "1966-09-18T12:00:00",
        "ssn": "670093629",
        "userOrders": null,
        "isSold": false,
        "id": 89728
    },
    {
        "firstName": "THANH",
        "lastName": "NUGYEN",
        "phone": "7135304168",
        "address": "3309 CLAYMILL LN",
        "city": "PEARLAND",
        "state": "TX",
        "zip": "77581",
        "email": "DYLAN0697@YAHOO.COM",
        "dateOfBirth": "1966-12-16T12:00:00",
        "ssn": "586462508",
        "userOrders": null,
        "isSold": false,
        "id": 89777
    },
    {
        "firstName": "TONYA",
        "lastName": "JACKSON",
        "phone": "6016562981",
        "address": "284 BYRD AVE N",
        "city": "PHILADELPHIA",
        "state": "MS",
        "zip": "39350",
        "email": "TJ49@MSSTATE.EDU",
        "dateOfBirth": "1966-03-13T12:00:00",
        "ssn": "427355468",
        "userOrders": null,
        "isSold": false,
        "id": 89968
    },
    {
        "firstName": "TAMA",
        "lastName": "LUCAS",
        "phone": "8179051756",
        "address": "5060 HERITAGE OAKS DR",
        "city": "COLLEYVILLE",
        "state": "TX",
        "zip": "76034",
        "email": "LUCAT33@ATT.NET",
        "dateOfBirth": "1966-01-03T12:00:00",
        "ssn": "464354085",
        "userOrders": null,
        "isSold": false,
        "id": 89974
    },
    {
        "firstName": "SILVIA",
        "lastName": "MATIAS",
        "phone": "7736149861",
        "address": "1500 N MASSASOIT AVE FL 2",
        "city": "CHGO",
        "state": "IL",
        "zip": "60651",
        "email": "MATIAS_ANDY@ATT.NET",
        "dateOfBirth": "1966-02-28T12:00:00",
        "ssn": "329944523",
        "userOrders": null,
        "isSold": false,
        "id": 90092
    },
    {
        "firstName": "JULIE",
        "lastName": "HARRIS",
        "phone": "8162865871",
        "address": "7728 N MERSINGTON AVE",
        "city": "KANSAS CITY",
        "state": "CITY",
        "zip": "64119",
        "email": "JULESJMHARRIS@YAHOO.COM",
        "dateOfBirth": "1966-03-21T12:00:00",
        "ssn": "487860817",
        "userOrders": null,
        "isSold": false,
        "id": 90111
    },
    {
        "firstName": "DORA",
        "lastName": "SOLARES",
        "phone": "3109997011",
        "address": "841 W 129TH ST",
        "city": "GRD",
        "state": "CA",
        "zip": "90247",
        "email": "SOLARESJEYSON@HOTMAIL.COM",
        "dateOfBirth": "1966-04-01T12:00:00",
        "ssn": "602573935",
        "userOrders": null,
        "isSold": false,
        "id": 90167
    }
]