[
    {
        "firstName": "TRISHA",
        "lastName": "SELK",
        "phone": "9203444851",
        "address": "15 PARKVIEW CIR APT 1",
        "city": "COLUMBUS",
        "state": "WI",
        "zip": "53925",
        "email": "TSELK23@GMAIL.COM",
        "dateOfBirth": "1966-12-23T12:00:00",
        "ssn": "393900263",
        "userOrders": null,
        "isSold": false,
        "id": 15624
    },
    {
        "firstName": "MICHELLE",
        "lastName": "TIGUE",
        "phone": "4086610249",
        "address": "927 BRANHAM LN APT C",
        "city": "SJ",
        "state": "JOSE",
        "zip": "95136",
        "email": "TIGUEMICHELLE@ATT.NET",
        "dateOfBirth": "1966-01-16T12:00:00",
        "ssn": "554233136",
        "userOrders": null,
        "isSold": true,
        "id": 15769
    },
    {
        "firstName": "JANET",
        "lastName": "WILSON",
        "phone": "7708752205",
        "address": "391 VIN ROSE CIR SE",
        "city": "PALM BAY",
        "state": "BAY",
        "zip": "32909",
        "email": "WILSONSHUGS@AOL.COM",
        "dateOfBirth": "1966-09-03T12:00:00",
        "ssn": "589080834",
        "userOrders": null,
        "isSold": false,
        "id": 15871
    },
    {
        "firstName": "JESSIE",
        "lastName": "LEWIS",
        "phone": "3182252996",
        "address": "2975 RICHARDSON ST",
        "city": "ARCADIA",
        "state": "LA",
        "zip": "71001",
        "email": "JTLEWIS4721@GMAIL.COM",
        "dateOfBirth": "1966-11-05T12:00:00",
        "ssn": "439237159",
        "userOrders": null,
        "isSold": false,
        "id": 15890
    },
    {
        "firstName": "JOHN",
        "lastName": "ARENA",
        "phone": "7736536674",
        "address": "4137 N LECLAIRE AVE",
        "city": "CHGO",
        "state": "IL",
        "zip": "60641",
        "email": "JARENA1966@EARTHLINK.NET",
        "dateOfBirth": "1966-07-19T12:00:00",
        "ssn": "145545442",
        "userOrders": null,
        "isSold": false,
        "id": 15958
    },
    {
        "firstName": "LISA",
        "lastName": "EDWARDS",
        "phone": "2144056126",
        "address": "10316 ASHMONT DR",
        "city": "FRISCO",
        "state": "TX",
        "zip": "75035",
        "email": "LISAEDWARDSARMY@GMAIL.COM",
        "dateOfBirth": "1966-05-03T12:00:00",
        "ssn": "440789581",
        "userOrders": null,
        "isSold": false,
        "id": 16101
    },
    {
        "firstName": "PAIGE",
        "lastName": "MOON",
        "phone": "4324135405",
        "address": "1202 PARK ST SE",
        "city": "DECATUR",
        "state": "AL",
        "zip": "35601",
        "email": "PAIGE@SNELLINGODESSA.COM",
        "dateOfBirth": "1966-05-26T12:00:00",
        "ssn": "417130454",
        "userOrders": null,
        "isSold": false,
        "id": 16109
    },
    {
        "firstName": "JACK",
        "lastName": "STALVEY",
        "phone": "1111110001",
        "address": "10044 SARATOGA DR",
        "city": "CALEDONIA",
        "state": "WI",
        "zip": "53108",
        "email": "BUBBLES61469@YAHOO.COM",
        "dateOfBirth": "1966-04-09T12:00:00",
        "ssn": "389864496",
        "userOrders": null,
        "isSold": false,
        "id": 16132
    },
    {
        "firstName": "PARVEZ",
        "lastName": "SYED",
        "phone": "5103675982",
        "address": "2626 PLANTERS VIEW LN",
        "city": "MISSOURI CITY",
        "state": "CITY",
        "zip": "77459",
        "email": "INTRIGUEJ@GMAIL.COM",
        "dateOfBirth": "1966-08-14T12:00:00",
        "ssn": "620444356",
        "userOrders": null,
        "isSold": false,
        "id": 16184
    },
    {
        "firstName": "SUNRISE",
        "lastName": "DENNY",
        "phone": "9204921818",
        "address": "4204 MERRIMAC WAY",
        "city": "HOBART",
        "state": "WI",
        "zip": "54155",
        "email": "SNRS_DENNY@YAHOO.COM",
        "dateOfBirth": "1966-02-26T12:00:00",
        "ssn": "394801006",
        "userOrders": null,
        "isSold": false,
        "id": 16212
    },
    {
        "firstName": "RITO",
        "lastName": "M",
        "phone": "2812209642",
        "address": "10318 AUTUMN MEADOW LN",
        "city": "HOUSTON",
        "state": "TX",
        "zip": "77064",
        "email": "RITOM22@GMAIL.COM",
        "dateOfBirth": "1966-05-22T12:00:00",
        "ssn": "463934931",
        "userOrders": null,
        "isSold": false,
        "id": 16321
    },
    {
        "firstName": "AUDREY",
        "lastName": "KELLY",
        "phone": "2148930228",
        "address": "1541 BROKEN SPOKE CT",
        "city": "FRISCO",
        "state": "TX",
        "zip": "75034",
        "email": "AKELLY@AMERISOUTHREALTY.COM",
        "dateOfBirth": "1966-07-15T12:00:00",
        "ssn": "451431373",
        "userOrders": null,
        "isSold": false,
        "id": 16335
    },
    {
        "firstName": "JEFFREY",
        "lastName": "O",
        "phone": "7404463129",
        "address": "10 BELMONT DR",
        "city": "GALLIPOLIS",
        "state": "OH",
        "zip": "45631",
        "email": "TRICKY_MR@YAHOO.COM",
        "dateOfBirth": "1966-02-18T12:00:00",
        "ssn": "280760139",
        "userOrders": null,
        "isSold": false,
        "id": 16355
    },
    {
        "firstName": "GREG",
        "lastName": "THOMPSON",
        "phone": "2163859729",
        "address": "3743 W 139TH ST",
        "city": "CLEVELAND",
        "state": "OH",
        "zip": "44111",
        "email": "GT4399@ATT.NET",
        "dateOfBirth": "1966-06-17T12:00:00",
        "ssn": "286800261",
        "userOrders": null,
        "isSold": false,
        "id": 16373
    },
    {
        "firstName": "LISA",
        "lastName": "BALLAY",
        "phone": "1111110001",
        "address": "UNIT B503",
        "city": "NEW ORLEANS",
        "state": "BARONNE",
        "zip": "70113",
        "email": "LISA@CRESCENTCITYENT.COM",
        "dateOfBirth": "1966-09-06T12:00:00",
        "ssn": "453535844",
        "userOrders": null,
        "isSold": false,
        "id": 16522
    }
]