[
    {
        "firstName": "PABLO.",
        "lastName": "MANANDEG",
        "phone": "9169470271",
        "address": "8449 COEBURN ST",
        "city": "SAC",
        "state": "CA",
        "zip": "95824",
        "email": "PABLO_MANANDEG@YAHOO.COM",
        "dateOfBirth": "1966-06-21T12:00:00",
        "ssn": "607564948",
        "userOrders": null,
        "isSold": false,
        "id": 92048
    },
    {
        "firstName": "ANA",
        "lastName": "JIRON",
        "phone": "9856065094",
        "address": "PO BOX 82",
        "city": "LORANGER",
        "state": "LA",
        "zip": "70446",
        "email": "AGIRON30@YAHOO.COM",
        "dateOfBirth": "1966-10-26T12:00:00",
        "ssn": "434457795",
        "userOrders": null,
        "isSold": false,
        "id": 92099
    },
    {
        "firstName": "SHEILA",
        "lastName": "FEIN",
        "phone": "5133138256",
        "address": "APT 8",
        "city": "LOUISVILLE",
        "state": "RAINBOW",
        "zip": "40241",
        "email": "4SFEIN@GMAIL.COM",
        "dateOfBirth": "1966-04-01T12:00:00",
        "ssn": "404083446",
        "userOrders": null,
        "isSold": false,
        "id": 92149
    },
    {
        "firstName": "YOLANDA",
        "lastName": "THOMPKINS",
        "phone": "3144596129",
        "address": "2922 KNOLL VIEW PL",
        "city": "DGLSVL",
        "state": "GA",
        "zip": "30135",
        "email": "YOLANDATHOMPKINS44@GMAIL.COM",
        "dateOfBirth": "1966-12-03T12:00:00",
        "ssn": "325620895",
        "userOrders": null,
        "isSold": false,
        "id": 92168
    },
    {
        "firstName": "CATHERINE",
        "lastName": "MOORE",
        "phone": "7703319029",
        "address": "930 SUNDEW DR",
        "city": "ALPH",
        "state": "GA",
        "zip": "30005",
        "email": "KCCKMOORE4@GMAIL.COM",
        "dateOfBirth": "1966-01-11T12:00:00",
        "ssn": "331586968",
        "userOrders": null,
        "isSold": false,
        "id": 92172
    },
    {
        "firstName": "ALAN",
        "lastName": "CHAVERS",
        "phone": "6625677702",
        "address": "438 SHADY ACRES RD",
        "city": "TUPELO",
        "state": "MS",
        "zip": "38804",
        "email": "ALANCHAVERS@YAHOO.COM",
        "dateOfBirth": "1966-07-27T12:00:00",
        "ssn": "418943748",
        "userOrders": null,
        "isSold": false,
        "id": 92173
    },
    {
        "firstName": "GINAE",
        "lastName": "MCDONALD",
        "phone": "8174048953",
        "address": "2912 BUCKSKIN RUN APT 601",
        "city": "FORT WORTH",
        "state": "WORTH",
        "zip": "76116",
        "email": "GINAEISHERE@HOTMAIL.COM",
        "dateOfBirth": "1966-07-31T12:00:00",
        "ssn": "459514934",
        "userOrders": null,
        "isSold": false,
        "id": 92184
    },
    {
        "firstName": "SHERTINA",
        "lastName": "WASHINGTON",
        "phone": "6189172435",
        "address": "1001 COLLEGE AVE APT A1",
        "city": "ALTN",
        "state": "IL",
        "zip": "62002",
        "email": "TLC5NORTH@AOL.COM",
        "dateOfBirth": "1966-03-05T12:00:00",
        "ssn": "345700348",
        "userOrders": null,
        "isSold": false,
        "id": 92197
    },
    {
        "firstName": "GEOR",
        "lastName": "GALV",
        "phone": "7863854624",
        "address": "175 SEAMAN AVE",
        "city": "OP-LKA",
        "state": "LOCKA",
        "zip": "33054",
        "email": "COLLATGEO@AOL.COM",
        "dateOfBirth": "1966-03-14T12:00:00",
        "ssn": "563755375",
        "userOrders": null,
        "isSold": false,
        "id": 92308
    },
    {
        "firstName": "MARIA",
        "lastName": "CARRILLO",
        "phone": "4082674380",
        "address": "5322 WOODSTOCK WAY",
        "city": "SJ",
        "state": "JOSE",
        "zip": "95118",
        "email": "CARRILLO9328@ATT.NET",
        "dateOfBirth": "1966-03-17T12:00:00",
        "ssn": "607574735",
        "userOrders": null,
        "isSold": false,
        "id": 92316
    },
    {
        "firstName": "PHAVANH",
        "lastName": "DARASENG",
        "phone": "7075673215",
        "address": "171 ERIN DR",
        "city": "VJO",
        "state": "CA",
        "zip": "94589",
        "email": "PHAVANHDARASENG@YAHOO.COM",
        "dateOfBirth": "1966-04-18T12:00:00",
        "ssn": "565918430",
        "userOrders": null,
        "isSold": false,
        "id": 92324
    },
    {
        "firstName": "BRUCE",
        "lastName": "SMITH",
        "phone": "3136715433",
        "address": "18267 CODDING ST",
        "city": "DETROIT",
        "state": "MI",
        "zip": "48219",
        "email": "BDS@SAMOBILE.NET",
        "dateOfBirth": "1966-03-18T12:00:00",
        "ssn": "376787686",
        "userOrders": null,
        "isSold": false,
        "id": 92358
    },
    {
        "firstName": "JOYCE",
        "lastName": "HURLEY",
        "phone": "7732387302",
        "address": "9711 S OAKLEY AVE",
        "city": "CHGO",
        "state": "IL",
        "zip": "60643",
        "email": "PSALMISTJH@AOL.COM",
        "dateOfBirth": "1966-12-27T12:00:00",
        "ssn": "360621060",
        "userOrders": null,
        "isSold": false,
        "id": 92359
    },
    {
        "firstName": "KAREN",
        "lastName": "HALL",
        "phone": "6154800905",
        "address": "745 HERITAGE RD",
        "city": "LEBANON",
        "state": "TN",
        "zip": "37087",
        "email": "UNIQUEADDRESS1@YAHOO.COM",
        "dateOfBirth": "1966-02-12T12:00:00",
        "ssn": "414356206",
        "userOrders": null,
        "isSold": false,
        "id": 92672
    },
    {
        "firstName": "RALPH",
        "lastName": "WESSELLS",
        "phone": "7723537779",
        "address": "3069 SE AMHERST ST",
        "city": "STU",
        "state": "FL",
        "zip": "34997",
        "email": "DOUGLASWESSELLS@YAHOO.COM",
        "dateOfBirth": "1966-02-24T12:00:00",
        "ssn": "227212116",
        "userOrders": null,
        "isSold": false,
        "id": 92791
    }
]