[
    {
        "firstName": "ALBERTO",
        "lastName": "REYNA.",
        "phone": "9032590270",
        "address": "3501 SANDRA DR",
        "city": "DGLSVL",
        "state": "GA",
        "zip": "30135",
        "email": "REYNAALBERTO1978@HOTMAIL.COM",
        "dateOfBirth": "1966-11-08T12:00:00",
        "ssn": "438209182",
        "userOrders": null,
        "isSold": false,
        "id": 53011
    },
    {
        "firstName": "LORRAINE",
        "lastName": "HUBBARD",
        "phone": "2284242753",
        "address": "15828 BELMONT DR",
        "city": "D'IBERVILLE",
        "state": "MS",
        "zip": "39532",
        "email": "STRAWPOET@GMAIL.COM",
        "dateOfBirth": "1966-05-24T12:00:00",
        "ssn": "570554463",
        "userOrders": null,
        "isSold": false,
        "id": 53033
    },
    {
        "firstName": "VERNA",
        "lastName": "WATSONS",
        "phone": "1111110001",
        "address": "2023 NE 29TH ST",
        "city": "OKLAHOMA CITY",
        "state": "CITY",
        "zip": "73111",
        "email": "VERNA_321@YAHOO.COM",
        "dateOfBirth": "1966-07-16T12:00:00",
        "ssn": "441723405",
        "userOrders": null,
        "isSold": false,
        "id": 53103
    },
    {
        "firstName": "DEE",
        "lastName": "DEE",
        "phone": "6502127931",
        "address": "858 W GRANT PL",
        "city": "S MTO",
        "state": "MATEO",
        "zip": "94402",
        "email": "02SAMS@MSN.COM",
        "dateOfBirth": "1966-07-28T12:00:00",
        "ssn": "559491672",
        "userOrders": null,
        "isSold": false,
        "id": 53125
    },
    {
        "firstName": "DEBORAH",
        "lastName": "A",
        "phone": "6194270748",
        "address": "395 THERESA WAY",
        "city": "CHLA VSTA",
        "state": "VISTA",
        "zip": "91911",
        "email": "DEBBIEH395@COX.NET",
        "dateOfBirth": "1966-11-09T12:00:00",
        "ssn": "570116490",
        "userOrders": null,
        "isSold": true,
        "id": 53129
    },
    {
        "firstName": "MARIA",
        "lastName": "ESTHER",
        "phone": "1111110001",
        "address": "PO BOX 351751",
        "city": "MIA",
        "state": "FL",
        "zip": "33125",
        "email": "ESTHER66RODRIGUEZ@YAHOO.COM",
        "dateOfBirth": "1966-08-09T12:00:00",
        "ssn": "392616299",
        "userOrders": null,
        "isSold": false,
        "id": 53163
    },
    {
        "firstName": "BOB",
        "lastName": "LUU",
        "phone": "3169902409",
        "address": "12001 MERIBEAU CT",
        "city": "WICHITA",
        "state": "KS",
        "zip": "67235",
        "email": "YBOBLUU@ATT.NET",
        "dateOfBirth": "1966-07-02T12:00:00",
        "ssn": "586508620",
        "userOrders": null,
        "isSold": true,
        "id": 53244
    },
    {
        "firstName": "RENATE",
        "lastName": "TAS",
        "phone": "7029799931",
        "address": "5521 US HIGHWAY 96 N LOT 2",
        "city": "LMTA",
        "state": "TX",
        "zip": "90717",
        "email": "RAT1005@COX.NET",
        "dateOfBirth": "1966-10-05T12:00:00",
        "ssn": "568359220",
        "userOrders": null,
        "isSold": false,
        "id": 53277
    },
    {
        "firstName": "KATHY",
        "lastName": "JONES",
        "phone": "9316249337",
        "address": "169 SHADY MAPLE DR",
        "city": "CLARKSVILLE",
        "state": "TN",
        "zip": "37043",
        "email": "KATHJNS2@GMAIL.COM",
        "dateOfBirth": "1966-04-19T12:00:00",
        "ssn": "412372639",
        "userOrders": null,
        "isSold": false,
        "id": 53313
    },
    {
        "firstName": "ROSE",
        "lastName": "BLAND",
        "phone": "2104525656",
        "address": "16231 BEAR RUN ST",
        "city": "SAN ANTONIO",
        "state": "ANTONIO",
        "zip": "78247",
        "email": "RTBLAND@HOTMAIL.COM",
        "dateOfBirth": "1966-03-18T12:00:00",
        "ssn": "455439502",
        "userOrders": null,
        "isSold": false,
        "id": 53411
    },
    {
        "firstName": "ANDREW",
        "lastName": "BRAID",
        "phone": "3215442083",
        "address": "15218 POPLAR SPRINGS LN",
        "city": "SAN ANTONIO",
        "state": "TX",
        "zip": "78255",
        "email": "JULIE.BRAID@USAA.COM",
        "dateOfBirth": "1966-06-11T12:00:00",
        "ssn": "453553525",
        "userOrders": null,
        "isSold": false,
        "id": 53415
    },
    {
        "firstName": "TREVOR",
        "lastName": "SEVERYNSE",
        "phone": "8506249428",
        "address": "7764 BETTY LOUISE DR",
        "city": "CALWY",
        "state": "CITY",
        "zip": "32404",
        "email": "TREVORSEVERYNSE@ATT.NET",
        "dateOfBirth": "1966-10-01T12:00:00",
        "ssn": "589032443",
        "userOrders": null,
        "isSold": false,
        "id": 53461
    },
    {
        "firstName": "GLORIA",
        "lastName": "CUBIA",
        "phone": "8322743659",
        "address": "3000 GREENRIDGE DR APT 1526",
        "city": "HOUSTON",
        "state": "TX",
        "zip": "77057",
        "email": "MARITTZAC08@GMAIL.COM",
        "dateOfBirth": "1966-08-01T12:00:00",
        "ssn": "243917051",
        "userOrders": null,
        "isSold": false,
        "id": 53474
    },
    {
        "firstName": "LARRY",
        "lastName": "COWANS",
        "phone": "5803203984",
        "address": "700 W 1ST ST APT 20",
        "city": "ADA",
        "state": "OK",
        "zip": "74820",
        "email": "TANDDEB@YAHOO.COM",
        "dateOfBirth": "1966-03-21T12:00:00",
        "ssn": "551176126",
        "userOrders": null,
        "isSold": false,
        "id": 53500
    },
    {
        "firstName": "RUSVEL",
        "lastName": "OCHOA",
        "phone": "7865472375",
        "address": "3660 SW 148TH PL",
        "city": "MIA",
        "state": "FL",
        "zip": "33185",
        "email": "ROCHOA@BILLSEIDLENISSAN.COM",
        "dateOfBirth": "1966-06-19T12:00:00",
        "ssn": "593094247",
        "userOrders": null,
        "isSold": false,
        "id": 53514
    }
]