[
    {
        "firstName": "MARK",
        "lastName": "MCNABNEY",
        "phone": "6155130052",
        "address": "1165 HILLCREST RD",
        "city": "DICKSON",
        "state": "TN",
        "zip": "37055",
        "email": "MCNABNEYMARK@GMAIL.COM",
        "dateOfBirth": "1966-01-26T12:00:00",
        "ssn": "308808674",
        "userOrders": null,
        "isSold": true,
        "id": 12934
    },
    {
        "firstName": "DAVID",
        "lastName": "PORTER",
        "phone": "7143004048",
        "address": "7858 E RAINVIEW CT",
        "city": "ANH",
        "state": "CA",
        "zip": "92808",
        "email": "DAVID@CYBERLINKCONSULTING.COM",
        "dateOfBirth": "1966-03-12T12:00:00",
        "ssn": "545671046",
        "userOrders": null,
        "isSold": true,
        "id": 12936
    },
    {
        "firstName": "CHARLOTTE",
        "lastName": "FINCH",
        "phone": "9164243927",
        "address": "4112 35TH AVE",
        "city": "SAC",
        "state": "CA",
        "zip": "95824",
        "email": "MSMOLLY66@ATT.NET",
        "dateOfBirth": "1966-01-10T12:00:00",
        "ssn": "551710652",
        "userOrders": null,
        "isSold": true,
        "id": 13013
    },
    {
        "firstName": "CAROL",
        "lastName": "DANIEL",
        "phone": "6789078076",
        "address": "3864 SPRING MEADOW DR",
        "city": "ACW",
        "state": "GA",
        "zip": "30101",
        "email": "CAROL.DANIEL1966@GMAIL.COM",
        "dateOfBirth": "1966-08-31T12:00:00",
        "ssn": "258372165",
        "userOrders": null,
        "isSold": false,
        "id": 13150
    },
    {
        "firstName": "AARON",
        "lastName": "SHEARRON",
        "phone": "4043582989",
        "address": "3507 N 41ST ST",
        "city": "ST MT",
        "state": "NE",
        "zip": "30083",
        "email": "STARPLAYA4LIFE@GMAIL.COM",
        "dateOfBirth": "1966-11-02T12:00:00",
        "ssn": "507863819",
        "userOrders": null,
        "isSold": true,
        "id": 13153
    },
    {
        "firstName": "LUIS",
        "lastName": "MANRIQUEZ",
        "phone": "6618102511",
        "address": "138 MOUNTAINSIDE DR",
        "city": "PLM",
        "state": "CA",
        "zip": "93551",
        "email": "ESTELITAMANRIQUEZ@ATT.NET",
        "dateOfBirth": "1966-07-14T12:00:00",
        "ssn": "608146949",
        "userOrders": null,
        "isSold": false,
        "id": 13210
    },
    {
        "firstName": "JIMMY",
        "lastName": "DAVIS",
        "phone": "2702368470",
        "address": "810 STEVE FIELDS DR",
        "city": "HICKMAN",
        "state": "KY",
        "zip": "42050",
        "email": "DYLAN3202000@ATT.NET",
        "dateOfBirth": "1966-12-14T12:00:00",
        "ssn": "402022892",
        "userOrders": null,
        "isSold": false,
        "id": 13241
    },
    {
        "firstName": "FANTU",
        "lastName": "YINAM",
        "phone": "4045147658",
        "address": "1509 SYDNEY POND CIR",
        "city": "LWRNCVL",
        "state": "GA",
        "zip": "30046",
        "email": "SABA1509@YAHOO.COM",
        "dateOfBirth": "1966-03-03T12:00:00",
        "ssn": "555775753",
        "userOrders": null,
        "isSold": false,
        "id": 13242
    },
    {
        "firstName": "MICHAEL",
        "lastName": "KELLY",
        "phone": "5124618715",
        "address": "2603 CARNARVON LN",
        "city": "AUSTIN",
        "state": "TX",
        "zip": "78704",
        "email": "TXCHEESER@GMAIL.COM",
        "dateOfBirth": "1966-08-29T12:00:00",
        "ssn": "398785899",
        "userOrders": null,
        "isSold": false,
        "id": 13263
    },
    {
        "firstName": "LISA",
        "lastName": "BROWN",
        "phone": "2568781128",
        "address": "APT 1B",
        "city": "ALBERTVILLE",
        "state": "S",
        "zip": "35950",
        "email": "BROWNSILE@CHARTER.NET",
        "dateOfBirth": "1966-02-18T12:00:00",
        "ssn": "423988731",
        "userOrders": null,
        "isSold": false,
        "id": 13442
    },
    {
        "firstName": "MICHAEL",
        "lastName": "TRUSKOWSKI",
        "phone": "2816425855",
        "address": "22402 AUBURN CANYON LN",
        "city": "RICHMOND",
        "state": "TX",
        "zip": "77469",
        "email": "MATRUSKOWSKI@GMAIL.COM",
        "dateOfBirth": "1966-10-10T12:00:00",
        "ssn": "464574292",
        "userOrders": null,
        "isSold": false,
        "id": 13482
    },
    {
        "firstName": "DON",
        "lastName": "NGUYEN",
        "phone": "7147282775",
        "address": "6072 E HACKAMORE LN",
        "city": "ANH",
        "state": "CA",
        "zip": "92807",
        "email": "DONNGUYEN999@GMAIL.COM",
        "dateOfBirth": "1966-08-25T12:00:00",
        "ssn": "586523325",
        "userOrders": null,
        "isSold": false,
        "id": 13512
    },
    {
        "firstName": "JEFFREY",
        "lastName": "ROBINSON",
        "phone": "7707285225",
        "address": "85 CARRIAGE TRCE",
        "city": "STKBRDG",
        "state": "GA",
        "zip": "30281",
        "email": "JANDTROBINSON@AOL.COM",
        "dateOfBirth": "1966-03-23T12:00:00",
        "ssn": "274682492",
        "userOrders": null,
        "isSold": false,
        "id": 13646
    },
    {
        "firstName": "LONDA",
        "lastName": "L",
        "phone": "1111110001",
        "address": "4572 W DEAN RD",
        "city": "WEST ALLIS",
        "state": "WI",
        "zip": "53227",
        "email": "UWWDBLGRAD@GMAII.COM",
        "dateOfBirth": "1966-10-22T12:00:00",
        "ssn": "396886439",
        "userOrders": null,
        "isSold": false,
        "id": 13740
    },
    {
        "firstName": "CALVIN",
        "lastName": "FOX",
        "phone": "6015960212",
        "address": "1111110002",
        "city": "HATTIESBURG MS 39401-5163",
        "state": "MARTIN",
        "zip": "HATTIESBURG",
        "email": "39401",
        "dateOfBirth": "1966-01-15T12:00:00",
        "ssn": "435275748",
        "userOrders": null,
        "isSold": false,
        "id": 13870
    }
]