[
    {
        "firstName": "BRENDA",
        "lastName": "KNOX",
        "phone": "9729975968",
        "address": "2631 JOHN WEST RD APT 1208",
        "city": "DALLAS",
        "state": "TX",
        "zip": "75228",
        "email": "BRENDAKNOX53@GMAIL.COM",
        "dateOfBirth": "1966-05-06T12:00:00",
        "ssn": "434354634",
        "userOrders": null,
        "isSold": false,
        "id": 61329
    },
    {
        "firstName": "GEORGE",
        "lastName": "SODEMANN",
        "phone": "6157454241",
        "address": "241 MARTIN CHAPEL RD",
        "city": "PORTLAND",
        "state": "TN",
        "zip": "37148",
        "email": "GEORIA@ATT.NET",
        "dateOfBirth": "1966-09-13T12:00:00",
        "ssn": "154729053",
        "userOrders": null,
        "isSold": false,
        "id": 61351
    },
    {
        "firstName": "MOMODOU",
        "lastName": "NDOW",
        "phone": "5102890472",
        "address": "163 TUSCANY CT",
        "city": "HERCULES",
        "state": "CA",
        "zip": "94547",
        "email": "MOMODOUNDOW@YAHOO.COM",
        "dateOfBirth": "1966-07-04T12:00:00",
        "ssn": "241638325",
        "userOrders": null,
        "isSold": false,
        "id": 61476
    },
    {
        "firstName": "BRENDA",
        "lastName": "CADENASSO",
        "phone": "9185516831",
        "address": "4233 E 52ND PL",
        "city": "TULSA",
        "state": "OK",
        "zip": "74135",
        "email": "AROMADIVINA@ATT.NET",
        "dateOfBirth": "1966-06-05T12:00:00",
        "ssn": "561553854",
        "userOrders": null,
        "isSold": false,
        "id": 61649
    },
    {
        "firstName": "JACKIE",
        "lastName": "STROLE",
        "phone": "9375593169",
        "address": "2322 GIPSY DR",
        "city": "HUBER HTS",
        "state": "OH",
        "zip": "45424",
        "email": "JACKIESTROLE@YAHOO.COM",
        "dateOfBirth": "1966-08-23T12:00:00",
        "ssn": "266578879",
        "userOrders": null,
        "isSold": false,
        "id": 61669
    },
    {
        "firstName": "BRIAN",
        "lastName": "THILENIUS",
        "phone": "3144323973",
        "address": "11858 GOLD LEAF DR",
        "city": "ST LOUIS COUNTY",
        "state": "LOUIS",
        "zip": "63146",
        "email": "PLAYALWAYS@SBCGLOBAL.NET",
        "dateOfBirth": "1966-02-15T12:00:00",
        "ssn": "495744725",
        "userOrders": null,
        "isSold": false,
        "id": 61843
    },
    {
        "firstName": "ANTHONY",
        "lastName": "MUNOZ",
        "phone": "9164108638",
        "address": "3304 VERDECA WAY",
        "city": "RNCHO C",
        "state": "CORDOVA",
        "zip": "95670",
        "email": "AMUNOZ1966@GMAIL.COM",
        "dateOfBirth": "1966-04-22T12:00:00",
        "ssn": "546652537",
        "userOrders": null,
        "isSold": false,
        "id": 61852
    },
    {
        "firstName": "JOSE",
        "lastName": "TAJOLLA",
        "phone": "6193070948",
        "address": "566 NAPLES ST APT 158",
        "city": "CHLA VSTA",
        "state": "VISTA",
        "zip": "91911",
        "email": "JOSETAJOLLA11@YAHOO.COM",
        "dateOfBirth": "1966-02-10T12:00:00",
        "ssn": "610226802",
        "userOrders": null,
        "isSold": true,
        "id": 61882
    },
    {
        "firstName": "MOHAMMAD",
        "lastName": "SARWARY",
        "phone": "2093461075",
        "address": "1190 JOHNATHAN DR",
        "city": "YC",
        "state": "CITY",
        "zip": "95993",
        "email": "ZEAZEA12001@YAHOO.COM",
        "dateOfBirth": "1966-08-04T12:00:00",
        "ssn": "506063103",
        "userOrders": null,
        "isSold": false,
        "id": 61944
    },
    {
        "firstName": "AMINATA",
        "lastName": "DIAGNE",
        "phone": "4048493753",
        "address": "2715 WHITE BLOSSOM LN",
        "city": "SUWANEE",
        "state": "GA",
        "zip": "30024",
        "email": "NDEYAMI2@YAHOO.COM",
        "dateOfBirth": "1966-11-09T12:00:00",
        "ssn": "667462870",
        "userOrders": null,
        "isSold": false,
        "id": 62006
    },
    {
        "firstName": "YVETTE",
        "lastName": "VIRGIL",
        "phone": "6786309942",
        "address": "980 GRACE DR",
        "city": "LWRNCVL",
        "state": "GA",
        "zip": "30043",
        "email": "YMVIRGIL@YAHOO.COM",
        "dateOfBirth": "1966-05-09T12:00:00",
        "ssn": "353707050",
        "userOrders": null,
        "isSold": false,
        "id": 62065
    },
    {
        "firstName": "FRANK",
        "lastName": "DEMSKY",
        "phone": "3216070340",
        "address": "1219 SEMINOLE DR",
        "city": "COCO",
        "state": "HBR",
        "zip": "32927",
        "email": "FRANKDEMSKY@GMAIL.COM",
        "dateOfBirth": "1966-12-04T12:00:00",
        "ssn": "590129645",
        "userOrders": null,
        "isSold": false,
        "id": 62142
    },
    {
        "firstName": "KIM",
        "lastName": "JONES",
        "phone": "2147183984",
        "address": "2449 LOYCE DR",
        "city": "MESQUITE",
        "state": "TX",
        "zip": "75149",
        "email": "KIMJ.1964@ATT.NET",
        "dateOfBirth": "1966-06-24T12:00:00",
        "ssn": "459417291",
        "userOrders": null,
        "isSold": false,
        "id": 62148
    },
    {
        "firstName": "MELINDA",
        "lastName": "AUSTIN",
        "phone": "2486055839",
        "address": "5635 PARVIEW DR APT 211",
        "city": "INDEPENDENCE TWP",
        "state": "MI",
        "zip": "48346",
        "email": "LUCKYLYNNDY@AOL.COM",
        "dateOfBirth": "1966-07-22T12:00:00",
        "ssn": "363707463",
        "userOrders": null,
        "isSold": false,
        "id": 62158
    },
    {
        "firstName": "MARK",
        "lastName": "BURDETSKY",
        "phone": "9046448067",
        "address": "420 CHARLES PINCKNEY ST",
        "city": "OR PK",
        "state": "PARK",
        "zip": "32073",
        "email": "K5OHANA@YAHOO.COM",
        "dateOfBirth": "1966-10-09T12:00:00",
        "ssn": "593141096",
        "userOrders": null,
        "isSold": false,
        "id": 62310
    }
]