[
    {
        "firstName": "LASHUN",
        "lastName": "SHUMAKE",
        "phone": "9253392279",
        "address": "142 RANCHO BERNADO CT",
        "city": "PIT",
        "state": "POINT",
        "zip": "94565",
        "email": "RSANITA1@AOL.COM",
        "dateOfBirth": "1966-04-24T12:00:00",
        "ssn": "559213260",
        "userOrders": null,
        "isSold": false,
        "id": 24127
    },
    {
        "firstName": "CHERYL",
        "lastName": "HUDSON",
        "phone": "4143313218",
        "address": "1000 RIVER BEND DR APT 507",
        "city": "LANCASTER",
        "state": "TX",
        "zip": "75146",
        "email": "CHUDSON1919@ATT.NET",
        "dateOfBirth": "1966-11-14T12:00:00",
        "ssn": "322623339",
        "userOrders": null,
        "isSold": false,
        "id": 24187
    },
    {
        "firstName": "ANCA",
        "lastName": "RUSU",
        "phone": "7139371244",
        "address": "12806 ROCK FALLS WAY",
        "city": "HOUSTON",
        "state": "TX",
        "zip": "77041",
        "email": "DANRUSU45@YAHOO.CA",
        "dateOfBirth": "1966-08-31T12:00:00",
        "ssn": "683153605",
        "userOrders": null,
        "isSold": false,
        "id": 24208
    },
    {
        "firstName": "KENT",
        "lastName": "WALKER",
        "phone": "9364436626",
        "address": "3319 CRANMORE CHASE",
        "city": "MRETA",
        "state": "GA",
        "zip": "30066",
        "email": "SKWALK2013101@GMAIL.COM",
        "dateOfBirth": "1966-11-26T12:00:00",
        "ssn": "450210311",
        "userOrders": null,
        "isSold": false,
        "id": 24227
    },
    {
        "firstName": "MARY",
        "lastName": "ANNE",
        "phone": "6302385705",
        "address": "429 BARRON ST",
        "city": "BENSNVL",
        "state": "IL",
        "zip": "60106",
        "email": "LYDONPOWER@JUNO.COM",
        "dateOfBirth": "1966-10-14T12:00:00",
        "ssn": "527971525",
        "userOrders": null,
        "isSold": false,
        "id": 24282
    },
    {
        "firstName": "JAIME",
        "lastName": "PEREZ",
        "phone": "7737881123",
        "address": "5412 S NEW ENGLAND AVE",
        "city": "CHGO",
        "state": "IL",
        "zip": "60638",
        "email": "JPEREZND88@HOTMAIL.COM",
        "dateOfBirth": "1966-02-06T12:00:00",
        "ssn": "356667551",
        "userOrders": null,
        "isSold": false,
        "id": 24330
    },
    {
        "firstName": "CHRISTIAN",
        "lastName": "VAN",
        "phone": "3212881647",
        "address": "739 BOC CIR NW",
        "city": "PALM BAY",
        "state": "BAY",
        "zip": "32907",
        "email": "CMBVANZANDT@YAHOO.COM",
        "dateOfBirth": "1966-03-13T12:00:00",
        "ssn": "384747800",
        "userOrders": null,
        "isSold": false,
        "id": 24347
    },
    {
        "firstName": "PHORNTHIDET",
        "lastName": "SIRAVANTHA",
        "phone": "9512793341",
        "address": "10591 DESSER LN",
        "city": "COR",
        "state": "CA",
        "zip": "92881",
        "email": "DETSIRAVANTHA@SBCGLOBAL.NET",
        "dateOfBirth": "1966-01-28T12:00:00",
        "ssn": "586187799",
        "userOrders": null,
        "isSold": false,
        "id": 24403
    },
    {
        "firstName": "GINA",
        "lastName": "PLOWMAN",
        "phone": "4093925512",
        "address": "1022 WALNUT ST",
        "city": "LA MARQUE",
        "state": "MARQUE",
        "zip": "77568",
        "email": "GINAGFORKIDS@YAHOO.COM",
        "dateOfBirth": "1966-05-28T12:00:00",
        "ssn": "453431239",
        "userOrders": null,
        "isSold": false,
        "id": 24406
    },
    {
        "firstName": "ROGELIO",
        "lastName": "GOMEZ",
        "phone": "8477409752",
        "address": "1429 JUNEWAY TER",
        "city": "RND LK BCH",
        "state": "LK",
        "zip": "60073",
        "email": "GOMEZ-ROGELIO@SBCGLOBAL.NET",
        "dateOfBirth": "1966-02-15T12:00:00",
        "ssn": "605201506",
        "userOrders": null,
        "isSold": false,
        "id": 24429
    },
    {
        "firstName": "JOHN",
        "lastName": "LOVE.",
        "phone": "2622276191",
        "address": "500 E BRIARKNOLL CT",
        "city": "SAUKVILLE",
        "state": "WI",
        "zip": "53080",
        "email": "HLOVE63@GMAIL.COM",
        "dateOfBirth": "1966-07-29T12:00:00",
        "ssn": "459138743",
        "userOrders": null,
        "isSold": false,
        "id": 24446
    },
    {
        "firstName": "TIM",
        "lastName": "SKOFIELD",
        "phone": "6148051710",
        "address": "916 HILTON DR",
        "city": "REYNOLDSBURG",
        "state": "OH",
        "zip": "43068",
        "email": "TSKO@SBCGLOBAL.NET",
        "dateOfBirth": "1966-11-03T12:00:00",
        "ssn": "297665858",
        "userOrders": null,
        "isSold": false,
        "id": 24493
    },
    {
        "firstName": "HOLLY",
        "lastName": "REID",
        "phone": "2813448330",
        "address": "PMB 521",
        "city": "RICHMOND",
        "state": "700",
        "zip": "77406",
        "email": "HOLLYCORBIN@PRODIGY.NET",
        "dateOfBirth": "1966-06-30T12:00:00",
        "ssn": "463616164",
        "userOrders": null,
        "isSold": false,
        "id": 24535
    },
    {
        "firstName": "ANGELA",
        "lastName": "ADAMS",
        "phone": "3175198652",
        "address": "1101 LAWRENCE AVE",
        "city": "INDIANAPOLIS",
        "state": "IN",
        "zip": "46227",
        "email": "AADAMS15@ATT.NET",
        "dateOfBirth": "1966-01-13T12:00:00",
        "ssn": "307706264",
        "userOrders": null,
        "isSold": false,
        "id": 24594
    },
    {
        "firstName": "TESFAYE",
        "lastName": "BEKELE",
        "phone": "3145569876",
        "address": "5038 S RAINBOW BLVD UNIT 102",
        "city": "MARYLAND HEIGHTS",
        "state": "VEGAS",
        "zip": "63146",
        "email": "NOEMAILATT@CLEARLINK.COM",
        "dateOfBirth": "1966-04-27T12:00:00",
        "ssn": "486210542",
        "userOrders": null,
        "isSold": false,
        "id": 24653
    }
]