[
    {
        "firstName": "MARGO",
        "lastName": "PERRYMAN",
        "phone": "7143211756",
        "address": "2160 TERI PL",
        "city": "FUL",
        "state": "CA",
        "zip": "92831",
        "email": "ABUNDANCE4YOURLIFE@GMAIL.COM",
        "dateOfBirth": "1966-11-12T12:00:00",
        "ssn": "557735407",
        "userOrders": null,
        "isSold": false,
        "id": 64328
    },
    {
        "firstName": "CHARLES",
        "lastName": "ROBINSONS",
        "phone": "2149095553",
        "address": "2513 LAKESIDE DR",
        "city": "FAIRVIEW",
        "state": "TX",
        "zip": "75069",
        "email": "C-A-ROBINSON1966@ATT.NET",
        "dateOfBirth": "1966-10-27T12:00:00",
        "ssn": "267359904",
        "userOrders": null,
        "isSold": false,
        "id": 64372
    },
    {
        "firstName": "MARIE",
        "lastName": "E",
        "phone": "7345168265",
        "address": "1816 15TH ST",
        "city": "WYANDOTTE",
        "state": "MI",
        "zip": "48192",
        "email": "MEDICTAZ4U@YAHOO.COM",
        "dateOfBirth": "1966-01-16T12:00:00",
        "ssn": "366782484",
        "userOrders": null,
        "isSold": false,
        "id": 64385
    },
    {
        "firstName": "LISA",
        "lastName": "SOLESKY",
        "phone": "8475601888",
        "address": "4203 GREGORY DR",
        "city": "ZION",
        "state": "IL",
        "zip": "60099",
        "email": "SOLESKY3@YAHOO.COM",
        "dateOfBirth": "1966-09-23T12:00:00",
        "ssn": "392903803",
        "userOrders": null,
        "isSold": false,
        "id": 64424
    },
    {
        "firstName": "EDWARD",
        "lastName": "BLUTHARDT",
        "phone": "8476875044",
        "address": "2261 TRAILSIDE LN",
        "city": "WACONDA",
        "state": "IL",
        "zip": "60084",
        "email": "EDDIEB127@ATT.NET",
        "dateOfBirth": "1966-01-27T12:00:00",
        "ssn": "332706827",
        "userOrders": null,
        "isSold": false,
        "id": 64428
    },
    {
        "firstName": "THOMAS",
        "lastName": "BELLONE",
        "phone": "3142774888",
        "address": "APT 8",
        "city": "CHESTERFIELD",
        "state": "GREENCASTLE",
        "zip": "63017",
        "email": "JUST1BS@GMAIL.COM",
        "dateOfBirth": "1966-04-02T12:00:00",
        "ssn": "561965127",
        "userOrders": null,
        "isSold": false,
        "id": 64446
    },
    {
        "firstName": "FRANCO",
        "lastName": "UCCELLI",
        "phone": "3057208334",
        "address": "7225 SW 146TH STREET CIR",
        "city": "PALMETTO BAY",
        "state": "BAY",
        "zip": "33158",
        "email": "JENNIFERUCCELLI@YAHOO.COM",
        "dateOfBirth": "1966-03-30T12:00:00",
        "ssn": "410615374",
        "userOrders": null,
        "isSold": false,
        "id": 64513
    },
    {
        "firstName": "JEFF",
        "lastName": "EIPPERT",
        "phone": "4403192147",
        "address": "1759 ROSELAWN RD",
        "city": "MAYFIELD HTS",
        "state": "HTS",
        "zip": "44124",
        "email": "EIPPERT2002@YAHOO.COM",
        "dateOfBirth": "1966-09-25T12:00:00",
        "ssn": "300620838",
        "userOrders": null,
        "isSold": false,
        "id": 64541
    },
    {
        "firstName": "FRANK",
        "lastName": "DEDRICK",
        "phone": "1111110001",
        "address": "350 3RD AVE APT 313",
        "city": "SP VLY",
        "state": "VISTA",
        "zip": "91977",
        "email": "ASH27621@GMAIL.COM",
        "dateOfBirth": "1966-06-20T12:00:00",
        "ssn": "550117666",
        "userOrders": null,
        "isSold": true,
        "id": 64648
    },
    {
        "firstName": "RONALD",
        "lastName": "GIBBS",
        "phone": "5132912016",
        "address": "109 SAL BLVD APT A",
        "city": "TRENTON",
        "state": "OH",
        "zip": "45067",
        "email": "GIBBSRG1@GMAIL.COM",
        "dateOfBirth": "1966-07-15T12:00:00",
        "ssn": "292683250",
        "userOrders": null,
        "isSold": false,
        "id": 64680
    },
    {
        "firstName": "TIM",
        "lastName": "CHAROW*",
        "phone": "6363469495",
        "address": "4050 INDIAN RIDGE EST",
        "city": "WILDWOOD",
        "state": "MO",
        "zip": "63069",
        "email": "HEATHERW@MEDRECRUITERS.COM",
        "dateOfBirth": "1966-05-29T12:00:00",
        "ssn": "499688504",
        "userOrders": null,
        "isSold": false,
        "id": 64695
    },
    {
        "firstName": "ADEYEMI",
        "lastName": "AIYEDUN",
        "phone": "7133669063",
        "address": "9722 CLIFTON PARK DR",
        "city": "HOUSTON",
        "state": "TX",
        "zip": "77099",
        "email": "YEMIDUPE1234@ATT.NET",
        "dateOfBirth": "1966-04-09T12:00:00",
        "ssn": "641744372",
        "userOrders": null,
        "isSold": false,
        "id": 64865
    },
    {
        "firstName": "JUANA",
        "lastName": "MARTINEZ",
        "phone": "7143513599",
        "address": "1800 E BROADWAY",
        "city": "ANH",
        "state": "CA",
        "zip": "92805",
        "email": "JUANA_MARTI@ATT.NET",
        "dateOfBirth": "1966-05-16T12:00:00",
        "ssn": "605254531",
        "userOrders": null,
        "isSold": false,
        "id": 64987
    },
    {
        "firstName": "JUDITH",
        "lastName": "KIPP",
        "phone": "8035246213",
        "address": "4105 AUTUMN COVE DR",
        "city": "CLOVER",
        "state": "SC",
        "zip": "29710",
        "email": "NOREPLY@ATT.NET",
        "dateOfBirth": "1966-06-18T12:00:00",
        "ssn": "295781144",
        "userOrders": null,
        "isSold": true,
        "id": 65028
    },
    {
        "firstName": "ALISON",
        "lastName": "MAZURE",
        "phone": "6308719298",
        "address": "26W317 THORNGATE LN",
        "city": "WINFLD",
        "state": "IL",
        "zip": "60190",
        "email": "ALIHACKER@SBCGLOBAL.NET",
        "dateOfBirth": "1966-04-29T12:00:00",
        "ssn": "338681899",
        "userOrders": null,
        "isSold": false,
        "id": 65116
    }
]