[
    {
        "firstName": "CARMEN",
        "lastName": "SANTIAGO",
        "phone": "5613100498",
        "address": "416 SW 6TH AVE",
        "city": "BOYN BCH",
        "state": "BEACH",
        "zip": "33435",
        "email": "SANTIAGO8901@BELLSOUTH.NET",
        "dateOfBirth": "1966-08-10T12:00:00",
        "ssn": "265910105",
        "userOrders": null,
        "isSold": false,
        "id": 60447
    },
    {
        "firstName": "HANLIM",
        "lastName": "CHAE",
        "phone": "5618090937",
        "address": "6242 BARBARA ST",
        "city": "JUP",
        "state": "FL",
        "zip": "33458",
        "email": "HOLLYCHAE@GMAIL.COM",
        "dateOfBirth": "1966-12-26T12:00:00",
        "ssn": "767281160",
        "userOrders": null,
        "isSold": false,
        "id": 60592
    },
    {
        "firstName": "SAM",
        "lastName": "CHO",
        "phone": "9252343966",
        "address": "747 OPTIMO AVE",
        "city": "BRNTWD",
        "state": "CA",
        "zip": "94513",
        "email": "MINJEECHO@SBCGLOBAL.NET",
        "dateOfBirth": "1966-09-07T12:00:00",
        "ssn": "555419614",
        "userOrders": null,
        "isSold": false,
        "id": 60595
    },
    {
        "firstName": "TONY",
        "lastName": "PEETE",
        "phone": "9314471815",
        "address": "1380 GLENN AVE",
        "city": "LEWISBURG",
        "state": "TN",
        "zip": "37091",
        "email": "DNAHENSON@GMAIL.COM",
        "dateOfBirth": "1966-12-08T12:00:00",
        "ssn": "414296439",
        "userOrders": null,
        "isSold": false,
        "id": 60629
    },
    {
        "firstName": "JOSEPHINE",
        "lastName": "ADAMS",
        "phone": "3163237589",
        "address": "645 N WESTCHESTER DR",
        "city": "ANDOVER",
        "state": "KS",
        "zip": "67002",
        "email": "JEFFA@BUTLER.COOP",
        "dateOfBirth": "1966-03-19T12:00:00",
        "ssn": "515760255",
        "userOrders": null,
        "isSold": true,
        "id": 60647
    },
    {
        "firstName": "MILDRED",
        "lastName": "JOHNSON",
        "phone": "8176735849",
        "address": "8179380017",
        "city": "ARLINGTON TX 76006-5225",
        "state": "N",
        "zip": "ARLINGTON",
        "email": "76006",
        "dateOfBirth": "1966-08-30T12:00:00",
        "ssn": "457154467",
        "userOrders": null,
        "isSold": true,
        "id": 60684
    },
    {
        "firstName": "MANUEL",
        "lastName": "OROPESA",
        "phone": "7862601271",
        "address": "2041 GOLFSIDE VILLAGE DR",
        "city": "HLH",
        "state": "ACRES",
        "zip": "33010",
        "email": "OLGUITA1167@YAHOO.COM",
        "dateOfBirth": "1966-02-24T12:00:00",
        "ssn": "769848112",
        "userOrders": null,
        "isSold": false,
        "id": 60709
    },
    {
        "firstName": "RUBY",
        "lastName": "M",
        "phone": "8652495585",
        "address": "123 PINE RIDGE RD APT 2",
        "city": "HARRIMAN",
        "state": "TN",
        "zip": "37748",
        "email": "MOORERUBY53@GMAIL.COM",
        "dateOfBirth": "1966-08-27T12:00:00",
        "ssn": "412393526",
        "userOrders": null,
        "isSold": false,
        "id": 60811
    },
    {
        "firstName": "JUANITA",
        "lastName": "CRUZ",
        "phone": "9567891589",
        "address": "218 E STUBBS ST",
        "city": "EDINBURG",
        "state": "TX",
        "zip": "78539",
        "email": "JANIECRUZ3@YAHOO.COM",
        "dateOfBirth": "1966-04-03T12:00:00",
        "ssn": "456412361",
        "userOrders": null,
        "isSold": false,
        "id": 60873
    },
    {
        "firstName": "JUAN",
        "lastName": "M",
        "phone": "2146759893",
        "address": "2615 SEARCY DR",
        "city": "DALLAS",
        "state": "TX",
        "zip": "75211",
        "email": "CJUDOU2541@ATT.NET",
        "dateOfBirth": "1966-03-03T12:00:00",
        "ssn": "635095175",
        "userOrders": null,
        "isSold": false,
        "id": 60965
    },
    {
        "firstName": "MARINA",
        "lastName": "DIAZ",
        "phone": "4157567027",
        "address": "3009 FLORIDA AVE",
        "city": "RICH",
        "state": "CA",
        "zip": "94804",
        "email": "MIEZIEMARINA@YAHOO.COM",
        "dateOfBirth": "1966-05-13T12:00:00",
        "ssn": "612486110",
        "userOrders": null,
        "isSold": false,
        "id": 61046
    },
    {
        "firstName": "JOSE",
        "lastName": "TRUJILLO",
        "phone": "9518360361",
        "address": "7101 JURUPA AVE STE 24",
        "city": "RIV",
        "state": "CA",
        "zip": "92504",
        "email": "JUNIOR8600@SBCGLOBAL.NET",
        "dateOfBirth": "1966-03-15T12:00:00",
        "ssn": "623381865",
        "userOrders": null,
        "isSold": false,
        "id": 61058
    },
    {
        "firstName": "MARGIE",
        "lastName": "MILLS",
        "phone": "6625286965",
        "address": "743 SHADY DR APT G41",
        "city": "YAZOO CITY",
        "state": "CITY",
        "zip": "39194",
        "email": "PMARGIE29@GMAIL.COM",
        "dateOfBirth": "1966-06-11T12:00:00",
        "ssn": "428375322",
        "userOrders": null,
        "isSold": false,
        "id": 61117
    },
    {
        "firstName": "MARIA",
        "lastName": "THOMAS",
        "phone": "8182175848",
        "address": "9600 OLEANDER AVE",
        "city": "TEHACH",
        "state": "CITY",
        "zip": "93561",
        "email": "MARIADELVO@YAHOO.COM",
        "dateOfBirth": "1966-09-20T12:00:00",
        "ssn": "277850459",
        "userOrders": null,
        "isSold": false,
        "id": 61221
    },
    {
        "firstName": "TERRY",
        "lastName": "BALDWIN",
        "phone": "9312731780",
        "address": "PO BOX 474",
        "city": "MANCHESTER",
        "state": "TN",
        "zip": "37355",
        "email": "JENINSAIN73@GMAIL.COM",
        "dateOfBirth": "1966-09-05T12:00:00",
        "ssn": "415393478",
        "userOrders": null,
        "isSold": false,
        "id": 61265
    }
]