[
    {
        "firstName": "MAYRON",
        "lastName": "FRANKLIN",
        "phone": "2256832785",
        "address": "11809 LINCOLN ST",
        "city": "CLINTON",
        "state": "LA",
        "zip": "70722",
        "email": "MAYRONF@BELLSOUTH.NET",
        "dateOfBirth": "1966-08-10T12:00:00",
        "ssn": "436239008",
        "userOrders": null,
        "isSold": false,
        "id": 88386
    },
    {
        "firstName": "LARRY",
        "lastName": "HOHNHOLT",
        "phone": "2483105943",
        "address": "140 MAYWOOD AVE",
        "city": "ROCHESTER",
        "state": "MI",
        "zip": "48307",
        "email": "LARRY.HOHNHOLT2@GMAIL.COM",
        "dateOfBirth": "1966-05-20T12:00:00",
        "ssn": "506026673",
        "userOrders": null,
        "isSold": false,
        "id": 88401
    },
    {
        "firstName": "RICHARD",
        "lastName": "CREEDON",
        "phone": "5044059177",
        "address": "1400 AIRLINE PARK BLVD",
        "city": "METAIRIE",
        "state": "LA",
        "zip": "70003",
        "email": "RCREEDS@GMAIL.COM",
        "dateOfBirth": "1966-05-04T12:00:00",
        "ssn": "339583440",
        "userOrders": null,
        "isSold": false,
        "id": 88406
    },
    {
        "firstName": "A",
        "lastName": "MITCHELL",
        "phone": "2812212697",
        "address": "18103 RUSSETT GREEN DR",
        "city": "TOMBALL",
        "state": "TX",
        "zip": "77377",
        "email": "MYNEWEMAIL.1@GMX.COM",
        "dateOfBirth": "1966-09-13T12:00:00",
        "ssn": "461514758",
        "userOrders": null,
        "isSold": false,
        "id": 88444
    },
    {
        "firstName": "CHERYL",
        "lastName": "CARPENTER",
        "phone": "6168220862",
        "address": "2639 N FAIRFIELD AVE",
        "city": "EAST GRAND RAPIDS",
        "state": "IL",
        "zip": "49506",
        "email": "CHERYLCARP10@GMAIL.COM",
        "dateOfBirth": "1966-04-26T12:00:00",
        "ssn": "380842957",
        "userOrders": null,
        "isSold": false,
        "id": 88460
    },
    {
        "firstName": "OLGA",
        "lastName": "LIAKAS",
        "phone": "5613763731",
        "address": "APT D",
        "city": "BOCA RATON",
        "state": "SEVERN",
        "zip": "33433",
        "email": "OURANIA13@MSN.COM",
        "dateOfBirth": "1966-09-01T12:00:00",
        "ssn": "355665957",
        "userOrders": null,
        "isSold": false,
        "id": 88705
    },
    {
        "firstName": "JENNY",
        "lastName": "HARRIS",
        "phone": "8062833727",
        "address": "8906 AVENUE T",
        "city": "LUBBOCK",
        "state": "TX",
        "zip": "79423",
        "email": "TEXASMAMAOF2@YAHOO.COM",
        "dateOfBirth": "1966-06-25T12:00:00",
        "ssn": "452476796",
        "userOrders": null,
        "isSold": false,
        "id": 88799
    },
    {
        "firstName": "BRIAN",
        "lastName": "BONGNER",
        "phone": "7732633409",
        "address": "5934 N HERMITAGE AVE",
        "city": "CHGO",
        "state": "IL",
        "zip": "60660",
        "email": "BRIAN.BONGNER@GMAIL.COM",
        "dateOfBirth": "1966-11-06T12:00:00",
        "ssn": "489825571",
        "userOrders": null,
        "isSold": false,
        "id": 89057
    },
    {
        "firstName": "BLANCA.",
        "lastName": "ORTIZ",
        "phone": "9512201188",
        "address": "5450 TROTH ST",
        "city": "JURUPA VLY",
        "state": "VALLEY",
        "zip": "91752",
        "email": "JLOPEZ2994@YAHOO.COM",
        "dateOfBirth": "1966-04-21T12:00:00",
        "ssn": "613230069",
        "userOrders": null,
        "isSold": false,
        "id": 89080
    },
    {
        "firstName": "RUBEN",
        "lastName": "GUARDIOLA",
        "phone": "2094674248",
        "address": "1126 E FLORA ST",
        "city": "STKN",
        "state": "CA",
        "zip": "95205",
        "email": "MRBEKINS144@ATT.NET",
        "dateOfBirth": "1966-05-23T12:00:00",
        "ssn": "545150391",
        "userOrders": null,
        "isSold": false,
        "id": 89173
    },
    {
        "firstName": "STACEY",
        "lastName": "MISTURA",
        "phone": "5173912009",
        "address": "3222 SHETLAND RD",
        "city": "SAGINAW TWP",
        "state": "MI",
        "zip": "48603",
        "email": "STACEYM66@ATT.NET",
        "dateOfBirth": "1966-12-27T12:00:00",
        "ssn": "382826582",
        "userOrders": null,
        "isSold": false,
        "id": 89235
    },
    {
        "firstName": "RENEE",
        "lastName": "GWIN",
        "phone": "6154771766",
        "address": "404 PRESTWICK CT",
        "city": "NASHVILLE",
        "state": "TN",
        "zip": "37205",
        "email": "THEGWINS3@GMAIL.COM",
        "dateOfBirth": "1966-05-17T12:00:00",
        "ssn": "400196732",
        "userOrders": null,
        "isSold": false,
        "id": 89321
    },
    {
        "firstName": "MARIA.",
        "lastName": "ALVAREZ",
        "phone": "8187682764",
        "address": "8800 ILEX AVE",
        "city": "SUN VLY",
        "state": "VALLEY",
        "zip": "91352",
        "email": "ALICE.CERVANTES02@YAHOO.COM",
        "dateOfBirth": "1966-05-06T12:00:00",
        "ssn": "616161406",
        "userOrders": null,
        "isSold": false,
        "id": 89337
    },
    {
        "firstName": "KATIE",
        "lastName": "BRISICHELLA",
        "phone": "6506057593",
        "address": "5107 DELANEY CT",
        "city": "SD",
        "state": "CA",
        "zip": "92131",
        "email": "KBRISICHELLA@YAHOO.COM",
        "dateOfBirth": "1966-03-26T12:00:00",
        "ssn": "566318688",
        "userOrders": null,
        "isSold": false,
        "id": 89383
    },
    {
        "firstName": "LAURA",
        "lastName": "KEW",
        "phone": "6309204953",
        "address": "858 CLOVERDALE LN",
        "city": "BOLNGBRK",
        "state": "IL",
        "zip": "60440",
        "email": "LKEW@SBCGLOBAL.NET",
        "dateOfBirth": "1966-09-04T12:00:00",
        "ssn": "335661892",
        "userOrders": null,
        "isSold": false,
        "id": 89437
    }
]