[
    {
        "firstName": "MARIA",
        "lastName": "MARTIN",
        "phone": "5618188994",
        "address": "15544 HORSESHOE LN",
        "city": "MELB",
        "state": "MYERS",
        "zip": "32935",
        "email": "FEESPERANZA5@YAHOO.ES",
        "dateOfBirth": "1966-07-05T12:00:00",
        "ssn": "767013205",
        "userOrders": null,
        "isSold": true,
        "id": 12176
    },
    {
        "firstName": "JAVIER",
        "lastName": "LERMA",
        "phone": "8324883618",
        "address": "6003 RAMPART ST APT 213C",
        "city": "HOUSTON",
        "state": "TX",
        "zip": "77081",
        "email": "JAVIERLERMA_57@ICLOUD.COM",
        "dateOfBirth": "1966-05-06T12:00:00",
        "ssn": "643051242",
        "userOrders": null,
        "isSold": true,
        "id": 12236
    },
    {
        "firstName": "JANA",
        "lastName": "VILLALPANDO",
        "phone": "3168069775",
        "address": "5619 SW 15TH ST",
        "city": "WICHITA",
        "state": "KS",
        "zip": "67206",
        "email": "JANAHAPPYLAND@YAHOO.COM",
        "dateOfBirth": "1966-04-20T12:00:00",
        "ssn": "511784517",
        "userOrders": null,
        "isSold": true,
        "id": 12270
    },
    {
        "firstName": "OLGA",
        "lastName": "DEOCHAND",
        "phone": "9198959223",
        "address": "13351 NW 102ND AVE",
        "city": "HLH GARDNS",
        "state": "GDNS",
        "zip": "33018",
        "email": "ODEOCHAND@YAHOO.COM",
        "dateOfBirth": "1966-11-08T12:00:00",
        "ssn": "220419757",
        "userOrders": null,
        "isSold": true,
        "id": 12283
    },
    {
        "firstName": "ALICIA",
        "lastName": "POTTER",
        "phone": "9014912768",
        "address": "373 ANTHONY ST",
        "city": "BRIGHTON",
        "state": "TN",
        "zip": "38011",
        "email": "ALICIA.POTTER4@GMAIL.COM",
        "dateOfBirth": "1966-08-16T12:00:00",
        "ssn": "306889399",
        "userOrders": null,
        "isSold": true,
        "id": 12313
    },
    {
        "firstName": "ELIZABETH",
        "lastName": "SCALZO",
        "phone": "7346346276",
        "address": "29722 JACQUELYN DR",
        "city": "LIVONIA",
        "state": "MI",
        "zip": "48154",
        "email": "85DEGREES365@ATT.NET",
        "dateOfBirth": "1966-08-22T12:00:00",
        "ssn": "139603527",
        "userOrders": null,
        "isSold": true,
        "id": 12346
    },
    {
        "firstName": "LORRAINE",
        "lastName": "SPRICK",
        "phone": "3177962924",
        "address": "5650 CASTOR WAY",
        "city": "NOBLESVILLE",
        "state": "IN",
        "zip": "46062",
        "email": "L_SPRICK@HOTMAIL.COM",
        "dateOfBirth": "1966-02-15T12:00:00",
        "ssn": "368925941",
        "userOrders": null,
        "isSold": true,
        "id": 12363
    },
    {
        "firstName": "CARLA",
        "lastName": "ROBINSON",
        "phone": "4154243415",
        "address": "1251 EXPOSITION DR UNIT D",
        "city": "SF",
        "state": "FRANCISCO",
        "zip": "94130",
        "email": "WILLIAMSROBINSONCARLA@YAHOO.COM",
        "dateOfBirth": "1966-03-29T12:00:00",
        "ssn": "571413059",
        "userOrders": null,
        "isSold": true,
        "id": 12496
    },
    {
        "firstName": "MIKE",
        "lastName": "BRYANT",
        "phone": "4052456819",
        "address": "8824 NW 84TH ST",
        "city": "OKLAHOMA CITY",
        "state": "CITY",
        "zip": "73132",
        "email": "223MIKEME@GMAIL.COM",
        "dateOfBirth": "1966-08-19T12:00:00",
        "ssn": "445767144",
        "userOrders": null,
        "isSold": true,
        "id": 12556
    },
    {
        "firstName": "EARL",
        "lastName": "N",
        "phone": "2567977112",
        "address": "104 EASY ST",
        "city": "HAZEL GREEN",
        "state": "GREEN",
        "zip": "35750",
        "email": "SWOOTSON85@GMAIL.COM",
        "dateOfBirth": "1966-07-20T12:00:00",
        "ssn": "298762729",
        "userOrders": null,
        "isSold": true,
        "id": 12693
    },
    {
        "firstName": "CINDY",
        "lastName": "RUSSELL",
        "phone": "8176569295",
        "address": "7433 LAKE COUNTRY DR",
        "city": "FORT WORTH",
        "state": "WORTH",
        "zip": "76179",
        "email": "CINDY210@AOL.COM",
        "dateOfBirth": "1966-10-22T12:00:00",
        "ssn": "467296660",
        "userOrders": null,
        "isSold": true,
        "id": 12701
    },
    {
        "firstName": "DON",
        "lastName": "WRIGHT",
        "phone": "3059727188",
        "address": "20001 SW 110TH CT APT 159",
        "city": "MIA",
        "state": "BAY",
        "zip": "33157",
        "email": "DON1374@ATT.NET",
        "dateOfBirth": "1966-06-16T12:00:00",
        "ssn": "262914205",
        "userOrders": null,
        "isSold": true,
        "id": 12710
    },
    {
        "firstName": "LISA",
        "lastName": "MCGINTY",
        "phone": "6158819979",
        "address": "3061 OLD HILLSBORO RD",
        "city": "FRANKLIN",
        "state": "TN",
        "zip": "37064",
        "email": "LMCGINTY2003@YAHOO.COM",
        "dateOfBirth": "1966-05-16T12:00:00",
        "ssn": "565412971",
        "userOrders": null,
        "isSold": true,
        "id": 12781
    },
    {
        "firstName": "JOHN",
        "lastName": "HAMBY",
        "phone": "2106795138",
        "address": "11815 WHEATHILL",
        "city": "SAN ANTONIO",
        "state": "ANTONIO",
        "zip": "78253",
        "email": "CHRIS_HAMBY@SBCGLOBAL.NET",
        "dateOfBirth": "1966-11-11T12:00:00",
        "ssn": "414278506",
        "userOrders": null,
        "isSold": true,
        "id": 12852
    },
    {
        "firstName": "KRISTI",
        "lastName": "MILLER",
        "phone": "4054109576",
        "address": "11632 SILVER OAK LN",
        "city": "LOGAN COUNTY",
        "state": "OK",
        "zip": "73044",
        "email": "FLOODFIGHTERSOK@YAHOO.COM",
        "dateOfBirth": "1966-09-06T12:00:00",
        "ssn": "448682073",
        "userOrders": null,
        "isSold": true,
        "id": 12888
    }
]