[
    {
        "firstName": "TAREQ",
        "lastName": "ZERKAN",
        "phone": "4074303514",
        "address": "789 PICKFAIR TER",
        "city": "LK MARY",
        "state": "MARY",
        "zip": "32746",
        "email": "ARMATARIK@GMAIL.COM",
        "dateOfBirth": "1966-01-03T12:00:00",
        "ssn": "846723752",
        "userOrders": null,
        "isSold": false,
        "id": 25233
    },
    {
        "firstName": "MAI",
        "lastName": "NGUYEN",
        "phone": "8479090361",
        "address": "21132 CALLE DE PASEO",
        "city": "LAKE FOREST",
        "state": "FOREST",
        "zip": "92630",
        "email": "MNGUYEN_CA@YAHOO.COM",
        "dateOfBirth": "1966-01-31T12:00:00",
        "ssn": "326964185",
        "userOrders": null,
        "isSold": false,
        "id": 25302
    },
    {
        "firstName": "MARLON",
        "lastName": "AYOS",
        "phone": "3104083999",
        "address": "1517 W CARSON ST APT 24",
        "city": "TOR",
        "state": "CA",
        "zip": "90501",
        "email": "AYOS.MARLON@YAHOO.COM",
        "dateOfBirth": "1966-02-24T12:00:00",
        "ssn": "730286181",
        "userOrders": null,
        "isSold": false,
        "id": 25325
    },
    {
        "firstName": "MARY",
        "lastName": "YOUNG",
        "phone": "6628875089",
        "address": "6623030302",
        "city": "INDIANOLA MS 38751-3035",
        "state": "STUART",
        "zip": "INDIANOLA",
        "email": "38751",
        "dateOfBirth": "1966-09-29T12:00:00",
        "ssn": "427020058",
        "userOrders": null,
        "isSold": false,
        "id": 25437
    },
    {
        "firstName": "MICHELLE",
        "lastName": "LEWIS",
        "phone": "8179660015",
        "address": "1920 COUNTY ROAD 2960",
        "city": "KOPPERL",
        "state": "TX",
        "zip": "76652",
        "email": "I35SERVICES@YAHOO.COM",
        "dateOfBirth": "1966-01-30T12:00:00",
        "ssn": "567415908",
        "userOrders": null,
        "isSold": false,
        "id": 25548
    },
    {
        "firstName": "JAMES",
        "lastName": "MEEKS",
        "phone": "3374241242",
        "address": "1 PAR CT",
        "city": "MACOMB TWP",
        "state": "TX",
        "zip": "48044",
        "email": "JMEEKSIII@GMAIL.COM",
        "dateOfBirth": "1966-06-11T12:00:00",
        "ssn": "325697427",
        "userOrders": null,
        "isSold": false,
        "id": 25594
    },
    {
        "firstName": "SANG",
        "lastName": "KANG",
        "phone": "9544362501",
        "address": "SANG'S MARTIAL ARTS",
        "city": "PMBRK PNS",
        "state": "NW",
        "zip": "33024",
        "email": "SANGSTNT1@ATT.NET",
        "dateOfBirth": "1966-12-18T12:00:00",
        "ssn": "589247820",
        "userOrders": null,
        "isSold": false,
        "id": 25608
    },
    {
        "firstName": "ELIZABETH",
        "lastName": "HART",
        "phone": "9135937572",
        "address": "104 N CHAMBERY DR",
        "city": "OLATHE",
        "state": "KS",
        "zip": "66061",
        "email": "YLEKIOT_75@YAHOO.COM",
        "dateOfBirth": "1966-09-13T12:00:00",
        "ssn": "497745863",
        "userOrders": null,
        "isSold": true,
        "id": 25778
    },
    {
        "firstName": "ALANA",
        "lastName": "DAVIS",
        "phone": "7752256130",
        "address": "742 MILL ST",
        "city": "RENO",
        "state": "NV",
        "zip": "89502",
        "email": "ASBEAUTYBAR@GMAIL.COM",
        "dateOfBirth": "1966-07-07T12:00:00",
        "ssn": "551637366",
        "userOrders": null,
        "isSold": true,
        "id": 25780
    },
    {
        "firstName": "GUSTAVO",
        "lastName": "ALDABA",
        "phone": "3125689128",
        "address": "1740 N MAPLEWOOD AVE APT 203",
        "city": "CHGO",
        "state": "IL",
        "zip": "60647",
        "email": "GUSTO1022@GMAIL.COM",
        "dateOfBirth": "1966-01-11T12:00:00",
        "ssn": "323763840",
        "userOrders": null,
        "isSold": false,
        "id": 25893
    },
    {
        "firstName": "DAMON",
        "lastName": "JOHNSON",
        "phone": "3143685359",
        "address": "5455 HAMILTON AVE",
        "city": "JENNINGS",
        "state": "MO",
        "zip": "63136",
        "email": "BIGDAMON37@AOL.COM",
        "dateOfBirth": "1966-07-23T12:00:00",
        "ssn": "494849503",
        "userOrders": null,
        "isSold": false,
        "id": 25918
    },
    {
        "firstName": "STEFANIE",
        "lastName": "M.",
        "phone": "4044930420",
        "address": "3025 ARBOR CHASE",
        "city": "DEC",
        "state": "GA",
        "zip": "30033",
        "email": "SAZUCKER@AOL.COM",
        "dateOfBirth": "1966-12-14T12:00:00",
        "ssn": "103602142",
        "userOrders": null,
        "isSold": false,
        "id": 25930
    },
    {
        "firstName": "KIM",
        "lastName": "PEDERSEN",
        "phone": "7133069135",
        "address": "2921 TANGLEY RD",
        "city": "WEST UNIVERSITY PLACE",
        "state": "UNIV",
        "zip": "77005",
        "email": "KIMELBAEK@MAC.COM",
        "dateOfBirth": "1966-08-14T12:00:00",
        "ssn": "645542447",
        "userOrders": null,
        "isSold": false,
        "id": 25937
    },
    {
        "firstName": "DENNIS",
        "lastName": "KAULLEN",
        "phone": "9135683705",
        "address": "624 W SHERIDAN ST",
        "city": "OLATHE",
        "state": "KS",
        "zip": "66061",
        "email": "DWKAULLEN@AOL.COM",
        "dateOfBirth": "1966-02-09T12:00:00",
        "ssn": "500742758",
        "userOrders": null,
        "isSold": true,
        "id": 25950
    },
    {
        "firstName": "LETICIA",
        "lastName": "SANTULLI",
        "phone": "3462476316",
        "address": "6710 BISCAY HBR",
        "city": "HOUSTON",
        "state": "ANTONIO",
        "zip": "77070",
        "email": "LETLONIC@GMAIL.COM",
        "dateOfBirth": "1966-05-02T12:00:00",
        "ssn": "455591472",
        "userOrders": null,
        "isSold": false,
        "id": 26089
    }
]