[
    {
        "firstName": "RICHARD",
        "lastName": "DEVER",
        "phone": "3303547133",
        "address": "8178 CASSWELL S",
        "city": "PLAIN TWP",
        "state": "CANTON",
        "zip": "44720",
        "email": "TRICIADEVER@SBCGLOBAL.NET",
        "dateOfBirth": "1966-07-30T12:00:00",
        "ssn": "289727982",
        "userOrders": null,
        "isSold": false,
        "id": 63571
    },
    {
        "firstName": "DIONE",
        "lastName": "DUCKETT",
        "phone": "3013951211",
        "address": "1421 ADAMS DR SW",
        "city": "ATL",
        "state": "GA",
        "zip": "30311",
        "email": "DTDUCKETT@GMAIL.COM",
        "dateOfBirth": "1966-09-11T12:00:00",
        "ssn": "252353156",
        "userOrders": null,
        "isSold": false,
        "id": 63644
    },
    {
        "firstName": "ALICIA",
        "lastName": "LEBLANC",
        "phone": "1111110001",
        "address": "3945 YARDLEY DR",
        "city": "ZACHARY",
        "state": "LA",
        "zip": "70777",
        "email": "AEL1@COX.NET",
        "dateOfBirth": "1966-02-05T12:00:00",
        "ssn": "434293377",
        "userOrders": null,
        "isSold": false,
        "id": 63660
    },
    {
        "firstName": "LADONA",
        "lastName": "HADLEY",
        "phone": "6193391468",
        "address": "6144 MADRA AVE",
        "city": "SD",
        "state": "DIEGO",
        "zip": "92106",
        "email": "LADONAH@GMAIL.COM",
        "dateOfBirth": "1966-10-22T12:00:00",
        "ssn": "525376017",
        "userOrders": null,
        "isSold": false,
        "id": 63755
    },
    {
        "firstName": "MICHAEL",
        "lastName": "WISS",
        "phone": "6309352812",
        "address": "1260 NOBLE DR",
        "city": "PORT BARRINGTON",
        "state": "BARRINGTON",
        "zip": "60010",
        "email": "SHERRYWISS@COMCAST.NET",
        "dateOfBirth": "1966-09-18T12:00:00",
        "ssn": "354443519",
        "userOrders": null,
        "isSold": false,
        "id": 63762
    },
    {
        "firstName": "HERBERT",
        "lastName": "BROWN",
        "phone": "8649333265",
        "address": "1111110002",
        "city": "ANDERSON SC 29621-3431",
        "state": "MOUNTAIN",
        "zip": "AND",
        "email": "29621",
        "dateOfBirth": "1966-03-31T12:00:00",
        "ssn": "250089106",
        "userOrders": null,
        "isSold": false,
        "id": 63885
    },
    {
        "firstName": "KIM",
        "lastName": "NGUYEN",
        "phone": "2283243258",
        "address": "7350 TUCKER RD APT 234",
        "city": "OCEAN SPRINGS",
        "state": "SPRINGS",
        "zip": "39564",
        "email": "SHYANG3LGURL@AIM.COM",
        "dateOfBirth": "1966-07-16T12:00:00",
        "ssn": "586547475",
        "userOrders": null,
        "isSold": false,
        "id": 63925
    },
    {
        "firstName": "JOSEPH",
        "lastName": "MCCOY",
        "phone": "3184378569",
        "address": "309 S SPRUCE ST",
        "city": "VIDALIA",
        "state": "LA",
        "zip": "71373",
        "email": "MCCOY7481@SBCGLOBAL.NET",
        "dateOfBirth": "1966-05-31T12:00:00",
        "ssn": "435176429",
        "userOrders": null,
        "isSold": false,
        "id": 63969
    },
    {
        "firstName": "TONI",
        "lastName": "GIBSON",
        "phone": "5129646088",
        "address": "31838 RANCH ROAD 12",
        "city": "DRIPPING SPRINGS",
        "state": "SPGS",
        "zip": "78620",
        "email": "TCAJUN1@ATT.NET",
        "dateOfBirth": "1966-10-04T12:00:00",
        "ssn": "466195538",
        "userOrders": null,
        "isSold": true,
        "id": 63981
    },
    {
        "firstName": "JOE",
        "lastName": "ARQUILLA",
        "phone": "8155820234",
        "address": "25432 GROTTO CT",
        "city": "PLAINFLD",
        "state": "IL",
        "zip": "60585",
        "email": "JLARQUILLA@YAHOO.COM",
        "dateOfBirth": "1966-10-05T12:00:00",
        "ssn": "346605967",
        "userOrders": null,
        "isSold": false,
        "id": 64002
    },
    {
        "firstName": "SHAWN",
        "lastName": "CASEY",
        "phone": "8175048925",
        "address": "4824 SABINE ST",
        "city": "FORT WORTH",
        "state": "WORTH",
        "zip": "76137",
        "email": "CASEYSHAWN5@GMAIL.COM",
        "dateOfBirth": "1966-05-09T12:00:00",
        "ssn": "339623352",
        "userOrders": null,
        "isSold": false,
        "id": 64006
    },
    {
        "firstName": "RICHARD",
        "lastName": "KELLY",
        "phone": "3304284204",
        "address": "1539 S LINCOLN AVE",
        "city": "SALEM",
        "state": "OH",
        "zip": "44460",
        "email": "RICHARDKELLY@GMAIL.COM",
        "dateOfBirth": "1966-04-08T12:00:00",
        "ssn": "273708709",
        "userOrders": null,
        "isSold": false,
        "id": 64037
    },
    {
        "firstName": "JEFFREY",
        "lastName": "THOMPSON",
        "phone": "2289185933",
        "address": "15246 HAVERSHAM PL",
        "city": "D'IBERVILLE",
        "state": "MS",
        "zip": "39540",
        "email": "JARIENNE@MSN.COM",
        "dateOfBirth": "1966-08-15T12:00:00",
        "ssn": "428374124",
        "userOrders": null,
        "isSold": false,
        "id": 64072
    },
    {
        "firstName": "ANGELA",
        "lastName": "BENTON",
        "phone": "6783386215",
        "address": "3188 PAWNEE DR",
        "city": "REX",
        "state": "GA",
        "zip": "30273",
        "email": "ANGELABENTON@YAHOO.COM",
        "dateOfBirth": "1966-07-17T12:00:00",
        "ssn": "259903173",
        "userOrders": null,
        "isSold": false,
        "id": 64184
    },
    {
        "firstName": "ROBERT",
        "lastName": "A",
        "phone": "7652128789",
        "address": "3907 HOOSIER WOODS CT",
        "city": "ANDERSON",
        "state": "IN",
        "zip": "46013",
        "email": "BGERVOLINO@YAHOO.COM",
        "dateOfBirth": "1966-10-30T12:00:00",
        "ssn": "149666530",
        "userOrders": null,
        "isSold": false,
        "id": 64285
    }
]