[
    {
        "firstName": "JIMMIE",
        "lastName": "E",
        "phone": "2106798856",
        "address": "158 BLACKMON CV",
        "city": "SAN ANTONIO",
        "state": "ANTONIO",
        "zip": "78253",
        "email": "JMCMILLION@SBCGLOBAL.NET",
        "dateOfBirth": "1966-10-03T12:00:00",
        "ssn": "418118067",
        "userOrders": null,
        "isSold": false,
        "id": 50328
    },
    {
        "firstName": "GREGORY",
        "lastName": "HIERS",
        "phone": "7706649017",
        "address": "6645 DRESSAGE XING",
        "city": "CUMG",
        "state": "GA",
        "zip": "30028",
        "email": "MIDWAY17@COMCAST.NET",
        "dateOfBirth": "1966-03-23T12:00:00",
        "ssn": "411414172",
        "userOrders": null,
        "isSold": false,
        "id": 50343
    },
    {
        "firstName": "ROBERT",
        "lastName": "HERSEY",
        "phone": "4144261221",
        "address": "2115 KENSINGTON DR APT 14",
        "city": "WAUKESHA",
        "state": "WI",
        "zip": "53188",
        "email": "RLHERSEY47@GMAIL.COM",
        "dateOfBirth": "1966-03-09T12:00:00",
        "ssn": "396764626",
        "userOrders": null,
        "isSold": false,
        "id": 50399
    },
    {
        "firstName": "MICHEAL",
        "lastName": "TODD",
        "phone": "2488727130",
        "address": "12920 FACTORY LN",
        "city": "LOUISVILLE",
        "state": "KY",
        "zip": "40245",
        "email": "MIKETODD522@YAHOO.COM",
        "dateOfBirth": "1966-09-03T12:00:00",
        "ssn": "461492158",
        "userOrders": null,
        "isSold": false,
        "id": 50456
    },
    {
        "firstName": "ANGELA",
        "lastName": "WARE",
        "phone": "6158604090",
        "address": "1432 TEMPANY CT",
        "city": "NASHVILLE",
        "state": "TN",
        "zip": "37207",
        "email": "AWAREIAM47@ATT.NET",
        "dateOfBirth": "1966-04-26T12:00:00",
        "ssn": "413154176",
        "userOrders": null,
        "isSold": false,
        "id": 50553
    },
    {
        "firstName": "MARCELA",
        "lastName": "REYES",
        "phone": "4153083025",
        "address": "APT B",
        "city": "SF",
        "state": "N",
        "zip": "94118",
        "email": "MARREGUITWIN@HOTMAIL.COM",
        "dateOfBirth": "1966-04-22T12:00:00",
        "ssn": "622923598",
        "userOrders": null,
        "isSold": true,
        "id": 50576
    },
    {
        "firstName": "COLLEEN",
        "lastName": "WARD",
        "phone": "7086361605",
        "address": "2927 W 101ST PL",
        "city": "EVRGRN PK",
        "state": "PK",
        "zip": "60805",
        "email": "COLLEEN.WARD@ENERGYBBDO.COM",
        "dateOfBirth": "1966-06-08T12:00:00",
        "ssn": "358705269",
        "userOrders": null,
        "isSold": false,
        "id": 50617
    },
    {
        "firstName": "JAMES",
        "lastName": "WALTON",
        "phone": "9018266161",
        "address": "1288 JIM MCKENZIE RD",
        "city": "BRIGHTON",
        "state": "TN",
        "zip": "38011",
        "email": "JIMBOWALTON@GMAIL.COM",
        "dateOfBirth": "1966-06-27T12:00:00",
        "ssn": "412193388",
        "userOrders": null,
        "isSold": false,
        "id": 50686
    },
    {
        "firstName": "FRANCIS",
        "lastName": "WALKER",
        "phone": "7738028123",
        "address": "FL 1",
        "city": "CHGO",
        "state": "N",
        "zip": "60622",
        "email": "FRANCIS_WALKER@AMERITECH.NET",
        "dateOfBirth": "1966-11-09T12:00:00",
        "ssn": "343724865",
        "userOrders": null,
        "isSold": true,
        "id": 50877
    },
    {
        "firstName": "HANH",
        "lastName": "VU",
        "phone": "4084894396",
        "address": "3072 CRAY CT",
        "city": "SJ",
        "state": "JOSE",
        "zip": "95121",
        "email": "QUOCANH88@HOTMAIL.COM",
        "dateOfBirth": "1966-10-06T12:00:00",
        "ssn": "624448132",
        "userOrders": null,
        "isSold": true,
        "id": 50942
    },
    {
        "firstName": "DANA",
        "lastName": "HUDSON",
        "phone": "9014855351",
        "address": "2870 WINDSOR CV",
        "city": "HORN LAKE",
        "state": "LAKE",
        "zip": "38637",
        "email": "THUDSON763@AOL.COM",
        "dateOfBirth": "1966-01-23T12:00:00",
        "ssn": "437499384",
        "userOrders": null,
        "isSold": false,
        "id": 50979
    },
    {
        "firstName": "SCOTT",
        "lastName": "SPITLER",
        "phone": "8057916165",
        "address": "3119 TECOPA SPRINGS LN",
        "city": "SIMI VLY",
        "state": "VALLEY",
        "zip": "93063",
        "email": "LAURA_SPITTLER@YAHOO.COM",
        "dateOfBirth": "1966-04-27T12:00:00",
        "ssn": "554156726",
        "userOrders": null,
        "isSold": false,
        "id": 51005
    },
    {
        "firstName": "FAZILET",
        "lastName": "YAVUZER",
        "phone": "5017668433",
        "address": "14415 SHEPARD DR",
        "city": "LITTLE ROCK",
        "state": "ROCK",
        "zip": "72223",
        "email": "GALIPYAVUZER@HOTMAIL.COM",
        "dateOfBirth": "1966-07-31T12:00:00",
        "ssn": "436897209",
        "userOrders": null,
        "isSold": true,
        "id": 51071
    },
    {
        "firstName": "GUY",
        "lastName": "BRASSARD",
        "phone": "6786300929",
        "address": "691 BEAR CREEK RD",
        "city": "CUMG",
        "state": "GA",
        "zip": "30040",
        "email": "BRASSARDG@ATT.NET",
        "dateOfBirth": "1966-04-24T12:00:00",
        "ssn": "671148053",
        "userOrders": null,
        "isSold": false,
        "id": 51198
    },
    {
        "firstName": "WILLIAM",
        "lastName": "DOYLE",
        "phone": "2095020543",
        "address": "1120 CEDAR CREEK CT APT 219",
        "city": "MDSTO",
        "state": "CA",
        "zip": "95355",
        "email": "WILLIAMDOYLE7587@GMAIL.COM",
        "dateOfBirth": "1966-10-23T12:00:00",
        "ssn": "560151128",
        "userOrders": null,
        "isSold": false,
        "id": 51206
    }
]