[
    {
        "firstName": "WILLIE",
        "lastName": "BUTLER",
        "phone": "6185601711",
        "address": "4716 WALTER ST",
        "city": "BELVL",
        "state": "IL",
        "zip": "62226",
        "email": "LNTHOMA@HOTMAIL.COM",
        "dateOfBirth": "1966-08-19T12:00:00",
        "ssn": "361702060",
        "userOrders": null,
        "isSold": false,
        "id": 65158
    },
    {
        "firstName": "STERLING",
        "lastName": "CALLAHAN",
        "phone": "7604733283",
        "address": "230 BORREGO CT",
        "city": "OCNSD",
        "state": "CA",
        "zip": "92057",
        "email": "PALMTIKIS@YAHOO.COM",
        "dateOfBirth": "1966-02-27T12:00:00",
        "ssn": "545177202",
        "userOrders": null,
        "isSold": false,
        "id": 65179
    },
    {
        "firstName": "MITH",
        "lastName": "BARNES",
        "phone": "5025991428",
        "address": "2654 TAYLORSVILLE RD",
        "city": "LOUISVILLE",
        "state": "KY",
        "zip": "40205",
        "email": "MITH@MACLOGIC.COM",
        "dateOfBirth": "1966-09-26T12:00:00",
        "ssn": "393664476",
        "userOrders": null,
        "isSold": false,
        "id": 65271
    },
    {
        "firstName": "JEFFREY",
        "lastName": "DONALDSON",
        "phone": "4047347463",
        "address": "4234 BRADLEY DR",
        "city": "AUS",
        "state": "GA",
        "zip": "30106",
        "email": "J.DON@OUTLOOK.COM",
        "dateOfBirth": "1966-08-05T12:00:00",
        "ssn": "185620086",
        "userOrders": null,
        "isSold": false,
        "id": 65322
    },
    {
        "firstName": "ROBERT",
        "lastName": "TRUSCOTT",
        "phone": "7133206693",
        "address": "1931 BISSONNET ST",
        "city": "HOUSTON",
        "state": "TX",
        "zip": "77005",
        "email": "TRUSCOTT@RICE.EDU",
        "dateOfBirth": "1966-12-10T12:00:00",
        "ssn": "544808567",
        "userOrders": null,
        "isSold": false,
        "id": 65355
    },
    {
        "firstName": "ROBIN",
        "lastName": "NEAL",
        "phone": "3144487503",
        "address": "10615 HALLWOOD DR",
        "city": "ST LOUIS COUNTY",
        "state": "LOUIS",
        "zip": "63136",
        "email": "NEAL.DONNEL3@GMAIL.COM",
        "dateOfBirth": "1966-01-25T12:00:00",
        "ssn": "499766993",
        "userOrders": null,
        "isSold": false,
        "id": 65410
    },
    {
        "firstName": "SATHAPHON",
        "lastName": "RATTANAWONG",
        "phone": "4159216930",
        "address": "1918 16TH ST",
        "city": "SP",
        "state": "PABLO",
        "zip": "94806",
        "email": "AIRBENDERTOP@SBCGLOBAL.NET",
        "dateOfBirth": "1966-04-03T12:00:00",
        "ssn": "530943880",
        "userOrders": null,
        "isSold": false,
        "id": 65450
    },
    {
        "firstName": "RICARDO",
        "lastName": "RODRIGUEZ",
        "phone": "1111110025",
        "address": "7531 JALNA ST",
        "city": "HOUSTON",
        "state": "TX",
        "zip": "77055",
        "email": "SESIRDZ1964@GMAIL.COM",
        "dateOfBirth": "1966-03-16T12:00:00",
        "ssn": "453473631",
        "userOrders": null,
        "isSold": false,
        "id": 65512
    },
    {
        "firstName": "DARYLL",
        "lastName": "HILLIARD",
        "phone": "8162256377",
        "address": "602 E 101ST ST APT 301",
        "city": "KANSAS CITY",
        "state": "CITY",
        "zip": "64131",
        "email": "DJHILLIARD@HOTMAIL.COM",
        "dateOfBirth": "1966-09-25T12:00:00",
        "ssn": "509743428",
        "userOrders": null,
        "isSold": false,
        "id": 65548
    },
    {
        "firstName": "JOANN",
        "lastName": "BROWN",
        "phone": "9173468618",
        "address": "2430 TERRA COTTA CIR",
        "city": "VIENNA",
        "state": "VA",
        "zip": "22182",
        "email": "JOANNBROWN710@GMAIL.COM",
        "dateOfBirth": "1966-07-08T12:00:00",
        "ssn": "119627070",
        "userOrders": null,
        "isSold": false,
        "id": 65569
    },
    {
        "firstName": "DENISE",
        "lastName": "ROSIER",
        "phone": "8327669889",
        "address": "8934 HOSTLER DR",
        "city": "TOMBALL",
        "state": "TX",
        "zip": "77375",
        "email": "DENISE1ROSIER@YAHOO.COM",
        "dateOfBirth": "1966-11-06T12:00:00",
        "ssn": "431539901",
        "userOrders": null,
        "isSold": false,
        "id": 65650
    },
    {
        "firstName": "LISA",
        "lastName": "GATES",
        "phone": "8158619424",
        "address": "3703 W CLOVER AVE",
        "city": "MCHNRY",
        "state": "IL",
        "zip": "60050",
        "email": "MYRDDIN65@GMAIL.COM",
        "dateOfBirth": "1966-11-10T12:00:00",
        "ssn": "353601186",
        "userOrders": null,
        "isSold": false,
        "id": 65738
    },
    {
        "firstName": "ENRRIQUE",
        "lastName": "BARRAN",
        "phone": "6825979890",
        "address": "1607 PATIO TER APT A",
        "city": "ARLINGTON",
        "state": "TX",
        "zip": "76010",
        "email": "KIKEBARRON17@HOTMAIL.COM",
        "dateOfBirth": "1966-11-17T12:00:00",
        "ssn": "606387168",
        "userOrders": null,
        "isSold": false,
        "id": 65835
    },
    {
        "firstName": "JACKI",
        "lastName": "PERRY",
        "phone": "5138333191",
        "address": "313 REED ST APT 367",
        "city": "TUSCALOOSA",
        "state": "AL",
        "zip": "35401",
        "email": "JACKIPERRY1@YAHOO.COM",
        "dateOfBirth": "1966-12-23T12:00:00",
        "ssn": "280627925",
        "userOrders": null,
        "isSold": false,
        "id": 65975
    },
    {
        "firstName": "BECKY",
        "lastName": "STEWART",
        "phone": "1111110001",
        "address": "1602 PAPER MOON DR",
        "city": "CEDAR PARK",
        "state": "PARK",
        "zip": "78613",
        "email": "DBSTEW@HOTMAIL.COM",
        "dateOfBirth": "1966-04-10T12:00:00",
        "ssn": "467883723",
        "userOrders": null,
        "isSold": false,
        "id": 66060
    }
]