[
    {
        "firstName": "RAJESH",
        "lastName": "PRABHU",
        "phone": "7706406894",
        "address": "395 CLUBFIELD DR",
        "city": "RSWL",
        "state": "GA",
        "zip": "30075",
        "email": "RPRABHU@BELLSOUTH.NET",
        "dateOfBirth": "1966-06-28T12:00:00",
        "ssn": "589083468",
        "userOrders": null,
        "isSold": false,
        "id": 19953
    },
    {
        "firstName": "SABRINA",
        "lastName": "HERRERA",
        "phone": "7733341467",
        "address": "3519 SUNSET LN",
        "city": "CHGO",
        "state": "PARK",
        "zip": "60625",
        "email": "QUETZKALI0@EARTHLINK.NET",
        "dateOfBirth": "1966-01-10T12:00:00",
        "ssn": "358701315",
        "userOrders": null,
        "isSold": false,
        "id": 20081
    },
    {
        "firstName": "MARY",
        "lastName": "BLUE",
        "phone": "2148817906",
        "address": "6544 LEANING OAKS ST",
        "city": "DALLAS",
        "state": "TX",
        "zip": "75241",
        "email": "BLUEMARY.1952.MB@GMAIL.COM",
        "dateOfBirth": "1966-09-09T12:00:00",
        "ssn": "464332660",
        "userOrders": null,
        "isSold": false,
        "id": 20115
    },
    {
        "firstName": "SHERI",
        "lastName": "CARELLO",
        "phone": "9164467605",
        "address": "UNIT REAR",
        "city": "SAC",
        "state": "LAND",
        "zip": "95818",
        "email": "SCARELLO@SBCGLOBAL.NET",
        "dateOfBirth": "1966-02-28T12:00:00",
        "ssn": "565715366",
        "userOrders": null,
        "isSold": true,
        "id": 20140
    },
    {
        "firstName": "WENDY",
        "lastName": "ANDERSON",
        "phone": "5179806528",
        "address": "1115 GOULD RD",
        "city": "LANSING TWP",
        "state": "MI",
        "zip": "48917",
        "email": "WENDY9783@ATT.NET",
        "dateOfBirth": "1966-09-03T12:00:00",
        "ssn": "388903049",
        "userOrders": null,
        "isSold": false,
        "id": 20200
    },
    {
        "firstName": "SUZANNE",
        "lastName": "GAMBACORT*",
        "phone": "9548619953",
        "address": "2250 SE ABCOR RD",
        "city": "P*S*L",
        "state": "ST",
        "zip": "34952",
        "email": "D123ALBAN@GMAIL.COM",
        "dateOfBirth": "1966-11-30T12:00:00",
        "ssn": "594013837",
        "userOrders": null,
        "isSold": true,
        "id": 20220
    },
    {
        "firstName": "THOMAS",
        "lastName": "BARNO",
        "phone": "4406666939",
        "address": "6916 MILL RD",
        "city": "BRECKSVILLE",
        "state": "OH",
        "zip": "44141",
        "email": "TBARNO1@YAHOO.COM",
        "dateOfBirth": "1966-10-07T12:00:00",
        "ssn": "270701241",
        "userOrders": null,
        "isSold": false,
        "id": 20223
    },
    {
        "firstName": "CINDY",
        "lastName": "WARNER",
        "phone": "6199811966",
        "address": "17116 MATINAL RD",
        "city": "SD",
        "state": "DIEGO",
        "zip": "92127",
        "email": "CINDYLOU1221@YAHOO.COM",
        "dateOfBirth": "1966-12-21T12:00:00",
        "ssn": "438413224",
        "userOrders": null,
        "isSold": false,
        "id": 20296
    },
    {
        "firstName": "DEANNA",
        "lastName": "INNAN",
        "phone": "1111110001",
        "address": "617 BOXWOOD DR APT 3",
        "city": "CAPE GIRARDEAU",
        "state": "GIRARDEAU",
        "zip": "63703",
        "email": "MLINMAN1S@SEMO.EDU",
        "dateOfBirth": "1966-08-05T12:00:00",
        "ssn": "498702600",
        "userOrders": null,
        "isSold": false,
        "id": 20350
    },
    {
        "firstName": "SHANNON",
        "lastName": "HERREN",
        "phone": "7703647414",
        "address": "413 TERRACE ST",
        "city": "GRIF",
        "state": "GA",
        "zip": "30224",
        "email": "SMHGRACE@GMAIL.COM",
        "dateOfBirth": "1966-09-12T12:00:00",
        "ssn": "258379980",
        "userOrders": null,
        "isSold": false,
        "id": 20454
    },
    {
        "firstName": "JAY",
        "lastName": "NUZUM",
        "phone": "8056309487",
        "address": "5512 AMBER WAY",
        "city": "MCKINNEY",
        "state": "TX",
        "zip": "75070",
        "email": "SNUZUM64@YAHOO.COM",
        "dateOfBirth": "1966-07-01T12:00:00",
        "ssn": "536786538",
        "userOrders": null,
        "isSold": false,
        "id": 20478
    },
    {
        "firstName": "CRAIG",
        "lastName": "SHELTON",
        "phone": "7138053902",
        "address": "14335 ARBORCREST ST",
        "city": "HOUSTON",
        "state": "TX",
        "zip": "77062",
        "email": "CHAPSR23@HOTMAIL.COM",
        "dateOfBirth": "1966-10-05T12:00:00",
        "ssn": "467498428",
        "userOrders": null,
        "isSold": false,
        "id": 20521
    },
    {
        "firstName": "MADTAHA",
        "lastName": "SINKEE",
        "phone": "6196152454",
        "address": "6196152455",
        "city": "1958 2ND AVE",
        "state": "202",
        "zip": "SD",
        "email": "92101",
        "dateOfBirth": "1966-05-14T12:00:00",
        "ssn": "254919266",
        "userOrders": null,
        "isSold": false,
        "id": 20584
    },
    {
        "firstName": "LISA",
        "lastName": "AVEDON",
        "phone": "6142841333",
        "address": "7973 DUNAWAY LN",
        "city": "GENOA TWP",
        "state": "OH",
        "zip": "43082",
        "email": "LAVEDON411@GMAIL.COM",
        "dateOfBirth": "1966-04-11T12:00:00",
        "ssn": "469804232",
        "userOrders": null,
        "isSold": false,
        "id": 20673
    },
    {
        "firstName": "KENNETH",
        "lastName": "MAY",
        "phone": "2108826526",
        "address": "11643 SWEET PEA RUN",
        "city": "SAN ANTONIO",
        "state": "ANTONIO",
        "zip": "78245",
        "email": "MAYKENNETH47@YAHOO.COM",
        "dateOfBirth": "1966-09-10T12:00:00",
        "ssn": "416132576",
        "userOrders": null,
        "isSold": false,
        "id": 20707
    }
]