[
    {
        "firstName": "SONYA",
        "lastName": "JOSEPH",
        "phone": "8182988331",
        "address": "623 FISCHER ST APT 5",
        "city": "GLN",
        "state": "CA",
        "zip": "91205",
        "email": "SOJOMOJO@OUTLOOK.COM",
        "dateOfBirth": "1966-10-02T12:00:00",
        "ssn": "527678904",
        "userOrders": null,
        "isSold": false,
        "id": 39707
    },
    {
        "firstName": "DWAYNE",
        "lastName": "HOGE",
        "phone": "2392484060",
        "address": "7450 LAKE MARSHA DR",
        "city": "ORL",
        "state": "FL",
        "zip": "32819",
        "email": "WAYNEHOGE@HOTMAIL.COM",
        "dateOfBirth": "1966-08-01T12:00:00",
        "ssn": "389702842",
        "userOrders": null,
        "isSold": false,
        "id": 39733
    },
    {
        "firstName": "TABATHA",
        "lastName": "PURIFOY",
        "phone": "2514211770",
        "address": "6657 TWIN BEECH RD",
        "city": "FAIRHOPE",
        "state": "AL",
        "zip": "36532",
        "email": "JOVANWALSH55@GMAIL.COM",
        "dateOfBirth": "1966-03-06T12:00:00",
        "ssn": "570459773",
        "userOrders": null,
        "isSold": false,
        "id": 39738
    },
    {
        "firstName": "FELIPE",
        "lastName": "BAIRES",
        "phone": "5104346858",
        "address": "1843 BRIDGE AVE",
        "city": "OAK",
        "state": "CA",
        "zip": "94601",
        "email": "NGBAIRES_93@YAHOO.COM",
        "dateOfBirth": "1966-01-18T12:00:00",
        "ssn": "611204960",
        "userOrders": null,
        "isSold": false,
        "id": 39753
    },
    {
        "firstName": "MARICELA",
        "lastName": "FONSECA",
        "phone": "3106318352",
        "address": "1204 E TUCKER ST APT A",
        "city": "CPT",
        "state": "CA",
        "zip": "90221",
        "email": "MARICELA0323@ATT.NET",
        "dateOfBirth": "1966-03-23T12:00:00",
        "ssn": "625821231",
        "userOrders": null,
        "isSold": false,
        "id": 39796
    },
    {
        "firstName": "MARTHA",
        "lastName": "SALAZAR",
        "phone": "7135550583",
        "address": "809 DEEPWATER AVE",
        "city": "PASADENA",
        "state": "TX",
        "zip": "77503",
        "email": "MARTHA1772@ATT.NET",
        "dateOfBirth": "1966-03-02T12:00:00",
        "ssn": "455731637",
        "userOrders": null,
        "isSold": false,
        "id": 39799
    },
    {
        "firstName": "RICKY",
        "lastName": "DICKENS",
        "phone": "6784284632",
        "address": "2121 WINDY HILL RD APT 402",
        "city": "SMYR",
        "state": "GA",
        "zip": "30060",
        "email": "RDICKENS827@YAHOO.COM",
        "dateOfBirth": "1966-08-27T12:00:00",
        "ssn": "244359242",
        "userOrders": null,
        "isSold": false,
        "id": 39872
    },
    {
        "firstName": "MELANIE.",
        "lastName": "GRAVOIS",
        "phone": "9854485882",
        "address": "420 ABBY RD",
        "city": "THIBODAUX",
        "state": "LA",
        "zip": "70301",
        "email": "MGRAVOIS@ATT.NET",
        "dateOfBirth": "1966-09-22T12:00:00",
        "ssn": "439312368",
        "userOrders": null,
        "isSold": false,
        "id": 40076
    },
    {
        "firstName": "DANIEL",
        "lastName": "BORAH",
        "phone": "8477910599",
        "address": "143 STEAMBOAT DR",
        "city": "GILBERTS",
        "state": "IL",
        "zip": "60136",
        "email": "DRB2001@ATT.NET",
        "dateOfBirth": "1966-06-16T12:00:00",
        "ssn": "340687140",
        "userOrders": null,
        "isSold": false,
        "id": 40162
    },
    {
        "firstName": "THOMAS",
        "lastName": "MASON",
        "phone": "4403762103",
        "address": "504 SW TRAFALGAR PKWY",
        "city": "PARMA",
        "state": "CORAL",
        "zip": "44130",
        "email": "TMAS66@YAHOO.COM",
        "dateOfBirth": "1966-10-13T12:00:00",
        "ssn": "287721056",
        "userOrders": null,
        "isSold": false,
        "id": 40244
    },
    {
        "firstName": "KELLY",
        "lastName": "HEIMBACH",
        "phone": "9549909005",
        "address": "26485 GOODWILL CHAPEL RD",
        "city": "SEBASTIAN",
        "state": "MO",
        "zip": "32958",
        "email": "KSHEIM66@GMAIL.COM",
        "dateOfBirth": "1966-05-21T12:00:00",
        "ssn": "491766878",
        "userOrders": null,
        "isSold": false,
        "id": 40295
    },
    {
        "firstName": "PETE",
        "lastName": "SCHLEGEL",
        "phone": "8656968992",
        "address": "2604 CREEKSTONE CIR",
        "city": "MARYVILLE",
        "state": "TN",
        "zip": "37804",
        "email": "PETESCHLEGEL@YAHOO.COM",
        "dateOfBirth": "1966-01-15T12:00:00",
        "ssn": "283740957",
        "userOrders": null,
        "isSold": false,
        "id": 40334
    },
    {
        "firstName": "JOHN",
        "lastName": "FIERICK",
        "phone": "7046345858",
        "address": "9605 WOBURN RD",
        "city": "CHAR",
        "state": "NC",
        "zip": "28277",
        "email": "SHERI@JOFFIE.COM",
        "dateOfBirth": "1966-11-23T12:00:00",
        "ssn": "145746263",
        "userOrders": null,
        "isSold": false,
        "id": 40386
    },
    {
        "firstName": "CHANDA",
        "lastName": "LIGHTSEY",
        "phone": "7709124352",
        "address": "596 PARLIAMENT ST",
        "city": "MRETA",
        "state": "GA",
        "zip": "30066",
        "email": "CTLIGHTSEY@GMAIL.COM",
        "dateOfBirth": "1966-07-19T12:00:00",
        "ssn": "260210665",
        "userOrders": null,
        "isSold": false,
        "id": 40399
    },
    {
        "firstName": "EDWARD",
        "lastName": "ALLEN",
        "phone": "5016551275",
        "address": "40 BUNKER HILL RD",
        "city": "HOT SPRINGS",
        "state": "CASTLE",
        "zip": "71913",
        "email": "FLOORSBYED@ATT.NET",
        "dateOfBirth": "1966-10-16T12:00:00",
        "ssn": "222661231",
        "userOrders": null,
        "isSold": false,
        "id": 40468
    }
]