[
    {
        "firstName": "KRISTY",
        "lastName": "HARRINGTON",
        "phone": "8478097457",
        "address": "318 WOODED KNOLL DR",
        "city": "CARY",
        "state": "IL",
        "zip": "60013",
        "email": "KRISTYHARRINGTON3@GMAIL.COM",
        "dateOfBirth": "1966-05-27T12:00:00",
        "ssn": "263991720",
        "userOrders": null,
        "isSold": false,
        "id": 72278
    },
    {
        "firstName": "MATTHEW",
        "lastName": "CASE",
        "phone": "7074489199",
        "address": "67 WYKOFF DR",
        "city": "VCVL",
        "state": "CA",
        "zip": "95688",
        "email": "MATTLENDS@SBCGLOBAL.NET",
        "dateOfBirth": "1966-09-23T12:00:00",
        "ssn": "545638530",
        "userOrders": null,
        "isSold": false,
        "id": 72284
    },
    {
        "firstName": "BRIAN",
        "lastName": "WELSH",
        "phone": "7709654884",
        "address": "6199 COMPASS DR",
        "city": "FLRY BR",
        "state": "BR",
        "zip": "30542",
        "email": "BRPAWE@AOL.COM",
        "dateOfBirth": "1966-10-22T12:00:00",
        "ssn": "259150778",
        "userOrders": null,
        "isSold": false,
        "id": 72311
    },
    {
        "firstName": "MARK",
        "lastName": "GRAWET",
        "phone": "3106761298",
        "address": "348 W 19TH ST",
        "city": "HAW",
        "state": "PEDRO",
        "zip": "90250",
        "email": "MARLIN310@YAHOO.COM",
        "dateOfBirth": "1966-02-11T12:00:00",
        "ssn": "561698736",
        "userOrders": null,
        "isSold": false,
        "id": 72394
    },
    {
        "firstName": "FELICIA",
        "lastName": "WHITESIDE",
        "phone": "7609781219",
        "address": "3220 MISSION AVE APT 167",
        "city": "OCNSD",
        "state": "CA",
        "zip": "92058",
        "email": "FELICIAWHITESIDE@YMAIL.COM",
        "dateOfBirth": "1966-06-29T12:00:00",
        "ssn": "555084366",
        "userOrders": null,
        "isSold": false,
        "id": 72405
    },
    {
        "firstName": "TRACEY",
        "lastName": "FERNANDEZ",
        "phone": "3862833935",
        "address": "4090 HODGES BLVD APT 601",
        "city": "JKVL",
        "state": "FL",
        "zip": "32224",
        "email": "TRACEYELEMENTS@GMAIL.COM",
        "dateOfBirth": "1966-09-27T12:00:00",
        "ssn": "265570467",
        "userOrders": null,
        "isSold": false,
        "id": 72547
    },
    {
        "firstName": "EUGENE",
        "lastName": "G",
        "phone": "2197126532",
        "address": "11711 S HAMLIN AVE",
        "city": "CROWN POINT",
        "state": "IL",
        "zip": "46307",
        "email": "EPEROSKO@YAHOO.COM",
        "dateOfBirth": "1966-09-01T12:00:00",
        "ssn": "360587802",
        "userOrders": null,
        "isSold": false,
        "id": 72580
    },
    {
        "firstName": "WALTER",
        "lastName": "AGUAS",
        "phone": "9517075100",
        "address": "310 S JEFFERSON ST APT 41A",
        "city": "PLAC",
        "state": "CA",
        "zip": "92870",
        "email": "CASADEAGUAS@SBCGLOBAL.NET",
        "dateOfBirth": "1966-02-28T12:00:00",
        "ssn": "548274609",
        "userOrders": null,
        "isSold": false,
        "id": 72642
    },
    {
        "firstName": "DAVID",
        "lastName": "BENEDETTO",
        "phone": "6309132476",
        "address": "19203 104TH AVE",
        "city": "FRANKFT",
        "state": "IL",
        "zip": "60423",
        "email": "KRAZYBUBBLES@SBCGLOBAL.NET",
        "dateOfBirth": "1966-10-02T12:00:00",
        "ssn": "336684734",
        "userOrders": null,
        "isSold": false,
        "id": 72668
    },
    {
        "firstName": "MAUREEN",
        "lastName": "BARLOW",
        "phone": "7145822054",
        "address": "349 SEQUOIA AVE",
        "city": "BREA",
        "state": "CA",
        "zip": "92821",
        "email": "MAUREEN@DSLEXTREME.COM",
        "dateOfBirth": "1966-12-20T12:00:00",
        "ssn": "557679928",
        "userOrders": null,
        "isSold": false,
        "id": 72694
    },
    {
        "firstName": "CHESTER",
        "lastName": "WEEKS",
        "phone": "2564533412",
        "address": "6129 CHARTEE DR",
        "city": "ANNISTON",
        "state": "AL",
        "zip": "36206",
        "email": "CHESTERWEEKS3@YAHOO.COM",
        "dateOfBirth": "1966-06-17T12:00:00",
        "ssn": "419067147",
        "userOrders": null,
        "isSold": false,
        "id": 72700
    },
    {
        "firstName": "WAYNE",
        "lastName": "GRAFF",
        "phone": "2486136006",
        "address": "1821 QUEENS RD",
        "city": "HOFMN ESTS",
        "state": "TX",
        "zip": "60169",
        "email": "WAYNE.GRAFF@SEARSHC.COM",
        "dateOfBirth": "1966-10-25T12:00:00",
        "ssn": "212060779",
        "userOrders": null,
        "isSold": false,
        "id": 72900
    },
    {
        "firstName": "MICHAEL",
        "lastName": "CIOPRYNA",
        "phone": "9044633260",
        "address": "6284 FIRESTONE RD",
        "city": "JKVL",
        "state": "FL",
        "zip": "32221",
        "email": "CCIOPRYNA@PSSD.COM",
        "dateOfBirth": "1966-12-07T12:00:00",
        "ssn": "593051680",
        "userOrders": null,
        "isSold": false,
        "id": 72932
    },
    {
        "firstName": "NICHOLAS",
        "lastName": "CASINI",
        "phone": "5305835752",
        "address": "5380 BELLAZZA CT",
        "city": "TC",
        "state": "NV",
        "zip": "96145",
        "email": "NICKY@CASINI.US",
        "dateOfBirth": "1966-09-28T12:00:00",
        "ssn": "561697822",
        "userOrders": null,
        "isSold": true,
        "id": 72947
    },
    {
        "firstName": "MAURICE",
        "lastName": "DUGGINS",
        "phone": "3167339999",
        "address": "12610 E ZIMMERLY ST",
        "city": "WICHITA",
        "state": "KS",
        "zip": "67226",
        "email": "GWENANDMOE@JUNO.COM",
        "dateOfBirth": "1966-10-26T12:00:00",
        "ssn": "580153763",
        "userOrders": null,
        "isSold": true,
        "id": 72952
    }
]