[
    {
        "firstName": "DARLENE.",
        "lastName": "MURFF",
        "phone": "6308039523",
        "address": "614 RAMSDEN RD",
        "city": "PLANO",
        "state": "IL",
        "zip": "60545",
        "email": "DARLENEWILBURNMURFF@GMAIL.COM",
        "dateOfBirth": "1966-06-07T12:00:00",
        "ssn": "328727997",
        "userOrders": null,
        "isSold": false,
        "id": 23011
    },
    {
        "firstName": "WARREN",
        "lastName": "W",
        "phone": "9136809173",
        "address": "1919 161ST TER",
        "city": "BASEHOR",
        "state": "KS",
        "zip": "66007",
        "email": "WARREN.DEWEY@US.ARMY.MII",
        "dateOfBirth": "1966-08-03T12:00:00",
        "ssn": "515828202",
        "userOrders": null,
        "isSold": true,
        "id": 23150
    },
    {
        "firstName": "MICHAEL",
        "lastName": "W",
        "phone": "7148659779",
        "address": "27069 ALMONDWOOD DR",
        "city": "COR",
        "state": "CA",
        "zip": "92880",
        "email": "CHAMBERS2009@ATT.NET",
        "dateOfBirth": "1966-10-17T12:00:00",
        "ssn": "556418285",
        "userOrders": null,
        "isSold": false,
        "id": 23273
    },
    {
        "firstName": "TONYA",
        "lastName": "BYLER",
        "phone": "4174144954",
        "address": "HC 77 BOX 760",
        "city": "SPRINGFIELD",
        "state": "MO",
        "zip": "65803",
        "email": "TONYABYLER66@HOTMAIL.COM",
        "dateOfBirth": "1966-11-21T12:00:00",
        "ssn": "478882993",
        "userOrders": null,
        "isSold": false,
        "id": 23397
    },
    {
        "firstName": "DARREN",
        "lastName": "L",
        "phone": "3215375876",
        "address": "1987 CLEVELAND ST NE",
        "city": "PALM BAY",
        "state": "BAY",
        "zip": "32905",
        "email": "JDARREN13@YAHOO.COM",
        "dateOfBirth": "1966-11-17T12:00:00",
        "ssn": "261619563",
        "userOrders": null,
        "isSold": false,
        "id": 23413
    },
    {
        "firstName": "DEDRA",
        "lastName": "DANIELY",
        "phone": "3136588601",
        "address": "325 STERLING HILL DR",
        "city": "LWRNCVL",
        "state": "GA",
        "zip": "30046",
        "email": "DDANIELY66@YAHOO.COM",
        "dateOfBirth": "1966-11-02T12:00:00",
        "ssn": "383823100",
        "userOrders": null,
        "isSold": false,
        "id": 23461
    },
    {
        "firstName": "TONYA",
        "lastName": "TARVER",
        "phone": "5106778589",
        "address": "APT 1",
        "city": "OAK",
        "state": "SUNNYSIDE",
        "zip": "94603",
        "email": "NATAYDUNBAR@ATT.NET",
        "dateOfBirth": "1966-03-18T12:00:00",
        "ssn": "556332776",
        "userOrders": null,
        "isSold": false,
        "id": 23501
    },
    {
        "firstName": "MICHELE",
        "lastName": "PARKS",
        "phone": "7606759725",
        "address": "918 LA RUE AVE",
        "city": "FBRK",
        "state": "CA",
        "zip": "92028",
        "email": "ANGIEPARKS67@YAHOO.COM",
        "dateOfBirth": "1966-08-25T12:00:00",
        "ssn": "139669306",
        "userOrders": null,
        "isSold": false,
        "id": 23657
    },
    {
        "firstName": "THOMAS",
        "lastName": "LOPEZ",
        "phone": "4087345278",
        "address": "1083 BRADFORD DR",
        "city": "SUNYVL",
        "state": "CA",
        "zip": "94089",
        "email": "TOM.LOPEZ@LAMRC.COM",
        "dateOfBirth": "1966-06-06T12:00:00",
        "ssn": "569650859",
        "userOrders": null,
        "isSold": false,
        "id": 23672
    },
    {
        "firstName": "ADRIENNE",
        "lastName": "NOWLING",
        "phone": "2163960295",
        "address": "1087 E 171ST ST",
        "city": "CLEVELAND",
        "state": "OH",
        "zip": "44119",
        "email": "MISS_MOLLY1266@YAHOO.COM",
        "dateOfBirth": "1966-12-12T12:00:00",
        "ssn": "273725563",
        "userOrders": null,
        "isSold": false,
        "id": 23684
    },
    {
        "firstName": "IVAN",
        "lastName": "IP",
        "phone": "3232555870",
        "address": "2408 W ALHAMBRA RD",
        "city": "ALH",
        "state": "CA",
        "zip": "91801",
        "email": "IVANADA1993@YAHOO.COM",
        "dateOfBirth": "1966-07-15T12:00:00",
        "ssn": "605284591",
        "userOrders": null,
        "isSold": false,
        "id": 23757
    },
    {
        "firstName": "MICHAEL",
        "lastName": "PFAFF",
        "phone": "3144015147",
        "address": "1606 PREHISTORIC HILL DR",
        "city": "IMPERIAL",
        "state": "MO",
        "zip": "63052",
        "email": "MJPFAFF1966@YAHOO.COM",
        "dateOfBirth": "1966-03-29T12:00:00",
        "ssn": "486868310",
        "userOrders": null,
        "isSold": false,
        "id": 23910
    },
    {
        "firstName": "SILVIA",
        "lastName": "SANCHEZ",
        "phone": "5129341147",
        "address": "APT 332",
        "city": "AUSTIN",
        "state": "WELLS",
        "zip": "78728",
        "email": "SILVIA.1220@HOTMAIL.COM",
        "dateOfBirth": "1966-04-08T12:00:00",
        "ssn": "621624747",
        "userOrders": null,
        "isSold": false,
        "id": 23985
    },
    {
        "firstName": "PATRICK",
        "lastName": "BRANNON",
        "phone": "2163129069",
        "address": "15929 ELDERWOOD AVE",
        "city": "EAST CLEVELAND",
        "state": "CLEVELAND",
        "zip": "44112",
        "email": "TONYA4170@ATT.NET",
        "dateOfBirth": "1966-01-03T12:00:00",
        "ssn": "268782746",
        "userOrders": null,
        "isSold": false,
        "id": 24033
    },
    {
        "firstName": "MIKE",
        "lastName": "MAZUREK",
        "phone": "4195141542",
        "address": "514 W 6TH ST",
        "city": "PERRYSBURG",
        "state": "OH",
        "zip": "43551",
        "email": "BOOZPA@YAHOO.COM",
        "dateOfBirth": "1966-10-08T12:00:00",
        "ssn": "296685195",
        "userOrders": null,
        "isSold": false,
        "id": 24119
    }
]