[
    {
        "firstName": "KRIZIA",
        "lastName": "WONG",
        "phone": "6505481280",
        "address": "KRIZIA WONG",
        "city": "BURL",
        "state": "BAYSHORE",
        "zip": "94010",
        "email": "KRIZIA-WONG@ATT.NET",
        "dateOfBirth": "1966-07-16T12:00:00",
        "ssn": "569610239",
        "userOrders": null,
        "isSold": false,
        "id": 31605
    },
    {
        "firstName": "MARK",
        "lastName": "SEID",
        "phone": "5126927610",
        "address": "9136 FAINWOOD LN",
        "city": "AUSTIN",
        "state": "TX",
        "zip": "78749",
        "email": "SUPASEED@GMAIL.COM",
        "dateOfBirth": "1966-04-22T12:00:00",
        "ssn": "351448961",
        "userOrders": null,
        "isSold": false,
        "id": 31609
    },
    {
        "firstName": "GINA",
        "lastName": "RUIZ",
        "phone": "9542179295",
        "address": "16226 OPAL CREEK DR",
        "city": "WESTON",
        "state": "FL",
        "zip": "33331",
        "email": "TIMOTHY.HOUSTON@GMAIL.COM",
        "dateOfBirth": "1966-04-06T12:00:00",
        "ssn": "558695293",
        "userOrders": null,
        "isSold": false,
        "id": 31654
    },
    {
        "firstName": "KIM",
        "lastName": "DEMPSTER",
        "phone": "4156744142",
        "address": "685 MARINA BLVD",
        "city": "FRSTVL",
        "state": "FRANCISCO",
        "zip": "95436",
        "email": "KIM@DEMPSTERCLAN.COM",
        "dateOfBirth": "1966-08-20T12:00:00",
        "ssn": "559377008",
        "userOrders": null,
        "isSold": true,
        "id": 31684
    },
    {
        "firstName": "CONNIE",
        "lastName": "RENEE",
        "phone": "8658162620",
        "address": "188 3RD ST",
        "city": "CORRYTON",
        "state": "TN",
        "zip": "37721",
        "email": "CONNIE.MADDOX@YAHOO.COM",
        "dateOfBirth": "1966-02-18T12:00:00",
        "ssn": "413088720",
        "userOrders": null,
        "isSold": false,
        "id": 31742
    },
    {
        "firstName": "SECELIA",
        "lastName": "BLAKEMORE",
        "phone": "8322981089",
        "address": "APT 2108",
        "city": "KATY",
        "state": "BARKER",
        "zip": "77449",
        "email": "MIKEBL48@YAHOO.COM",
        "dateOfBirth": "1966-04-01T12:00:00",
        "ssn": "454156685",
        "userOrders": null,
        "isSold": false,
        "id": 31788
    },
    {
        "firstName": "JUAN",
        "lastName": "REYES",
        "phone": "5307581502",
        "address": "1502 OLIVE DR SPC 30",
        "city": "DAVIS",
        "state": "CA",
        "zip": "95616",
        "email": "SANI-007@HOTMAIL.COM",
        "dateOfBirth": "1966-05-23T12:00:00",
        "ssn": "556431749",
        "userOrders": null,
        "isSold": false,
        "id": 31811
    },
    {
        "firstName": "DEMETRIA",
        "lastName": "MCCAFFERTY",
        "phone": "2194872144",
        "address": "19040 LORETTO LN",
        "city": "MERRILLVILLE",
        "state": "CLB",
        "zip": "46410",
        "email": "MZBOO22@GMAIL.COM",
        "dateOfBirth": "1966-10-19T12:00:00",
        "ssn": "347589961",
        "userOrders": null,
        "isSold": false,
        "id": 31825
    },
    {
        "firstName": "JINLEI",
        "lastName": "ZHANG",
        "phone": "3177060223",
        "address": "3200 E LONGVIEW AVE APT 52",
        "city": "BLOOMINGTON",
        "state": "IN",
        "zip": "47408",
        "email": "YIHZHANG@INDIANA.EDU",
        "dateOfBirth": "1966-05-07T12:00:00",
        "ssn": "315136005",
        "userOrders": null,
        "isSold": false,
        "id": 31863
    },
    {
        "firstName": "LORIE",
        "lastName": "SYMON",
        "phone": "9169849539",
        "address": "2090 BECKETT DR",
        "city": "FLSM",
        "state": "DORADO",
        "zip": "95630",
        "email": "JLSYMON@PRODIGY.NET",
        "dateOfBirth": "1966-04-30T12:00:00",
        "ssn": "454573464",
        "userOrders": null,
        "isSold": false,
        "id": 31989
    },
    {
        "firstName": "JODY",
        "lastName": "ARMSTRONG",
        "phone": "9376718191",
        "address": "470 CHATHAM DR",
        "city": "KETTERING",
        "state": "OH",
        "zip": "45429",
        "email": "CJARMSTRONG@AMERITECH.NET",
        "dateOfBirth": "1966-02-12T12:00:00",
        "ssn": "483905551",
        "userOrders": null,
        "isSold": false,
        "id": 32035
    },
    {
        "firstName": "TANYA",
        "lastName": "LEE",
        "phone": "9492436810",
        "address": "26921 LA ALAMEDA APT 3307",
        "city": "MISN VIEJO",
        "state": "VIEJO",
        "zip": "92691",
        "email": "SCHOOLDAZE66@HOTMAIL.COM",
        "dateOfBirth": "1966-07-24T12:00:00",
        "ssn": "559980988",
        "userOrders": null,
        "isSold": true,
        "id": 32049
    },
    {
        "firstName": "DELBERT",
        "lastName": "BERKHALTER",
        "phone": "7739283221",
        "address": "9409 S LA SALLE ST",
        "city": "CHGO",
        "state": "IL",
        "zip": "60620",
        "email": "BERKHALTER@SBCGLOBAL.NET",
        "dateOfBirth": "1966-07-04T12:00:00",
        "ssn": "332707892",
        "userOrders": null,
        "isSold": false,
        "id": 32093
    },
    {
        "firstName": "MARY",
        "lastName": "HOLLADAY",
        "phone": "9706170632",
        "address": "3738 BUTTERNUT AVE",
        "city": "LOVELAND",
        "state": "CO",
        "zip": "80538",
        "email": "MARYANDERSON6613@GMAIL.COM",
        "dateOfBirth": "1966-01-12T12:00:00",
        "ssn": "436493771",
        "userOrders": null,
        "isSold": true,
        "id": 32205
    },
    {
        "firstName": "DANIEL",
        "lastName": "LASYONE",
        "phone": "5049147267",
        "address": "604 TERRI DR",
        "city": "BOUTTE",
        "state": "LA",
        "zip": "70039",
        "email": "DLASYONE1@ATT.NET",
        "dateOfBirth": "1966-09-19T12:00:00",
        "ssn": "439472944",
        "userOrders": null,
        "isSold": false,
        "id": 32241
    }
]