[
    {
        "firstName": "DOUGLAS",
        "lastName": "MUCHIRI",
        "phone": "6148869202",
        "address": "558 WILDINDIGO RUN",
        "city": "COLUMBUS",
        "state": "OH",
        "zip": "43081",
        "email": "PASTORDAGI@YAHOO.COM",
        "dateOfBirth": "1966-06-07T12:00:00",
        "ssn": "268046372",
        "userOrders": null,
        "isSold": false,
        "id": 59874
    },
    {
        "firstName": "RANDY",
        "lastName": "WEBER",
        "phone": "2816604032",
        "address": "2538 CENTURIAN CIR",
        "city": "HUMBLE",
        "state": "CANEY",
        "zip": "77396",
        "email": "CRETEFX.RW@GMAIL.COM",
        "dateOfBirth": "1966-02-07T12:00:00",
        "ssn": "462550280",
        "userOrders": null,
        "isSold": false,
        "id": 59887
    },
    {
        "firstName": "FREDERICK",
        "lastName": "HARRIS",
        "phone": "5169466307",
        "address": "41 LINDEN LN",
        "city": "FARMINGVILLE",
        "state": "NY",
        "zip": "11738",
        "email": "FHARRIS66@HOTMAIL.COM",
        "dateOfBirth": "1966-10-04T12:00:00",
        "ssn": "103606164",
        "userOrders": null,
        "isSold": true,
        "id": 59904
    },
    {
        "firstName": "RICHARD",
        "lastName": "HOFFMAN",
        "phone": "9542980474",
        "address": "4388 NW 120TH LN",
        "city": "SNRSE",
        "state": "FL",
        "zip": "33326",
        "email": "RHOFFMAN13@COMCAST.NET",
        "dateOfBirth": "1966-02-08T12:00:00",
        "ssn": "264115132",
        "userOrders": null,
        "isSold": false,
        "id": 59953
    },
    {
        "firstName": "KAYE",
        "lastName": "CLINE",
        "phone": "4056256735",
        "address": "2716 SE 96TH ST",
        "city": "OKLAHOMA CITY",
        "state": "CITY",
        "zip": "73160",
        "email": "SHANEDOWNUM@YAHOO.COM",
        "dateOfBirth": "1966-03-12T12:00:00",
        "ssn": "566690708",
        "userOrders": null,
        "isSold": false,
        "id": 59997
    },
    {
        "firstName": "ELLIOTT",
        "lastName": "DONNELLEY",
        "phone": "4159028095",
        "address": "3550 23RD ST APT 5",
        "city": "SF",
        "state": "FRANCISCO",
        "zip": "94110",
        "email": "ELLIOTTD@GMAIL.COM",
        "dateOfBirth": "1966-10-12T12:00:00",
        "ssn": "566455499",
        "userOrders": null,
        "isSold": true,
        "id": 60080
    },
    {
        "firstName": "KEVIN",
        "lastName": "HENRY",
        "phone": "3309904252",
        "address": "4341 LARCHWOOD CIR NW",
        "city": "JACKSON TWP",
        "state": "OH",
        "zip": "44718",
        "email": "MRSDENITRA@YAHOO.COM",
        "dateOfBirth": "1966-03-07T12:00:00",
        "ssn": "361609256",
        "userOrders": null,
        "isSold": false,
        "id": 60087
    },
    {
        "firstName": "LAURA",
        "lastName": "PELEN",
        "phone": "3127539610",
        "address": "1261 MONMOUTH DR",
        "city": "LEMONT",
        "state": "IL",
        "zip": "60439",
        "email": "LMPELEN@HOTMAIL.COM",
        "dateOfBirth": "1966-01-31T12:00:00",
        "ssn": "338621953",
        "userOrders": null,
        "isSold": false,
        "id": 60094
    },
    {
        "firstName": "PATRICIA",
        "lastName": "KERPS",
        "phone": "5613466478",
        "address": "LOT 318",
        "city": "W*P*B",
        "state": "DREXEL",
        "zip": "33417",
        "email": "PATRICIAKERPS@HOTMAIL.COM",
        "dateOfBirth": "1966-06-12T12:00:00",
        "ssn": "767780370",
        "userOrders": null,
        "isSold": false,
        "id": 60099
    },
    {
        "firstName": "RITA",
        "lastName": "CROCKER",
        "phone": "9035731428",
        "address": "566 OMAHA DR",
        "city": "MORRIS COUNTY",
        "state": "TX",
        "zip": "75571",
        "email": "RRCROCKER@AOL.COM",
        "dateOfBirth": "1966-04-18T12:00:00",
        "ssn": "467496309",
        "userOrders": null,
        "isSold": false,
        "id": 60196
    },
    {
        "firstName": "SUSAN",
        "lastName": "HARPER",
        "phone": "7078032075",
        "address": "135 SUNSET CIR",
        "city": "VCVL",
        "state": "CA",
        "zip": "95687",
        "email": "SUZIE1123@HOTMAIL.COM",
        "dateOfBirth": "1966-06-16T12:00:00",
        "ssn": "549175904",
        "userOrders": null,
        "isSold": false,
        "id": 60198
    },
    {
        "firstName": "PAULINO",
        "lastName": "MARQUEZ",
        "phone": "9513174857",
        "address": "PO BOX 315",
        "city": "RIV",
        "state": "CA",
        "zip": "92503",
        "email": "WRSMAINTENANCE@GMAIL.COM",
        "dateOfBirth": "1966-05-22T12:00:00",
        "ssn": "562497376",
        "userOrders": null,
        "isSold": false,
        "id": 60288
    },
    {
        "firstName": "KRISTI",
        "lastName": "BLAIR",
        "phone": "6149018361",
        "address": "4742 TUSSIC ST",
        "city": "GENOA TWP",
        "state": "OH",
        "zip": "43082",
        "email": "DBLAIR@GLAVAN.COM",
        "dateOfBirth": "1966-09-12T12:00:00",
        "ssn": "280646560",
        "userOrders": null,
        "isSold": false,
        "id": 60362
    },
    {
        "firstName": "VALARIE",
        "lastName": "GEORGE",
        "phone": "2254854372",
        "address": "14256 GLYNN RD",
        "city": "BATON ROUGE",
        "state": "ROUGE",
        "zip": "70807",
        "email": "VALARIEGEORGE@ATT.NET",
        "dateOfBirth": "1966-06-30T12:00:00",
        "ssn": "435430624",
        "userOrders": null,
        "isSold": true,
        "id": 60407
    },
    {
        "firstName": "LORI",
        "lastName": "LOWNEY",
        "phone": "2626973536",
        "address": "5407 64TH AVE",
        "city": "KENOSHA",
        "state": "WI",
        "zip": "53144",
        "email": "LORILO66@GMAIL.COM",
        "dateOfBirth": "1966-07-28T12:00:00",
        "ssn": "392823763",
        "userOrders": null,
        "isSold": false,
        "id": 60427
    }
]