[
    {
        "firstName": "KAMALJEET",
        "lastName": "BANDESHA",
        "phone": "8182192699",
        "address": "1671 PATRICIA AVE APT 104",
        "city": "SIMI VLY",
        "state": "VALLEY",
        "zip": "93065",
        "email": "KAMALJEETBANDESHA@YAHOO.COM",
        "dateOfBirth": "1966-01-10T12:00:00",
        "ssn": "620478078",
        "userOrders": null,
        "isSold": true,
        "id": 21565
    },
    {
        "firstName": "VERONICA",
        "lastName": "ARDLEY",
        "phone": "9043290959",
        "address": "7061 OLD KINGS RD S APT 228",
        "city": "JKVL",
        "state": "FL",
        "zip": "32217",
        "email": "VARDLEY@YAHOO.COM",
        "dateOfBirth": "1966-06-16T12:00:00",
        "ssn": "261650991",
        "userOrders": null,
        "isSold": false,
        "id": 21599
    },
    {
        "firstName": "JOANNE",
        "lastName": "NOWICKI--QUAILE",
        "phone": "7725321354",
        "address": "225 RIVERWAY DR",
        "city": "VERO BCH",
        "state": "BEACH",
        "zip": "32963",
        "email": "JQUAILE104@AOL.COM",
        "dateOfBirth": "1966-03-17T12:00:00",
        "ssn": "262494479",
        "userOrders": null,
        "isSold": false,
        "id": 21631
    },
    {
        "firstName": "GAYLE",
        "lastName": "REYES",
        "phone": "2695013962",
        "address": "3364 S 6TH ST",
        "city": "OSHTEMO",
        "state": "MI",
        "zip": "49009",
        "email": "TEAMREYES@YAHOO.COM",
        "dateOfBirth": "1966-09-17T12:00:00",
        "ssn": "384869465",
        "userOrders": null,
        "isSold": false,
        "id": 21648
    },
    {
        "firstName": "CHRIS",
        "lastName": "SIEMERS",
        "phone": "9202878702",
        "address": "1019 FLORIDA AVE",
        "city": "SHEBOYGAN",
        "state": "WI",
        "zip": "53081",
        "email": "CMSKC@ATT.NET",
        "dateOfBirth": "1966-12-07T12:00:00",
        "ssn": "389708220",
        "userOrders": null,
        "isSold": false,
        "id": 21685
    },
    {
        "firstName": "FERNANDO",
        "lastName": "ULIT",
        "phone": "6302725804",
        "address": "5221 N AUSTIN AVE",
        "city": "CHGO",
        "state": "IL",
        "zip": "60630",
        "email": "NOEMAIL@ATT.COM",
        "dateOfBirth": "1966-12-23T12:00:00",
        "ssn": "350728415",
        "userOrders": null,
        "isSold": false,
        "id": 21736
    },
    {
        "firstName": "LISA",
        "lastName": "HOUGH",
        "phone": "7078154131",
        "address": "749 MEADOWLARK DR",
        "city": "NAPA",
        "state": "CA",
        "zip": "94558",
        "email": "HOUGHLM@ME.COM",
        "dateOfBirth": "1966-12-27T12:00:00",
        "ssn": "569151648",
        "userOrders": null,
        "isSold": false,
        "id": 21747
    },
    {
        "firstName": "JOSEFINA",
        "lastName": "GARCIA",
        "phone": "7736335992",
        "address": "FL 2",
        "city": "CHGO",
        "state": "S",
        "zip": "60632",
        "email": "NONE@GMAIL.COM",
        "dateOfBirth": "1966-03-14T12:00:00",
        "ssn": "344802743",
        "userOrders": null,
        "isSold": false,
        "id": 21760
    },
    {
        "firstName": "JUAN",
        "lastName": "NAKAYOSHI",
        "phone": "3052659075",
        "address": "8500 NW 8TH ST APT 302",
        "city": "MIA",
        "state": "FL",
        "zip": "33126",
        "email": "KATIA1907@YAHOO.COM",
        "dateOfBirth": "1966-06-25T12:00:00",
        "ssn": "619780654",
        "userOrders": null,
        "isSold": false,
        "id": 21822
    },
    {
        "firstName": "WILLIE",
        "lastName": "JENKINS",
        "phone": "8438646546",
        "address": "1552 SEACROFT RD",
        "city": "CHAS",
        "state": "SC",
        "zip": "29412",
        "email": "TYLISIAJENKINS@YAHOO.COM",
        "dateOfBirth": "1966-12-22T12:00:00",
        "ssn": "250378027",
        "userOrders": null,
        "isSold": false,
        "id": 21869
    },
    {
        "firstName": "KAREN",
        "lastName": "CARTER",
        "phone": "3212667206",
        "address": "633 EVERGREEN ST NE",
        "city": "PALM BAY",
        "state": "BAY",
        "zip": "32907",
        "email": "KAREN19664@AOL.COM",
        "dateOfBirth": "1966-01-22T12:00:00",
        "ssn": "130668658",
        "userOrders": null,
        "isSold": false,
        "id": 21942
    },
    {
        "firstName": "LINDA",
        "lastName": "WEEKS",
        "phone": "9196967951",
        "address": "7647 BUCKNELL TER",
        "city": "SOUTH FULTON",
        "state": "GA",
        "zip": "30213",
        "email": "LWGODSGRACE@GMAIL.COM",
        "dateOfBirth": "1966-01-18T12:00:00",
        "ssn": "239492655",
        "userOrders": null,
        "isSold": false,
        "id": 22167
    },
    {
        "firstName": "BURNETTE",
        "lastName": "BROWN",
        "phone": "9722016889",
        "address": "1708 N GALLOWAY AVE APT 115",
        "city": "MESQUITE",
        "state": "TX",
        "zip": "75149",
        "email": "BURENETTEBROWN@ATT.NET",
        "dateOfBirth": "1966-12-16T12:00:00",
        "ssn": "353608838",
        "userOrders": null,
        "isSold": false,
        "id": 22168
    },
    {
        "firstName": "MARIO",
        "lastName": "VICENTE",
        "phone": "4088491730",
        "address": "612 PINEWOOD DR APT 2",
        "city": "SJ",
        "state": "JOSE",
        "zip": "95129",
        "email": "CHONCHO692010@HOTMAIL.COM",
        "dateOfBirth": "1966-01-02T12:00:00",
        "ssn": "164855916",
        "userOrders": null,
        "isSold": true,
        "id": 22264
    },
    {
        "firstName": "ROB",
        "lastName": "MULLEN",
        "phone": "4404656623",
        "address": "1823 OLD MILL DR APT 307",
        "city": "ARLINGTON",
        "state": "TX",
        "zip": "76011",
        "email": "ADOLF_OZMANN@YAHOO.COM",
        "dateOfBirth": "1966-03-18T12:00:00",
        "ssn": "370869940",
        "userOrders": null,
        "isSold": false,
        "id": 22359
    }
]