[
    {
        "firstName": "PHYLLIS",
        "lastName": "J",
        "phone": "8282502336",
        "address": "217 SANDY CREEK CT",
        "city": "HNDVL",
        "state": "NC",
        "zip": "28792",
        "email": "JWEXLER@UNCA.EDU",
        "dateOfBirth": "1966-01-18T12:00:00",
        "ssn": "243316764",
        "userOrders": null,
        "isSold": false,
        "id": 98308
    },
    {
        "firstName": "ERIC",
        "lastName": "KRESS",
        "phone": "6362211961",
        "address": "2594 HIGHWAY 100",
        "city": "FRANKLIN COUNTY",
        "state": "SUMMIT",
        "zip": "63039",
        "email": "EKRESS24@HOTMAIL.COM",
        "dateOfBirth": "1966-06-08T12:00:00",
        "ssn": "300788199",
        "userOrders": null,
        "isSold": false,
        "id": 98368
    },
    {
        "firstName": "CATHERINE",
        "lastName": "RUSSELL",
        "phone": "8177150102",
        "address": "2701 LAWRENCE RD APT 373",
        "city": "ARLINGTON",
        "state": "TX",
        "zip": "76006",
        "email": "JCSVDCAT@YAHOO.COM",
        "dateOfBirth": "1966-02-06T12:00:00",
        "ssn": "335602869",
        "userOrders": null,
        "isSold": false,
        "id": 98407
    },
    {
        "firstName": "KAREN",
        "lastName": "STEARNEY",
        "phone": "8473588409",
        "address": "36 S HICKORY ST",
        "city": "PALATIN",
        "state": "IL",
        "zip": "60067",
        "email": "STEARNEY36@ATT.NET",
        "dateOfBirth": "1966-08-31T12:00:00",
        "ssn": "483980473",
        "userOrders": null,
        "isSold": false,
        "id": 98519
    },
    {
        "firstName": "VERSHAWN",
        "lastName": "GRIER",
        "phone": "7733172875",
        "address": "2875 W 85TH PL",
        "city": "CHGO",
        "state": "IL",
        "zip": "60652",
        "email": "VGRIER4@HOTMAIL.COM",
        "dateOfBirth": "1966-11-21T12:00:00",
        "ssn": "323745684",
        "userOrders": null,
        "isSold": false,
        "id": 98619
    },
    {
        "firstName": "MARY",
        "lastName": "SINYARD",
        "phone": "4797905667",
        "address": "# WC1090",
        "city": "WASHINGTON COUNTY",
        "state": "CRESTVIEW",
        "zip": "72701",
        "email": "SINYARD1966@GMAIL.COM",
        "dateOfBirth": "1966-11-28T12:00:00",
        "ssn": "430336227",
        "userOrders": null,
        "isSold": false,
        "id": 98699
    },
    {
        "firstName": "RONALD",
        "lastName": "PIETSZAK",
        "phone": "3136330048",
        "address": "3136330048",
        "city": "TAYLOR MI 48180-2450",
        "state": "MONROE",
        "zip": "TAYLOR",
        "email": "48180",
        "dateOfBirth": "1966-06-25T12:00:00",
        "ssn": "376725496",
        "userOrders": null,
        "isSold": false,
        "id": 98708
    },
    {
        "firstName": "EZEQUIEL",
        "lastName": "RODRIGUEZ",
        "phone": "6617179773",
        "address": "9608 POSEIDON ST",
        "city": "BKFD",
        "state": "CA",
        "zip": "93306",
        "email": "RODRIGUEZJREZEQUIEL@GMAIL.COM",
        "dateOfBirth": "1966-05-29T12:00:00",
        "ssn": "547067036",
        "userOrders": null,
        "isSold": false,
        "id": 98739
    },
    {
        "firstName": "MELISSA",
        "lastName": "KUJAWA",
        "phone": "4148408608",
        "address": "317 WILLOW LN",
        "city": "HARTFORD",
        "state": "WI",
        "zip": "53027",
        "email": "R-MKUJAWA@MSN.COM",
        "dateOfBirth": "1966-01-19T12:00:00",
        "ssn": "389904166",
        "userOrders": null,
        "isSold": false,
        "id": 98789
    },
    {
        "firstName": "ELINORE",
        "lastName": "TREJO",
        "phone": "9152418607",
        "address": "1004 ONEIDA DR",
        "city": "EL PASO",
        "state": "PASO",
        "zip": "79912",
        "email": "ETREJO66@SBCGLOBAL.NET",
        "dateOfBirth": "1966-12-20T12:00:00",
        "ssn": "456494963",
        "userOrders": null,
        "isSold": false,
        "id": 98832
    },
    {
        "firstName": "COLLEEN",
        "lastName": "ARTHUR",
        "phone": "3217654333",
        "address": "2744 CANOPY OAK CT",
        "city": "CHULUOTA",
        "state": "FL",
        "zip": "32766",
        "email": "2744CANOPYOAKCT@GMAIL.COM",
        "dateOfBirth": "1966-11-01T12:00:00",
        "ssn": "166565168",
        "userOrders": null,
        "isSold": false,
        "id": 98852
    },
    {
        "firstName": "ASCENIO",
        "lastName": "PADILLA",
        "phone": "9543228916",
        "address": "2400 CASABLANCA DR",
        "city": "MIRAMAR",
        "state": "FL",
        "zip": "33023",
        "email": "ARSENIO2007@HOTMAIL.COM",
        "dateOfBirth": "1966-01-24T12:00:00",
        "ssn": "593993970",
        "userOrders": null,
        "isSold": false,
        "id": 98907
    },
    {
        "firstName": "MECHEL",
        "lastName": "GREEN",
        "phone": "2563663767",
        "address": "712 PORTAGE AVE",
        "city": "MUSCLE SHOALS",
        "state": "SHOALS",
        "zip": "35661",
        "email": "MECHELGREEN@ATT.NET",
        "dateOfBirth": "1966-06-18T12:00:00",
        "ssn": "390784267",
        "userOrders": null,
        "isSold": false,
        "id": 98981
    },
    {
        "firstName": "PAM",
        "lastName": "PHILLIPS",
        "phone": "8322653705",
        "address": "24503 GRAYSON FALLS LN",
        "city": "SPRING",
        "state": "TX",
        "zip": "77389",
        "email": "THINKPINKPHILLIPS@GMAIL.COM",
        "dateOfBirth": "1966-06-19T12:00:00",
        "ssn": "418112594",
        "userOrders": null,
        "isSold": false,
        "id": 98984
    },
    {
        "firstName": "THANH",
        "lastName": "HUYNH",
        "phone": "4089664681",
        "address": "510 SADDLE BROOK DR SPC 61",
        "city": "SJ",
        "state": "JOSE",
        "zip": "95136",
        "email": "THANHHUYNH@YAHOO.COM",
        "dateOfBirth": "1966-05-04T12:00:00",
        "ssn": "729015793",
        "userOrders": null,
        "isSold": false,
        "id": 99104
    }
]