[
    {
        "firstName": "SUSAN",
        "lastName": "BENNETT",
        "phone": "3149969431",
        "address": "1214 KORTWRIGHT AVE",
        "city": "ROCK HILL",
        "state": "LOUIS",
        "zip": "63119",
        "email": "SEWINGBYSUSAN@GMAIL.COM",
        "dateOfBirth": "1966-06-05T12:00:00",
        "ssn": "338628596",
        "userOrders": null,
        "isSold": false,
        "id": 94483
    },
    {
        "firstName": "SANJAY",
        "lastName": "ASTHANA",
        "phone": "6158045980",
        "address": "2418 DONALD BRADLEY CT",
        "city": "MURFREESBORO",
        "state": "TN",
        "zip": "37130",
        "email": "SASTHANA@MTSU.EDU",
        "dateOfBirth": "1966-07-26T12:00:00",
        "ssn": "475318588",
        "userOrders": null,
        "isSold": false,
        "id": 94542
    },
    {
        "firstName": "DANITA",
        "lastName": "THOMPSON",
        "phone": "8326424381",
        "address": "1209 FRENCHMANS DR",
        "city": "DESOTO",
        "state": "TX",
        "zip": "75115",
        "email": "DANITA111266@YAHOO.COM",
        "dateOfBirth": "1966-11-12T12:00:00",
        "ssn": "511740949",
        "userOrders": null,
        "isSold": false,
        "id": 94645
    },
    {
        "firstName": "BRYAN",
        "lastName": "GRIGGS",
        "phone": "6152894664",
        "address": "8052 FENWICK LN",
        "city": "SPRING HILL",
        "state": "HILL",
        "zip": "37174",
        "email": "TEST@TEST.COM",
        "dateOfBirth": "1966-05-24T12:00:00",
        "ssn": "412273427",
        "userOrders": null,
        "isSold": true,
        "id": 94650
    },
    {
        "firstName": "ROGER",
        "lastName": "DANCER",
        "phone": "4176934666",
        "address": "2353 E DIVISION ST",
        "city": "SPRINGFIELD",
        "state": "MO",
        "zip": "65803",
        "email": "ROGERDANCER80@YAHOO.COM",
        "dateOfBirth": "1966-04-23T12:00:00",
        "ssn": "538522334",
        "userOrders": null,
        "isSold": false,
        "id": 94765
    },
    {
        "firstName": "JANIE",
        "lastName": "BRAGG",
        "phone": "2566768366",
        "address": "653 SUNNY EVE RD",
        "city": "OXFORD",
        "state": "AL",
        "zip": "36207",
        "email": "JANIEMINTON1966@GMAIL.COM",
        "dateOfBirth": "1966-10-04T12:00:00",
        "ssn": "422044351",
        "userOrders": null,
        "isSold": false,
        "id": 94773
    },
    {
        "firstName": "RHODA",
        "lastName": "VANCE",
        "phone": "2109022517",
        "address": "RHODA VANCE DBA",
        "city": "SAN ANTONIO",
        "state": "N",
        "zip": "78201",
        "email": "RHODA8089@ATT.NET",
        "dateOfBirth": "1966-02-08T12:00:00",
        "ssn": "465610497",
        "userOrders": null,
        "isSold": true,
        "id": 94885
    },
    {
        "firstName": "INES",
        "lastName": "MARTINEZ",
        "phone": "4087599268",
        "address": "95 W VIRGINIA ST APT 6",
        "city": "SJ",
        "state": "JOSE",
        "zip": "95110",
        "email": "NONE@ATT.COM",
        "dateOfBirth": "1966-04-20T12:00:00",
        "ssn": "624140149",
        "userOrders": null,
        "isSold": false,
        "id": 94888
    },
    {
        "firstName": "FRITZ",
        "lastName": "MIRVILLE",
        "phone": "6147265295",
        "address": "3047 KINGS REALM AVE",
        "city": "COLUMBUS",
        "state": "OH",
        "zip": "43232",
        "email": "FRITZBOBO@SBCGLOBAL.NET",
        "dateOfBirth": "1966-09-23T12:00:00",
        "ssn": "125708584",
        "userOrders": null,
        "isSold": false,
        "id": 94889
    },
    {
        "firstName": "JULIAN",
        "lastName": "CEPEDA",
        "phone": "7864262603",
        "address": "1800 NW 131ST ST",
        "city": "MIA",
        "state": "FL",
        "zip": "33167",
        "email": "JCBONAO48@YAHOO.COM",
        "dateOfBirth": "1966-02-06T12:00:00",
        "ssn": "592953569",
        "userOrders": null,
        "isSold": false,
        "id": 94893
    },
    {
        "firstName": "RONDA",
        "lastName": "PETERS",
        "phone": "8173536772",
        "address": "320 GLENHAVEN DR",
        "city": "AZLE",
        "state": "TX",
        "zip": "76020",
        "email": "RONDAPETERS88@GMAIL.COM",
        "dateOfBirth": "1966-08-30T12:00:00",
        "ssn": "460559118",
        "userOrders": null,
        "isSold": false,
        "id": 94923
    },
    {
        "firstName": "MANOLO",
        "lastName": "SUAZO",
        "phone": "3179936783",
        "address": "7716 CRUYFF CIR",
        "city": "INDIANAPOLIS",
        "state": "IN",
        "zip": "46214",
        "email": "SUAZOTRUCKING@HOTMAIL.COM",
        "dateOfBirth": "1966-09-08T12:00:00",
        "ssn": "310085169",
        "userOrders": null,
        "isSold": false,
        "id": 94954
    },
    {
        "firstName": "EDWARD",
        "lastName": "HOGGARD",
        "phone": "9192393859",
        "address": "2013 BALLSTON PL",
        "city": "KNI",
        "state": "NC",
        "zip": "27545",
        "email": "EDWARD.HOGGARD@WAKEGOV.COM",
        "dateOfBirth": "1966-04-19T12:00:00",
        "ssn": "244296997",
        "userOrders": null,
        "isSold": false,
        "id": 94983
    },
    {
        "firstName": "DEDRA",
        "lastName": "HILL",
        "phone": "6067921936",
        "address": "152 JC ESTATES DR",
        "city": "PAINTSVILLE",
        "state": "KY",
        "zip": "41240",
        "email": "ADRIANAKRETZER@HOTMAIL.COM",
        "dateOfBirth": "1966-07-18T12:00:00",
        "ssn": "405969613",
        "userOrders": null,
        "isSold": false,
        "id": 95006
    },
    {
        "firstName": "RUBEN",
        "lastName": "GODINEZ",
        "phone": "8189559045",
        "address": "1530 BROADWAY",
        "city": "BRB",
        "state": "CA",
        "zip": "91504",
        "email": "TERE2@SBCGLOBAL.NET",
        "dateOfBirth": "1966-06-17T12:00:00",
        "ssn": "621099902",
        "userOrders": null,
        "isSold": false,
        "id": 95166
    }
]