[
    {
        "firstName": "PAMELA",
        "lastName": "BIVENS",
        "phone": "8658058113",
        "address": "1730 KNOB RD",
        "city": "MARYVILLE",
        "state": "TN",
        "zip": "37803",
        "email": "BIVENSLAWN@AOL.COM",
        "dateOfBirth": "1966-07-21T12:00:00",
        "ssn": "409290868",
        "userOrders": null,
        "isSold": false,
        "id": 51693
    },
    {
        "firstName": "EVA",
        "lastName": "CURRY",
        "phone": "4042875983",
        "address": "2181 BALLY CLARE CT SW",
        "city": "MRETA",
        "state": "GA",
        "zip": "30008",
        "email": "MAKEITHAPPENMAG@HOTMAIL.COM",
        "dateOfBirth": "1966-02-09T12:00:00",
        "ssn": "246197465",
        "userOrders": null,
        "isSold": false,
        "id": 51703
    },
    {
        "firstName": "RON.",
        "lastName": "JOSEPH",
        "phone": "4408426017",
        "address": "7911 MARLBOROUGH AVE",
        "city": "PARMA",
        "state": "OH",
        "zip": "44129",
        "email": "ROANJO@SBCGLOBAL.NET",
        "dateOfBirth": "1966-02-23T12:00:00",
        "ssn": "289484740",
        "userOrders": null,
        "isSold": false,
        "id": 51774
    },
    {
        "firstName": "ROBERT",
        "lastName": "LOPEZ",
        "phone": "7605947350",
        "address": "635 W 6TH AVE",
        "city": "ESC",
        "state": "CA",
        "zip": "92025",
        "email": "DIANADLOPEZ@SBCGLOBAL.NET",
        "dateOfBirth": "1966-12-05T12:00:00",
        "ssn": "616341061",
        "userOrders": null,
        "isSold": false,
        "id": 51784
    },
    {
        "firstName": "CHARLES",
        "lastName": "HUGHES",
        "phone": "3105304652",
        "address": "3640 S PARKER ST",
        "city": "LMTA",
        "state": "PEDRO",
        "zip": "90717",
        "email": "CHUGHESJR@GMAIL.COM",
        "dateOfBirth": "1966-04-30T12:00:00",
        "ssn": "547412407",
        "userOrders": null,
        "isSold": false,
        "id": 51871
    },
    {
        "firstName": "CLAUDIA",
        "lastName": "PHILLIPS",
        "phone": "9542409820",
        "address": "8490 NW 10TH ST",
        "city": "PMBRK PNS",
        "state": "PNES",
        "zip": "33024",
        "email": "CLAUDIA.PHILLIPS@ATT.NET",
        "dateOfBirth": "1966-01-04T12:00:00",
        "ssn": "589516727",
        "userOrders": null,
        "isSold": false,
        "id": 51916
    },
    {
        "firstName": "PHOEBE",
        "lastName": "MAGDALES",
        "phone": "2104216148",
        "address": "10719 STAGGERING CRK",
        "city": "SAN ANTONIO",
        "state": "ANTONIO",
        "zip": "78254",
        "email": "PMAGDALES@ATT.NET",
        "dateOfBirth": "1966-05-29T12:00:00",
        "ssn": "100741913",
        "userOrders": null,
        "isSold": false,
        "id": 51936
    },
    {
        "firstName": "MARIA",
        "lastName": "EREVIA",
        "phone": "2146738211",
        "address": "3827 KINGSFORD AVE",
        "city": "DALLAS",
        "state": "TX",
        "zip": "75227",
        "email": "MARIA.EREVIA@YAHOO.COM",
        "dateOfBirth": "1966-01-02T12:00:00",
        "ssn": "462498701",
        "userOrders": null,
        "isSold": false,
        "id": 51979
    },
    {
        "firstName": "CATHERINE",
        "lastName": "MIMS",
        "phone": "4045922840",
        "address": "819 DREWRY ST NE",
        "city": "ATL",
        "state": "GA",
        "zip": "30306",
        "email": "CAYMIMS@GMAIL.COM",
        "dateOfBirth": "1966-02-08T12:00:00",
        "ssn": "217358728",
        "userOrders": null,
        "isSold": false,
        "id": 52008
    },
    {
        "firstName": "RODRICK",
        "lastName": "SHAO",
        "phone": "8306098451",
        "address": "1537 CAP RIDGE PEAK",
        "city": "NEW BRAUNFELS",
        "state": "BRAUNFELS",
        "zip": "78130",
        "email": "MASAULE@GMAIL.COM",
        "dateOfBirth": "1966-10-04T12:00:00",
        "ssn": "392083346",
        "userOrders": null,
        "isSold": true,
        "id": 52083
    },
    {
        "firstName": "SELVA",
        "lastName": "DUARTE",
        "phone": "7862608666",
        "address": "7561 NW 16TH ST APT 2207",
        "city": "PLTN",
        "state": "FL",
        "zip": "33313",
        "email": "NESTORSCHACHTER@HOTMAIL.COM",
        "dateOfBirth": "1966-08-29T12:00:00",
        "ssn": "770520789",
        "userOrders": null,
        "isSold": false,
        "id": 52093
    },
    {
        "firstName": "MARK",
        "lastName": "ROSS",
        "phone": "7046190018",
        "address": "6010 RIALTO CT",
        "city": "CHAR",
        "state": "NC",
        "zip": "28214",
        "email": "MARKROSS5@YAHOO.COM",
        "dateOfBirth": "1966-10-12T12:00:00",
        "ssn": "242431487",
        "userOrders": null,
        "isSold": false,
        "id": 52146
    },
    {
        "firstName": "RUDY",
        "lastName": "GONZALES",
        "phone": "8327243816",
        "address": "4575 SIMSBROOK DR",
        "city": "HOUSTON",
        "state": "TX",
        "zip": "77045",
        "email": "rudymasterexcavating@gmail.com",
        "dateOfBirth": "1966-12-01T12:00:00",
        "ssn": "524138309",
        "userOrders": null,
        "isSold": false,
        "id": 52283
    },
    {
        "firstName": "ENRIQUE",
        "lastName": "YANEZ",
        "phone": "8184399840",
        "address": "520 S OAKLAND AVE",
        "city": "PAS",
        "state": "CA",
        "zip": "91101",
        "email": "YANEZ.E@SBCGLOBAL.NET",
        "dateOfBirth": "1966-01-24T12:00:00",
        "ssn": "619145171",
        "userOrders": null,
        "isSold": true,
        "id": 52294
    },
    {
        "firstName": "TONY",
        "lastName": "WILIAMS",
        "phone": "6013451098",
        "address": "2326 HARRIOTTE AVE",
        "city": "JACKSON",
        "state": "MS",
        "zip": "39209",
        "email": "WWCONSTCO@GMAIL.COM",
        "dateOfBirth": "1966-01-19T12:00:00",
        "ssn": "640900397",
        "userOrders": null,
        "isSold": false,
        "id": 52374
    }
]