[
    {
        "firstName": "SUSAN",
        "lastName": "O'BRYAN",
        "phone": "3176964509",
        "address": "6029 KING LEAR DR",
        "city": "INDIANAPOLIS",
        "state": "IN",
        "zip": "46254",
        "email": "OBRYAN5312@SBCGLOBAL.NET",
        "dateOfBirth": "1966-11-03T12:00:00",
        "ssn": "327503395",
        "userOrders": null,
        "isSold": false,
        "id": 79322
    },
    {
        "firstName": "LEIGH",
        "lastName": "MILLER",
        "phone": "3108778418",
        "address": "444 S ROXBURY DR",
        "city": "BH",
        "state": "HILLS",
        "zip": "90212",
        "email": "LEIGHAMILLER@ME.COM",
        "dateOfBirth": "1966-07-18T12:00:00",
        "ssn": "223217968",
        "userOrders": null,
        "isSold": false,
        "id": 79382
    },
    {
        "firstName": "SATTAR",
        "lastName": "ALHAYANI",
        "phone": "2488184517",
        "address": "7406 MANOR ST",
        "city": "DEARBORN",
        "state": "MI",
        "zip": "48126",
        "email": "HUHUHUSSAINHUHU@HOTMAIL.COM",
        "dateOfBirth": "1966-01-13T12:00:00",
        "ssn": "231755286",
        "userOrders": null,
        "isSold": false,
        "id": 79456
    },
    {
        "firstName": "JOE",
        "lastName": "SHARKEY",
        "phone": "9137076330",
        "address": "8430 GREEN RD",
        "city": "SHAWNEE",
        "state": "KS",
        "zip": "66218",
        "email": "JPSHARKEY7@GMAIL.COM",
        "dateOfBirth": "1966-08-17T12:00:00",
        "ssn": "512725894",
        "userOrders": null,
        "isSold": false,
        "id": 79482
    },
    {
        "firstName": "KEITH",
        "lastName": "KOCEN",
        "phone": "8479462278",
        "address": "1122 CLIFTON SPRINGS LN",
        "city": "WN SPGS",
        "state": "SPGS",
        "zip": "32708",
        "email": "KKOCEN@SBCGLOBAL.NET",
        "dateOfBirth": "1966-07-16T12:00:00",
        "ssn": "359444440",
        "userOrders": null,
        "isSold": true,
        "id": 79484
    },
    {
        "firstName": "PAUL",
        "lastName": "DAVIS",
        "phone": "7203158201",
        "address": "5142 BLUE JAY CIR",
        "city": "CASTLE ROCK",
        "state": "ROCK",
        "zip": "80109",
        "email": "PAD5142@YAHOO.COM",
        "dateOfBirth": "1966-10-02T12:00:00",
        "ssn": "438392573",
        "userOrders": null,
        "isSold": true,
        "id": 79495
    },
    {
        "firstName": "JANA",
        "lastName": "CLAYTON",
        "phone": "2812352181",
        "address": "2017 HAZELWOOD DR",
        "city": "GRAND PRAIRIE",
        "state": "PRAIRIE",
        "zip": "75050",
        "email": "JCLAYTON@TSBYRNE.COM",
        "dateOfBirth": "1966-06-17T12:00:00",
        "ssn": "453275656",
        "userOrders": null,
        "isSold": false,
        "id": 79516
    },
    {
        "firstName": "THEODORE",
        "lastName": "BUCKLEY",
        "phone": "7143975928",
        "address": "FLR UPPR UNIT FRT",
        "city": "ALMDA",
        "state": "WILLOW",
        "zip": "94501",
        "email": "TEDDYBUCKLEY@YAHOO.COM",
        "dateOfBirth": "1966-07-01T12:00:00",
        "ssn": "572519125",
        "userOrders": null,
        "isSold": false,
        "id": 79522
    },
    {
        "firstName": "MS",
        "lastName": "BOBBIE",
        "phone": "6014485008",
        "address": "PO BOX 31",
        "city": "PATTISON",
        "state": "MS",
        "zip": "39144",
        "email": "BJ1960.JB@GMAIL.COM",
        "dateOfBirth": "1966-06-25T12:00:00",
        "ssn": "426276691",
        "userOrders": null,
        "isSold": false,
        "id": 79558
    },
    {
        "firstName": "JULIO",
        "lastName": "QUINTERO",
        "phone": "5126326398",
        "address": "1804 FARNSWOOD DR",
        "city": "ROUND ROCK",
        "state": "ROCK",
        "zip": "78664",
        "email": "NONE@NONE.COM",
        "dateOfBirth": "1966-08-04T12:00:00",
        "ssn": "928726901",
        "userOrders": null,
        "isSold": true,
        "id": 79574
    },
    {
        "firstName": "LAFRANCES",
        "lastName": "HAYGOOD",
        "phone": "9107280232",
        "address": "2900 CALVARY DR APT 105",
        "city": "RAL",
        "state": "NC",
        "zip": "27604",
        "email": "LAFRANCES39@AOL.COM",
        "dateOfBirth": "1966-06-07T12:00:00",
        "ssn": "428375386",
        "userOrders": null,
        "isSold": false,
        "id": 79608
    },
    {
        "firstName": "MICHAEL",
        "lastName": "RUSSELL",
        "phone": "2163927961",
        "address": "19115 FAIRWAY AVE",
        "city": "MAPLE HEIGHTS",
        "state": "HEIGHTS",
        "zip": "44137",
        "email": "MDRNENE@MSN.COM",
        "dateOfBirth": "1966-10-28T12:00:00",
        "ssn": "271729473",
        "userOrders": null,
        "isSold": true,
        "id": 79615
    },
    {
        "firstName": "ORDONEZE",
        "lastName": "CARLOS",
        "phone": "7042678730",
        "address": "4170 RIDGE ST",
        "city": "SALSBRY",
        "state": "NC",
        "zip": "28147",
        "email": "ORDONEZEXP@YAHOO.COM",
        "dateOfBirth": "1966-11-22T12:00:00",
        "ssn": "603787879",
        "userOrders": null,
        "isSold": false,
        "id": 79731
    },
    {
        "firstName": "SAMUAL",
        "lastName": "ACKERMAN",
        "phone": "8479136672",
        "address": "PO BOX 6523",
        "city": "MUNDLEIN",
        "state": "IL",
        "zip": "60060",
        "email": "SAMACKERMAN66@GMAIL.COM",
        "dateOfBirth": "1966-12-27T12:00:00",
        "ssn": "173487255",
        "userOrders": null,
        "isSold": false,
        "id": 79733
    },
    {
        "firstName": "SHARON",
        "lastName": "GARRITY",
        "phone": "6616071005",
        "address": "25266 AVENIDA DORENA",
        "city": "SANTA CLARITA",
        "state": "CA",
        "zip": "91355",
        "email": "SHARON_GARRITY@YAHOO.COM",
        "dateOfBirth": "1966-08-03T12:00:00",
        "ssn": "263198331",
        "userOrders": null,
        "isSold": true,
        "id": 79737
    }
]