[
    {
        "firstName": "HAMDIJA",
        "lastName": "BEGIC",
        "phone": "7738181552",
        "address": "2066 DANBURY PL",
        "city": "SCHMBRG",
        "state": "EST",
        "zip": "60193",
        "email": "DZENAN_BEGIC@HOTMAIL.COM",
        "dateOfBirth": "1966-11-05T12:00:00",
        "ssn": "356920820",
        "userOrders": null,
        "isSold": false,
        "id": 85352
    },
    {
        "firstName": "FREWEINE",
        "lastName": "GHIORGHIS",
        "phone": "1111110001",
        "address": "APT B2",
        "city": "ATL",
        "state": "PHARR",
        "zip": "30305",
        "email": "FREWEINI8080@YAHOO.COM",
        "dateOfBirth": "1966-07-13T12:00:00",
        "ssn": "254676026",
        "userOrders": null,
        "isSold": false,
        "id": 85381
    },
    {
        "firstName": "PATRICIA",
        "lastName": "MARTINEZ",
        "phone": "6203911008",
        "address": "524 CRESTWOOD LN",
        "city": "LIBERAL",
        "state": "KS",
        "zip": "67901",
        "email": "PDIAZ1995@HOTMAIL.COM",
        "dateOfBirth": "1966-09-19T12:00:00",
        "ssn": "510237455",
        "userOrders": null,
        "isSold": false,
        "id": 85423
    },
    {
        "firstName": "VALERIE",
        "lastName": "PALOMBA",
        "phone": "3306853631",
        "address": "3306853631",
        "city": "NORTH CANTON OH 44720-9541",
        "state": "WINDEM",
        "zip": "PLAIN TWP",
        "email": "44720",
        "dateOfBirth": "1966-02-15T12:00:00",
        "ssn": "279642304",
        "userOrders": null,
        "isSold": false,
        "id": 85473
    },
    {
        "firstName": "ENRIQUE",
        "lastName": "SANDIVAL",
        "phone": "6309658288",
        "address": "524 GREGORY AVE APT 1C",
        "city": "GLENDL HTS",
        "state": "HTS",
        "zip": "60139",
        "email": "HFRANK@MKTGCONNECTIONS.COM",
        "dateOfBirth": "1966-10-11T12:00:00",
        "ssn": "340674651",
        "userOrders": null,
        "isSold": false,
        "id": 85697
    },
    {
        "firstName": "CARLA",
        "lastName": "MCNATT",
        "phone": "2257186094",
        "address": "7828 LANCE ST",
        "city": "VENTRESS",
        "state": "LA",
        "zip": "70783",
        "email": "MEXTEX@BELLSOUTH.NET",
        "dateOfBirth": "1966-11-14T12:00:00",
        "ssn": "449234637",
        "userOrders": null,
        "isSold": false,
        "id": 85769
    },
    {
        "firstName": "MARY",
        "lastName": "GRAVATTE",
        "phone": "5026199735",
        "address": "6137 LORETTA ST",
        "city": "LOUISVILLE",
        "state": "KY",
        "zip": "40213",
        "email": "MBGRAVATTE@YAHOO.COM",
        "dateOfBirth": "1966-05-29T12:00:00",
        "ssn": "401194404",
        "userOrders": null,
        "isSold": false,
        "id": 85788
    },
    {
        "firstName": "RALPH",
        "lastName": "MOLLENHAUER",
        "phone": "8477721926",
        "address": "703 MULLADY PKWY",
        "city": "LIBRTYVL",
        "state": "IL",
        "zip": "60048",
        "email": "RALPH@MOLLENHAUER.US",
        "dateOfBirth": "1966-03-26T12:00:00",
        "ssn": "345689236",
        "userOrders": null,
        "isSold": false,
        "id": 85820
    },
    {
        "firstName": "ALVARO",
        "lastName": "MORENO",
        "phone": "7867094794",
        "address": "16901 NW 33RD CT",
        "city": "HLH",
        "state": "GARDENS",
        "zip": "33013",
        "email": "ALVAMORE@AOL.COM",
        "dateOfBirth": "1966-07-10T12:00:00",
        "ssn": "770320425",
        "userOrders": null,
        "isSold": false,
        "id": 85962
    },
    {
        "firstName": "ANGELA",
        "lastName": "PHELON",
        "phone": "1111110001",
        "address": "APT B",
        "city": "CNYRS",
        "state": "SALEM",
        "zip": "30013",
        "email": "PHELON@YAHOO.COM",
        "dateOfBirth": "1966-01-09T12:00:00",
        "ssn": "423987843",
        "userOrders": null,
        "isSold": false,
        "id": 85973
    },
    {
        "firstName": "DAVID",
        "lastName": "ZIRBEL",
        "phone": "6083022865",
        "address": "2723 BOND PL",
        "city": "JANESVILLE",
        "state": "WI",
        "zip": "53548",
        "email": "DJZIB624@YAHOO.COM",
        "dateOfBirth": "1966-06-24T12:00:00",
        "ssn": "397620131",
        "userOrders": null,
        "isSold": false,
        "id": 86020
    },
    {
        "firstName": "KAREN",
        "lastName": "JOHNSTON",
        "phone": "2107891095",
        "address": "3640 HUNTER RD",
        "city": "NEW BRAUNFELS",
        "state": "BRAUNFELS",
        "zip": "78132",
        "email": "KSJOHNSTON126@YAHOO.COM",
        "dateOfBirth": "1966-01-26T12:00:00",
        "ssn": "453597463",
        "userOrders": null,
        "isSold": true,
        "id": 86084
    },
    {
        "firstName": "HARVENA",
        "lastName": "ODEN",
        "phone": "5109322330",
        "address": "1811 CHANSLOR AVE",
        "city": "RICH",
        "state": "CA",
        "zip": "94801",
        "email": "MSVENA@SBCGLOBAL.NET",
        "dateOfBirth": "1966-04-26T12:00:00",
        "ssn": "556615818",
        "userOrders": null,
        "isSold": false,
        "id": 86163
    },
    {
        "firstName": "RICHARD",
        "lastName": "COVEY",
        "phone": "8175015768",
        "address": "1311 BROOKMEADOW CT",
        "city": "ARLINGTON",
        "state": "TX",
        "zip": "76018",
        "email": "none@none.com",
        "dateOfBirth": "1966-03-02T12:00:00",
        "ssn": "459475869",
        "userOrders": null,
        "isSold": false,
        "id": 86202
    },
    {
        "firstName": "ELIZABETH",
        "lastName": "MARTINEZ",
        "phone": "8183146557",
        "address": "3512 LAS PALMAS AVE",
        "city": "GLN",
        "state": "CA",
        "zip": "91208",
        "email": "NRSGLIZARD@YAHOO.COM",
        "dateOfBirth": "1966-10-23T12:00:00",
        "ssn": "572534549",
        "userOrders": null,
        "isSold": false,
        "id": 86320
    }
]