[
    {
        "firstName": "JOHN",
        "lastName": "REEVES",
        "phone": "5302105945",
        "address": "3655 SNOWCAP VIEW CIR APT 5",
        "city": "AUB",
        "state": "CA",
        "zip": "95602",
        "email": "JOHNWILLIAMREEVES@GMAIL.COM",
        "dateOfBirth": "1966-06-09T12:00:00",
        "ssn": "443782390",
        "userOrders": null,
        "isSold": false,
        "id": 84489
    },
    {
        "firstName": "MELANIE",
        "lastName": "KUTZ",
        "phone": "4078026073",
        "address": "3746 GATLIN PLACE CIR",
        "city": "ORL",
        "state": "FL",
        "zip": "32812",
        "email": "MELANIE.KUTZ@GMAIL.COM",
        "dateOfBirth": "1966-06-08T12:00:00",
        "ssn": "265453934",
        "userOrders": null,
        "isSold": false,
        "id": 84521
    },
    {
        "firstName": "DAWN",
        "lastName": "OCONNEL",
        "phone": "5863396880",
        "address": "30577 BLUEHILL ST",
        "city": "ROSEVILLE",
        "state": "MI",
        "zip": "48066",
        "email": "KLOSJAY@YAHOO.COM",
        "dateOfBirth": "1966-12-13T12:00:00",
        "ssn": "369781856",
        "userOrders": null,
        "isSold": false,
        "id": 84645
    },
    {
        "firstName": "VENICE",
        "lastName": "BENNETT",
        "phone": "2106483273",
        "address": "4615 IDA SPRING DR",
        "city": "SAN ANTONIO",
        "state": "ANTONIO",
        "zip": "78222",
        "email": "VENICE.BENNETT@ATT.NET",
        "dateOfBirth": "1966-12-06T12:00:00",
        "ssn": "114684343",
        "userOrders": null,
        "isSold": false,
        "id": 84690
    },
    {
        "firstName": "CHRIS",
        "lastName": "HVEZDA",
        "phone": "9198969776",
        "address": "6840 GLOUCESTER RD",
        "city": "RAL",
        "state": "NC",
        "zip": "27612",
        "email": "CHVEZDA13@GMAIL.COM",
        "dateOfBirth": "1966-11-19T12:00:00",
        "ssn": "201564123",
        "userOrders": null,
        "isSold": false,
        "id": 84755
    },
    {
        "firstName": "MARCOS",
        "lastName": "VELASCO",
        "phone": "5107556428",
        "address": "440 STEGE AVE",
        "city": "RICH",
        "state": "CA",
        "zip": "94804",
        "email": "MARCOSPMELECTRICCA@GMAIL.COM",
        "dateOfBirth": "1966-05-16T12:00:00",
        "ssn": "611278690",
        "userOrders": null,
        "isSold": false,
        "id": 84793
    },
    {
        "firstName": "CHARLES",
        "lastName": "NEWBERRY",
        "phone": "8506616149",
        "address": "63 NEWBERRY RD",
        "city": "COLQUITT",
        "state": "FL",
        "zip": "39837",
        "email": "CHARLES@ATT.NET",
        "dateOfBirth": "1966-06-14T12:00:00",
        "ssn": "262816046",
        "userOrders": null,
        "isSold": false,
        "id": 84907
    },
    {
        "firstName": "CAROLINE",
        "lastName": "COWART",
        "phone": "2103555155",
        "address": "3279 S PERKINS RD",
        "city": "SAN ANTONIO",
        "state": "TN",
        "zip": "78232",
        "email": "MICHELLE_B32@YAHOO.COM",
        "dateOfBirth": "1966-11-01T12:00:00",
        "ssn": "467697095",
        "userOrders": null,
        "isSold": false,
        "id": 84939
    },
    {
        "firstName": "TULIN*",
        "lastName": "GARRETT",
        "phone": "3303105146",
        "address": "34188 EUCLID AVE APT F26",
        "city": "WILLOUGHBY",
        "state": "OH",
        "zip": "44094",
        "email": "TULINGARRETT@YAHOO.COM",
        "dateOfBirth": "1966-03-01T12:00:00",
        "ssn": "212376961",
        "userOrders": null,
        "isSold": false,
        "id": 84971
    },
    {
        "firstName": "JORGE",
        "lastName": "MARTINEZ",
        "phone": "3057203807",
        "address": "3 GROVE ISLE DR APT 804",
        "city": "MIA",
        "state": "FL",
        "zip": "33133",
        "email": "JORGE.L.MARTNZ@GMAIL.COM",
        "dateOfBirth": "1966-06-20T12:00:00",
        "ssn": "266859063",
        "userOrders": null,
        "isSold": false,
        "id": 84978
    },
    {
        "firstName": "ATEEQ",
        "lastName": "RAHMAN",
        "phone": "8478823194",
        "address": "8473385562",
        "city": "HOFFMAN ESTAT IL 60169-2859",
        "state": "W",
        "zip": "HOFMN ESTS",
        "email": "60169",
        "dateOfBirth": "1966-01-15T12:00:00",
        "ssn": "673096686",
        "userOrders": null,
        "isSold": false,
        "id": 84998
    },
    {
        "firstName": "TAMMY",
        "lastName": "KREZ",
        "phone": "7655521768",
        "address": "1912 S L ST",
        "city": "ELWOOD",
        "state": "IN",
        "zip": "46036",
        "email": "TAMMILUVZLIFE@YAHOO.COM",
        "dateOfBirth": "1966-10-23T12:00:00",
        "ssn": "315849377",
        "userOrders": null,
        "isSold": false,
        "id": 85092
    },
    {
        "firstName": "DEMETRIUS",
        "lastName": "MANNIE",
        "phone": "7082652011",
        "address": "2018 PARK WEST BLVD APT 2H",
        "city": "GRIFFITH",
        "state": "IN",
        "zip": "46319",
        "email": "DJMRDEAO@GMAIL.COM",
        "dateOfBirth": "1966-02-05T12:00:00",
        "ssn": "344644016",
        "userOrders": null,
        "isSold": false,
        "id": 85127
    },
    {
        "firstName": "KIMBERLY",
        "lastName": "JAMES",
        "phone": "5617581131",
        "address": "9743 SAVANNAH ESTATES DR",
        "city": "BOYN BCH",
        "state": "WORTH",
        "zip": "33435",
        "email": "KIMBERLYJANE13@GMAIL.COM",
        "dateOfBirth": "1966-11-12T12:00:00",
        "ssn": "594124054",
        "userOrders": null,
        "isSold": false,
        "id": 85338
    },
    {
        "firstName": "SHERRY",
        "lastName": "SHEARER",
        "phone": "3309038541",
        "address": "2665 RENNIE CT",
        "city": "NEW FRANKLIN",
        "state": "FRANKLIN",
        "zip": "44203",
        "email": "SHEARERS19@AOL.COM",
        "dateOfBirth": "1966-03-19T12:00:00",
        "ssn": "299580158",
        "userOrders": null,
        "isSold": false,
        "id": 85343
    }
]