[
    {
        "firstName": "DAVID",
        "lastName": "KILEY",
        "phone": "3126073676",
        "address": "5430 147TH ST",
        "city": "MIDLTHN",
        "state": "IL",
        "zip": "60445",
        "email": "KILEYDAVID@ATT.NET",
        "dateOfBirth": "1966-12-04T12:00:00",
        "ssn": "322729141",
        "userOrders": null,
        "isSold": false,
        "id": 24677
    },
    {
        "firstName": "OFELIA",
        "lastName": "MENDEZ",
        "phone": "4087241689",
        "address": "355 FONTANELLE DR",
        "city": "SJ",
        "state": "JOSE",
        "zip": "95111",
        "email": "MENDEZOFELIA@YAHOO.COM",
        "dateOfBirth": "1966-07-24T12:00:00",
        "ssn": "614887984",
        "userOrders": null,
        "isSold": true,
        "id": 24701
    },
    {
        "firstName": "CURTIS",
        "lastName": "HAHKA",
        "phone": "5863823478",
        "address": "9233 LOCUSTWOOD DR",
        "city": "WHTE LK TWP",
        "state": "LAKE",
        "zip": "48386",
        "email": "C93HARLEY@HOTMAIL.COM",
        "dateOfBirth": "1966-01-28T12:00:00",
        "ssn": "370846939",
        "userOrders": null,
        "isSold": false,
        "id": 24711
    },
    {
        "firstName": "GAIL",
        "lastName": "WALKER",
        "phone": "3129571600",
        "address": "1135 S DELANO CT E APT 719",
        "city": "CHGO",
        "state": "IL",
        "zip": "60605",
        "email": "GAIL.WALKER516@ATT.NET",
        "dateOfBirth": "1966-05-16T12:00:00",
        "ssn": "337668379",
        "userOrders": null,
        "isSold": false,
        "id": 24735
    },
    {
        "firstName": "RUBEN",
        "lastName": "DOMENECH",
        "phone": "6263459945",
        "address": "3032 GRANDEUR AVE",
        "city": "ALT",
        "state": "CA",
        "zip": "91001",
        "email": "RUBEND@LINKLINE.COM",
        "dateOfBirth": "1966-09-06T12:00:00",
        "ssn": "570677805",
        "userOrders": null,
        "isSold": false,
        "id": 24802
    },
    {
        "firstName": "JOELLE",
        "lastName": "OWEN.",
        "phone": "7605979518",
        "address": "1988 ACORN RD",
        "city": "SN MARCOS",
        "state": "MARCOS",
        "zip": "92078",
        "email": "JOELLECLEONEF@HOTMAIL.COM",
        "dateOfBirth": "1966-08-05T12:00:00",
        "ssn": "545678320",
        "userOrders": null,
        "isSold": false,
        "id": 24837
    },
    {
        "firstName": "TERI",
        "lastName": "ALLEN",
        "phone": "9492756242",
        "address": "1791 BRIDLE PATH WAY",
        "city": "SA",
        "state": "ANA",
        "zip": "92705",
        "email": "TARI.ALLEN@COX.NET",
        "dateOfBirth": "1966-09-19T12:00:00",
        "ssn": "506044247",
        "userOrders": null,
        "isSold": true,
        "id": 24889
    },
    {
        "firstName": "ERNESTO",
        "lastName": "JUAREZ",
        "phone": "9516408586",
        "address": "6828 ARTHUR CT",
        "city": "FUL",
        "state": "CA",
        "zip": "92831",
        "email": "ERNJUAREZ66@HOTMAIL.COM",
        "dateOfBirth": "1966-02-04T12:00:00",
        "ssn": "548991827",
        "userOrders": null,
        "isSold": false,
        "id": 24913
    },
    {
        "firstName": "JOSEPH",
        "lastName": "GEORGE",
        "phone": "6784281891",
        "address": "3820 N BERKELEY LAKE RD NW",
        "city": "DLTH",
        "state": "LAKE",
        "zip": "30096",
        "email": "GEORGE_JP@BELLSOUTH.NET",
        "dateOfBirth": "1966-10-19T12:00:00",
        "ssn": "279809725",
        "userOrders": null,
        "isSold": false,
        "id": 24938
    },
    {
        "firstName": "ROSELYN",
        "lastName": "BRUDY",
        "phone": "2162919972",
        "address": "1110 AVONDALE RD",
        "city": "SOUTH EUCLID",
        "state": "EUCLID",
        "zip": "44121",
        "email": "ROSELYNBRUDY@ATT.NET",
        "dateOfBirth": "1966-01-18T12:00:00",
        "ssn": "580047406",
        "userOrders": null,
        "isSold": false,
        "id": 24957
    },
    {
        "firstName": "ROSA",
        "lastName": "SANDOVAL",
        "phone": "5095391150",
        "address": "1012 N ROAD 36",
        "city": "PASCO",
        "state": "WA",
        "zip": "99301",
        "email": "RSANDOVAL9393@GMAIL.COM",
        "dateOfBirth": "1966-09-04T12:00:00",
        "ssn": "531829963",
        "userOrders": null,
        "isSold": true,
        "id": 25046
    },
    {
        "firstName": "CAROL",
        "lastName": "PORTILLO",
        "phone": "4806865531",
        "address": "12510 OAK KNOLL RD APT 3A",
        "city": "PWY",
        "state": "CA",
        "zip": "92064",
        "email": "WATERBUG1966@YAHOO.COM",
        "dateOfBirth": "1966-03-09T12:00:00",
        "ssn": "557630502",
        "userOrders": null,
        "isSold": false,
        "id": 25050
    },
    {
        "firstName": "JEFF",
        "lastName": "CAMPAGNA",
        "phone": "9316473179",
        "address": "12 MAGNOLIA SQ",
        "city": "CLARKSVILLE",
        "state": "TN",
        "zip": "37040",
        "email": "JPC6598@BELLSOUTH.NET",
        "dateOfBirth": "1966-07-30T12:00:00",
        "ssn": "417721203",
        "userOrders": null,
        "isSold": false,
        "id": 25074
    },
    {
        "firstName": "JUAN",
        "lastName": "CASTILLO",
        "phone": "8328303229",
        "address": "15915 KUYKENDAHL RD APT 2101",
        "city": "HOUSTON",
        "state": "TX",
        "zip": "77068",
        "email": "unknown",
        "dateOfBirth": "1966-09-09T12:00:00",
        "ssn": "593458849",
        "userOrders": null,
        "isSold": false,
        "id": 25096
    },
    {
        "firstName": "PAUL",
        "lastName": "UNDERBRINK",
        "phone": "5128318712",
        "address": "2120 W 10TH ST",
        "city": "AUSTIN",
        "state": "TX",
        "zip": "78703",
        "email": "PAUL_UNDERBRINK@YAHOO.COM",
        "dateOfBirth": "1966-07-13T12:00:00",
        "ssn": "462332459",
        "userOrders": null,
        "isSold": false,
        "id": 25154
    }
]