[
    {
        "firstName": "PHONG",
        "lastName": "QUACH",
        "phone": "4087109160",
        "address": "4086942784",
        "city": "SAN JOSE CA 95136-2346",
        "state": "SNELL",
        "zip": "SJ",
        "email": "95136",
        "dateOfBirth": "1966-10-19T12:00:00",
        "ssn": "561599660",
        "userOrders": null,
        "isSold": false,
        "id": 57604
    },
    {
        "firstName": "ANGELO",
        "lastName": "S",
        "phone": "2243888901",
        "address": "601 HILLSIDE AVE",
        "city": "ANTIOCH",
        "state": "IL",
        "zip": "60002",
        "email": "ANGELO66@ATT.NET",
        "dateOfBirth": "1966-03-14T12:00:00",
        "ssn": "341683108",
        "userOrders": null,
        "isSold": false,
        "id": 57615
    },
    {
        "firstName": "LARRY",
        "lastName": "SMITH",
        "phone": "5023768157",
        "address": "15710 PINE KNOB LN",
        "city": "LOUISVILLE",
        "state": "KY",
        "zip": "40272",
        "email": "SMITH1323@BELLSOUTH.NET",
        "dateOfBirth": "1966-10-31T12:00:00",
        "ssn": "405191729",
        "userOrders": null,
        "isSold": false,
        "id": 57618
    },
    {
        "firstName": "FELIPE",
        "lastName": "BALTAZAR",
        "phone": "2815758301",
        "address": "11630 EVESBOROUGH DR",
        "city": "HOUSTON",
        "state": "TX",
        "zip": "77099",
        "email": "FABG1966@ATT.NET",
        "dateOfBirth": "1966-08-17T12:00:00",
        "ssn": "465838634",
        "userOrders": null,
        "isSold": false,
        "id": 57833
    },
    {
        "firstName": "GINGER",
        "lastName": "BARNES",
        "phone": "8438718560",
        "address": "33 STILL WATER LN",
        "city": "FLETCHER",
        "state": "NC",
        "zip": "28732",
        "email": "GINGJW81@CHARTER.NET",
        "dateOfBirth": "1966-03-31T12:00:00",
        "ssn": "241395352",
        "userOrders": null,
        "isSold": false,
        "id": 57878
    },
    {
        "firstName": "MICHAEL",
        "lastName": "KALAGAYAN",
        "phone": "6504383123",
        "address": "708 SYCAMORE AVE",
        "city": "SB",
        "state": "BRUNO",
        "zip": "94066",
        "email": "CATKALAGAYAN@HOTMAIL.COM",
        "dateOfBirth": "1966-08-26T12:00:00",
        "ssn": "576907055",
        "userOrders": null,
        "isSold": false,
        "id": 57881
    },
    {
        "firstName": "SARAH.",
        "lastName": "DEWEY.",
        "phone": "9496373747",
        "address": "1704 PARADISE LAKE DR",
        "city": "GNVL",
        "state": "PLEASANT",
        "zip": "29615",
        "email": "SARAHJDEWEY@YAHOO.COM",
        "dateOfBirth": "1966-12-15T12:00:00",
        "ssn": "236822399",
        "userOrders": null,
        "isSold": false,
        "id": 57920
    },
    {
        "firstName": "BRIDGETTE",
        "lastName": "OLHA",
        "phone": "8157154679",
        "address": "1620 HEIDEN AVE",
        "city": "CREST HIL",
        "state": "HILL",
        "zip": "60403",
        "email": "BRIDGETTEOLHA66@GMAIL.COM",
        "dateOfBirth": "1966-08-03T12:00:00",
        "ssn": "351521120",
        "userOrders": null,
        "isSold": true,
        "id": 58025
    },
    {
        "firstName": "MARK",
        "lastName": "FEIGERT",
        "phone": "3144039602",
        "address": "4652 VARRELMANN AVE",
        "city": "ST LOUIS",
        "state": "LOUIS",
        "zip": "63116",
        "email": "MFEIGERT1@ATT.NET",
        "dateOfBirth": "1966-05-01T12:00:00",
        "ssn": "489840325",
        "userOrders": null,
        "isSold": false,
        "id": 58058
    },
    {
        "firstName": "PATRICIA",
        "lastName": "EDWARDS",
        "phone": "9542602038",
        "address": "1369 SEAVIEW",
        "city": "N LDLE",
        "state": "LAUDERDALE",
        "zip": "33068",
        "email": "PAT_ED40@YAHOO.COM",
        "dateOfBirth": "1966-09-19T12:00:00",
        "ssn": "557654275",
        "userOrders": null,
        "isSold": false,
        "id": 58074
    },
    {
        "firstName": "SHERYL",
        "lastName": "BURCH",
        "phone": "4072755455",
        "address": "14326 DESILU DR",
        "city": "ORL",
        "state": "FL",
        "zip": "32832",
        "email": "TUPPYSMOM@BELLSOUTH.NET",
        "dateOfBirth": "1966-12-29T12:00:00",
        "ssn": "262478941",
        "userOrders": null,
        "isSold": false,
        "id": 58096
    },
    {
        "firstName": "SHERRY",
        "lastName": "TAYLOR",
        "phone": "5139103150",
        "address": "265 SACKETT DR",
        "city": "MONROE",
        "state": "OH",
        "zip": "45050",
        "email": "OCEANINA3@YAHOO.COM",
        "dateOfBirth": "1966-10-31T12:00:00",
        "ssn": "280789836",
        "userOrders": null,
        "isSold": false,
        "id": 58114
    },
    {
        "firstName": "JACQUELINE",
        "lastName": "KNIGHT",
        "phone": "9316454532",
        "address": "1038 ROEDEER DR",
        "city": "CLARKSVILLE",
        "state": "TN",
        "zip": "37042",
        "email": "JACQUELINE.KNIGHT@US.ARMY.MIL",
        "dateOfBirth": "1966-08-31T12:00:00",
        "ssn": "414172914",
        "userOrders": null,
        "isSold": false,
        "id": 58136
    },
    {
        "firstName": "JANICE",
        "lastName": "SWANSON",
        "phone": "3215369390",
        "address": "1111110002",
        "city": "TITUSVILLE FL 32780-7401",
        "state": "CANAL",
        "zip": "TSVL",
        "email": "32780",
        "dateOfBirth": "1966-09-02T12:00:00",
        "ssn": "263971927",
        "userOrders": null,
        "isSold": false,
        "id": 58153
    },
    {
        "firstName": "DOROTHY",
        "lastName": "MOORE",
        "phone": "9092401424",
        "address": "2633 HIGH ST SW",
        "city": "MOBILE",
        "state": "GA",
        "zip": "36695",
        "email": "JMOORE@AOL.COM",
        "dateOfBirth": "1966-09-11T12:00:00",
        "ssn": "557619803",
        "userOrders": null,
        "isSold": false,
        "id": 58195
    }
]