[
    {
        "firstName": "DOUG",
        "lastName": "STOLZ",
        "phone": "8162869641",
        "address": "1533 HONEYSUCKLE DR",
        "city": "LIBERTY",
        "state": "MO",
        "zip": "64068",
        "email": "DUG497@YAHOO.COM",
        "dateOfBirth": "1966-07-02T12:00:00",
        "ssn": "497824911",
        "userOrders": null,
        "isSold": false,
        "id": 28214
    },
    {
        "firstName": "TONY",
        "lastName": "TA",
        "phone": "9253543686",
        "address": "1920 CINNAMON RIDGE DR",
        "city": "OKLY",
        "state": "CA",
        "zip": "94561",
        "email": "TONY2TA2004@YAHOO.COM",
        "dateOfBirth": "1966-07-10T12:00:00",
        "ssn": "566591539",
        "userOrders": null,
        "isSold": false,
        "id": 28236
    },
    {
        "firstName": "VINCENT",
        "lastName": "HILL",
        "phone": "5613296368",
        "address": "120 SW 14TH AVE",
        "city": "BOYN BCH",
        "state": "BEACH",
        "zip": "33435",
        "email": "LOMBARDI1103@YAHOO.COM",
        "dateOfBirth": "1966-11-02T12:00:00",
        "ssn": "265817309",
        "userOrders": null,
        "isSold": false,
        "id": 28455
    },
    {
        "firstName": "LISA",
        "lastName": "VAUGHN",
        "phone": "3143636081",
        "address": "UNIT 311",
        "city": "CREVE COEUR",
        "state": "E",
        "zip": "63141",
        "email": "LISAVAUGHN66@AOL.COM",
        "dateOfBirth": "1966-02-06T12:00:00",
        "ssn": "491863192",
        "userOrders": null,
        "isSold": false,
        "id": 28495
    },
    {
        "firstName": "EVONNE",
        "lastName": "LIVINGSTON",
        "phone": "5175122177",
        "address": "475 N WATER ST",
        "city": "POTTERVILLE",
        "state": "MI",
        "zip": "48876",
        "email": "EVONNELIVINGSTON@YAHOO.COM",
        "dateOfBirth": "1966-06-20T12:00:00",
        "ssn": "383808985",
        "userOrders": null,
        "isSold": false,
        "id": 28507
    },
    {
        "firstName": "CRYSTAL",
        "lastName": "BALDWIN",
        "phone": "3038421839",
        "address": "APT 1109",
        "city": "AUSTIN",
        "state": "MONTEREY",
        "zip": "78749",
        "email": "CRYSTAL.BALDWIN97@YAHOO.COM",
        "dateOfBirth": "1966-07-15T12:00:00",
        "ssn": "486726772",
        "userOrders": null,
        "isSold": false,
        "id": 28531
    },
    {
        "firstName": "FRANCISCO",
        "lastName": "LARA",
        "phone": "4048244194",
        "address": "2697 FOXGLOVE DR SW",
        "city": "MRETA",
        "state": "GA",
        "zip": "30064",
        "email": "LARAFRANCISCO32@YAHOO.COM",
        "dateOfBirth": "1966-09-10T12:00:00",
        "ssn": "253751384",
        "userOrders": null,
        "isSold": false,
        "id": 28766
    },
    {
        "firstName": "PAUL",
        "lastName": "THOL",
        "phone": "8178100832",
        "address": "933 E MAGNOLIA AVE",
        "city": "FORT WORTH",
        "state": "WORTH",
        "zip": "76104",
        "email": "PAULT33@ATT.NET",
        "dateOfBirth": "1966-07-15T12:00:00",
        "ssn": "671057709",
        "userOrders": null,
        "isSold": false,
        "id": 28769
    },
    {
        "firstName": "SERGE",
        "lastName": "MASOSO",
        "phone": "7047265800",
        "address": "5022 OAK PASTURE LN",
        "city": "CHAR",
        "state": "NC",
        "zip": "28215",
        "email": "SERGEMASOSO@GMAIL.COM",
        "dateOfBirth": "1966-05-20T12:00:00",
        "ssn": "210809792",
        "userOrders": null,
        "isSold": false,
        "id": 28799
    },
    {
        "firstName": "JESSICA/DIRK",
        "lastName": "CRAIG",
        "phone": "8315835694",
        "address": "PO BOX 1632",
        "city": "SE",
        "state": "CA",
        "zip": "93955",
        "email": "JCRAIGMD2016@GMAIL.COM",
        "dateOfBirth": "1966-07-17T12:00:00",
        "ssn": "586262432",
        "userOrders": null,
        "isSold": false,
        "id": 28801
    },
    {
        "firstName": "TRAYCE",
        "lastName": "CARROLL",
        "phone": "4056304648",
        "address": "800 BRANCHWOOD DR",
        "city": "NORMAN",
        "state": "OK",
        "zip": "73072",
        "email": "MARKCARROLL@GMAIL.COM",
        "dateOfBirth": "1966-10-18T12:00:00",
        "ssn": "442804288",
        "userOrders": null,
        "isSold": false,
        "id": 28867
    },
    {
        "firstName": "MARIA",
        "lastName": "CAMPOS",
        "phone": "4422240168",
        "address": "910 BROOKTREE LN APT 99",
        "city": "VST",
        "state": "CA",
        "zip": "92081",
        "email": "JUANCR760@GMAIL.COM",
        "dateOfBirth": "1966-02-14T12:00:00",
        "ssn": "613187014",
        "userOrders": null,
        "isSold": false,
        "id": 28868
    },
    {
        "firstName": "PATRICIA",
        "lastName": "RODRIGUEZ",
        "phone": "2817319190",
        "address": "12418 WARRENWOOD DR",
        "city": "HOUSTON",
        "state": "TX",
        "zip": "77066",
        "email": "PATRICIA0625@ATT.NET",
        "dateOfBirth": "1966-02-06T12:00:00",
        "ssn": "635023979",
        "userOrders": null,
        "isSold": false,
        "id": 28904
    },
    {
        "firstName": "BEVERA",
        "lastName": "HAMMOND",
        "phone": "3237593756",
        "address": "7233 9TH AVE",
        "city": "LA",
        "state": "ANGELES",
        "zip": "90043",
        "email": "GRANSHOMEADECAKES@ATT.NET",
        "dateOfBirth": "1966-04-21T12:00:00",
        "ssn": "563410336",
        "userOrders": null,
        "isSold": false,
        "id": 29041
    },
    {
        "firstName": "SALVADOR",
        "lastName": "BRAVO",
        "phone": "5599341518",
        "address": "140 MONROE ST",
        "city": "CLNGA",
        "state": "CA",
        "zip": "93210",
        "email": "BRAVO2426@ATT.NET",
        "dateOfBirth": "1966-12-24T12:00:00",
        "ssn": "615129866",
        "userOrders": null,
        "isSold": false,
        "id": 29043
    }
]