[
    {
        "firstName": "DIANA",
        "lastName": "O",
        "phone": "7602358967",
        "address": "190 N LAS FLORES DR APT 19",
        "city": "BRLY",
        "state": "CA",
        "zip": "92227",
        "email": "DIANAKING1966@LIVE.COM",
        "dateOfBirth": "1966-10-20T12:00:00",
        "ssn": "564235716",
        "userOrders": null,
        "isSold": false,
        "id": 35643
    },
    {
        "firstName": "DAVID",
        "lastName": "FEINBERG",
        "phone": "3122091958",
        "address": "STE 3",
        "city": "CHGO",
        "state": "W",
        "zip": "60607",
        "email": "DAVID@JAXMEDICAL.NET",
        "dateOfBirth": "1966-06-08T12:00:00",
        "ssn": "358703989",
        "userOrders": null,
        "isSold": false,
        "id": 35673
    },
    {
        "firstName": "CAROLYN",
        "lastName": "EVANS-DURBIN",
        "phone": "9168046839",
        "address": "79 SAGINAW CIR",
        "city": "SAC",
        "state": "CA",
        "zip": "95834",
        "email": "CVJED@YAHOO.COM",
        "dateOfBirth": "1966-08-29T12:00:00",
        "ssn": "573650793",
        "userOrders": null,
        "isSold": false,
        "id": 35750
    },
    {
        "firstName": "KHALED",
        "lastName": "TAWANSY",
        "phone": "3236707789",
        "address": "2810 1/2 E 6TH ST",
        "city": "LA",
        "state": "ANGELES",
        "zip": "90023",
        "email": "NELAS.WICKEDNESS57@GMAIL.COM",
        "dateOfBirth": "1966-01-19T12:00:00",
        "ssn": "384904000",
        "userOrders": null,
        "isSold": false,
        "id": 35804
    },
    {
        "firstName": "KATERINA",
        "lastName": "ZERVAS",
        "phone": "9167193385",
        "address": "4951 TROUVILLE LN",
        "city": "SAC",
        "state": "CA",
        "zip": "95835",
        "email": "KATERINAZERVAS@YAHOO.COM",
        "dateOfBirth": "1966-10-10T12:00:00",
        "ssn": "554657455",
        "userOrders": null,
        "isSold": false,
        "id": 35837
    },
    {
        "firstName": "SEBASTIAN",
        "lastName": "SARATE",
        "phone": "5127835490",
        "address": "701 CENTER RIDGE DR APT 926",
        "city": "AUSTIN",
        "state": "TX",
        "zip": "78753",
        "email": "SEBASTIANSARATE4@GMAIL.COM",
        "dateOfBirth": "1966-01-28T12:00:00",
        "ssn": "466156085",
        "userOrders": null,
        "isSold": false,
        "id": 35978
    },
    {
        "firstName": "SHARRI",
        "lastName": "REID",
        "phone": "9013381592",
        "address": "8283 SAN AUGUSTINE LN",
        "city": "GERMANTOWN",
        "state": "TN",
        "zip": "38138",
        "email": "SREID@GERMANTOWN-TN.GOV",
        "dateOfBirth": "1966-03-31T12:00:00",
        "ssn": "264231434",
        "userOrders": null,
        "isSold": false,
        "id": 35996
    },
    {
        "firstName": "ALFONSO",
        "lastName": "RINCON",
        "phone": "3056707987",
        "address": "7725 N KENDALL DR APT A-327",
        "city": "MIA",
        "state": "FL",
        "zip": "33156",
        "email": "RACHANEET@HOTMAIL.COM",
        "dateOfBirth": "1966-08-17T12:00:00",
        "ssn": "768103095",
        "userOrders": null,
        "isSold": false,
        "id": 36027
    },
    {
        "firstName": "DAVID",
        "lastName": "ESPINOSA",
        "phone": "9517888488",
        "address": "2315 N FREDERIC ST APT H",
        "city": "BRB",
        "state": "CA",
        "zip": "91504",
        "email": "DAESLA66@ATT.NET",
        "dateOfBirth": "1966-05-12T12:00:00",
        "ssn": "612187165",
        "userOrders": null,
        "isSold": false,
        "id": 36029
    },
    {
        "firstName": "LINDA",
        "lastName": "JAYAWEERA",
        "phone": "5026493464",
        "address": "9811 REYNOLDA RD",
        "city": "LOUISVILLE",
        "state": "KY",
        "zip": "40223",
        "email": "LINJAYAWEERA@GMAIL.COM",
        "dateOfBirth": "1966-12-23T12:00:00",
        "ssn": "298525136",
        "userOrders": null,
        "isSold": false,
        "id": 36031
    },
    {
        "firstName": "ISABEL",
        "lastName": "ALCONTRA",
        "phone": "7852673824",
        "address": "3569 SW KIRKLAWN AVE",
        "city": "TOPEKA",
        "state": "KS",
        "zip": "66611",
        "email": "CORRELLA_EDUARDO@SBCGLOBAL.NET",
        "dateOfBirth": "1966-01-20T12:00:00",
        "ssn": "509111681",
        "userOrders": null,
        "isSold": true,
        "id": 36099
    },
    {
        "firstName": "REGINALD",
        "lastName": "MURDOCK",
        "phone": "5017499600",
        "address": "5400 CHENONCEAU BLVD APT 316",
        "city": "NLR",
        "state": "ROCK",
        "zip": "72114",
        "email": "AMURDOCK0520@ATT.NET",
        "dateOfBirth": "1966-04-19T12:00:00",
        "ssn": "305780856",
        "userOrders": null,
        "isSold": true,
        "id": 36125
    },
    {
        "firstName": "ETHELINE",
        "lastName": "FINCHER",
        "phone": "2512954354",
        "address": "4358 BIRCHWOOD DR E",
        "city": "MOBILE",
        "state": "AL",
        "zip": "36693",
        "email": "ETHELINE_FINCHER@YAHOO.COM",
        "dateOfBirth": "1966-10-14T12:00:00",
        "ssn": "562458056",
        "userOrders": null,
        "isSold": false,
        "id": 36147
    },
    {
        "firstName": "DORA",
        "lastName": "ARROYO",
        "phone": "3128500955",
        "address": "1622 S THROOP ST FL 1",
        "city": "CHGO",
        "state": "IL",
        "zip": "60608",
        "email": "DORA@ACWPROPERTIES.COM",
        "dateOfBirth": "1966-05-10T12:00:00",
        "ssn": "342687187",
        "userOrders": null,
        "isSold": false,
        "id": 36184
    },
    {
        "firstName": "PAMELA",
        "lastName": "CRISSMAN",
        "phone": "5034709783",
        "address": "874 S 46TH ST",
        "city": "RICH",
        "state": "CA",
        "zip": "94804",
        "email": "PAMELACRISSMAN01@GMAIL.COM",
        "dateOfBirth": "1966-05-12T12:00:00",
        "ssn": "231062232",
        "userOrders": null,
        "isSold": false,
        "id": 36351
    }
]