[
    {
        "firstName": "MARTHA",
        "lastName": "TORRES",
        "phone": "9513330208",
        "address": "8997 KENNEDY ST",
        "city": "JURUPA VLY",
        "state": "CA",
        "zip": "92509",
        "email": "PATTYGONZALEZ90@YAHOO.COM",
        "dateOfBirth": "1966-06-11T12:00:00",
        "ssn": "621141449",
        "userOrders": null,
        "isSold": false,
        "id": 55582
    },
    {
        "firstName": "KARLA",
        "lastName": "OKAIYE",
        "phone": "3138157331",
        "address": "4878 ASHLEY LN",
        "city": "WATERFORD TWP",
        "state": "MI",
        "zip": "48329",
        "email": "KARLAOKAIYE@SBCGLOBAL.NET",
        "dateOfBirth": "1966-01-31T12:00:00",
        "ssn": "379885041",
        "userOrders": null,
        "isSold": false,
        "id": 55692
    },
    {
        "firstName": "MICHAEL",
        "lastName": "CADILI",
        "phone": "5864539371",
        "address": "56163 BELLFORD",
        "city": "SHELBY TWP",
        "state": "TWP",
        "zip": "48316",
        "email": "MICHAELCADILI@ATT.NET",
        "dateOfBirth": "1966-01-13T12:00:00",
        "ssn": "380840652",
        "userOrders": null,
        "isSold": false,
        "id": 55697
    },
    {
        "firstName": "ANTHONY",
        "lastName": "STINGLEY",
        "phone": "5109679445",
        "address": "APT 309",
        "city": "OAK",
        "state": "JACKSON",
        "zip": "94612",
        "email": "ANTHONYSTINGLEY@GMAIL.COM",
        "dateOfBirth": "1966-08-29T12:00:00",
        "ssn": "545135859",
        "userOrders": null,
        "isSold": false,
        "id": 55710
    },
    {
        "firstName": "GEORGIANNA",
        "lastName": "KINSON",
        "phone": "2108473474",
        "address": "22202 ESTATE HILL DR APT 1020",
        "city": "SAN ANTONIO",
        "state": "ANTONIO",
        "zip": "78258",
        "email": "GEORGIANNAKINSON@ATT.NET",
        "dateOfBirth": "1966-08-07T12:00:00",
        "ssn": "435158329",
        "userOrders": null,
        "isSold": false,
        "id": 55990
    },
    {
        "firstName": "SONIA",
        "lastName": "GONZALEZ.",
        "phone": "7737382870",
        "address": "6634 S KENNETH AVE",
        "city": "CHGO",
        "state": "IL",
        "zip": "60629",
        "email": "SONIAGONZALEZ6634@SBCGLOBAL.NET",
        "dateOfBirth": "1966-09-02T12:00:00",
        "ssn": "350701350",
        "userOrders": null,
        "isSold": false,
        "id": 56017
    },
    {
        "firstName": "MICHAEL",
        "lastName": "BARNES",
        "phone": "6019160711",
        "address": "520 E FOURTH AVE",
        "city": "PICAYUNE",
        "state": "MS",
        "zip": "39466",
        "email": "DKAYE299@BELLSOUTH.NET",
        "dateOfBirth": "1966-04-01T12:00:00",
        "ssn": "587392363",
        "userOrders": null,
        "isSold": false,
        "id": 56145
    },
    {
        "firstName": "DEXTER",
        "lastName": "HALL",
        "phone": "7072356526",
        "address": "PO BOX 154514",
        "city": "VJO",
        "state": "TX",
        "zip": "94590",
        "email": "BANKERDEX@ICLOUD.COM",
        "dateOfBirth": "1966-12-10T12:00:00",
        "ssn": "451192620",
        "userOrders": null,
        "isSold": false,
        "id": 56358
    },
    {
        "firstName": "SARAH",
        "lastName": "SIX",
        "phone": "2092235255",
        "address": "2551 COTTAGE POINTE DR",
        "city": "IONE",
        "state": "CA",
        "zip": "95640",
        "email": "COURTNEY3223@ATT.NET",
        "dateOfBirth": "1966-11-01T12:00:00",
        "ssn": "567374790",
        "userOrders": null,
        "isSold": false,
        "id": 56371
    },
    {
        "firstName": "CHARLIE",
        "lastName": "S",
        "phone": "5042154492",
        "address": "278 W SHANNON LN",
        "city": "HARAHAN",
        "state": "LA",
        "zip": "70123",
        "email": "NICKDIMAGGIO@ROCKETMAIL.COM",
        "dateOfBirth": "1966-04-02T12:00:00",
        "ssn": "438436094",
        "userOrders": null,
        "isSold": false,
        "id": 56426
    },
    {
        "firstName": "CRUZ",
        "lastName": "LEAL",
        "phone": "6305892664",
        "address": "1764 HOWE LN",
        "city": "HANOVR PK",
        "state": "PARK",
        "zip": "60133",
        "email": "DARZALEAL@GMAIL.COM",
        "dateOfBirth": "1966-06-12T12:00:00",
        "ssn": "356644978",
        "userOrders": null,
        "isSold": false,
        "id": 56430
    },
    {
        "firstName": "JAMES",
        "lastName": "BOGUCKI",
        "phone": "2817941769",
        "address": "21814 RIDGEWOOD DR",
        "city": "SPRING",
        "state": "TX",
        "zip": "77388",
        "email": "BOGUCKI.JAMES@GMAIL.COM",
        "dateOfBirth": "1966-11-22T12:00:00",
        "ssn": "295700823",
        "userOrders": null,
        "isSold": false,
        "id": 56482
    },
    {
        "firstName": "ANDRE",
        "lastName": "DOVENDUD",
        "phone": "4142432356",
        "address": "933 E WABASH PL",
        "city": "MILWAUKEE",
        "state": "WI",
        "zip": "53204",
        "email": "APOV16@YAHOO.COM",
        "dateOfBirth": "1966-04-15T12:00:00",
        "ssn": "393841791",
        "userOrders": null,
        "isSold": false,
        "id": 56522
    },
    {
        "firstName": "ANGEL",
        "lastName": "KNIGHT",
        "phone": "8652221211",
        "address": "9942 THUNDERBOLT WAY",
        "city": "KNOXVILLE",
        "state": "TN",
        "zip": "37923",
        "email": "ANGELSHULTZISWELL@GMAIL.COM",
        "dateOfBirth": "1966-11-16T12:00:00",
        "ssn": "410396944",
        "userOrders": null,
        "isSold": false,
        "id": 56550
    },
    {
        "firstName": "JOY",
        "lastName": "BETTEN",
        "phone": "6164374458",
        "address": "5822 CHAROLAIS DR SW",
        "city": "WYOMING",
        "state": "MI",
        "zip": "49418",
        "email": "JOYB084@GMAIL.COM",
        "dateOfBirth": "1966-12-21T12:00:00",
        "ssn": "368927653",
        "userOrders": null,
        "isSold": false,
        "id": 56631
    }
]