[
    {
        "firstName": "MARYELLEN",
        "lastName": "WHELCHEL",
        "phone": "4046063810",
        "address": "217 HORSESHOE BEND RD",
        "city": "BROOKHAVEN",
        "state": "SC",
        "zip": "30319",
        "email": "MAREWHELCHEL@HOTMAIL.COM",
        "dateOfBirth": "1966-07-12T12:00:00",
        "ssn": "249539897",
        "userOrders": null,
        "isSold": true,
        "id": 78716
    },
    {
        "firstName": "EDWARD",
        "lastName": "BOLDING",
        "phone": "2566773601",
        "address": "2567444317",
        "city": "ALBERTVILLE AL 35950-0218",
        "state": "US",
        "zip": "ALBERTVILLE",
        "email": "35950",
        "dateOfBirth": "1966-12-30T12:00:00",
        "ssn": "420866862",
        "userOrders": null,
        "isSold": false,
        "id": 78858
    },
    {
        "firstName": "ANTHONY",
        "lastName": "BUFORD",
        "phone": "6012189345",
        "address": "1811 MILITARY AVE",
        "city": "VICKSBURG",
        "state": "MS",
        "zip": "39180",
        "email": "LADYP44@YAHOO.COM",
        "dateOfBirth": "1966-07-28T12:00:00",
        "ssn": "352609338",
        "userOrders": null,
        "isSold": false,
        "id": 78861
    },
    {
        "firstName": "LISANDRO",
        "lastName": "OTERO",
        "phone": "7863674219",
        "address": "2645 SW 78TH CT",
        "city": "MIA",
        "state": "FL",
        "zip": "33155",
        "email": "LILCORP_MIAMI@HOTMAIL.COM",
        "dateOfBirth": "1966-08-20T12:00:00",
        "ssn": "768846828",
        "userOrders": null,
        "isSold": false,
        "id": 78919
    },
    {
        "firstName": "BARTON",
        "lastName": "PITTMAN",
        "phone": "3256685786",
        "address": "PO BOX 2855 507 PO",
        "city": "EASTLAND",
        "state": "TX",
        "zip": "76448",
        "email": "BARTONP7576@HOTMAIL.COM",
        "dateOfBirth": "1966-02-20T12:00:00",
        "ssn": "449534769",
        "userOrders": null,
        "isSold": false,
        "id": 78928
    },
    {
        "firstName": "FANNY",
        "lastName": "PADRON",
        "phone": "6784272500",
        "address": "2233 PEACHTREE RD NE UNIT 403",
        "city": "ATL",
        "state": "GA",
        "zip": "30309",
        "email": "NEREYDA.PADRON@GMAIL.COM",
        "dateOfBirth": "1966-09-07T12:00:00",
        "ssn": "589559133",
        "userOrders": null,
        "isSold": false,
        "id": 78941
    },
    {
        "firstName": "AMY",
        "lastName": "BATES",
        "phone": "7046225003",
        "address": "1426 MEADOW CREEK CHURCH RD",
        "city": "LOC",
        "state": "NC",
        "zip": "28097",
        "email": "ABBIV4@YAHOO.COM",
        "dateOfBirth": "1966-11-04T12:00:00",
        "ssn": "242885497",
        "userOrders": null,
        "isSold": false,
        "id": 78998
    },
    {
        "firstName": "JOSEPH",
        "lastName": "HAY",
        "phone": "3179566955",
        "address": "8874 WHITE FIR DR",
        "city": "INDIANAPOLIS",
        "state": "IN",
        "zip": "46256",
        "email": "JHAY2112@GMAIL.COM",
        "dateOfBirth": "1966-04-05T12:00:00",
        "ssn": "303880124",
        "userOrders": null,
        "isSold": false,
        "id": 79011
    },
    {
        "firstName": "PUYONG",
        "lastName": "BURKE",
        "phone": "4233854009",
        "address": "506 HICKORY DR",
        "city": "LONG BEACH",
        "state": "BEACH",
        "zip": "39560",
        "email": "BURKEPY@YAHOO.COM",
        "dateOfBirth": "1966-03-23T12:00:00",
        "ssn": "645667400",
        "userOrders": null,
        "isSold": false,
        "id": 79031
    },
    {
        "firstName": "DIANA",
        "lastName": "ZAVALA",
        "phone": "5129871305",
        "address": "109 SILVER OAK DR",
        "city": "ROUND ROCK",
        "state": "ROCK",
        "zip": "78664",
        "email": "DLZ2015@YAHOO.COM",
        "dateOfBirth": "1966-02-13T12:00:00",
        "ssn": "464294402",
        "userOrders": null,
        "isSold": true,
        "id": 79201
    },
    {
        "firstName": "MONTE",
        "lastName": "HARRISON",
        "phone": "9132074069",
        "address": "901 W SHERIDAN ST",
        "city": "OLATHE",
        "state": "KS",
        "zip": "66061",
        "email": "DWG69MN@AOL.COM",
        "dateOfBirth": "1966-09-08T12:00:00",
        "ssn": "511782744",
        "userOrders": null,
        "isSold": false,
        "id": 79253
    },
    {
        "firstName": "SHAWN",
        "lastName": "S",
        "phone": "8327258668",
        "address": "7603 HOLLOW GLEN LN",
        "city": "HOUSTON",
        "state": "TX",
        "zip": "77072",
        "email": "TAXSMITH4@GMAIL.COM",
        "dateOfBirth": "1966-09-23T12:00:00",
        "ssn": "126524568",
        "userOrders": null,
        "isSold": false,
        "id": 79254
    },
    {
        "firstName": "CYNTHIA",
        "lastName": "URISTA",
        "phone": "2812166208",
        "address": "30107 BASHAW DR",
        "city": "HOUSTON",
        "state": "TX",
        "zip": "77043",
        "email": "CURISTA@ALDINEISD.ORG",
        "dateOfBirth": "1966-08-16T12:00:00",
        "ssn": "463497787",
        "userOrders": null,
        "isSold": false,
        "id": 79284
    },
    {
        "firstName": "FRANCISCO",
        "lastName": "ESPARZA",
        "phone": "3237576805",
        "address": "323 E 107TH ST",
        "city": "LA",
        "state": "ANGELES",
        "zip": "90003",
        "email": "FRANCISCOESPARZA.66@YAHO.COM",
        "dateOfBirth": "1966-05-07T12:00:00",
        "ssn": "604026803",
        "userOrders": null,
        "isSold": false,
        "id": 79305
    },
    {
        "firstName": "JEAN",
        "lastName": "JOSEPH",
        "phone": "5617046637",
        "address": "5205 CEDAR LAKE RD APT 212",
        "city": "BOYN BCH",
        "state": "BEACH",
        "zip": "33437",
        "email": "JEAN.JOSEPH123@ATT.NET",
        "dateOfBirth": "1966-10-15T12:00:00",
        "ssn": "591839477",
        "userOrders": null,
        "isSold": false,
        "id": 79311
    }
]