[
    {
        "firstName": "ALBERTO",
        "lastName": "BENAVIDES",
        "phone": "5108277694",
        "address": "4555 BANCROFT AVE APT 5",
        "city": "OAK",
        "state": "CA",
        "zip": "94601",
        "email": "06HANDY@YAHOO.COM",
        "dateOfBirth": "1966-12-06T12:00:00",
        "ssn": "562995703",
        "userOrders": null,
        "isSold": false,
        "id": 83580
    },
    {
        "firstName": "JEAN",
        "lastName": "BERGNER",
        "phone": "9203091104",
        "address": "1470 SILVERSTONE TRL APT 10",
        "city": "DE PERE",
        "state": "PERE",
        "zip": "54115",
        "email": "JEANBERGNER9@GMAIL.COM",
        "dateOfBirth": "1966-10-05T12:00:00",
        "ssn": "389762584",
        "userOrders": null,
        "isSold": false,
        "id": 83585
    },
    {
        "firstName": "HOA",
        "lastName": "THI",
        "phone": "4088335756",
        "address": "51 ROUNDTABLE DR APT 5",
        "city": "SJ",
        "state": "JOSE",
        "zip": "95111",
        "email": "NHATANHNGUYEN88@GMAIL.COM",
        "dateOfBirth": "1966-08-16T12:00:00",
        "ssn": "617523519",
        "userOrders": null,
        "isSold": false,
        "id": 83854
    },
    {
        "firstName": "TIMOTHY",
        "lastName": "SKILLINGSTAD",
        "phone": "7703158752",
        "address": "2712 W FONTAINEBLEAU DR",
        "city": "DUN",
        "state": "GA",
        "zip": "30360",
        "email": "TNTSKILL@ATT.NET",
        "dateOfBirth": "1966-03-15T12:00:00",
        "ssn": "473964238",
        "userOrders": null,
        "isSold": false,
        "id": 83898
    },
    {
        "firstName": "SHAWN",
        "lastName": "LAMOUREUX",
        "phone": "9543258581",
        "address": "7140 PIONEER LAKES CIR",
        "city": "CRL SPRNGS",
        "state": "PALM",
        "zip": "33071",
        "email": "SHAWN@DIVERSIFIEDENERGYINC.COM",
        "dateOfBirth": "1966-04-18T12:00:00",
        "ssn": "261951699",
        "userOrders": null,
        "isSold": false,
        "id": 83954
    },
    {
        "firstName": "ROBIN",
        "lastName": "MARTINELLI",
        "phone": "6507660979",
        "address": "1600 VISTA DEL SOL",
        "city": "S MTO",
        "state": "MATEO",
        "zip": "94404",
        "email": "ROBINELLI.RECRUITER@GMAIL.COM",
        "dateOfBirth": "1966-04-08T12:00:00",
        "ssn": "568679241",
        "userOrders": null,
        "isSold": false,
        "id": 83982
    },
    {
        "firstName": "ROSE",
        "lastName": "ADAMS",
        "phone": "3129452687",
        "address": "8733 S ESCANABA AVE FL 2",
        "city": "CHGO",
        "state": "IL",
        "zip": "60617",
        "email": "ETHELBROW@GMAIL.COM",
        "dateOfBirth": "1966-10-23T12:00:00",
        "ssn": "331624377",
        "userOrders": null,
        "isSold": false,
        "id": 83988
    },
    {
        "firstName": "MARCO",
        "lastName": "RAMIREZ",
        "phone": "9562437057",
        "address": "15 ORIENTE DR",
        "city": "BROWNSVILLE",
        "state": "TX",
        "zip": "78526",
        "email": "MAYKA_RRAGS@HOTMAIL.COM",
        "dateOfBirth": "1966-06-26T12:00:00",
        "ssn": "627246771",
        "userOrders": null,
        "isSold": false,
        "id": 84036
    },
    {
        "firstName": "NORMA",
        "lastName": "DIAZ",
        "phone": "9096443308",
        "address": "8828 LYDIA CT",
        "city": "FON",
        "state": "CA",
        "zip": "92335",
        "email": "KAREN.DIAZ89@YAHOO.COM",
        "dateOfBirth": "1966-11-22T12:00:00",
        "ssn": "620823175",
        "userOrders": null,
        "isSold": false,
        "id": 84045
    },
    {
        "firstName": "JAMES",
        "lastName": "COLLINS",
        "phone": "8283331724",
        "address": "14 WILLOWICK DR",
        "city": "ASHE",
        "state": "NC",
        "zip": "28803",
        "email": "MARLINJIM66@BELLSOUTH.NET",
        "dateOfBirth": "1966-11-07T12:00:00",
        "ssn": "262594789",
        "userOrders": null,
        "isSold": false,
        "id": 84052
    },
    {
        "firstName": "TONY",
        "lastName": "MIMBS",
        "phone": "4785527774",
        "address": "736 TANLEY ST",
        "city": "SANDRSVL",
        "state": "GA",
        "zip": "31082",
        "email": "PLAYHOUSE868@GMAIL.COM",
        "dateOfBirth": "1966-10-20T12:00:00",
        "ssn": "260337692",
        "userOrders": null,
        "isSold": false,
        "id": 84168
    },
    {
        "firstName": "VICENTE",
        "lastName": "SOTO",
        "phone": "7147205794",
        "address": "11930 BANNER DR APT 46",
        "city": "GG",
        "state": "GROVE",
        "zip": "92843",
        "email": "VICENTE31@MSN.COM",
        "dateOfBirth": "1966-07-19T12:00:00",
        "ssn": "554997083",
        "userOrders": null,
        "isSold": true,
        "id": 84214
    },
    {
        "firstName": "JANETTE",
        "lastName": "HAMILTON",
        "phone": "2818899092",
        "address": "21115 WHITE OAK RIDGE DR",
        "city": "HOUSTON",
        "state": "TX",
        "zip": "77095",
        "email": "JRM2080@YAHOO.COM",
        "dateOfBirth": "1966-05-14T12:00:00",
        "ssn": "584670570",
        "userOrders": null,
        "isSold": false,
        "id": 84242
    },
    {
        "firstName": "ANTHONY",
        "lastName": "FORD",
        "phone": "9198888873",
        "address": "218 WALBURY DR",
        "city": "KNI",
        "state": "NC",
        "zip": "27545",
        "email": "KINGOFBIZNESS@GMAIL.COM",
        "dateOfBirth": "1966-11-13T12:00:00",
        "ssn": "239352769",
        "userOrders": null,
        "isSold": false,
        "id": 84327
    },
    {
        "firstName": "SANDY",
        "lastName": "HINGLE",
        "phone": "2285221702",
        "address": "2531 CALLE DE FELIZ ST",
        "city": "GAUTIER",
        "state": "MS",
        "zip": "39553",
        "email": "S.HINGLE@YAHOO.COM",
        "dateOfBirth": "1966-03-18T12:00:00",
        "ssn": "435275257",
        "userOrders": null,
        "isSold": false,
        "id": 84479
    }
]