[
    {
        "firstName": "JOHN",
        "lastName": "BENNETT",
        "phone": "3182726189",
        "address": "7305 TIMBERVIEW LN",
        "city": "SHREVEPORT",
        "state": "LA",
        "zip": "71108",
        "email": "NONE@ATT.COM",
        "dateOfBirth": "1966-10-03T12:00:00",
        "ssn": "434414454",
        "userOrders": null,
        "isSold": false,
        "id": 46566
    },
    {
        "firstName": "SEMKA",
        "lastName": "VRSKIC",
        "phone": "4047026350",
        "address": "6010 SILVER LACE LN NW",
        "city": "ACW",
        "state": "GA",
        "zip": "30101",
        "email": "SEMKAV@HOTMAIL.COM",
        "dateOfBirth": "1966-11-03T12:00:00",
        "ssn": "674016664",
        "userOrders": null,
        "isSold": false,
        "id": 46587
    },
    {
        "firstName": "DANNY",
        "lastName": "STALLWORTH",
        "phone": "3018733504",
        "address": "1050 JIB DR APT 202",
        "city": "ORL",
        "state": "FL",
        "zip": "32825",
        "email": "DANSTALLWORTH02@HOTMAIL.COM",
        "dateOfBirth": "1966-04-13T12:00:00",
        "ssn": "578047865",
        "userOrders": null,
        "isSold": false,
        "id": 46682
    },
    {
        "firstName": "BRENDA",
        "lastName": "CUPP",
        "phone": "9543253904",
        "address": "2304 S PARAHAM RD",
        "city": "POMP",
        "state": "SC",
        "zip": "33060",
        "email": "BONESCUPP@AOL.COM",
        "dateOfBirth": "1966-02-05T12:00:00",
        "ssn": "221489461",
        "userOrders": null,
        "isSold": false,
        "id": 46741
    },
    {
        "firstName": "MATT",
        "lastName": "HANIFY",
        "phone": "3144885279",
        "address": "4208 JUNIATA ST",
        "city": "ST LOUIS",
        "state": "LOUIS",
        "zip": "63116",
        "email": "MHANIFY@YAHOO.COM",
        "dateOfBirth": "1966-06-07T12:00:00",
        "ssn": "520729584",
        "userOrders": null,
        "isSold": false,
        "id": 46789
    },
    {
        "firstName": "MICHAEL",
        "lastName": "AHERN",
        "phone": "3054372621",
        "address": "9737 NW 41ST ST APT 903",
        "city": "MIA",
        "state": "FL",
        "zip": "33131",
        "email": "MRMIKE7676@YAHOO.COM",
        "dateOfBirth": "1966-09-02T12:00:00",
        "ssn": "537948692",
        "userOrders": null,
        "isSold": false,
        "id": 46814
    },
    {
        "firstName": "LEIGH",
        "lastName": "DECKER",
        "phone": "8327327842",
        "address": "20230 NEW KENTUCKY VLG",
        "city": "TOMBALL",
        "state": "TX",
        "zip": "77377",
        "email": "DA46137@SBCGLOBAL.NET",
        "dateOfBirth": "1966-05-29T12:00:00",
        "ssn": "467372500",
        "userOrders": null,
        "isSold": false,
        "id": 46815
    },
    {
        "firstName": "JEFF",
        "lastName": "PECK",
        "phone": "8327313949",
        "address": "16314 LAKEWOOD FIELD DR",
        "city": "TOMBALL",
        "state": "TX",
        "zip": "77377",
        "email": "JPECK9@COMCAST.NET",
        "dateOfBirth": "1966-03-24T12:00:00",
        "ssn": "456579488",
        "userOrders": null,
        "isSold": false,
        "id": 46851
    },
    {
        "firstName": "NEW",
        "lastName": "HONG",
        "phone": "7738271791",
        "address": "5042 VALLEY LN",
        "city": "STREAMWD",
        "state": "IL",
        "zip": "60107",
        "email": "KELLYWU85@YAHOO.COM",
        "dateOfBirth": "1966-03-10T12:00:00",
        "ssn": "320743286",
        "userOrders": null,
        "isSold": false,
        "id": 46854
    },
    {
        "firstName": "JAMES",
        "lastName": "DALLEN",
        "phone": "7753517697",
        "address": "840 N SIERRA ST APT 15",
        "city": "RENO",
        "state": "NV",
        "zip": "89503",
        "email": "JAMES_DALLEN@HOTMAIL.COM",
        "dateOfBirth": "1966-10-08T12:00:00",
        "ssn": "452272814",
        "userOrders": null,
        "isSold": true,
        "id": 46908
    },
    {
        "firstName": "JON",
        "lastName": "DODDIE",
        "phone": "7345644173",
        "address": "32501 BROWN ST",
        "city": "GARDEN CITY",
        "state": "CITY",
        "zip": "48135",
        "email": "DENISE.DODDIE@LIVE.COM",
        "dateOfBirth": "1966-08-26T12:00:00",
        "ssn": "380882397",
        "userOrders": null,
        "isSold": false,
        "id": 46936
    },
    {
        "firstName": "GREG",
        "lastName": "SKILES",
        "phone": "1111110001",
        "address": "301 ELLIOTT DR",
        "city": "CARL JUNCTION",
        "state": "JUNCTION",
        "zip": "64834",
        "email": "GBSKILES@JUNO.COM",
        "dateOfBirth": "1966-01-16T12:00:00",
        "ssn": "493805807",
        "userOrders": null,
        "isSold": false,
        "id": 46966
    },
    {
        "firstName": "GREG",
        "lastName": "COX",
        "phone": "8325948443",
        "address": "2115 RUNNELS ST APT 5314",
        "city": "HOUSTON",
        "state": "TX",
        "zip": "77003",
        "email": "COXROX16@YAHOO.COM",
        "dateOfBirth": "1966-12-26T12:00:00",
        "ssn": "279506719",
        "userOrders": null,
        "isSold": false,
        "id": 46969
    },
    {
        "firstName": "MONICA",
        "lastName": "G",
        "phone": "5595376991",
        "address": "4518 E FOUNTAIN WAY APT 108",
        "city": "FRS",
        "state": "CA",
        "zip": "93726",
        "email": "MONEYMONKIE50@GMAIL.COM",
        "dateOfBirth": "1966-02-20T12:00:00",
        "ssn": "570490900",
        "userOrders": null,
        "isSold": false,
        "id": 46985
    },
    {
        "firstName": "SUSAN",
        "lastName": "NELSON",
        "phone": "6304142858",
        "address": "828 DORAL LN",
        "city": "N AURORA",
        "state": "AURORA",
        "zip": "60542",
        "email": "RKTEKTSN@GMAIL.COM",
        "dateOfBirth": "1966-04-04T12:00:00",
        "ssn": "342861709",
        "userOrders": null,
        "isSold": false,
        "id": 47056
    }
]