[
    {
        "firstName": "KIMBERLY",
        "lastName": "PATE",
        "phone": "2148831782",
        "address": "8325 EMERALD HILLS WAY APT 511",
        "city": "NORTH RICHLAND HILLS",
        "state": "RICHLND",
        "zip": "76180",
        "email": "KALEEBROCAW@GMAIL.COM",
        "dateOfBirth": "1966-12-04T12:00:00",
        "ssn": "494843377",
        "userOrders": null,
        "isSold": true,
        "id": 73600
    },
    {
        "firstName": "HANRY",
        "lastName": "MIRZAKHAN",
        "phone": "8185547815",
        "address": "1920 BONITA DR",
        "city": "GLN",
        "state": "CA",
        "zip": "91208",
        "email": "HANRYM@GMAII.COM",
        "dateOfBirth": "1966-02-15T12:00:00",
        "ssn": "557578515",
        "userOrders": null,
        "isSold": false,
        "id": 73624
    },
    {
        "firstName": "SCOTT",
        "lastName": "BECKER",
        "phone": "6145829011",
        "address": "8870 WHITE OAK DR",
        "city": "VIOLET TWP",
        "state": "WNCHSTR",
        "zip": "43110",
        "email": "SCOTBECKER@AOL.COM",
        "dateOfBirth": "1966-05-12T12:00:00",
        "ssn": "297481417",
        "userOrders": null,
        "isSold": false,
        "id": 73726
    },
    {
        "firstName": "LIDEA",
        "lastName": "GONZALEZ",
        "phone": "8504268327",
        "address": "3 MUSTIN PL",
        "city": "PENSACOLA",
        "state": "FL",
        "zip": "32506",
        "email": "LIDIAGONZALEZ139@YAHOO.ES",
        "dateOfBirth": "1966-12-22T12:00:00",
        "ssn": "687357131",
        "userOrders": null,
        "isSold": false,
        "id": 73750
    },
    {
        "firstName": "VIRGINIA",
        "lastName": "COPPIN",
        "phone": "2489306300",
        "address": "21 EAGER RD",
        "city": "OCEOLA TWP",
        "state": "MI",
        "zip": "48843",
        "email": "VIRGINIA.COPPIN@GMAIL.COM",
        "dateOfBirth": "1966-07-09T12:00:00",
        "ssn": "382889873",
        "userOrders": null,
        "isSold": false,
        "id": 73755
    },
    {
        "firstName": "JENNIFER",
        "lastName": "LAU",
        "phone": "3232289691",
        "address": "4210 LA MADERA AVE",
        "city": "EL M",
        "state": "MONTE",
        "zip": "91732",
        "email": "LAUJENNIFER@ATT.NET",
        "dateOfBirth": "1966-04-10T12:00:00",
        "ssn": "555694386",
        "userOrders": null,
        "isSold": false,
        "id": 73836
    },
    {
        "firstName": "JACK",
        "lastName": "JOHNSON",
        "phone": "2709086051",
        "address": "3405 POLLY DR",
        "city": "OAK GROVE",
        "state": "TN",
        "zip": "42262",
        "email": "JOHNSONJ45@YMAIL.COM",
        "dateOfBirth": "1966-12-06T12:00:00",
        "ssn": "232235181",
        "userOrders": null,
        "isSold": false,
        "id": 73893
    },
    {
        "firstName": "DENISE",
        "lastName": "REDDIN.",
        "phone": "6364260496",
        "address": "320 GOOD HOPE ST",
        "city": "HAZELWOOD",
        "state": "GIRARDEAU",
        "zip": "63042",
        "email": "REDDINDIANE@YAHOO.COM",
        "dateOfBirth": "1966-10-06T12:00:00",
        "ssn": "496808286",
        "userOrders": null,
        "isSold": false,
        "id": 73894
    },
    {
        "firstName": "MARC",
        "lastName": "ASHER",
        "phone": "8473314652",
        "address": "6428 BERWYN DR",
        "city": "FRISCO",
        "state": "TX",
        "zip": "75034",
        "email": "ETHERWARE@YAHOO.COM",
        "dateOfBirth": "1966-05-26T12:00:00",
        "ssn": "339547601",
        "userOrders": null,
        "isSold": false,
        "id": 73943
    },
    {
        "firstName": "HELAINE.",
        "lastName": "PORTIS",
        "phone": "3307241004",
        "address": "451 REED AVE",
        "city": "AKRON",
        "state": "OH",
        "zip": "44301",
        "email": "LPORTISGORDON.@COHENCPA.COM",
        "dateOfBirth": "1966-05-03T12:00:00",
        "ssn": "284707157",
        "userOrders": null,
        "isSold": false,
        "id": 73965
    },
    {
        "firstName": "MAREK",
        "lastName": "OSTOJA-ZAWADZKI",
        "phone": "9494332053",
        "address": "24951 CAMBERWELL ST",
        "city": "LAG HLS",
        "state": "HILLS",
        "zip": "92653",
        "email": "MAREKOZ@COX.NET",
        "dateOfBirth": "1966-03-05T12:00:00",
        "ssn": "332841673",
        "userOrders": null,
        "isSold": false,
        "id": 74135
    },
    {
        "firstName": "RENEE",
        "lastName": "BEST",
        "phone": "9106176170",
        "address": "502 TRITON LN",
        "city": "HMPSTD",
        "state": "CITY",
        "zip": "28443",
        "email": "RBEST1566@GMAIL.COM",
        "dateOfBirth": "1966-01-05T12:00:00",
        "ssn": "242374849",
        "userOrders": null,
        "isSold": false,
        "id": 74138
    },
    {
        "firstName": "KELLEY",
        "lastName": "BARTLETT",
        "phone": "9372982009",
        "address": "408 CUSHING AVE",
        "city": "KETTERING",
        "state": "OH",
        "zip": "45429",
        "email": "KELLEY_BART@YAHOO.COM",
        "dateOfBirth": "1966-04-01T12:00:00",
        "ssn": "301602941",
        "userOrders": null,
        "isSold": false,
        "id": 74168
    },
    {
        "firstName": "MANUEL",
        "lastName": "MARTINEZ",
        "phone": "7754208430",
        "address": "246 SMITHRIDGE PARK",
        "city": "RENO",
        "state": "NV",
        "zip": "89502",
        "email": "MARTINEZ71966@YAHOO.COM",
        "dateOfBirth": "1966-07-05T12:00:00",
        "ssn": "621406147",
        "userOrders": null,
        "isSold": true,
        "id": 74183
    },
    {
        "firstName": "ERIC",
        "lastName": "TOTH",
        "phone": "7404055927",
        "address": "PO BOX 8021",
        "city": "COLUMBUS",
        "state": "OH",
        "zip": "43081",
        "email": "JETFEX@YAHOO.COM",
        "dateOfBirth": "1966-03-03T12:00:00",
        "ssn": "275788741",
        "userOrders": null,
        "isSold": false,
        "id": 74212
    }
]