[
    {
        "firstName": "JEAN",
        "lastName": "ROBERSON",
        "phone": "8179877721",
        "address": "3625 ROYAL CREST DR",
        "city": "FORT WORTH",
        "state": "WORTH",
        "zip": "76140",
        "email": "AQLADYHAWK911@YAHOO.COM",
        "dateOfBirth": "1966-03-12T12:00:00",
        "ssn": "450197845",
        "userOrders": null,
        "isSold": false,
        "id": 32275
    },
    {
        "firstName": "MAURICE",
        "lastName": "LAMONT",
        "phone": "2282137712",
        "address": "5100 POTOMAC DR",
        "city": "PASCAGOULA",
        "state": "MS",
        "zip": "39581",
        "email": "MAURICEJONES49@GMAIL.COM",
        "dateOfBirth": "1966-06-16T12:00:00",
        "ssn": "587234305",
        "userOrders": null,
        "isSold": false,
        "id": 32328
    },
    {
        "firstName": "MARY",
        "lastName": "SAWYER",
        "phone": "7863784793",
        "address": "800 INDEPENDENCE DR APT J",
        "city": "HMSD",
        "state": "FL",
        "zip": "33034",
        "email": "MSAWYER2007@GMAIL.COM",
        "dateOfBirth": "1966-08-25T12:00:00",
        "ssn": "265977672",
        "userOrders": null,
        "isSold": false,
        "id": 32331
    },
    {
        "firstName": "PETER",
        "lastName": "NEUMANN",
        "phone": "2623533576",
        "address": "1408 S INDIANA AVE",
        "city": "WEST BEND",
        "state": "BEND",
        "zip": "53095",
        "email": "CANMANN71@YAHOO.COM",
        "dateOfBirth": "1966-01-06T12:00:00",
        "ssn": "391824757",
        "userOrders": null,
        "isSold": false,
        "id": 32449
    },
    {
        "firstName": "RHONDA",
        "lastName": "LUTT",
        "phone": "8178451969",
        "address": "APT 4231",
        "city": "GRAND PRAIRIE",
        "state": "PRAIRIE",
        "zip": "75052",
        "email": "RLUTT66@GMAIL.COM",
        "dateOfBirth": "1966-03-05T12:00:00",
        "ssn": "460577486",
        "userOrders": null,
        "isSold": false,
        "id": 32496
    },
    {
        "firstName": "ESTELLA",
        "lastName": "VASQUEZ",
        "phone": "6616008221",
        "address": "APT 202",
        "city": "SANTA CLARITA",
        "state": "SILVER",
        "zip": "91387",
        "email": "ESTELLACHIRI@HOTMAIL.COM",
        "dateOfBirth": "1966-10-18T12:00:00",
        "ssn": "554375024",
        "userOrders": null,
        "isSold": false,
        "id": 32506
    },
    {
        "firstName": "WILLIAM",
        "lastName": "CUERVO",
        "phone": "8643497674",
        "address": "AMANDA LETICIA GONZALEZ",
        "city": "GRER",
        "state": "WOOD",
        "zip": "29650",
        "email": "WCUERVO7@YAHOO.COM",
        "dateOfBirth": "1966-02-04T12:00:00",
        "ssn": "594916267",
        "userOrders": null,
        "isSold": false,
        "id": 32526
    },
    {
        "firstName": "SONYA",
        "lastName": "FLANIGAN",
        "phone": "7706486156",
        "address": "4042163487",
        "city": "CONYERS GA 30012-0038",
        "state": "BOX",
        "zip": "CNYRS",
        "email": "30013",
        "dateOfBirth": "1966-11-18T12:00:00",
        "ssn": "259418708",
        "userOrders": null,
        "isSold": false,
        "id": 32530
    },
    {
        "firstName": "GREGORY",
        "lastName": "EATON",
        "phone": "8475074051",
        "address": "1730 N CLARK ST APT 4305",
        "city": "CHGO",
        "state": "IL",
        "zip": "60611",
        "email": "GREGJEATON@YAHOO.COM",
        "dateOfBirth": "1966-04-20T12:00:00",
        "ssn": "307843900",
        "userOrders": null,
        "isSold": false,
        "id": 32626
    },
    {
        "firstName": "WILLIAM",
        "lastName": "STRAWN",
        "phone": "4057948989",
        "address": "716 NIGHT HAWK DR",
        "city": "OKLAHOMA CITY",
        "state": "OK",
        "zip": "73170",
        "email": "OKCSOXMOM10@YAHOO.COM",
        "dateOfBirth": "1966-09-01T12:00:00",
        "ssn": "443626410",
        "userOrders": null,
        "isSold": false,
        "id": 32653
    },
    {
        "firstName": "BARON",
        "lastName": "J",
        "phone": "9548121119",
        "address": "956 SE 10TH CT",
        "city": "POMP",
        "state": "BEACH",
        "zip": "33060",
        "email": "BLUEMOONFTL@GMAIL.COM",
        "dateOfBirth": "1966-12-27T12:00:00",
        "ssn": "546511263",
        "userOrders": null,
        "isSold": false,
        "id": 32755
    },
    {
        "firstName": "DAMIEN",
        "lastName": "NESTOR",
        "phone": "9253234047",
        "address": "APT 3",
        "city": "WC",
        "state": "CROSBY",
        "zip": "94598",
        "email": "HBAB79@HOTMAIL.COM",
        "dateOfBirth": "1966-03-01T12:00:00",
        "ssn": "617332656",
        "userOrders": null,
        "isSold": false,
        "id": 32828
    },
    {
        "firstName": "TERRY",
        "lastName": "MORRIS",
        "phone": "5865667904",
        "address": "46930 PARTRIDGE CREEK DR",
        "city": "MACOMB TWP",
        "state": "MI",
        "zip": "48044",
        "email": "TERRY.MORRIS@FERGUSON.COM",
        "dateOfBirth": "1966-09-14T12:00:00",
        "ssn": "379846567",
        "userOrders": null,
        "isSold": false,
        "id": 32854
    },
    {
        "firstName": "KIM",
        "lastName": "MELONCON",
        "phone": "2147298965",
        "address": "4823 HEATHERBROOK DR",
        "city": "DALLAS",
        "state": "TX",
        "zip": "75244",
        "email": "MELONCON@SBCGLOBAL.NET",
        "dateOfBirth": "1966-08-08T12:00:00",
        "ssn": "205600758",
        "userOrders": null,
        "isSold": false,
        "id": 32904
    },
    {
        "firstName": "KELVIN",
        "lastName": "READ",
        "phone": "9012925378",
        "address": "205 JOHNSTON AVE",
        "city": "HENNING",
        "state": "TN",
        "zip": "38041",
        "email": "KXREAD75@YAHOO.COM",
        "dateOfBirth": "1966-06-26T12:00:00",
        "ssn": "397781466",
        "userOrders": null,
        "isSold": false,
        "id": 32949
    }
]