[
    {
        "firstName": "JASON",
        "lastName": "GALLOP",
        "phone": "9013091748",
        "address": "9595 FOX HILL CIR N",
        "city": "GERMANTOWN",
        "state": "TN",
        "zip": "38139",
        "email": "JGALLOP2266@COMCAST.NET",
        "dateOfBirth": "1966-04-07T12:00:00",
        "ssn": "433062851",
        "userOrders": null,
        "isSold": false,
        "id": 52484
    },
    {
        "firstName": "JEFF",
        "lastName": "SKIPPER",
        "phone": "5126891020",
        "address": "1820 CATTLE DR",
        "city": "CEDAR PARK",
        "state": "PARK",
        "zip": "78613",
        "email": "JT_SKIP@YAHOO.COM",
        "dateOfBirth": "1966-09-04T12:00:00",
        "ssn": "460579372",
        "userOrders": null,
        "isSold": false,
        "id": 52585
    },
    {
        "firstName": "DONALD",
        "lastName": "GRAFF",
        "phone": "9255774516",
        "address": "4245 STANLEY BLVD APT 5",
        "city": "PLS",
        "state": "CA",
        "zip": "94566",
        "email": "SKYDONDIVE@SBCGLOBAL.NET",
        "dateOfBirth": "1966-03-21T12:00:00",
        "ssn": "573655720",
        "userOrders": null,
        "isSold": false,
        "id": 52597
    },
    {
        "firstName": "RICHARD",
        "lastName": "TAYLOR",
        "phone": "8504181446",
        "address": "2628 GEMSTONE CIR",
        "city": "PACE",
        "state": "FL",
        "zip": "32571",
        "email": "RBT850@GMAIL.COM",
        "dateOfBirth": "1966-12-15T12:00:00",
        "ssn": "434275556",
        "userOrders": null,
        "isSold": false,
        "id": 52632
    },
    {
        "firstName": "PAUL",
        "lastName": "MOFFATT",
        "phone": "6152029850",
        "address": "1162 DOGWOOD LN",
        "city": "KINGSTON SPRINGS",
        "state": "TN",
        "zip": "37082",
        "email": "PMOFF0808@BELLSOUTH.NET",
        "dateOfBirth": "1966-08-08T12:00:00",
        "ssn": "411119765",
        "userOrders": null,
        "isSold": false,
        "id": 52731
    },
    {
        "firstName": "MICHELLE",
        "lastName": "MARTIN",
        "phone": "3134573965",
        "address": "19602 RYAN RD",
        "city": "DETROIT",
        "state": "MI",
        "zip": "48234",
        "email": "MICHELLE.D.COPELAND@GMAIL.COM",
        "dateOfBirth": "1966-08-27T12:00:00",
        "ssn": "350708228",
        "userOrders": null,
        "isSold": false,
        "id": 52732
    },
    {
        "firstName": "AMEILA",
        "lastName": "TORRES",
        "phone": "4692377432",
        "address": "1515 MOUNTAIN LAKE RD",
        "city": "DALLAS",
        "state": "TX",
        "zip": "75224",
        "email": "M.TORRES95@ATT.NET",
        "dateOfBirth": "1966-10-10T12:00:00",
        "ssn": "462830498",
        "userOrders": null,
        "isSold": false,
        "id": 52783
    },
    {
        "firstName": "TODD",
        "lastName": "FIELDS",
        "phone": "4699518633",
        "address": "5008 DAISY CT",
        "city": "MCKINNEY",
        "state": "TX",
        "zip": "75070",
        "email": "RTEXAS63@YAHOO.COM",
        "dateOfBirth": "1966-03-29T12:00:00",
        "ssn": "444786610",
        "userOrders": null,
        "isSold": false,
        "id": 52801
    },
    {
        "firstName": "BRAD",
        "lastName": "STARKEY",
        "phone": "4055141923",
        "address": "UNIT B",
        "city": "OKLAHOMA CITY",
        "state": "SUNNY",
        "zip": "73012",
        "email": "5STARKEYS@COX.NET",
        "dateOfBirth": "1966-11-19T12:00:00",
        "ssn": "441768665",
        "userOrders": null,
        "isSold": false,
        "id": 52808
    },
    {
        "firstName": "WILMA",
        "lastName": "MOLINA",
        "phone": "2816101661",
        "address": "12355 ANTOINE DR APT 2608",
        "city": "HOUSTON",
        "state": "TX",
        "zip": "77063",
        "email": "ANGIE3SW@HOTMAIL.COM",
        "dateOfBirth": "1966-10-06T12:00:00",
        "ssn": "633155057",
        "userOrders": null,
        "isSold": false,
        "id": 52824
    },
    {
        "firstName": "PHILLIP",
        "lastName": "APPENZELLER",
        "phone": "9722227800",
        "address": "1021 VILLA SIETE",
        "city": "MESQUITE",
        "state": "TX",
        "zip": "75181",
        "email": "jb8418@att.com",
        "dateOfBirth": "1966-02-18T12:00:00",
        "ssn": "492841920",
        "userOrders": null,
        "isSold": false,
        "id": 52883
    },
    {
        "firstName": "KARI",
        "lastName": "OLSON",
        "phone": "7079536018",
        "address": "231 USHER DR",
        "city": "WDSR",
        "state": "CA",
        "zip": "95492",
        "email": "KARI.OLSON@ATT.NET",
        "dateOfBirth": "1966-08-17T12:00:00",
        "ssn": "563906829",
        "userOrders": null,
        "isSold": true,
        "id": 52904
    },
    {
        "firstName": "STEVE",
        "lastName": "BOUWMAN",
        "phone": "7734500046",
        "address": "500 N LAKE SHORE DR APT 511",
        "city": "CHGO",
        "state": "IL",
        "zip": "60611",
        "email": "STEVE@REDUHOME.COM",
        "dateOfBirth": "1966-11-10T12:00:00",
        "ssn": "382845822",
        "userOrders": null,
        "isSold": false,
        "id": 52942
    },
    {
        "firstName": "NAOMI",
        "lastName": "HARWOOD",
        "phone": "8289805341",
        "address": "106 PINE ST",
        "city": "RFDT",
        "state": "NC",
        "zip": "28139",
        "email": "TEDDYBEAR93_890@YAHOO.COM",
        "dateOfBirth": "1966-10-29T12:00:00",
        "ssn": "243419217",
        "userOrders": null,
        "isSold": false,
        "id": 52990
    },
    {
        "firstName": "REGOVERTO",
        "lastName": "CARRASCO",
        "phone": "8174197990",
        "address": "6314 AIRES DR",
        "city": "ARLINGTON",
        "state": "TX",
        "zip": "76001",
        "email": "REGOVERTOC@SBCGLOBAL.NET",
        "dateOfBirth": "1966-09-18T12:00:00",
        "ssn": "630886398",
        "userOrders": null,
        "isSold": false,
        "id": 52993
    }
]