[
    {
        "firstName": "ELSA",
        "lastName": "D",
        "phone": "1111110001",
        "address": "736 YUCCA DR",
        "city": "EL C",
        "state": "CENTRO",
        "zip": "92243",
        "email": "JIMTAMAYO57@GMAIL.COM",
        "dateOfBirth": "1966-08-14T12:00:00",
        "ssn": "547690231",
        "userOrders": null,
        "isSold": false,
        "id": 79777
    },
    {
        "firstName": "LEOPOLDO",
        "lastName": "HERNANDEZ",
        "phone": "1111110004",
        "address": "9253540480",
        "city": "ANTIOCH CA 94509-3227",
        "state": "SYCAMORE",
        "zip": "ANT",
        "email": "94509",
        "dateOfBirth": "1966-11-13T12:00:00",
        "ssn": "539966048",
        "userOrders": null,
        "isSold": false,
        "id": 79814
    },
    {
        "firstName": "RICKY",
        "lastName": "POWERS",
        "phone": "1111110001",
        "address": "30188 GRAPEVINE LN",
        "city": "CARL JUNCTION",
        "state": "JUNCTION",
        "zip": "64834",
        "email": "RAPSTER4824@YAHOO.COM",
        "dateOfBirth": "1966-09-20T12:00:00",
        "ssn": "483021516",
        "userOrders": null,
        "isSold": false,
        "id": 79881
    },
    {
        "firstName": "P",
        "lastName": "CALANGELO",
        "phone": "3867539479",
        "address": "61 KEEBLE AVE",
        "city": "DBRY",
        "state": "FL",
        "zip": "32713",
        "email": "PCALANGELO@BELLSOUTH.NET",
        "dateOfBirth": "1966-05-14T12:00:00",
        "ssn": "261556776",
        "userOrders": null,
        "isSold": false,
        "id": 79883
    },
    {
        "firstName": "BRAD",
        "lastName": "HARRISON",
        "phone": "8174802835",
        "address": "1009 NIAGARA FALLS DR",
        "city": "MANSFIELD",
        "state": "TX",
        "zip": "76063",
        "email": "BRAD.HARRISON@HJGMFG.COM",
        "dateOfBirth": "1966-04-12T12:00:00",
        "ssn": "466339101",
        "userOrders": null,
        "isSold": false,
        "id": 79948
    },
    {
        "firstName": "JAMES",
        "lastName": "CAMPBELL",
        "phone": "5862019203",
        "address": "28642 PALM BEACH DR",
        "city": "WARREN",
        "state": "MI",
        "zip": "48093",
        "email": "JCAMPBELL226@SBCGLOBAL.NET",
        "dateOfBirth": "1966-02-26T12:00:00",
        "ssn": "380823802",
        "userOrders": null,
        "isSold": false,
        "id": 79961
    },
    {
        "firstName": "PAOTYAN",
        "lastName": "LIN",
        "phone": "7146354635",
        "address": "GLORIA INVESTMENTS",
        "city": "ANH",
        "state": "P",
        "zip": "92804",
        "email": "LGHERNANDEZ@ATT.NET",
        "dateOfBirth": "1966-12-12T12:00:00",
        "ssn": "245470072",
        "userOrders": null,
        "isSold": false,
        "id": 80082
    },
    {
        "firstName": "DANIEL",
        "lastName": "HILL",
        "phone": "8189239271",
        "address": "401 N KENNETH RD APT B",
        "city": "BRB",
        "state": "CA",
        "zip": "91501",
        "email": "DANIELHILL1018@HOTMAIL.COM",
        "dateOfBirth": "1966-10-17T12:00:00",
        "ssn": "559737775",
        "userOrders": null,
        "isSold": false,
        "id": 80167
    },
    {
        "firstName": "GUILLERMO",
        "lastName": "RAMIREZ",
        "phone": "1111110003",
        "address": "275 S 3RD ST APT 104",
        "city": "BRB",
        "state": "CA",
        "zip": "91502",
        "email": "CUERVONICOLE02@GMAIL.COM",
        "dateOfBirth": "1966-02-28T12:00:00",
        "ssn": "618988316",
        "userOrders": null,
        "isSold": false,
        "id": 80219
    },
    {
        "firstName": "JASWANT",
        "lastName": "SINGH",
        "phone": "4084803292",
        "address": "2492 GLEN ANGUS WAY",
        "city": "SJ",
        "state": "JOSE",
        "zip": "95148",
        "email": "MSKILL4@YAHOO.COM",
        "dateOfBirth": "1966-05-26T12:00:00",
        "ssn": "622472672",
        "userOrders": null,
        "isSold": false,
        "id": 80278
    },
    {
        "firstName": "DONNA",
        "lastName": "SHIPLEY",
        "phone": "5308881398",
        "address": "659 LINCOLN WAY STE 100",
        "city": "AUB",
        "state": "CA",
        "zip": "95603",
        "email": "DONNASHIPLEY@YMAIL.COM",
        "dateOfBirth": "1966-02-16T12:00:00",
        "ssn": "558692655",
        "userOrders": null,
        "isSold": false,
        "id": 80315
    },
    {
        "firstName": "REGINA",
        "lastName": "ADAMS",
        "phone": "2145639597",
        "address": "2426 LOST MESA",
        "city": "GRAND PRAIRIE",
        "state": "PRAIRIE",
        "zip": "75052",
        "email": "REGINA.ADAMS28@YAHOO.COM",
        "dateOfBirth": "1966-07-28T12:00:00",
        "ssn": "449515203",
        "userOrders": null,
        "isSold": false,
        "id": 80384
    },
    {
        "firstName": "LOUIS",
        "lastName": "KING",
        "phone": "6017578927",
        "address": "577 JOHN R JUNKIN DR",
        "city": "NATCHEZ",
        "state": "MS",
        "zip": "39120",
        "email": "EDANDGIN@ATT.NET",
        "dateOfBirth": "1966-07-09T12:00:00",
        "ssn": "425391639",
        "userOrders": null,
        "isSold": false,
        "id": 80443
    },
    {
        "firstName": "SAMUEL",
        "lastName": "H",
        "phone": "2136311720",
        "address": "9824 MERCY RD APT 1",
        "city": "SD",
        "state": "DIEGO",
        "zip": "92129",
        "email": "SAMUELHEUN@GMAIL.COM",
        "dateOfBirth": "1966-03-15T12:00:00",
        "ssn": "551431056",
        "userOrders": null,
        "isSold": false,
        "id": 80490
    },
    {
        "firstName": "SUZANNE",
        "lastName": "UPSON",
        "phone": "2395375932",
        "address": "147 HILLHEAD CT",
        "city": "AIKEN",
        "state": "SC",
        "zip": "29801",
        "email": "SR.UPSON@YAHOO.COM",
        "dateOfBirth": "1966-02-21T12:00:00",
        "ssn": "157700519",
        "userOrders": null,
        "isSold": true,
        "id": 80540
    }
]