[
    {
        "firstName": "JUAN",
        "lastName": "VASQUEZ",
        "phone": "9562749451",
        "address": "737 N TEXAS AVE",
        "city": "MERCEDES",
        "state": "TX",
        "zip": "78570",
        "email": "JUANVASQUEZ2644@ATT.NET",
        "dateOfBirth": "1966-12-16T12:00:00",
        "ssn": "456339663",
        "userOrders": null,
        "isSold": false,
        "id": 45906
    },
    {
        "firstName": "ANDREA",
        "lastName": "CANEPA",
        "phone": "4697673289",
        "address": "2215 STAFFORD DR",
        "city": "ARLINGTON",
        "state": "TX",
        "zip": "76012",
        "email": "ACANEPARN@YAHOO.COM",
        "dateOfBirth": "1966-04-03T12:00:00",
        "ssn": "547637493",
        "userOrders": null,
        "isSold": false,
        "id": 45957
    },
    {
        "firstName": "DEREK",
        "lastName": "NAQUIN",
        "phone": "1111110001",
        "address": "10680 GOLDSBERRY RD",
        "city": "SHREVEPORT",
        "state": "LA",
        "zip": "71106",
        "email": "DNAQUIN@BELLSOUTH.NET",
        "dateOfBirth": "1966-03-03T12:00:00",
        "ssn": "439196710",
        "userOrders": null,
        "isSold": false,
        "id": 45983
    },
    {
        "firstName": "JONATHAN",
        "lastName": "ALLBAUGH",
        "phone": "7607346514",
        "address": "1156 KINGSTON ST",
        "city": "VST",
        "state": "MESA",
        "zip": "92081",
        "email": "MARYKAYKARLA@SBCGLOBAL.NET",
        "dateOfBirth": "1966-03-15T12:00:00",
        "ssn": "514827522",
        "userOrders": null,
        "isSold": true,
        "id": 46081
    },
    {
        "firstName": "DON",
        "lastName": "STANLEY",
        "phone": "8174909194",
        "address": "2005 LEWIS CROSSING CT",
        "city": "KELLER",
        "state": "TX",
        "zip": "76248",
        "email": "DONALD.STANLEY@CA.COM",
        "dateOfBirth": "1966-05-27T12:00:00",
        "ssn": "452021985",
        "userOrders": null,
        "isSold": false,
        "id": 46083
    },
    {
        "firstName": "CRISTINA",
        "lastName": "AMADO",
        "phone": "6264479011",
        "address": "334 CALIFORNIA ST UNIT H",
        "city": "ARC",
        "state": "CA",
        "zip": "91006",
        "email": "CUATTHEBEACH@ATT.NET",
        "dateOfBirth": "1966-03-19T12:00:00",
        "ssn": "381867269",
        "userOrders": null,
        "isSold": false,
        "id": 46175
    },
    {
        "firstName": "DANIEL",
        "lastName": "COPELAND",
        "phone": "8164899399",
        "address": "16100 SW CENTURY DR APT 197",
        "city": "GRAIN VALLEY",
        "state": "OR",
        "zip": "64029",
        "email": "DANSGIRLDANA@AOL.COM",
        "dateOfBirth": "1966-07-31T12:00:00",
        "ssn": "364803293",
        "userOrders": null,
        "isSold": true,
        "id": 46231
    },
    {
        "firstName": "YOUNG",
        "lastName": "SHON",
        "phone": "2138200414",
        "address": "APT 536",
        "city": "STVNSON RANCH",
        "state": "SILVER",
        "zip": "91381",
        "email": "YYSHON@GMAIL.COM",
        "dateOfBirth": "1966-08-15T12:00:00",
        "ssn": "620455586",
        "userOrders": null,
        "isSold": false,
        "id": 46271
    },
    {
        "firstName": "ROBIN",
        "lastName": "E",
        "phone": "6194691767",
        "address": "1553 MADERA ST",
        "city": "LEMN GRV",
        "state": "GROVE",
        "zip": "91945",
        "email": "MRSKAUFMAN@SBCGLOBAL.NET",
        "dateOfBirth": "1966-05-29T12:00:00",
        "ssn": "566734361",
        "userOrders": null,
        "isSold": true,
        "id": 46280
    },
    {
        "firstName": "MARTINE",
        "lastName": "SULLIVAN",
        "phone": "3135498018",
        "address": "8243 WAHRMAN ST",
        "city": "ROMULUS",
        "state": "MI",
        "zip": "48174",
        "email": "QUEENKIDI@GMAIL.COM",
        "dateOfBirth": "1966-09-07T12:00:00",
        "ssn": "379667063",
        "userOrders": null,
        "isSold": false,
        "id": 46295
    },
    {
        "firstName": "JOHN",
        "lastName": "MIYAHARA",
        "phone": "7173850192",
        "address": "1242 SARGENT DR",
        "city": "SD",
        "state": "CA",
        "zip": "92116",
        "email": "AIMAZEKI@YAHOO.COM",
        "dateOfBirth": "1966-01-19T12:00:00",
        "ssn": "521278395",
        "userOrders": null,
        "isSold": false,
        "id": 46348
    },
    {
        "firstName": "MALCOLM",
        "lastName": "ARTIS",
        "phone": "7038685154",
        "address": "1939 MICHIGAN ST NE",
        "city": "GRAND RAPIDS",
        "state": "RAPIDS",
        "zip": "49503",
        "email": "MAC_ARTIS@YAHOO.COM",
        "dateOfBirth": "1966-11-13T12:00:00",
        "ssn": "230966956",
        "userOrders": null,
        "isSold": false,
        "id": 46445
    },
    {
        "firstName": "JOHN",
        "lastName": "KENNEY",
        "phone": "9043033503",
        "address": "1012 LEMON DROP LN",
        "city": "MDBG",
        "state": "FL",
        "zip": "32068",
        "email": "KENNEYJOHN@BELLSOUTH.NET",
        "dateOfBirth": "1966-02-18T12:00:00",
        "ssn": "216949463",
        "userOrders": null,
        "isSold": false,
        "id": 46462
    },
    {
        "firstName": "BLANCA",
        "lastName": "MEDINA",
        "phone": "6264881778",
        "address": "17819 LONE RANGER TRL",
        "city": "ORG",
        "state": "HILLS",
        "zip": "92868",
        "email": "JBLANCA22@GMAIL.COM",
        "dateOfBirth": "1966-12-29T12:00:00",
        "ssn": "613522353",
        "userOrders": null,
        "isSold": false,
        "id": 46529
    },
    {
        "firstName": "MINDY",
        "lastName": "BRODSKY",
        "phone": "4074884639",
        "address": "945 CRYSTAL LAKE DR",
        "city": "PRT ORG",
        "state": "ORANGE",
        "zip": "32127",
        "email": "MINGIN2288@YAHOO.COM",
        "dateOfBirth": "1966-04-23T12:00:00",
        "ssn": "158703859",
        "userOrders": null,
        "isSold": false,
        "id": 46560
    }
]