[
    {
        "firstName": "JOEL",
        "lastName": "CECCHETTI",
        "phone": "2812512290",
        "address": "6303 KINGSCREST LN",
        "city": "SPRING",
        "state": "TX",
        "zip": "77389",
        "email": "SUBSKING@AOL.COM",
        "dateOfBirth": "1966-12-09T12:00:00",
        "ssn": "167643191",
        "userOrders": null,
        "isSold": false,
        "id": 40885
    },
    {
        "firstName": "MICHAEL",
        "lastName": "GARCIA",
        "phone": "3612491984",
        "address": "6102 JESSICA DR",
        "city": "CORPUS CHRISTI",
        "state": "CHRISTI",
        "zip": "78414",
        "email": "MIKEGARCIAJV10@GMAIL.COM",
        "dateOfBirth": "1966-09-20T12:00:00",
        "ssn": "464397011",
        "userOrders": null,
        "isSold": false,
        "id": 40903
    },
    {
        "firstName": "VERNAL",
        "lastName": "BALLEW",
        "phone": "5014120418",
        "address": "1213 BITTERCRESS DR",
        "city": "CABOT",
        "state": "LITTLE",
        "zip": "72023",
        "email": "VERNAL@VERNSTER.COM",
        "dateOfBirth": "1966-02-17T12:00:00",
        "ssn": "447780580",
        "userOrders": null,
        "isSold": false,
        "id": 40905
    },
    {
        "firstName": "CARLOS",
        "lastName": "MARROQUIN",
        "phone": "9497018171",
        "address": "414 ENCLAVE CIR APT 204",
        "city": "CM",
        "state": "MESA",
        "zip": "92626",
        "email": "MARROQUIN.CARLOS316@GMAIL.COM",
        "dateOfBirth": "1966-11-28T12:00:00",
        "ssn": "611207763",
        "userOrders": null,
        "isSold": true,
        "id": 40926
    },
    {
        "firstName": "CYNTHIA",
        "lastName": "MANGRUM",
        "phone": "3186137202",
        "address": "1191 COTEAU RD",
        "city": "BAYOU BLUE",
        "state": "LA",
        "zip": "70364",
        "email": "BLWSBPLAYA10@YAHOO.COM",
        "dateOfBirth": "1966-12-18T12:00:00",
        "ssn": "434437213",
        "userOrders": null,
        "isSold": false,
        "id": 41034
    },
    {
        "firstName": "XIAO",
        "lastName": "CHEN",
        "phone": "4153686785",
        "address": "654 PACIFIC AVE STE 12",
        "city": "SF",
        "state": "FRANCISCO",
        "zip": "94133",
        "email": "SMILEDOESSMILE@YAHOO.COM",
        "dateOfBirth": "1966-07-04T12:00:00",
        "ssn": "614064943",
        "userOrders": null,
        "isSold": true,
        "id": 41141
    },
    {
        "firstName": "MATT",
        "lastName": "BATCHELOR",
        "phone": "6162627861",
        "address": "2195 ELDON ST NE",
        "city": "PLAINFIELD TWP",
        "state": "RAPIDS",
        "zip": "49525",
        "email": "MBATCHELOR3546@ATT.NET",
        "dateOfBirth": "1966-06-25T12:00:00",
        "ssn": "362900979",
        "userOrders": null,
        "isSold": false,
        "id": 41162
    },
    {
        "firstName": "ARCHILLIES",
        "lastName": "EVERSON",
        "phone": "7707167157",
        "address": "130 CHAUCER PKWY",
        "city": "FYTVL",
        "state": "GA",
        "zip": "30214",
        "email": "ATESDM@BELLSOUTH.NET",
        "dateOfBirth": "1966-11-21T12:00:00",
        "ssn": "256195305",
        "userOrders": null,
        "isSold": false,
        "id": 41197
    },
    {
        "firstName": "KATH",
        "lastName": "TASKER",
        "phone": "7739477111",
        "address": "CHRISTIAN\"S CAFE",
        "city": "CHGO",
        "state": "E",
        "zip": "60637",
        "email": "TASKERK@GMAIL.COM",
        "dateOfBirth": "1966-05-23T12:00:00",
        "ssn": "332588143",
        "userOrders": null,
        "isSold": false,
        "id": 41225
    },
    {
        "firstName": "JACKIE",
        "lastName": "KELLEY",
        "phone": "5866256851",
        "address": "11126 MANCHESTER RD LOT 314",
        "city": "WASHINGTON TWP",
        "state": "TWP",
        "zip": "48094",
        "email": "KORTNEYKELLEY10@YAHOO.COM",
        "dateOfBirth": "1966-08-13T12:00:00",
        "ssn": "375922217",
        "userOrders": null,
        "isSold": false,
        "id": 41240
    },
    {
        "firstName": "AN",
        "lastName": "LAM",
        "phone": "5125544303",
        "address": "11312 WET SEASON DR",
        "city": "AUSTIN",
        "state": "TX",
        "zip": "78754",
        "email": "ANLAMQ22@ATT.NET",
        "dateOfBirth": "1966-07-22T12:00:00",
        "ssn": "449691361",
        "userOrders": null,
        "isSold": false,
        "id": 41296
    },
    {
        "firstName": "CHARLES",
        "lastName": "Y",
        "phone": "7073379806",
        "address": "2014 W PUEBLO AVE",
        "city": "NAPA",
        "state": "CA",
        "zip": "94558",
        "email": "YCHUN020266@YAHOO.COM",
        "dateOfBirth": "1966-02-02T12:00:00",
        "ssn": "548694094",
        "userOrders": null,
        "isSold": false,
        "id": 41380
    },
    {
        "firstName": "KEVIN",
        "lastName": "CAMPBELL",
        "phone": "4403500498",
        "address": "645 BELMONT DR",
        "city": "PAINESVILLE",
        "state": "OH",
        "zip": "44077",
        "email": "KC4127@SBCGLOBAL.NET",
        "dateOfBirth": "1966-10-03T12:00:00",
        "ssn": "280741589",
        "userOrders": null,
        "isSold": false,
        "id": 41389
    },
    {
        "firstName": "ROBERT",
        "lastName": "DEACON",
        "phone": "9498872485",
        "address": "28618 VIA REGGIO",
        "city": "LAG NIGL",
        "state": "NIGUEL",
        "zip": "92677",
        "email": "DEACON6699@YAHOO.COM",
        "dateOfBirth": "1966-10-28T12:00:00",
        "ssn": "562713990",
        "userOrders": null,
        "isSold": false,
        "id": 41441
    },
    {
        "firstName": "DAWN",
        "lastName": "E",
        "phone": "9858556681",
        "address": "255 CLIFFWOOD CT",
        "city": "BAYOU BLUE",
        "state": "LA",
        "zip": "70364",
        "email": "WILD_CHILD_DAWN@YAHOO.COM",
        "dateOfBirth": "1966-12-17T12:00:00",
        "ssn": "423478354",
        "userOrders": null,
        "isSold": false,
        "id": 41467
    }
]