[
    {
        "firstName": "SHARON",
        "lastName": "MURRAY",
        "phone": "9728912980",
        "address": "3700 TRAILWOOD CT APT 824",
        "city": "ARLINGTON",
        "state": "TX",
        "zip": "76014",
        "email": "MURRAY.SHARON03@GMAIL.COM",
        "dateOfBirth": "1966-03-22T12:00:00",
        "ssn": "449394893",
        "userOrders": null,
        "isSold": false,
        "id": 27485
    },
    {
        "firstName": "TIMOTHY",
        "lastName": "HAWKILMS",
        "phone": "6158873477",
        "address": "187 HEDGEWAY CT",
        "city": "GALLATIN",
        "state": "TN",
        "zip": "37066",
        "email": "HAWKINS7255@GMAIL.COM",
        "dateOfBirth": "1966-09-07T12:00:00",
        "ssn": "408391212",
        "userOrders": null,
        "isSold": false,
        "id": 27533
    },
    {
        "firstName": "MARK",
        "lastName": "WICKLUND",
        "phone": "7078459361",
        "address": "3400 ZELIA CT",
        "city": "ARCATA",
        "state": "CA",
        "zip": "95521",
        "email": "WICKLINGUIST@GMAIL.COM",
        "dateOfBirth": "1966-10-13T12:00:00",
        "ssn": "468943325",
        "userOrders": null,
        "isSold": false,
        "id": 27555
    },
    {
        "firstName": "ELLEN",
        "lastName": "CARPENTER",
        "phone": "4073246589",
        "address": "492 OSLO DR",
        "city": "DELTONA",
        "state": "FL",
        "zip": "32725",
        "email": "OHBOTHER66@HOTMAIL.COM",
        "dateOfBirth": "1966-07-15T12:00:00",
        "ssn": "223065591",
        "userOrders": null,
        "isSold": false,
        "id": 27675
    },
    {
        "firstName": "CIELO",
        "lastName": "SORIA",
        "phone": "9496076836",
        "address": "21105 WHEATON TER",
        "city": "LAKE FOREST",
        "state": "FOREST",
        "zip": "92630",
        "email": "DUYONGANCIELO@YAHOO.COM",
        "dateOfBirth": "1966-08-17T12:00:00",
        "ssn": "613105495",
        "userOrders": null,
        "isSold": false,
        "id": 27719
    },
    {
        "firstName": "MARIA",
        "lastName": "MALDONADO",
        "phone": "2149266634",
        "address": "3205 HIGH VISTA DR",
        "city": "DALLAS",
        "state": "TX",
        "zip": "75248",
        "email": "ARROYOLUCY2005@YAHOO.COM",
        "dateOfBirth": "1966-10-10T12:00:00",
        "ssn": "640744873",
        "userOrders": null,
        "isSold": false,
        "id": 27759
    },
    {
        "firstName": "GUADALUPE",
        "lastName": "QUINTANA",
        "phone": "5105752111",
        "address": "1336 141ST AVE APT A",
        "city": "SN LDRO",
        "state": "LEANDRO",
        "zip": "94578",
        "email": "JLR1995@GMAIL.COM",
        "dateOfBirth": "1966-07-13T12:00:00",
        "ssn": "626121253",
        "userOrders": null,
        "isSold": false,
        "id": 27791
    },
    {
        "firstName": "LENA",
        "lastName": "SMITH",
        "phone": "4049923933",
        "address": "4253 HUNT DR APT 1701",
        "city": "DALLAS",
        "state": "TX",
        "zip": "75287",
        "email": "LLENATRIMBLE@YAHOO.COM",
        "dateOfBirth": "1966-11-14T12:00:00",
        "ssn": "370800937",
        "userOrders": null,
        "isSold": false,
        "id": 27858
    },
    {
        "firstName": "FERNANDO",
        "lastName": "CUELLAR",
        "phone": "9565293241",
        "address": "300 N MISSOURI ST",
        "city": "ALTON",
        "state": "TX",
        "zip": "78573",
        "email": "ROSIE_ALEJOS@YAHOO.COM",
        "dateOfBirth": "1966-08-21T12:00:00",
        "ssn": "457452615",
        "userOrders": null,
        "isSold": false,
        "id": 27913
    },
    {
        "firstName": "FATEMEH",
        "lastName": "ZAREI",
        "phone": "8587802743",
        "address": "APT 36",
        "city": "SD",
        "state": "TORREY",
        "zip": "92129",
        "email": "MSZAREI@ATT.NET",
        "dateOfBirth": "1966-05-18T12:00:00",
        "ssn": "625395858",
        "userOrders": null,
        "isSold": false,
        "id": 27989
    },
    {
        "firstName": "VESNA",
        "lastName": "PEMAC",
        "phone": "2626700326",
        "address": "1642 ORIOLE DR",
        "city": "HARTFORD",
        "state": "WI",
        "zip": "53027",
        "email": "VPEMAC@YAHOO.COM",
        "dateOfBirth": "1966-10-07T12:00:00",
        "ssn": "391230313",
        "userOrders": null,
        "isSold": false,
        "id": 28058
    },
    {
        "firstName": "MELANIE",
        "lastName": "HARMON",
        "phone": "7653765940",
        "address": "1412 SHORT ST",
        "city": "COVINGTON",
        "state": "IN",
        "zip": "47932",
        "email": "HARMONM@COVINGTON.K12.IN.US",
        "dateOfBirth": "1966-03-17T12:00:00",
        "ssn": "305887500",
        "userOrders": null,
        "isSold": false,
        "id": 28123
    },
    {
        "firstName": "GEORGE",
        "lastName": "KILPATRICK",
        "phone": "7869913522",
        "address": "6825 SW 15TH ST",
        "city": "PMBRK PNS",
        "state": "PNES",
        "zip": "33023",
        "email": "BOOBAH1192@YAHOO.COM",
        "dateOfBirth": "1966-09-07T12:00:00",
        "ssn": "267833880",
        "userOrders": null,
        "isSold": false,
        "id": 28147
    },
    {
        "firstName": "FERHIWOT",
        "lastName": "MAMO",
        "phone": "7704985238",
        "address": "5260 ROCK PLACE DR",
        "city": "ST MT",
        "state": "MTN",
        "zip": "30087",
        "email": "FERHIWOTMAMO@YAHOO.COM",
        "dateOfBirth": "1966-11-19T12:00:00",
        "ssn": "670033659",
        "userOrders": null,
        "isSold": false,
        "id": 28181
    },
    {
        "firstName": "PAULA",
        "lastName": "GEAN",
        "phone": "5012474560",
        "address": "29 BERNEY WAY DR",
        "city": "LITTLE ROCK",
        "state": "ROCK",
        "zip": "72223",
        "email": "PAULA.GEAN@ATT.NET",
        "dateOfBirth": "1966-03-12T12:00:00",
        "ssn": "432397340",
        "userOrders": null,
        "isSold": true,
        "id": 28207
    }
]