[
    {
        "firstName": "BARRY",
        "lastName": "D",
        "phone": "8178253244",
        "address": "401 RIVER RIDGE RD",
        "city": "ROANOKE",
        "state": "TX",
        "zip": "76262",
        "email": "AEHODGES6@SBCGLOBAL.NET",
        "dateOfBirth": "1966-09-17T12:00:00",
        "ssn": "466491700",
        "userOrders": null,
        "isSold": false,
        "id": 22388
    },
    {
        "firstName": "WILLETTE",
        "lastName": "LAWRENCE",
        "phone": "6787762222",
        "address": "550 THORNBUSH TRCE",
        "city": "LWRNCVL",
        "state": "GA",
        "zip": "30045",
        "email": "KAWR_4072@BELLSOUTH.NET",
        "dateOfBirth": "1966-06-03T12:00:00",
        "ssn": "259414144",
        "userOrders": null,
        "isSold": false,
        "id": 22443
    },
    {
        "firstName": "MARIA",
        "lastName": "JOSE",
        "phone": "9543480882",
        "address": "16422 SW 1ST ST",
        "city": "PMBRK PNS",
        "state": "PNES",
        "zip": "33027",
        "email": "MARIAJOSE_128@HOTMAIL.COM",
        "dateOfBirth": "1966-05-18T12:00:00",
        "ssn": "590067538",
        "userOrders": null,
        "isSold": false,
        "id": 22444
    },
    {
        "firstName": "MILTON",
        "lastName": "MORELAND",
        "phone": "9013595075",
        "address": "8269 TIMBER OAKS CV",
        "city": "MEMPHIS",
        "state": "TN",
        "zip": "38018",
        "email": "MILTONDINA@BELLSOUTH.NET",
        "dateOfBirth": "1966-05-02T12:00:00",
        "ssn": "444522924",
        "userOrders": null,
        "isSold": false,
        "id": 22459
    },
    {
        "firstName": "STEVEN",
        "lastName": "BROUSSARD",
        "phone": "9044779579",
        "address": "3063 CAPTIVA BLUFF RD N",
        "city": "JKVL",
        "state": "FL",
        "zip": "32226",
        "email": "BROUS137@GMAIL.COM",
        "dateOfBirth": "1966-11-18T12:00:00",
        "ssn": "433234635",
        "userOrders": null,
        "isSold": false,
        "id": 22473
    },
    {
        "firstName": "HELMUT",
        "lastName": "STEPP",
        "phone": "4696679824",
        "address": "APT 106",
        "city": "MCKINNEY",
        "state": "JOE",
        "zip": "75070",
        "email": "628386@GMAIL.COM",
        "dateOfBirth": "1966-02-05T12:00:00",
        "ssn": "430255155",
        "userOrders": null,
        "isSold": false,
        "id": 22479
    },
    {
        "firstName": "JORGE",
        "lastName": "CARRION",
        "phone": "4072691082",
        "address": "5136 BARNEGAT POINT RD",
        "city": "ORL",
        "state": "FL",
        "zip": "32808",
        "email": "CARRIOJ@GMAIL.COM",
        "dateOfBirth": "1966-09-26T12:00:00",
        "ssn": "584794074",
        "userOrders": null,
        "isSold": false,
        "id": 22523
    },
    {
        "firstName": "RHONDA",
        "lastName": "MYERS",
        "phone": "3133454083",
        "address": "16247 GRIGGS ST",
        "city": "DETROIT",
        "state": "MI",
        "zip": "48221",
        "email": "RMYERS4843@SBCGLOBAL.NET",
        "dateOfBirth": "1966-04-06T12:00:00",
        "ssn": "270581781",
        "userOrders": null,
        "isSold": false,
        "id": 22680
    },
    {
        "firstName": "RONALD",
        "lastName": "LOCHNER",
        "phone": "7342502510",
        "address": "28815 COUNTRY LN",
        "city": "HURON TWP",
        "state": "ROCK",
        "zip": "48134",
        "email": "RANDK8825@GMAIL.COM",
        "dateOfBirth": "1966-05-05T12:00:00",
        "ssn": "381905051",
        "userOrders": null,
        "isSold": true,
        "id": 22772
    },
    {
        "firstName": "FRANCISCO",
        "lastName": "BARRAGAN",
        "phone": "6303403773",
        "address": "566 COLORADO AVE",
        "city": "AURORA",
        "state": "IL",
        "zip": "60506",
        "email": "FRANCISCO.BARRAGAN@ATT.NET",
        "dateOfBirth": "1966-10-04T12:00:00",
        "ssn": "612140698",
        "userOrders": null,
        "isSold": false,
        "id": 22795
    },
    {
        "firstName": "BRUNETTE",
        "lastName": "VALENTINE",
        "phone": "2252051176",
        "address": "2254568764",
        "city": "DONALDSONVLLE LA 70346-3714",
        "state": "3RD",
        "zip": "DONALDSONVILLE",
        "email": "70346",
        "dateOfBirth": "1966-10-31T12:00:00",
        "ssn": "435199286",
        "userOrders": null,
        "isSold": false,
        "id": 22812
    },
    {
        "firstName": "AIDA",
        "lastName": "VENTURA",
        "phone": "6784100740",
        "address": "139 SUMMERFIELD XING",
        "city": "ACW",
        "state": "GA",
        "zip": "30101",
        "email": "AIDA997711@GMAIL.COM",
        "dateOfBirth": "1966-01-14T12:00:00",
        "ssn": "142629279",
        "userOrders": null,
        "isSold": false,
        "id": 22900
    },
    {
        "firstName": "EMANUEL",
        "lastName": "MACKEY",
        "phone": "9543090433",
        "address": "9526 LAKEVIEW RD",
        "city": "UN CY",
        "state": "CITY",
        "zip": "30291",
        "email": "MANNYBOOYOU@YAHOO.COM",
        "dateOfBirth": "1966-04-22T12:00:00",
        "ssn": "265253442",
        "userOrders": null,
        "isSold": false,
        "id": 22910
    },
    {
        "firstName": "HECTOR",
        "lastName": "MARTINEZ",
        "phone": "2817435294",
        "address": "16607 KASSIKAY DR",
        "city": "HOUSTON",
        "state": "TX",
        "zip": "77084",
        "email": "HECTOR3747@ATT.NET",
        "dateOfBirth": "1966-04-01T12:00:00",
        "ssn": "639019926",
        "userOrders": null,
        "isSold": false,
        "id": 22924
    },
    {
        "firstName": "MARIA",
        "lastName": "CANO",
        "phone": "9046513816",
        "address": "5663 GREENLAND RD UNIT 502",
        "city": "JKVL",
        "state": "FL",
        "zip": "32257",
        "email": "DUBERCANO@HOTMAIL.COM",
        "dateOfBirth": "1966-08-07T12:00:00",
        "ssn": "768627588",
        "userOrders": null,
        "isSold": false,
        "id": 22973
    }
]