[
    {
        "firstName": "JAMES",
        "lastName": "BUSH",
        "phone": "3056915154",
        "address": "1942 NW 65TH ST",
        "city": "MIA",
        "state": "FL",
        "zip": "33147",
        "email": "JIMMYTHEPLUMBER@ATT.NET",
        "dateOfBirth": "1966-01-26T12:00:00",
        "ssn": "263656158",
        "userOrders": null,
        "isSold": false,
        "id": 48476
    },
    {
        "firstName": "RENA",
        "lastName": "AUSTIN",
        "phone": "4782953047",
        "address": "124 SUGARBERRY DR NE",
        "city": "MILLEDGEVILLE",
        "state": "GA",
        "zip": "31061",
        "email": "S.AUSTIN91@YAHOO.COM",
        "dateOfBirth": "1966-08-29T12:00:00",
        "ssn": "254379980",
        "userOrders": null,
        "isSold": false,
        "id": 48560
    },
    {
        "firstName": "SANDRA",
        "lastName": "SEGOVIA",
        "phone": "5125736772",
        "address": "PO BOX 156",
        "city": "AUSTIN",
        "state": "TX",
        "zip": "78728",
        "email": "JOEYSEGOVIA@HOTMAIL.COM",
        "dateOfBirth": "1966-09-10T12:00:00",
        "ssn": "511803622",
        "userOrders": null,
        "isSold": false,
        "id": 48577
    },
    {
        "firstName": "HILARIO",
        "lastName": "FUENTES",
        "phone": "8329093602",
        "address": "16209 MARKET ST",
        "city": "CHANNELVIEW",
        "state": "TX",
        "zip": "77530",
        "email": "TITOCU8@YAHOO.COM",
        "dateOfBirth": "1966-01-14T12:00:00",
        "ssn": "604260159",
        "userOrders": null,
        "isSold": false,
        "id": 48603
    },
    {
        "firstName": "WENDY",
        "lastName": "COLLINS",
        "phone": "4143057275",
        "address": "6036 S ELAINE AVE",
        "city": "CUDAHY",
        "state": "WI",
        "zip": "53110",
        "email": "WENDYCUPCAKE@SBCGLOBAL.NET",
        "dateOfBirth": "1966-12-21T12:00:00",
        "ssn": "390909899",
        "userOrders": null,
        "isSold": false,
        "id": 48639
    },
    {
        "firstName": "ELIZABETH",
        "lastName": "BLANTON",
        "phone": "6189792260",
        "address": "2026 3RD ST",
        "city": "BELVL",
        "state": "CARONDELET",
        "zip": "62221",
        "email": "ELIZABETH_BLANTON@BCBSIL.COM",
        "dateOfBirth": "1966-10-11T12:00:00",
        "ssn": "332624593",
        "userOrders": null,
        "isSold": false,
        "id": 48682
    },
    {
        "firstName": "HILDA",
        "lastName": "OLIVA",
        "phone": "6192893265",
        "address": "578 J ST APT B",
        "city": "CHLA VSTA",
        "state": "VISTA",
        "zip": "91910",
        "email": "HILDAOLIVA2004@YAHOO.COM",
        "dateOfBirth": "1966-05-26T12:00:00",
        "ssn": "451572356",
        "userOrders": null,
        "isSold": true,
        "id": 48752
    },
    {
        "firstName": "CARL",
        "lastName": "SMITH",
        "phone": "8037861252",
        "address": "901 STEBONDALE RD",
        "city": "COLA",
        "state": "SC",
        "zip": "29203",
        "email": "SMOOOT123@GMAIL.COM",
        "dateOfBirth": "1966-07-04T12:00:00",
        "ssn": "249393742",
        "userOrders": null,
        "isSold": false,
        "id": 48822
    },
    {
        "firstName": "KIRK",
        "lastName": "STEINBRUEGGE",
        "phone": "6364934444",
        "address": "58 JUDY DR",
        "city": "ST CHARLES",
        "state": "CHARLES",
        "zip": "63301",
        "email": "KSTEIN01@ATT.NET",
        "dateOfBirth": "1966-12-27T12:00:00",
        "ssn": "600107185",
        "userOrders": null,
        "isSold": false,
        "id": 48825
    },
    {
        "firstName": "EDDIE",
        "lastName": "MORENO",
        "phone": "1111110002",
        "address": "1842 DENISON ST",
        "city": "POMONA",
        "state": "CA",
        "zip": "91766",
        "email": "CAB4ED@HOTMAIL.COM",
        "dateOfBirth": "1966-06-19T12:00:00",
        "ssn": "569594393",
        "userOrders": null,
        "isSold": false,
        "id": 48853
    },
    {
        "firstName": "MICHELLE",
        "lastName": "TORRES",
        "phone": "3106309519",
        "address": "17701 AVALON BLVD SPC 75",
        "city": "TOR",
        "state": "CA",
        "zip": "90505",
        "email": "MEDICWMN@GMAIL.COM",
        "dateOfBirth": "1966-03-11T12:00:00",
        "ssn": "556557670",
        "userOrders": null,
        "isSold": false,
        "id": 48908
    },
    {
        "firstName": "NATALIE",
        "lastName": "SCOTTI",
        "phone": "8479225637",
        "address": "45 KATRINA LN",
        "city": "SLEEPY HOLLOW",
        "state": "HOLLOW",
        "zip": "60118",
        "email": "BENAMOU-SCOTTI@ATT.NET",
        "dateOfBirth": "1966-12-14T12:00:00",
        "ssn": "366844559",
        "userOrders": null,
        "isSold": false,
        "id": 48952
    },
    {
        "firstName": "CHRIS",
        "lastName": "DITTOE",
        "phone": "6148049854",
        "address": "3222 HOWEY RD",
        "city": "COLUMBUS",
        "state": "OH",
        "zip": "43224",
        "email": "DITTOE.2@GMAIL.COM",
        "dateOfBirth": "1966-03-10T12:00:00",
        "ssn": "285500347",
        "userOrders": null,
        "isSold": false,
        "id": 49231
    },
    {
        "firstName": "ASHIM",
        "lastName": "PAUL",
        "phone": "6709953016",
        "address": "958 HOLLY ST",
        "city": "SC",
        "state": "CARLOS",
        "zip": "94070",
        "email": "ASHIMKP@HOTMAIL.COM",
        "dateOfBirth": "1966-12-01T12:00:00",
        "ssn": "191785499",
        "userOrders": null,
        "isSold": true,
        "id": 49343
    },
    {
        "firstName": "CHRIS",
        "lastName": "S",
        "phone": "6785440977",
        "address": "505 KINCAID AVE",
        "city": "GRIF",
        "state": "GA",
        "zip": "30224",
        "email": "CHRISHUCKABY95@GMAIL.COM",
        "dateOfBirth": "1966-12-07T12:00:00",
        "ssn": "252450838",
        "userOrders": null,
        "isSold": false,
        "id": 49421
    }
]