[
    {
        "firstName": "STEFANIE",
        "lastName": "GARRETT",
        "phone": "7067694306",
        "address": "1250 CHRISTIAN DR",
        "city": "WATK",
        "state": "GA",
        "zip": "30677",
        "email": "GARRETT051966@YAHOO.COM",
        "dateOfBirth": "1966-05-19T12:00:00",
        "ssn": "379546636",
        "userOrders": null,
        "isSold": false,
        "id": 54235
    },
    {
        "firstName": "SCOTT",
        "lastName": "CLAYPOOLE",
        "phone": "2145432586",
        "address": "4016 39TH ST",
        "city": "LUBBOCK",
        "state": "TX",
        "zip": "79413",
        "email": "SBC0210@YAHOO.COM",
        "dateOfBirth": "1966-02-26T12:00:00",
        "ssn": "187626909",
        "userOrders": null,
        "isSold": false,
        "id": 54249
    },
    {
        "firstName": ";",
        "lastName": "RIDDELL",
        "phone": "9111111111",
        "address": "16371 W 156TH ST",
        "city": "OLATHE",
        "state": "KS",
        "zip": "66062",
        "email": "AAAA@AAA.COM",
        "dateOfBirth": "1966-03-05T12:00:00",
        "ssn": "443825532",
        "userOrders": null,
        "isSold": true,
        "id": 54272
    },
    {
        "firstName": "GERARDO",
        "lastName": "SANTILLAN",
        "phone": "5104329441",
        "address": "27807 LA PORTE AVE",
        "city": "HAY",
        "state": "CA",
        "zip": "94545",
        "email": "ELGERISSR@HOTMAIL.COM",
        "dateOfBirth": "1966-04-12T12:00:00",
        "ssn": "616591936",
        "userOrders": null,
        "isSold": false,
        "id": 54309
    },
    {
        "firstName": "CHRIS",
        "lastName": "REYNOOLDS",
        "phone": "2096053568",
        "address": "1108 ULRICH AVE",
        "city": "MDSTO",
        "state": "CA",
        "zip": "95350",
        "email": "CHRIS@MODESTOTAXES.COM",
        "dateOfBirth": "1966-12-14T12:00:00",
        "ssn": "546818917",
        "userOrders": null,
        "isSold": false,
        "id": 54318
    },
    {
        "firstName": "ZYONIA",
        "lastName": "MCSERRIN",
        "phone": "7702561617",
        "address": "1650 BARNES MILL RD APT 2426",
        "city": "MRETA",
        "state": "GA",
        "zip": "30062",
        "email": "ZYONIA@ATT.NET",
        "dateOfBirth": "1966-03-22T12:00:00",
        "ssn": "362803888",
        "userOrders": null,
        "isSold": false,
        "id": 54359
    },
    {
        "firstName": "YVONNE",
        "lastName": "PETROSS",
        "phone": "4326936112",
        "address": "2722 FOREST PARK AVE",
        "city": "KERMIT",
        "state": "ANGELO",
        "zip": "79745",
        "email": "YVONNEPETROSS@SBCGLOBAL.NET",
        "dateOfBirth": "1966-08-28T12:00:00",
        "ssn": "465638077",
        "userOrders": null,
        "isSold": false,
        "id": 54383
    },
    {
        "firstName": "KAYLA",
        "lastName": "KESLER",
        "phone": "6786171624",
        "address": "1458 ENOTA AVE NE",
        "city": "GANV",
        "state": "GA",
        "zip": "30506",
        "email": "KAYLALKESLER@GMAIL.COM",
        "dateOfBirth": "1966-10-12T12:00:00",
        "ssn": "253193108",
        "userOrders": null,
        "isSold": false,
        "id": 54402
    },
    {
        "firstName": "DAVID",
        "lastName": "GORDE",
        "phone": "8104412149",
        "address": "PO BOX 83",
        "city": "FREMONT TWP",
        "state": "MI",
        "zip": "48744",
        "email": "GORDE@SBCGLOBAL.NET",
        "dateOfBirth": "1966-01-31T12:00:00",
        "ssn": "374868289",
        "userOrders": null,
        "isSold": false,
        "id": 54517
    },
    {
        "firstName": "KIRK",
        "lastName": "SOMMERS",
        "phone": "5592508511",
        "address": "1524 SCOTT AVE",
        "city": "CLOVIS",
        "state": "CA",
        "zip": "93611",
        "email": "SONNYTOBYTHEO@YAHOO.COM",
        "dateOfBirth": "1966-08-09T12:00:00",
        "ssn": "556882939",
        "userOrders": null,
        "isSold": false,
        "id": 54547
    },
    {
        "firstName": "BRENDA",
        "lastName": "HIGGINS",
        "phone": "3309202679",
        "address": "3309201956",
        "city": "CUYAHOGA FLS OH 44221-4331",
        "state": "MYRTLE",
        "zip": "CUYAHOGA FALLS",
        "email": "44221",
        "dateOfBirth": "1966-03-14T12:00:00",
        "ssn": "293662890",
        "userOrders": null,
        "isSold": false,
        "id": 54568
    },
    {
        "firstName": "ROBERT",
        "lastName": "LOVE",
        "phone": "8172916262",
        "address": "211 E CANYON GROVE RD APT 824",
        "city": "MELISSA",
        "state": "TX",
        "zip": "75454",
        "email": "CLOVE01@ATT.NET",
        "dateOfBirth": "1966-07-17T12:00:00",
        "ssn": "446761132",
        "userOrders": null,
        "isSold": false,
        "id": 54608
    },
    {
        "firstName": "DANILO",
        "lastName": "VILLEGAS",
        "phone": "4078791025",
        "address": "13804 GLASSER AVE",
        "city": "ORL",
        "state": "FL",
        "zip": "32826",
        "email": "VILASDA27@GMAIL.COM",
        "dateOfBirth": "1966-07-27T12:00:00",
        "ssn": "595977496",
        "userOrders": null,
        "isSold": false,
        "id": 54749
    },
    {
        "firstName": "JAMES",
        "lastName": "DELAWSON",
        "phone": "2708813339",
        "address": "10859 BUTLER RD",
        "city": "HOPKINSVILLE",
        "state": "KY",
        "zip": "42240",
        "email": "KEVINDELAWSON@GMAIL.COM",
        "dateOfBirth": "1966-10-25T12:00:00",
        "ssn": "403083250",
        "userOrders": null,
        "isSold": false,
        "id": 54880
    },
    {
        "firstName": "ERIC",
        "lastName": "SMITH",
        "phone": "9723909665",
        "address": "1210 ASHFORD LN",
        "city": "ALLEN",
        "state": "TX",
        "zip": "75002",
        "email": "BOTHSIDE_ES@HOTMAIL.COM",
        "dateOfBirth": "1966-08-28T12:00:00",
        "ssn": "458193182",
        "userOrders": null,
        "isSold": false,
        "id": 54956
    }
]