[
    {
        "firstName": "SAM",
        "lastName": "GONZALES",
        "phone": "3615635330",
        "address": "7110 CRESTED BUTTE DR",
        "city": "CORPUS CHRISTI",
        "state": "CHRISTI",
        "zip": "78413",
        "email": "SG3PKO@HOTMAIL.COM",
        "dateOfBirth": "1966-07-18T12:00:00",
        "ssn": "570316281",
        "userOrders": null,
        "isSold": false,
        "id": 90953
    },
    {
        "firstName": "DAMIAN",
        "lastName": "LEMONS",
        "phone": "3103500650",
        "address": "5870 GREEN VALLEY CIR UNIT 319",
        "city": "CC",
        "state": "CITY",
        "zip": "90230",
        "email": "DLMDG2@LIVE.COM",
        "dateOfBirth": "1966-12-10T12:00:00",
        "ssn": "558064539",
        "userOrders": null,
        "isSold": false,
        "id": 90973
    },
    {
        "firstName": "LORI",
        "lastName": "WINTERS",
        "phone": "7316135315",
        "address": "123 JOSHUA DR",
        "city": "MEDINA",
        "state": "TN",
        "zip": "38355",
        "email": "MARKANDLORIWINTERS@GMAIL.COM",
        "dateOfBirth": "1966-06-21T12:00:00",
        "ssn": "429438802",
        "userOrders": null,
        "isSold": false,
        "id": 91025
    },
    {
        "firstName": "MICHAEL",
        "lastName": "DEMALIGNON",
        "phone": "2519867341",
        "address": "1206 CAMP ST",
        "city": "NEW ORLEANS",
        "state": "ORLEANS",
        "zip": "70113",
        "email": "SMASH_THE_SYSTEM@YAHOO.COM",
        "dateOfBirth": "1966-08-27T12:00:00",
        "ssn": "553496252",
        "userOrders": null,
        "isSold": false,
        "id": 91170
    },
    {
        "firstName": "KELLY",
        "lastName": "GALBREATH",
        "phone": "1111110001",
        "address": "424 EGGERS ST",
        "city": "BISMARCK",
        "state": "MO",
        "zip": "63624",
        "email": "TWOGALBREATHS@YAHOO.COM",
        "dateOfBirth": "1966-10-12T12:00:00",
        "ssn": "489808282",
        "userOrders": null,
        "isSold": false,
        "id": 91282
    },
    {
        "firstName": "MIKE",
        "lastName": "MYERS",
        "phone": "9134867997",
        "address": "15315 W 85TH ST",
        "city": "LENEXA",
        "state": "KS",
        "zip": "66219",
        "email": "MIKEMYERSBMW@HOTMAIL.COM",
        "dateOfBirth": "1966-07-08T12:00:00",
        "ssn": "495603453",
        "userOrders": null,
        "isSold": false,
        "id": 91290
    },
    {
        "firstName": "SAUL",
        "lastName": "CEPEDA",
        "phone": "2816840471",
        "address": "6739 FM 1960",
        "city": "DAYTON",
        "state": "TX",
        "zip": "77535",
        "email": "ALEXCEPEDA30@YAHOO.COM",
        "dateOfBirth": "1966-05-27T12:00:00",
        "ssn": "461854864",
        "userOrders": null,
        "isSold": false,
        "id": 91350
    },
    {
        "firstName": "TODD",
        "lastName": "HACKER",
        "phone": "4054205921",
        "address": "8113 WOODBEND DR",
        "city": "MIDWEST CITY",
        "state": "CITY",
        "zip": "73110",
        "email": "TODD.HACKER@US.AF.MIL",
        "dateOfBirth": "1966-07-30T12:00:00",
        "ssn": "285709233",
        "userOrders": null,
        "isSold": false,
        "id": 91377
    },
    {
        "firstName": "CAROLYN",
        "lastName": "TAFAOIMALO",
        "phone": "4082078200",
        "address": "96 SIERRA MESA DR",
        "city": "SJ",
        "state": "JOSE",
        "zip": "95122",
        "email": "HIEUTHU5264@YAHOO.COM",
        "dateOfBirth": "1966-12-05T12:00:00",
        "ssn": "546594648",
        "userOrders": null,
        "isSold": false,
        "id": 91424
    },
    {
        "firstName": "SHAWN",
        "lastName": "MACKLEY",
        "phone": "3136000690",
        "address": "30773 MILFORD RD",
        "city": "LYON TWP",
        "state": "HUDSON",
        "zip": "48165",
        "email": "SHAWNELIZA2000@YAHOO.COM",
        "dateOfBirth": "1966-02-12T12:00:00",
        "ssn": "383881512",
        "userOrders": null,
        "isSold": false,
        "id": 91432
    },
    {
        "firstName": "MARIA",
        "lastName": "CASTILLO",
        "phone": "7134591386",
        "address": "5919 GLENMONT DR APT 343",
        "city": "HOUSTON",
        "state": "TX",
        "zip": "77081",
        "email": "TYLERCACERES@YAHOO.COM",
        "dateOfBirth": "1966-09-09T12:00:00",
        "ssn": "449316553",
        "userOrders": null,
        "isSold": false,
        "id": 91479
    },
    {
        "firstName": "MIKE",
        "lastName": "HERMAN",
        "phone": "4056200532",
        "address": "35 BOB JONES CT",
        "city": "POTTSBORO",
        "state": "TX",
        "zip": "75076",
        "email": "MHE9774380@AOL.COM",
        "dateOfBirth": "1966-01-09T12:00:00",
        "ssn": "440788296",
        "userOrders": null,
        "isSold": false,
        "id": 91567
    },
    {
        "firstName": "GREGORY",
        "lastName": "DILLON",
        "phone": "5046691161",
        "address": "2449 E SUNNY MEADE DR",
        "city": "HARVEY",
        "state": "LA",
        "zip": "70058",
        "email": "GEOLINED@AOL.COM",
        "dateOfBirth": "1966-11-15T12:00:00",
        "ssn": "437399310",
        "userOrders": null,
        "isSold": false,
        "id": 91650
    },
    {
        "firstName": "PATRICIA.",
        "lastName": "MACDONALD",
        "phone": "5129926959",
        "address": "4911 AVENUE F",
        "city": "AUSTIN",
        "state": "TX",
        "zip": "78751",
        "email": "PATTY.RILEY66@GMAIL.COM",
        "dateOfBirth": "1966-07-08T12:00:00",
        "ssn": "450534607",
        "userOrders": null,
        "isSold": false,
        "id": 91768
    },
    {
        "firstName": "GIDGET",
        "lastName": "ROSEMOND",
        "phone": "2102655482",
        "address": "100 LIECK CV",
        "city": "CIBOLO",
        "state": "TX",
        "zip": "78108",
        "email": "GIDGET0266@YAHOO.COM",
        "dateOfBirth": "1966-02-08T12:00:00",
        "ssn": "521762057",
        "userOrders": null,
        "isSold": false,
        "id": 91968
    }
]