[
    {
        "firstName": "KEITH",
        "lastName": "BOLDE",
        "phone": "3139101198",
        "address": "26448 FORDSON HWY",
        "city": "REDFORD",
        "state": "MI",
        "zip": "48239",
        "email": "KBOLDE@GMAIL.COM",
        "dateOfBirth": "1966-12-14T12:00:00",
        "ssn": "373764371",
        "userOrders": null,
        "isSold": false,
        "id": 74309
    },
    {
        "firstName": "JOSE",
        "lastName": "HERNANDEZ",
        "phone": "3184180399",
        "address": "109 WYLY DR",
        "city": "LAKE PROVIDENCE",
        "state": "PROVIDENCE",
        "zip": "71254",
        "email": "JVICKIGH@AOL.COM",
        "dateOfBirth": "1966-12-09T12:00:00",
        "ssn": "436374885",
        "userOrders": null,
        "isSold": false,
        "id": 74319
    },
    {
        "firstName": "JOSEFINA",
        "lastName": "SCHAGAR",
        "phone": "8322653638",
        "address": "1903 TRIXIE LN",
        "city": "HOUSTON",
        "state": "TX",
        "zip": "77006",
        "email": "MILLIONEUROS@HOTMAIL.COM",
        "dateOfBirth": "1966-03-10T12:00:00",
        "ssn": "568568487",
        "userOrders": null,
        "isSold": false,
        "id": 74325
    },
    {
        "firstName": "MICHELLE",
        "lastName": "COOK",
        "phone": "4178818984",
        "address": "3733 S MORELAND CT",
        "city": "GREENE COUNTY",
        "state": "MO",
        "zip": "65807",
        "email": "MIKKI241378@SBCGLOBAL.NET",
        "dateOfBirth": "1966-02-24T12:00:00",
        "ssn": "313780644",
        "userOrders": null,
        "isSold": false,
        "id": 74405
    },
    {
        "firstName": "TRACY",
        "lastName": "DUFFEY",
        "phone": "7708767417",
        "address": "100 NORTH AVE - B",
        "city": "HMPTN",
        "state": "GA",
        "zip": "30228",
        "email": "GAXXFAN@GMAIL.COM",
        "dateOfBirth": "1966-01-04T12:00:00",
        "ssn": "257417881",
        "userOrders": null,
        "isSold": false,
        "id": 74463
    },
    {
        "firstName": "RICHARD",
        "lastName": "HAYWOOD",
        "phone": "4402412829",
        "address": "1417 RED MAPLE DR",
        "city": "PAINESVILLE TWP",
        "state": "OH",
        "zip": "44077",
        "email": "RHAYWOOD43@GMAIL.COM",
        "dateOfBirth": "1966-12-19T12:00:00",
        "ssn": "295780650",
        "userOrders": null,
        "isSold": false,
        "id": 74478
    },
    {
        "firstName": "MARK",
        "lastName": "KELLY",
        "phone": "3239476192",
        "address": "254 E LANZIT AVE APT 4",
        "city": "LA",
        "state": "ANGELES",
        "zip": "90061",
        "email": "IGEINV7140@ATT.NET",
        "dateOfBirth": "1966-08-13T12:00:00",
        "ssn": "592265141",
        "userOrders": null,
        "isSold": false,
        "id": 74535
    },
    {
        "firstName": "SUZANNE",
        "lastName": "BROWN",
        "phone": "9546672171",
        "address": "19209 NW 47TH AVE",
        "city": "MIA",
        "state": "GARDENS",
        "zip": "33055",
        "email": "UPALLNIGHTMUSIC@AOL.COM",
        "dateOfBirth": "1966-09-01T12:00:00",
        "ssn": "590012423",
        "userOrders": null,
        "isSold": false,
        "id": 74671
    },
    {
        "firstName": "NESTOR",
        "lastName": "MENDOZA",
        "phone": "6197480701",
        "address": "6986 FULTON ST",
        "city": "SD",
        "state": "DIEGO",
        "zip": "92123",
        "email": "LEAGMENDOZA@YAHOO.COM",
        "dateOfBirth": "1966-08-30T12:00:00",
        "ssn": "623277588",
        "userOrders": null,
        "isSold": false,
        "id": 74790
    },
    {
        "firstName": "MICHAEL",
        "lastName": "MOELL",
        "phone": "1111110001",
        "address": "555 CAHOON RD",
        "city": "BAY VILLAGE",
        "state": "VILLAGE",
        "zip": "44140",
        "email": "RMOELL@HOTMAIL.COM",
        "dateOfBirth": "1966-08-24T12:00:00",
        "ssn": "298789352",
        "userOrders": null,
        "isSold": true,
        "id": 74966
    },
    {
        "firstName": "BRIAN",
        "lastName": "GOSDA",
        "phone": "8172812521",
        "address": "124 STONEWICK DR",
        "city": "FORT WORTH",
        "state": "TX",
        "zip": "76137",
        "email": "BRIAN.GOSDA@ATT.NET",
        "dateOfBirth": "1966-11-26T12:00:00",
        "ssn": "441803068",
        "userOrders": null,
        "isSold": false,
        "id": 75163
    },
    {
        "firstName": "LORIE",
        "lastName": "PUCKETT",
        "phone": "4235957348",
        "address": "522 NEW HOPE RD SE",
        "city": "CLEVELAND",
        "state": "TN",
        "zip": "37323",
        "email": "LPUKETT@KW.COM",
        "dateOfBirth": "1966-08-27T12:00:00",
        "ssn": "415374319",
        "userOrders": null,
        "isSold": false,
        "id": 75206
    },
    {
        "firstName": "TEENA",
        "lastName": "MARTIN",
        "phone": "9125268814",
        "address": "189 N HAMILTON ST",
        "city": "LYO",
        "state": "GA",
        "zip": "30436",
        "email": "TEENA-MARTIN@ATT.NET",
        "dateOfBirth": "1966-01-26T12:00:00",
        "ssn": "253394118",
        "userOrders": null,
        "isSold": false,
        "id": 75338
    },
    {
        "firstName": "AMY",
        "lastName": "MECHAM",
        "phone": "9255860976",
        "address": "4866 STONE ROAD",
        "city": "BETH IS",
        "state": "IS",
        "zip": "94511",
        "email": "RIVERATA@YAHOO.COM",
        "dateOfBirth": "1966-09-23T12:00:00",
        "ssn": "565350474",
        "userOrders": null,
        "isSold": false,
        "id": 75343
    },
    {
        "firstName": "CHARISSE",
        "lastName": "JONES",
        "phone": "3145503181",
        "address": "4770 KINGS DR APT C",
        "city": "ST LOUIS",
        "state": "LOUIS",
        "zip": "63116",
        "email": "CMATTHEWSON123@GMAIL.COM",
        "dateOfBirth": "1966-03-23T12:00:00",
        "ssn": "239086317",
        "userOrders": null,
        "isSold": false,
        "id": 75389
    }
]