[
    {
        "firstName": "SALOMON",
        "lastName": "ORTIZ",
        "phone": "5103871418",
        "address": "1917 E 17TH ST APT LWR",
        "city": "OAK",
        "state": "CA",
        "zip": "94606",
        "email": "SALOMONORTIZ616@YAHOO.COM",
        "dateOfBirth": "1966-03-13T12:00:00",
        "ssn": "572616361",
        "userOrders": null,
        "isSold": false,
        "id": 101499
    },
    {
        "firstName": "MARK",
        "lastName": "RUTKOWSKI",
        "phone": "6304837956",
        "address": "CARRIE RUTKOWSKI",
        "city": "STREAMWD",
        "state": "SOMERSET",
        "zip": "60107",
        "email": "RUTKOWSKI92@SBCGLOBAL.NET",
        "dateOfBirth": "1966-06-19T12:00:00",
        "ssn": "318747994",
        "userOrders": null,
        "isSold": false,
        "id": 101569
    },
    {
        "firstName": "BRIAN",
        "lastName": "SORENSEN",
        "phone": "8179925132",
        "address": "APT 112",
        "city": "ARLINGTON",
        "state": "ASCENSION",
        "zip": "76006",
        "email": "BANDGBILLS@GMAIL.COM",
        "dateOfBirth": "1966-10-24T12:00:00",
        "ssn": "367906318",
        "userOrders": null,
        "isSold": false,
        "id": 101629
    },
    {
        "firstName": "BOBBY",
        "lastName": "JOHNSON",
        "phone": "3059895981",
        "address": "3697 NW 214TH ST",
        "city": "MIAMI GARDENS",
        "state": "GARDENS",
        "zip": "33056",
        "email": "JOHN7735@HOTMAIL.COM",
        "dateOfBirth": "1966-04-23T12:00:00",
        "ssn": "266511526",
        "userOrders": null,
        "isSold": false,
        "id": 101634
    },
    {
        "firstName": "KEVIN",
        "lastName": "SMITH",
        "phone": "7134919345",
        "address": "8634 VALLEY MEADOW DR",
        "city": "HOUSTON",
        "state": "TX",
        "zip": "77078",
        "email": "T.SMITH287S@SBCGLOBAL.NET",
        "dateOfBirth": "1966-09-25T12:00:00",
        "ssn": "353568398",
        "userOrders": null,
        "isSold": false,
        "id": 101700
    },
    {
        "firstName": "WEDAD",
        "lastName": "MARDINI",
        "phone": "9045713751",
        "address": "3258 PRATHER DR",
        "city": "JKVL",
        "state": "FL",
        "zip": "32216",
        "email": "WEDADMARDINI@ATT.NET",
        "dateOfBirth": "1966-01-20T12:00:00",
        "ssn": "589451054",
        "userOrders": null,
        "isSold": false,
        "id": 101807
    },
    {
        "firstName": "KORIN",
        "lastName": "JOHNSON",
        "phone": "6087744043",
        "address": "2937 KENSINGTON LN",
        "city": "BELOIT",
        "state": "WI",
        "zip": "53511",
        "email": "KEITHCARTER6176@GMAIL.COM",
        "dateOfBirth": "1966-08-25T12:00:00",
        "ssn": "395769613",
        "userOrders": null,
        "isSold": false,
        "id": 101851
    },
    {
        "firstName": "MICHEAL",
        "lastName": "MORGAN",
        "phone": "3308121460",
        "address": "2235 9TH ST SW",
        "city": "AKRON",
        "state": "OH",
        "zip": "44314",
        "email": "MMTHUMPER30@GMAIL.COM",
        "dateOfBirth": "1966-11-10T12:00:00",
        "ssn": "300784192",
        "userOrders": null,
        "isSold": false,
        "id": 101959
    },
    {
        "firstName": "BAUDELIO",
        "lastName": "F",
        "phone": "3232276257",
        "address": "3600 ARROYO SECO AVE",
        "city": "LA",
        "state": "ANGELES",
        "zip": "90065",
        "email": "BAUDELIO.RODRIGUEZ@ATT.NET",
        "dateOfBirth": "1966-11-26T12:00:00",
        "ssn": "597428543",
        "userOrders": null,
        "isSold": false,
        "id": 102008
    },
    {
        "firstName": "REMIGIO",
        "lastName": "SALAZAR",
        "phone": "9512314556",
        "address": "237 E PARKRIDGE AVE APT G",
        "city": "COR",
        "state": "CA",
        "zip": "92879",
        "email": "SALAZAR_FBETH71@YAHOO.COM",
        "dateOfBirth": "1966-07-23T12:00:00",
        "ssn": "625311138",
        "userOrders": null,
        "isSold": false,
        "id": 102031
    },
    {
        "firstName": "KATHY",
        "lastName": "ELLIOTT",
        "phone": "1111110001",
        "address": "904 N 5TH ST",
        "city": "POPLAR BLUFF",
        "state": "BLUFF",
        "zip": "63901",
        "email": "ELLIOTT4KIDS@YAHOO.COM",
        "dateOfBirth": "1966-09-23T12:00:00",
        "ssn": "394604707",
        "userOrders": null,
        "isSold": true,
        "id": 102055
    },
    {
        "firstName": "EMANUEL",
        "lastName": "HLEZA",
        "phone": "4157244515",
        "address": "2143 CRESTVIEW LN APT A",
        "city": "PIT",
        "state": "CA",
        "zip": "94565",
        "email": "EMANUELHLEZA@YAHOO.COM",
        "dateOfBirth": "1966-02-14T12:00:00",
        "ssn": "623713243",
        "userOrders": null,
        "isSold": false,
        "id": 102144
    },
    {
        "firstName": "ANGELA",
        "lastName": "ZELAYA",
        "phone": "9498913262",
        "address": "APT 150",
        "city": "LAG HLS",
        "state": "LOS",
        "zip": "92653",
        "email": "ANGELA3239@ATT.NET",
        "dateOfBirth": "1966-05-13T12:00:00",
        "ssn": "143940884",
        "userOrders": null,
        "isSold": false,
        "id": 102171
    },
    {
        "firstName": "SCOTT",
        "lastName": "SNIDER",
        "phone": "6192041424",
        "address": "1735 CATALINA BLVD",
        "city": "SD",
        "state": "DIEGO",
        "zip": "92107",
        "email": "SCOTTSNIDER66@GMAIL.COM",
        "dateOfBirth": "1966-02-21T12:00:00",
        "ssn": "567172884",
        "userOrders": null,
        "isSold": false,
        "id": 102185
    },
    {
        "firstName": "MARIA",
        "lastName": "FLORES",
        "phone": "8172312658",
        "address": "6128 WALNUT DR",
        "city": "FORT WORTH",
        "state": "WORTH",
        "zip": "76114",
        "email": "EUGENIO0787@ATT.NET",
        "dateOfBirth": "1966-08-03T12:00:00",
        "ssn": "629012773",
        "userOrders": null,
        "isSold": false,
        "id": 102209
    }
]