[
    {
        "firstName": "AMY",
        "lastName": "HAMON",
        "phone": "3174458801",
        "address": "827 SUNBLEST BLVD",
        "city": "FISHERS",
        "state": "IN",
        "zip": "46038",
        "email": "HAMON827@ATT.NET",
        "dateOfBirth": "1966-08-19T12:00:00",
        "ssn": "305883656",
        "userOrders": null,
        "isSold": false,
        "id": 47892
    },
    {
        "firstName": "LEO",
        "lastName": "CARRILLO",
        "phone": "6265369096",
        "address": "272 KENNEDY ST APT 55",
        "city": "CHLA VSTA",
        "state": "VISTA",
        "zip": "91911",
        "email": "BNTCANO47@GMAIL.COM",
        "dateOfBirth": "1966-02-08T12:00:00",
        "ssn": "561137373",
        "userOrders": null,
        "isSold": true,
        "id": 47989
    },
    {
        "firstName": "CHERYL",
        "lastName": "COLBURN",
        "phone": "9164203584",
        "address": "7453 POCKET RD",
        "city": "SAC",
        "state": "CA",
        "zip": "95831",
        "email": "CHERYL.COLBURN@SBCGLOBAL.NET",
        "dateOfBirth": "1966-02-16T12:00:00",
        "ssn": "564571355",
        "userOrders": null,
        "isSold": false,
        "id": 48075
    },
    {
        "firstName": "RONNIE",
        "lastName": "HAYES",
        "phone": "1111110001",
        "address": "9006 N 156TH EAST AVE",
        "city": "OWASSO",
        "state": "OK",
        "zip": "74055",
        "email": "JENNIFER@CAMPCOURAGEUSA.COM",
        "dateOfBirth": "1966-09-22T12:00:00",
        "ssn": "441607380",
        "userOrders": null,
        "isSold": false,
        "id": 48079
    },
    {
        "firstName": "KATHLEEN",
        "lastName": "GROGAN",
        "phone": "2134072148",
        "address": "6512 MONTEREY RD APT C",
        "city": "LA",
        "state": "ANGELES",
        "zip": "90042",
        "email": "KATHLEENGROGAN@YMAIL.COM",
        "dateOfBirth": "1966-02-05T12:00:00",
        "ssn": "294566941",
        "userOrders": null,
        "isSold": false,
        "id": 48087
    },
    {
        "firstName": "KIM",
        "lastName": "AYERS",
        "phone": "2483425639",
        "address": "5446 BOYNE HIGHLAND TRL",
        "city": "INDEPENDENCE TWP",
        "state": "MI",
        "zip": "48346",
        "email": "KAYERS@BEAUMONTHOSPITALS.COM",
        "dateOfBirth": "1966-06-20T12:00:00",
        "ssn": "369866182",
        "userOrders": null,
        "isSold": false,
        "id": 48118
    },
    {
        "firstName": "ANNA",
        "lastName": "SZELEST",
        "phone": "2108365086",
        "address": "2602 OAK ML",
        "city": "SAN ANTONIO",
        "state": "ANTONIO",
        "zip": "78251",
        "email": "ASZELEST@HOTMAIL.COM",
        "dateOfBirth": "1966-01-29T12:00:00",
        "ssn": "642422306",
        "userOrders": null,
        "isSold": false,
        "id": 48133
    },
    {
        "firstName": "DONNA",
        "lastName": "KEENUM",
        "phone": "8172280772",
        "address": "148 BLUFF VW",
        "city": "ALEDO",
        "state": "TX",
        "zip": "76008",
        "email": "KRISTIKEENUM@SBCGLOBAL.NET",
        "dateOfBirth": "1966-02-22T12:00:00",
        "ssn": "450512647",
        "userOrders": null,
        "isSold": false,
        "id": 48173
    },
    {
        "firstName": "LAURA",
        "lastName": "RODRIGUEZ",
        "phone": "4329407309",
        "address": "421 SHERWOOD ST",
        "city": "KERMIT",
        "state": "TX",
        "zip": "79745",
        "email": "RODRIGUEZ.LAURA1914@GMAIL.COM",
        "dateOfBirth": "1966-06-07T12:00:00",
        "ssn": "467490592",
        "userOrders": null,
        "isSold": false,
        "id": 48204
    },
    {
        "firstName": "KENNETH",
        "lastName": "ROUSE",
        "phone": "8435574743",
        "address": "74 CEDARHURST AVE",
        "city": "CHAS",
        "state": "SC",
        "zip": "29407",
        "email": "ROCKIEROS2@ATT.NET",
        "dateOfBirth": "1966-03-15T12:00:00",
        "ssn": "250253051",
        "userOrders": null,
        "isSold": false,
        "id": 48230
    },
    {
        "firstName": "SELINA",
        "lastName": "BERTOS",
        "phone": "4087342180",
        "address": "1260 PERSIAN DR STE A3",
        "city": "SUNYVL",
        "state": "CA",
        "zip": "94089",
        "email": "SELBERTOS3@GMAIL.COM",
        "dateOfBirth": "1966-09-12T12:00:00",
        "ssn": "561852830",
        "userOrders": null,
        "isSold": false,
        "id": 48242
    },
    {
        "firstName": "MIKE",
        "lastName": "BOUDAKH",
        "phone": "8479838558",
        "address": "8524 MASON AVE",
        "city": "MORTN GRV",
        "state": "GROVE",
        "zip": "60053",
        "email": "MBOUDAKH@GMAIL.COM",
        "dateOfBirth": "1966-10-20T12:00:00",
        "ssn": "337601401",
        "userOrders": null,
        "isSold": true,
        "id": 48334
    },
    {
        "firstName": "MARIA",
        "lastName": "BONILLA",
        "phone": "7132668381",
        "address": "6353 SKYLINE DR APT 175",
        "city": "HOUSTON",
        "state": "TX",
        "zip": "77057",
        "email": "BONILLA4552@ATT.NET",
        "dateOfBirth": "1966-01-17T12:00:00",
        "ssn": "634782555",
        "userOrders": null,
        "isSold": false,
        "id": 48407
    },
    {
        "firstName": "KEVIN",
        "lastName": "HUNNICUTT",
        "phone": "9045355585",
        "address": "4820 RAMONA BLVD",
        "city": "JKVL",
        "state": "FL",
        "zip": "32205",
        "email": "KEVINHUNNICUTT@ATT.NET",
        "dateOfBirth": "1966-10-05T12:00:00",
        "ssn": "266354560",
        "userOrders": null,
        "isSold": false,
        "id": 48420
    },
    {
        "firstName": "SCOTT",
        "lastName": "DEAL",
        "phone": "9319969159",
        "address": "8350 BAIRD CEMETERY RD",
        "city": "LYLES",
        "state": "TN",
        "zip": "37098",
        "email": "SJDEAL4832@ATT.NET",
        "dateOfBirth": "1966-06-14T12:00:00",
        "ssn": "415350623",
        "userOrders": null,
        "isSold": false,
        "id": 48475
    }
]