[
    {
        "firstName": "CATHY",
        "lastName": "PEARSON",
        "phone": "7319959697",
        "address": "1023 W WOODROW ST",
        "city": "MILAN",
        "state": "TN",
        "zip": "38358",
        "email": "BROOKS-CATHY@ATT.NET",
        "dateOfBirth": "1966-08-01T12:00:00",
        "ssn": "412377653",
        "userOrders": null,
        "isSold": false,
        "id": 44068
    },
    {
        "firstName": "DAVID",
        "lastName": "LOPEZ",
        "phone": "7732788230",
        "address": "4928 N LESTER AVE APT 2B",
        "city": "CHGO",
        "state": "IL",
        "zip": "60618",
        "email": "DALOA586@HOTMAIL.COM",
        "dateOfBirth": "1966-07-18T12:00:00",
        "ssn": "339085125",
        "userOrders": null,
        "isSold": false,
        "id": 44083
    },
    {
        "firstName": "DARRIN",
        "lastName": "MORRIS",
        "phone": "4043199887",
        "address": "5082 WICKFORD WAY",
        "city": "ATLANTA",
        "state": "GA",
        "zip": "30338",
        "email": "MARIETTA.MORRIS@GMAIL.COM",
        "dateOfBirth": "1966-10-28T12:00:00",
        "ssn": "298602166",
        "userOrders": null,
        "isSold": false,
        "id": 44125
    },
    {
        "firstName": "SABINO",
        "lastName": "FRANCISCO",
        "phone": "8325737412",
        "address": "10542 ALCOTT DR",
        "city": "HOUSTON",
        "state": "TX",
        "zip": "77043",
        "email": "SABINORAMIREZ@ATT.NET",
        "dateOfBirth": "1966-08-29T12:00:00",
        "ssn": "465996738",
        "userOrders": null,
        "isSold": false,
        "id": 44139
    },
    {
        "firstName": "MARCO",
        "lastName": "CAMARA",
        "phone": "4152561929",
        "address": "840 C ST APT 613",
        "city": "SR",
        "state": "RAFAEL",
        "zip": "94901",
        "email": "MARCOS.CAMARA66@YAHOO.CON",
        "dateOfBirth": "1966-05-25T12:00:00",
        "ssn": "551659742",
        "userOrders": null,
        "isSold": false,
        "id": 44228
    },
    {
        "firstName": "EDMUNDO",
        "lastName": "TORRES",
        "phone": "2819139459",
        "address": "66 COUNTY ROAD 4702",
        "city": "LIBERTY COUNTY",
        "state": "TX",
        "zip": "77535",
        "email": "EDMUNDOTORRES66@GMAIL.COM",
        "dateOfBirth": "1966-06-11T12:00:00",
        "ssn": "459531729",
        "userOrders": null,
        "isSold": false,
        "id": 44397
    },
    {
        "firstName": "CLEMENCIA",
        "lastName": "RAMIREZ",
        "phone": "7739544231",
        "address": "7749 S KILBOURN AVE",
        "city": "CHGO",
        "state": "IL",
        "zip": "60652",
        "email": "CLEMENCIA5382@ATT.NET",
        "dateOfBirth": "1966-06-15T12:00:00",
        "ssn": "356941743",
        "userOrders": null,
        "isSold": false,
        "id": 44431
    },
    {
        "firstName": "JENNIFER",
        "lastName": "ZABLOCKIS",
        "phone": "9516881980",
        "address": "12015 HERMAN DR",
        "city": "RIV",
        "state": "CA",
        "zip": "92505",
        "email": "MULTIHOUSINGJZ@YAHOO.COM",
        "dateOfBirth": "1966-10-18T12:00:00",
        "ssn": "556435340",
        "userOrders": null,
        "isSold": false,
        "id": 44483
    },
    {
        "firstName": "KEVIN",
        "lastName": "YEARY",
        "phone": "2104977623",
        "address": "20006 ENCINO RIDGE ST",
        "city": "SAN ANTONIO",
        "state": "ANTONIO",
        "zip": "78259",
        "email": "KPYEARY@YAHOO.COM",
        "dateOfBirth": "1966-09-08T12:00:00",
        "ssn": "459579779",
        "userOrders": null,
        "isSold": false,
        "id": 44522
    },
    {
        "firstName": "ANDREA",
        "lastName": "FERNANDERS",
        "phone": "8643572271",
        "address": "4016 OLD SPARTANBURG HWY",
        "city": "MOORE",
        "state": "SC",
        "zip": "29369",
        "email": "LIAVETTE4000@YAHOO.COM",
        "dateOfBirth": "1966-07-12T12:00:00",
        "ssn": "247590184",
        "userOrders": null,
        "isSold": false,
        "id": 44602
    },
    {
        "firstName": "DAVID",
        "lastName": "MCKECHNIE",
        "phone": "8327551411",
        "address": "18203 FLORENCE RUN LN",
        "city": "TOMBALL",
        "state": "TX",
        "zip": "77377",
        "email": "DAVEMCKUSA@HOTMAIL.COM",
        "dateOfBirth": "1966-01-10T12:00:00",
        "ssn": "602229502",
        "userOrders": null,
        "isSold": false,
        "id": 44663
    },
    {
        "firstName": "ELIZABETH",
        "lastName": "CHIVLEATTO",
        "phone": "5043281480",
        "address": "129 JACQUELINE DR",
        "city": "AVONDALE",
        "state": "LA",
        "zip": "70094",
        "email": "BIGBEAUTIFULIZ@BELLSOUTH.NET",
        "dateOfBirth": "1966-04-28T12:00:00",
        "ssn": "437317683",
        "userOrders": null,
        "isSold": false,
        "id": 44738
    },
    {
        "firstName": "LESBIA",
        "lastName": "SOTO",
        "phone": "2143940806",
        "address": "1457 PINE BLUFF DR",
        "city": "ALLEN",
        "state": "TX",
        "zip": "75002",
        "email": "LESBIA_SOTO@YAHOO.COM",
        "dateOfBirth": "1966-02-04T12:00:00",
        "ssn": "614204416",
        "userOrders": null,
        "isSold": false,
        "id": 44862
    },
    {
        "firstName": "YOLANDA",
        "lastName": "ALBA",
        "phone": "7736563363",
        "address": "FL 1",
        "city": "CHGO",
        "state": "N",
        "zip": "60625",
        "email": "YOLIARIAS@YMAIL.COM",
        "dateOfBirth": "1966-12-22T12:00:00",
        "ssn": "356807075",
        "userOrders": null,
        "isSold": true,
        "id": 45159
    },
    {
        "firstName": "SHELIA",
        "lastName": "MCBREEN",
        "phone": "5019529860",
        "address": "31 DUQUESNE DR",
        "city": "LITTLE ROCK",
        "state": "ROCK",
        "zip": "72223",
        "email": "SHMCBREEN@YAHOO.COM",
        "dateOfBirth": "1966-08-26T12:00:00",
        "ssn": "436210288",
        "userOrders": null,
        "isSold": true,
        "id": 45275
    }
]