[
    {
        "firstName": "MICHELE",
        "lastName": "SARMIENTO",
        "phone": "7077993321",
        "address": "416 W 1ST ST",
        "city": "CLVRDL",
        "state": "CA",
        "zip": "95425",
        "email": "THATSPLUMBING@AOL.COM",
        "dateOfBirth": "1966-09-10T12:00:00",
        "ssn": "553754786",
        "userOrders": null,
        "isSold": false,
        "id": 47067
    },
    {
        "firstName": "JUVENAL",
        "lastName": "NUNEZ",
        "phone": "5599409357",
        "address": "2175 S EUNICE AVE",
        "city": "FRS",
        "state": "CA",
        "zip": "93706",
        "email": "JIMENEZ433@LIVE.COM",
        "dateOfBirth": "1966-07-14T12:00:00",
        "ssn": "609391045",
        "userOrders": null,
        "isSold": false,
        "id": 47080
    },
    {
        "firstName": "JILL",
        "lastName": "LEMONS",
        "phone": "2397703570",
        "address": "3020 NE 41ST TER # 202",
        "city": "HMSD",
        "state": "FL",
        "zip": "33032",
        "email": "FAMILYLEMONS@GMAIL.COM",
        "dateOfBirth": "1966-06-28T12:00:00",
        "ssn": "150566643",
        "userOrders": null,
        "isSold": false,
        "id": 47087
    },
    {
        "firstName": "SHERRI",
        "lastName": "DAVIS",
        "phone": "6164501481",
        "address": "2316 PALM DALE DR SW",
        "city": "WYOMING",
        "state": "MI",
        "zip": "49519",
        "email": "SHERGALDAVIS@GMAIL.COM",
        "dateOfBirth": "1966-11-29T12:00:00",
        "ssn": "382864862",
        "userOrders": null,
        "isSold": false,
        "id": 47219
    },
    {
        "firstName": "GREG",
        "lastName": "RUPP",
        "phone": "7654815509",
        "address": "2514 WINDSOR CT",
        "city": "LEBANON",
        "state": "IN",
        "zip": "46052",
        "email": "GREGRFIH@YAHOO.COM",
        "dateOfBirth": "1966-10-01T12:00:00",
        "ssn": "308742250",
        "userOrders": null,
        "isSold": false,
        "id": 47374
    },
    {
        "firstName": "LAURA",
        "lastName": "SOSCIA",
        "phone": "7703295544",
        "address": "5145 FALCON CHASE LN",
        "city": "BROOKHAVEN",
        "state": "GA",
        "zip": "30319",
        "email": "LSOSCIA@ALGLEADERS.COM",
        "dateOfBirth": "1966-12-03T12:00:00",
        "ssn": "255158215",
        "userOrders": null,
        "isSold": false,
        "id": 47391
    },
    {
        "firstName": "ROBERT",
        "lastName": "CHRISTMAN",
        "phone": "6019534249",
        "address": "243 BURNHAM RD S",
        "city": "BRANDON",
        "state": "MS",
        "zip": "39042",
        "email": "CHRISTMAN@DIRECTV.NET",
        "dateOfBirth": "1966-03-12T12:00:00",
        "ssn": "427376577",
        "userOrders": null,
        "isSold": false,
        "id": 47455
    },
    {
        "firstName": "SULEJMAN",
        "lastName": "DOKOVIC",
        "phone": "2483336633",
        "address": "22575 COLGATE ST",
        "city": "FARMINGTON HILLS",
        "state": "HLS",
        "zip": "48336",
        "email": "SULOGJOKAJ@YAHOO.COM",
        "dateOfBirth": "1966-09-20T12:00:00",
        "ssn": "365089705",
        "userOrders": null,
        "isSold": true,
        "id": 47468
    },
    {
        "firstName": "PAUL",
        "lastName": "KONIECKI",
        "phone": "4698054053",
        "address": "10144 HIGH EAGLE TRL",
        "city": "FORT WORTH",
        "state": "WORTH",
        "zip": "76108",
        "email": "PAULKONIECKI@SBCGLOBAL.NET",
        "dateOfBirth": "1966-11-13T12:00:00",
        "ssn": "389862026",
        "userOrders": null,
        "isSold": false,
        "id": 47500
    },
    {
        "firstName": "MERRILL",
        "lastName": "WHITEHEAD",
        "phone": "2814331200",
        "address": "4119 WHITMAN ST",
        "city": "HOUSTON",
        "state": "TX",
        "zip": "77027",
        "email": "GEROLD.LISA@YAHOO.COM",
        "dateOfBirth": "1966-01-30T12:00:00",
        "ssn": "454923673",
        "userOrders": null,
        "isSold": false,
        "id": 47502
    },
    {
        "firstName": "GEOVANNA",
        "lastName": "MENA",
        "phone": "1111110001",
        "address": "9909 COUNTRYSIDE RD",
        "city": "LENEXA",
        "state": "KS",
        "zip": "66215",
        "email": "GEOVANNA1966@GMAIL.COM",
        "dateOfBirth": "1966-01-16T12:00:00",
        "ssn": "515213624",
        "userOrders": null,
        "isSold": true,
        "id": 47522
    },
    {
        "firstName": "FRITZ",
        "lastName": "KORTH",
        "phone": "5129712535",
        "address": "3625 WINDSOR RD",
        "city": "AUSTIN",
        "state": "TX",
        "zip": "78703",
        "email": "CHICOKORTH@GMAIL.COM",
        "dateOfBirth": "1966-09-01T12:00:00",
        "ssn": "579686493",
        "userOrders": null,
        "isSold": false,
        "id": 47676
    },
    {
        "firstName": "JOEL",
        "lastName": "DEMAAGD",
        "phone": "6164373352",
        "address": "1995 JAMESTOWN DR SE",
        "city": "KENTWOOD",
        "state": "MI",
        "zip": "49508",
        "email": "JDEMAAGD@CORRIGANMOVING.COM",
        "dateOfBirth": "1966-01-06T12:00:00",
        "ssn": "368902208",
        "userOrders": null,
        "isSold": false,
        "id": 47687
    },
    {
        "firstName": "WILLIAM",
        "lastName": "HYLER",
        "phone": "8139407013",
        "address": "3221 STONEY BATTERY RD",
        "city": "NBY",
        "state": "SC",
        "zip": "29108",
        "email": "BUGMANHYLER@GMAIL.COM",
        "dateOfBirth": "1966-07-30T12:00:00",
        "ssn": "248338246",
        "userOrders": null,
        "isSold": false,
        "id": 47724
    },
    {
        "firstName": "ZHICHUN",
        "lastName": "MA",
        "phone": "1111110001",
        "address": "3150 SHAMROCK CT",
        "city": "ANN ARBOR",
        "state": "ARBOR",
        "zip": "48105",
        "email": "MAZHICHUN@GMAIL.COM",
        "dateOfBirth": "1966-08-15T12:00:00",
        "ssn": "651127136",
        "userOrders": null,
        "isSold": false,
        "id": 47738
    }
]