[
    {
        "firstName": "CHRISTOPHER",
        "lastName": "H",
        "phone": "2568835342",
        "address": "1029 TONEY DR SE",
        "city": "HUNTSVILLE",
        "state": "AL",
        "zip": "35802",
        "email": "CHJHWILSON@BELLSOUTH.NET",
        "dateOfBirth": "1966-11-01T12:00:00",
        "ssn": "420849288",
        "userOrders": null,
        "isSold": false,
        "id": 82241
    },
    {
        "firstName": "ELIZABETH",
        "lastName": "ISOM",
        "phone": "3175191598",
        "address": "2935 COLES CREEK LN",
        "city": "INDIANAPOLIS",
        "state": "IN",
        "zip": "46217",
        "email": "ISOMBETH@YAHOO.COM",
        "dateOfBirth": "1966-03-02T12:00:00",
        "ssn": "306649025",
        "userOrders": null,
        "isSold": false,
        "id": 82280
    },
    {
        "firstName": "CHRISTINE",
        "lastName": "MAJERS",
        "phone": "2174173271",
        "address": "12 BRIAR HILL CIR",
        "city": "CHMP",
        "state": "IL",
        "zip": "61822",
        "email": "CMAJERS@MAC.COM",
        "dateOfBirth": "1966-05-17T12:00:00",
        "ssn": "334701695",
        "userOrders": null,
        "isSold": false,
        "id": 82303
    },
    {
        "firstName": "TWANA",
        "lastName": "MORELAND",
        "phone": "9373132159",
        "address": "408 RICHMOND AVE FL 2",
        "city": "DAYTON",
        "state": "OH",
        "zip": "45406",
        "email": "TWANAMORELAND@GMAIL.COM",
        "dateOfBirth": "1966-11-25T12:00:00",
        "ssn": "371827875",
        "userOrders": null,
        "isSold": false,
        "id": 82349
    },
    {
        "firstName": "COREY",
        "lastName": "H",
        "phone": "2817313737",
        "address": "PO BOX 4205",
        "city": "HOUSTON",
        "state": "JACKSON",
        "zip": "77007",
        "email": "BAKELLUM@YAHOO.COM",
        "dateOfBirth": "1966-08-08T12:00:00",
        "ssn": "467925202",
        "userOrders": null,
        "isSold": false,
        "id": 82367
    },
    {
        "firstName": "MICHELLE",
        "lastName": "BOGGESS",
        "phone": "8058613945",
        "address": "1300 SARATOGA AVE UNIT 909",
        "city": "VENTURA",
        "state": "CA",
        "zip": "93003",
        "email": "LINDAR240Z@GMAIL.COM",
        "dateOfBirth": "1966-12-10T12:00:00",
        "ssn": "546592659",
        "userOrders": null,
        "isSold": false,
        "id": 82408
    },
    {
        "firstName": "ADRENA",
        "lastName": "BROWN",
        "phone": "2255738469",
        "address": "1737 LA ANNIE DR APT 41",
        "city": "BATON ROUGE",
        "state": "ROUGE",
        "zip": "70815",
        "email": "BRIANNALATHERS@GMAIL.COM",
        "dateOfBirth": "1966-02-22T12:00:00",
        "ssn": "248272724",
        "userOrders": null,
        "isSold": true,
        "id": 82486
    },
    {
        "firstName": "MICHAEL",
        "lastName": "MANICOM",
        "phone": "4697128384",
        "address": "2511 SWISS AVE APT 2",
        "city": "MCKINNEY",
        "state": "TX",
        "zip": "75070",
        "email": "MIKEMANICOM2014@GMAIL.COM",
        "dateOfBirth": "1966-11-27T12:00:00",
        "ssn": "452395269",
        "userOrders": null,
        "isSold": false,
        "id": 82509
    },
    {
        "firstName": "PATTI",
        "lastName": "MARQUARDT",
        "phone": "9202889632",
        "address": "2018 ZEISE AVE",
        "city": "GREEN BAY",
        "state": "BAY",
        "zip": "54302",
        "email": "PATTIMMARQUARDT@GMAIL.COM",
        "dateOfBirth": "1966-04-12T12:00:00",
        "ssn": "387561603",
        "userOrders": null,
        "isSold": false,
        "id": 82512
    },
    {
        "firstName": "WANDA",
        "lastName": "MONTGOMERY",
        "phone": "8323387098",
        "address": "2814 COPELAND MILL LN",
        "city": "HOUSTON",
        "state": "TX",
        "zip": "77089",
        "email": "WJMDIVA41@SBCGLOBAL.NET",
        "dateOfBirth": "1966-06-18T12:00:00",
        "ssn": "459395569",
        "userOrders": null,
        "isSold": false,
        "id": 82522
    },
    {
        "firstName": "NORVEL",
        "lastName": "BELCHER",
        "phone": "2162694737",
        "address": "7602 HALLE AVE",
        "city": "CLEVELAND",
        "state": "OH",
        "zip": "44102",
        "email": "STEVENJEHOVAN@ATT.NET",
        "dateOfBirth": "1966-08-14T12:00:00",
        "ssn": "279603518",
        "userOrders": null,
        "isSold": false,
        "id": 82543
    },
    {
        "firstName": "JOSE",
        "lastName": "MARTINEZ",
        "phone": "7082896270",
        "address": "12436 S TRUMBULL AVE",
        "city": "ALSIP",
        "state": "IL",
        "zip": "60803",
        "email": "FLORAMARTINEZ72@ATT.NET.COM",
        "dateOfBirth": "1966-08-25T12:00:00",
        "ssn": "330887173",
        "userOrders": null,
        "isSold": false,
        "id": 82602
    },
    {
        "firstName": "CELESTE",
        "lastName": "HALL",
        "phone": "6787617957",
        "address": "108 LAGUNA SPRINGS DR",
        "city": "WDSTK",
        "state": "GA",
        "zip": "30188",
        "email": "TODDANDCELESTE@ATT.NET",
        "dateOfBirth": "1966-05-01T12:00:00",
        "ssn": "592127881",
        "userOrders": null,
        "isSold": false,
        "id": 82610
    },
    {
        "firstName": "PATRICIA",
        "lastName": "SINGLETERRY",
        "phone": "8172394138",
        "address": "1021 NW 7TH ST",
        "city": "SAGINAW",
        "state": "PRAIRIE",
        "zip": "76179",
        "email": "PMSINGLE@HOTMAIL.COM",
        "dateOfBirth": "1966-03-03T12:00:00",
        "ssn": "457592983",
        "userOrders": null,
        "isSold": false,
        "id": 82704
    },
    {
        "firstName": "LINDA",
        "lastName": "PHILLIPS",
        "phone": "8705591926",
        "address": "502 TULANE DR",
        "city": "WEST MEMPHIS",
        "state": "MEMPHIS",
        "zip": "72301",
        "email": "OPHEMPHILL44@GMAIL.COM",
        "dateOfBirth": "1966-01-23T12:00:00",
        "ssn": "430230807",
        "userOrders": null,
        "isSold": false,
        "id": 82753
    }
]