[
    {
        "firstName": "ARNULFO",
        "lastName": "TREJO",
        "phone": "7063474520",
        "address": "302 N SPRING ST",
        "city": "GNBO",
        "state": "GA",
        "zip": "30642",
        "email": "ARNULFO8443@ATT.NET",
        "dateOfBirth": "1966-08-15T12:00:00",
        "ssn": "240610305",
        "userOrders": null,
        "isSold": false,
        "id": 45295
    },
    {
        "firstName": "REX",
        "lastName": "HOFFMAN",
        "phone": "3172251869",
        "address": "6611 COBDEN CT",
        "city": "INDIANAPOLIS",
        "state": "IN",
        "zip": "46254",
        "email": "RAHOFFMAN@EARTHLINK.NET",
        "dateOfBirth": "1966-01-25T12:00:00",
        "ssn": "304885193",
        "userOrders": null,
        "isSold": false,
        "id": 45314
    },
    {
        "firstName": "LORINDA",
        "lastName": "WASE",
        "phone": "7145453312",
        "address": "994 MISSION DR APT 1",
        "city": "CM",
        "state": "MESA",
        "zip": "92626",
        "email": "AILIWASE1@GMAIL.COM",
        "dateOfBirth": "1966-11-04T12:00:00",
        "ssn": "555859197",
        "userOrders": null,
        "isSold": true,
        "id": 45343
    },
    {
        "firstName": "MARC",
        "lastName": "BURACZYNSKI",
        "phone": "6785957469",
        "address": "2601 CALDWELL RD NE",
        "city": "BROOKHAVEN",
        "state": "GA",
        "zip": "30319",
        "email": "MARC@BURACZYNSKI.COM",
        "dateOfBirth": "1966-11-17T12:00:00",
        "ssn": "219940687",
        "userOrders": null,
        "isSold": false,
        "id": 45379
    },
    {
        "firstName": "ANGELA",
        "lastName": "OWENS",
        "phone": "5024487819",
        "address": "3215 PATRICIA DR",
        "city": "LOUISVILLE",
        "state": "KY",
        "zip": "40216",
        "email": "ANGILOVER66@YAHOO.COM",
        "dateOfBirth": "1966-08-27T12:00:00",
        "ssn": "404027156",
        "userOrders": null,
        "isSold": false,
        "id": 45459
    },
    {
        "firstName": "CHRISTOPHER",
        "lastName": "LAURAIN",
        "phone": "5867525302",
        "address": "354 2ND ST",
        "city": "ROMEO",
        "state": "MI",
        "zip": "48065",
        "email": "CHRISLA66@ATT.NET",
        "dateOfBirth": "1966-02-19T12:00:00",
        "ssn": "362863587",
        "userOrders": null,
        "isSold": false,
        "id": 45478
    },
    {
        "firstName": "DEBRA",
        "lastName": "ORONA",
        "phone": "5122599988",
        "address": "205 SAN MATTEO ST",
        "city": "LEANDER",
        "state": "TX",
        "zip": "78641",
        "email": "DEBBIE.BEVER@LEANDERISD.ORG",
        "dateOfBirth": "1966-04-19T12:00:00",
        "ssn": "569678437",
        "userOrders": null,
        "isSold": false,
        "id": 45529
    },
    {
        "firstName": "DIANA",
        "lastName": "MORALES",
        "phone": "4074311781",
        "address": "2905 AUTUMN RUN CT",
        "city": "ORL",
        "state": "FL",
        "zip": "32822",
        "email": "DIANAMORALES1527@YAHOO.COM",
        "dateOfBirth": "1966-05-06T12:00:00",
        "ssn": "112588912",
        "userOrders": null,
        "isSold": false,
        "id": 45568
    },
    {
        "firstName": "MARTIN",
        "lastName": "IGLESIAS",
        "phone": "5102583442",
        "address": "932 106TH AVE",
        "city": "OAK",
        "state": "CA",
        "zip": "94603",
        "email": "MARTINIGLESIAS66@HOTMAIL.COM",
        "dateOfBirth": "1966-01-11T12:00:00",
        "ssn": "620960092",
        "userOrders": null,
        "isSold": false,
        "id": 45656
    },
    {
        "firstName": "WALID",
        "lastName": "ANTONIOS",
        "phone": "9512792829",
        "address": "1174 VIA VIENTO LN",
        "city": "COR",
        "state": "CA",
        "zip": "92882",
        "email": "WALID.ANTONIOS@GMAIL.COM",
        "dateOfBirth": "1966-11-02T12:00:00",
        "ssn": "570570919",
        "userOrders": null,
        "isSold": false,
        "id": 45776
    },
    {
        "firstName": "HOPE",
        "lastName": "BOCKER",
        "phone": "2489610365",
        "address": "34661 PRINCETON ST",
        "city": "FARMINGTON HILLS",
        "state": "HLS",
        "zip": "48331",
        "email": "HOPEBOCKER@ATT.NET",
        "dateOfBirth": "1966-02-03T12:00:00",
        "ssn": "105648211",
        "userOrders": null,
        "isSold": true,
        "id": 45782
    },
    {
        "firstName": "FELICIA",
        "lastName": "HOUSE",
        "phone": "2144130003",
        "address": "2600 CHANDLER DR APT 225",
        "city": "DALLAS",
        "state": "GREEN",
        "zip": "75207",
        "email": "PATIENT7@HOTMAIL.COM",
        "dateOfBirth": "1966-02-24T12:00:00",
        "ssn": "451476662",
        "userOrders": null,
        "isSold": false,
        "id": 45800
    },
    {
        "firstName": "DAWN",
        "lastName": "DOAK",
        "phone": "5672885758",
        "address": "1253 WESTFIELD DR",
        "city": "MAUMEE",
        "state": "OH",
        "zip": "43537",
        "email": "TERDOAK@ATT.NET",
        "dateOfBirth": "1966-08-02T12:00:00",
        "ssn": "299761473",
        "userOrders": null,
        "isSold": false,
        "id": 45869
    },
    {
        "firstName": "PEDRO",
        "lastName": "FLORES",
        "phone": "4084801511",
        "address": "356 E EAGLEWOOD AVE",
        "city": "S CLARA",
        "state": "CA",
        "zip": "95050",
        "email": "PEDROFLORES0585@ATT.NET",
        "dateOfBirth": "1966-06-29T12:00:00",
        "ssn": "767187437",
        "userOrders": null,
        "isSold": false,
        "id": 45883
    },
    {
        "firstName": "BERNADETTE",
        "lastName": "DUGAS",
        "phone": "2819248654",
        "address": "4155 WOOD ARBOR CT",
        "city": "HUMBLE",
        "state": "TX",
        "zip": "77346",
        "email": "BMG66VOLLEYBALL@HOTMAIL.COM",
        "dateOfBirth": "1966-09-06T12:00:00",
        "ssn": "459518406",
        "userOrders": null,
        "isSold": false,
        "id": 45892
    }
]