[
    {
        "firstName": "CAROLINA",
        "lastName": "BARNES",
        "phone": "8583972225",
        "address": "9108 LIBRA DR",
        "city": "SD",
        "state": "DIEGO",
        "zip": "92126",
        "email": "CBV077@GMAIL.COM",
        "dateOfBirth": "1966-09-07T12:00:00",
        "ssn": "172661125",
        "userOrders": null,
        "isSold": false,
        "id": 80606
    },
    {
        "firstName": "MOISES",
        "lastName": "AGUIRRE",
        "phone": "9097230343",
        "address": "16183 BARBEE ST",
        "city": "FON",
        "state": "CA",
        "zip": "92336",
        "email": "MOYMAGGIE@ATT.NET",
        "dateOfBirth": "1966-02-18T12:00:00",
        "ssn": "555436193",
        "userOrders": null,
        "isSold": false,
        "id": 80650
    },
    {
        "firstName": "ANDREW",
        "lastName": "SIMMONS",
        "phone": "8178798819",
        "address": "817 BIG WILLOW DR",
        "city": "SAGINAW",
        "state": "TX",
        "zip": "76179",
        "email": "GABLOU@ATT.NET",
        "dateOfBirth": "1966-03-03T12:00:00",
        "ssn": "429392176",
        "userOrders": null,
        "isSold": false,
        "id": 80682
    },
    {
        "firstName": "KEVIN",
        "lastName": "BROOKS",
        "phone": "9406916669",
        "address": "8174524621",
        "city": "ABILENE TX 79601-3001",
        "state": "N",
        "zip": "ABILENE",
        "email": "79601",
        "dateOfBirth": "1966-10-05T12:00:00",
        "ssn": "461194193",
        "userOrders": null,
        "isSold": true,
        "id": 80720
    },
    {
        "firstName": "KRISTINE",
        "lastName": "BRADSHAW",
        "phone": "1111110001",
        "address": "647 GLENBROOK RD",
        "city": "CRYSTL LK",
        "state": "LAKE",
        "zip": "60012",
        "email": "GBRADSHAW_1@SBCGLOBAL.NET",
        "dateOfBirth": "1966-05-06T12:00:00",
        "ssn": "353700825",
        "userOrders": null,
        "isSold": false,
        "id": 80752
    },
    {
        "firstName": "DAN",
        "lastName": "MARSH",
        "phone": "8479494113",
        "address": "22 N RIDGEMOOR AVE",
        "city": "MUNDLEIN",
        "state": "IL",
        "zip": "60060",
        "email": "DANMARSH@ACKLEYLAW.COM",
        "dateOfBirth": "1966-11-19T12:00:00",
        "ssn": "334642224",
        "userOrders": null,
        "isSold": false,
        "id": 80767
    },
    {
        "firstName": "SHARLYNE",
        "lastName": "HICKS",
        "phone": "4703571012",
        "address": "3453 LINECREST RD",
        "city": "ELWD",
        "state": "GA",
        "zip": "30294",
        "email": "SHARLYNE.HICKS@HOTMAIL.COM",
        "dateOfBirth": "1966-01-03T12:00:00",
        "ssn": "157608580",
        "userOrders": null,
        "isSold": false,
        "id": 80803
    },
    {
        "firstName": "KAY",
        "lastName": "REILAND",
        "phone": "4146882190",
        "address": "1905 N 56TH ST",
        "city": "MILWAUKEE",
        "state": "WI",
        "zip": "53208",
        "email": "REILANDKAY@GMAIL.COM",
        "dateOfBirth": "1966-06-12T12:00:00",
        "ssn": "393541102",
        "userOrders": null,
        "isSold": false,
        "id": 80812
    },
    {
        "firstName": "WILBUR",
        "lastName": "ALAS",
        "phone": "5042530000",
        "address": "APT 104",
        "city": "HARVEY",
        "state": "LAC",
        "zip": "70058",
        "email": "ALAS.ASTRID@YAHOO.COM",
        "dateOfBirth": "1966-12-12T12:00:00",
        "ssn": "608589530",
        "userOrders": null,
        "isSold": false,
        "id": 80881
    },
    {
        "firstName": "MARIA",
        "lastName": "MEREDITH",
        "phone": "7852292704",
        "address": "2104 E 25TH CT",
        "city": "LAWRENCE",
        "state": "KS",
        "zip": "66046",
        "email": "MIAPIA66@GMAIL.COM",
        "dateOfBirth": "1966-04-08T12:00:00",
        "ssn": "563318902",
        "userOrders": null,
        "isSold": false,
        "id": 80916
    },
    {
        "firstName": "THUY",
        "lastName": "DANH",
        "phone": "2095311275",
        "address": "1816 FICUS ST",
        "city": "CERES",
        "state": "CA",
        "zip": "95307",
        "email": "THUY5390@ATT.NET",
        "dateOfBirth": "1966-10-15T12:00:00",
        "ssn": "461550635",
        "userOrders": null,
        "isSold": false,
        "id": 80949
    },
    {
        "firstName": "ANDREAS",
        "lastName": "MONTERO",
        "phone": "9545915606",
        "address": "502 SE 11TH CT",
        "city": "FT L",
        "state": "LAUDERDALE",
        "zip": "33316",
        "email": "AMONTERO@AMLASTUDIO.COM",
        "dateOfBirth": "1966-10-30T12:00:00",
        "ssn": "542454419",
        "userOrders": null,
        "isSold": false,
        "id": 81125
    },
    {
        "firstName": "EDWARD.",
        "lastName": "DURAN",
        "phone": "8056516819",
        "address": "1562 TOWHEE CT",
        "city": "VENTURA",
        "state": "CA",
        "zip": "93003",
        "email": "EDWARDDURAN@ATT.NET",
        "dateOfBirth": "1966-05-10T12:00:00",
        "ssn": "443747725",
        "userOrders": null,
        "isSold": false,
        "id": 81134
    },
    {
        "firstName": "MIKE",
        "lastName": "HOWARD",
        "phone": "8164625426",
        "address": "1452 SW STATE ROUTE 2",
        "city": "LEE'S SUMMIT",
        "state": "MO",
        "zip": "64086",
        "email": "X67301@YAHOO.COM",
        "dateOfBirth": "1966-03-09T12:00:00",
        "ssn": "513802405",
        "userOrders": null,
        "isSold": false,
        "id": 81157
    },
    {
        "firstName": "JOSIP",
        "lastName": "VUCKOVIC",
        "phone": "7186373586",
        "address": "6220 81ST ST",
        "city": "MIDDLE VILLAGE",
        "state": "VLG",
        "zip": "11379",
        "email": "JOEVUK@HOTMAIL.COM",
        "dateOfBirth": "1966-03-15T12:00:00",
        "ssn": "133609625",
        "userOrders": null,
        "isSold": false,
        "id": 81234
    }
]