[
    {
        "firstName": "JEFFREY",
        "lastName": "CROWHURST",
        "phone": "2816358266",
        "address": "131 FRONTIER TRL",
        "city": "HUNTSVILLE",
        "state": "TX",
        "zip": "77340",
        "email": "JEFFCROWHURST@HOTMAIL.COM",
        "dateOfBirth": "1966-11-26T12:00:00",
        "ssn": "594012464",
        "userOrders": null,
        "isSold": false,
        "id": 58296
    },
    {
        "firstName": "GRAYLING",
        "lastName": "BELL",
        "phone": "4157256867",
        "address": "964 VILLAGE CIR",
        "city": "OAK",
        "state": "CA",
        "zip": "94607",
        "email": "GRAYLINGBELL@GMAIL.COM",
        "dateOfBirth": "1966-10-28T12:00:00",
        "ssn": "560458407",
        "userOrders": null,
        "isSold": false,
        "id": 58303
    },
    {
        "firstName": "AMY",
        "lastName": "DUNFORD",
        "phone": "4053406382",
        "address": "3301 HERITAGE GREEN TRL",
        "city": "OKLAHOMA CITY",
        "state": "OK",
        "zip": "73012",
        "email": "DUNBIL@COX.NET",
        "dateOfBirth": "1966-05-15T12:00:00",
        "ssn": "495684696",
        "userOrders": null,
        "isSold": false,
        "id": 58366
    },
    {
        "firstName": "STEVEN",
        "lastName": "CANE",
        "phone": "2102491139",
        "address": "APT 531",
        "city": "SAN ANTONIO",
        "state": "VISTA",
        "zip": "78213",
        "email": "PAO_ALII@HOTMAIL.COM",
        "dateOfBirth": "1966-06-07T12:00:00",
        "ssn": "558439083",
        "userOrders": null,
        "isSold": true,
        "id": 58377
    },
    {
        "firstName": "KANDI",
        "lastName": "L",
        "phone": "7343558662",
        "address": "8933 RINGNECK DR",
        "city": "YPSILANTI TWP",
        "state": "MI",
        "zip": "48197",
        "email": "SCOTTJUREK@HOTMAIL.COM",
        "dateOfBirth": "1966-01-19T12:00:00",
        "ssn": "381822575",
        "userOrders": null,
        "isSold": false,
        "id": 58400
    },
    {
        "firstName": "DONNA",
        "lastName": "GARDNER",
        "phone": "6154273825",
        "address": "PO BOX 4192",
        "city": "LASCASSAS",
        "state": "TN",
        "zip": "37085",
        "email": "RDMDGARDNER2009@YAHOO.COM",
        "dateOfBirth": "1966-02-10T12:00:00",
        "ssn": "408434502",
        "userOrders": null,
        "isSold": false,
        "id": 58421
    },
    {
        "firstName": "MARIA",
        "lastName": "RAMALHO",
        "phone": "4074099618",
        "address": "410 LYTTON CIR",
        "city": "ORL",
        "state": "FL",
        "zip": "32824",
        "email": "FLAUSINA2@HOTMAIL.COM",
        "dateOfBirth": "1966-10-17T12:00:00",
        "ssn": "145942664",
        "userOrders": null,
        "isSold": false,
        "id": 58472
    },
    {
        "firstName": "MICHELLE",
        "lastName": "BAILEY",
        "phone": "7732558666",
        "address": "4532 S OAKENWALD AVE",
        "city": "CHGO",
        "state": "IL",
        "zip": "60653",
        "email": "MBAILEY1@SBCGLOBAL.NET",
        "dateOfBirth": "1966-05-22T12:00:00",
        "ssn": "328708526",
        "userOrders": null,
        "isSold": false,
        "id": 58484
    },
    {
        "firstName": "CHERYL",
        "lastName": "YOUNG",
        "phone": "8325525881",
        "address": "7605 TOUCHSTONE ST",
        "city": "HOUSTON",
        "state": "TX",
        "zip": "77026",
        "email": "CHERLHUBBARD1@GMAIL.COM",
        "dateOfBirth": "1966-10-27T12:00:00",
        "ssn": "461258492",
        "userOrders": null,
        "isSold": false,
        "id": 58585
    },
    {
        "firstName": "BREEDEN",
        "lastName": "JOE",
        "phone": "3216525127",
        "address": "3517 PENINSULA CIR",
        "city": "MELB",
        "state": "FL",
        "zip": "32940",
        "email": "DEJOBREBRE@GMAIL.COM",
        "dateOfBirth": "1966-10-11T12:00:00",
        "ssn": "230862679",
        "userOrders": null,
        "isSold": false,
        "id": 58587
    },
    {
        "firstName": "KIMBERLY",
        "lastName": "BRADFIELD",
        "phone": "3138640252",
        "address": "19750 CHEYENNE ST",
        "city": "DETROIT",
        "state": "MI",
        "zip": "48235",
        "email": "SWBRADFIELD@ATT.NET",
        "dateOfBirth": "1966-06-10T12:00:00",
        "ssn": "368803437",
        "userOrders": null,
        "isSold": false,
        "id": 58593
    },
    {
        "firstName": "TRACY",
        "lastName": "WRIGHT",
        "phone": "7086380351",
        "address": "911 N 2ND AVE",
        "city": "MAYWD",
        "state": "IL",
        "zip": "60153",
        "email": "TRACYWRIGHT04@ATT.NET",
        "dateOfBirth": "1966-12-09T12:00:00",
        "ssn": "359545892",
        "userOrders": null,
        "isSold": false,
        "id": 58909
    },
    {
        "firstName": "TRISTAN",
        "lastName": "FORTICH",
        "phone": "3863839066",
        "address": "2851 WYMAN CT",
        "city": "DELTONA",
        "state": "FL",
        "zip": "32738",
        "email": "TFORTICH66@YAHOO.COM",
        "dateOfBirth": "1966-03-14T12:00:00",
        "ssn": "592142810",
        "userOrders": null,
        "isSold": false,
        "id": 59013
    },
    {
        "firstName": "TARA",
        "lastName": "BAKER",
        "phone": "4077459577",
        "address": "732 23RD ST",
        "city": "ORL",
        "state": "FL",
        "zip": "32805",
        "email": "BAKETD1@YAHOO.COM",
        "dateOfBirth": "1966-09-02T12:00:00",
        "ssn": "265577931",
        "userOrders": null,
        "isSold": false,
        "id": 59034
    },
    {
        "firstName": "LORETTA",
        "lastName": "ONEIL",
        "phone": "9803952392",
        "address": "110 SOUTHPORT RD APT 183",
        "city": "SPARTANBG",
        "state": "SC",
        "zip": "29306",
        "email": "LORETTAO20@GMAIL.COM",
        "dateOfBirth": "1966-10-05T12:00:00",
        "ssn": "394786740",
        "userOrders": null,
        "isSold": true,
        "id": 59179
    }
]