[
    {
        "firstName": "ANTHONY",
        "lastName": "SILVA",
        "phone": "1111110001",
        "address": "59 PROMENADE CT",
        "city": "VCVL",
        "state": "CA",
        "zip": "95687",
        "email": "LANDINGLITE@GMAIL.COM",
        "dateOfBirth": "1966-06-11T12:00:00",
        "ssn": "552139810",
        "userOrders": null,
        "isSold": false,
        "id": 56681
    },
    {
        "firstName": "LOUIS",
        "lastName": "S",
        "phone": "4043950457",
        "address": "4 HEATHER WAY",
        "city": "GNVL",
        "state": "SC",
        "zip": "29605",
        "email": "LOU.CATALAND@GMAIL.COM",
        "dateOfBirth": "1966-01-22T12:00:00",
        "ssn": "273742169",
        "userOrders": null,
        "isSold": true,
        "id": 56822
    },
    {
        "firstName": "KRIS",
        "lastName": "GARCIA",
        "phone": "2092448740",
        "address": "3545 W BENJAMIN HOLT DR APT 32",
        "city": "STKN",
        "state": "CA",
        "zip": "95219",
        "email": "KGARCIA41066@GMAIL.COM",
        "dateOfBirth": "1966-04-10T12:00:00",
        "ssn": "554556835",
        "userOrders": null,
        "isSold": false,
        "id": 56828
    },
    {
        "firstName": "YOLANDA",
        "lastName": "MIDGETTE",
        "phone": "6192664090",
        "address": "4321 52ND ST APT 308",
        "city": "SD",
        "state": "DIEGO",
        "zip": "92115",
        "email": "BETTIEJWHITE308@YAHOO.COM",
        "dateOfBirth": "1966-08-03T12:00:00",
        "ssn": "554089829",
        "userOrders": null,
        "isSold": false,
        "id": 56892
    },
    {
        "firstName": "SCOTT",
        "lastName": "STEINMETZ",
        "phone": "4022145199",
        "address": "220 NE 2ND ST APT 304",
        "city": "OKLAHOMA CITY",
        "state": "CITY",
        "zip": "73104",
        "email": "SCOTTFSTEINMETZ@GMAIL.COM",
        "dateOfBirth": "1966-06-02T12:00:00",
        "ssn": "508022514",
        "userOrders": null,
        "isSold": false,
        "id": 56919
    },
    {
        "firstName": "WILLIAM",
        "lastName": "H",
        "phone": "4082069294",
        "address": "496 SEQUOIA WAY",
        "city": "LS ALTS",
        "state": "ALTOS",
        "zip": "94024",
        "email": "MCCLINTOCKZOO@YAHOO.COM",
        "dateOfBirth": "1966-02-11T12:00:00",
        "ssn": "516700095",
        "userOrders": null,
        "isSold": false,
        "id": 57057
    },
    {
        "firstName": "ARUNA",
        "lastName": "RAO",
        "phone": "8328535869",
        "address": "2422 S VOSS RD APT P223",
        "city": "HOUSTON",
        "state": "TX",
        "zip": "77057",
        "email": "ANNU66@SBCGLOBAL.NET",
        "dateOfBirth": "1966-07-18T12:00:00",
        "ssn": "632183241",
        "userOrders": null,
        "isSold": false,
        "id": 57139
    },
    {
        "firstName": "W",
        "lastName": "GREG",
        "phone": "2709935365",
        "address": "517 GRIFFITH AVE",
        "city": "OWENSBORO",
        "state": "KY",
        "zip": "42301",
        "email": "AIMEESG@BELLSOUTH.NET",
        "dateOfBirth": "1966-09-21T12:00:00",
        "ssn": "403948693",
        "userOrders": null,
        "isSold": false,
        "id": 57167
    },
    {
        "firstName": "ANDREA",
        "lastName": "SWANSON",
        "phone": "5108259935",
        "address": "APT 6",
        "city": "HAY",
        "state": "2ND",
        "zip": "94541",
        "email": "PIGLET66@SBCGLOBAL.NET",
        "dateOfBirth": "1966-02-17T12:00:00",
        "ssn": "553738878",
        "userOrders": null,
        "isSold": false,
        "id": 57181
    },
    {
        "firstName": "GUADALUPE",
        "lastName": "MENA",
        "phone": "2545636552",
        "address": "208 ROSEMONT",
        "city": "BELTON",
        "state": "TX",
        "zip": "76513",
        "email": "GUADALUPE9631@ATT.NET",
        "dateOfBirth": "1966-04-13T12:00:00",
        "ssn": "450995775",
        "userOrders": null,
        "isSold": false,
        "id": 57217
    },
    {
        "firstName": "HYUNBOK",
        "lastName": "KIM",
        "phone": "8185231728",
        "address": "4323 1/2 BRIGGS AVE",
        "city": "MONT",
        "state": "CA",
        "zip": "91020",
        "email": "KIMVISION@GMAIL.COM",
        "dateOfBirth": "1966-01-05T12:00:00",
        "ssn": "623942860",
        "userOrders": null,
        "isSold": false,
        "id": 57318
    },
    {
        "firstName": "GENNIE",
        "lastName": "BARR",
        "phone": "9257887232",
        "address": "111 CROSBY CT APT 3",
        "city": "WC",
        "state": "CREEK",
        "zip": "94598",
        "email": "GA_BARR@YAHOO.COM",
        "dateOfBirth": "1966-11-30T12:00:00",
        "ssn": "566693037",
        "userOrders": null,
        "isSold": false,
        "id": 57380
    },
    {
        "firstName": "LYNDA",
        "lastName": "FILLYAW",
        "phone": "8313452117",
        "address": "SPC 40",
        "city": "S CRZ",
        "state": "38TH",
        "zip": "95062",
        "email": "LYNDA921@YAHOO.COM",
        "dateOfBirth": "1966-09-20T12:00:00",
        "ssn": "565615052",
        "userOrders": null,
        "isSold": false,
        "id": 57381
    },
    {
        "firstName": "JAMES",
        "lastName": "B",
        "phone": "9168122801",
        "address": "12915 AZTEC LN",
        "city": "SAC",
        "state": "BLUFF",
        "zip": "95827",
        "email": "JBBRINKLEY@SBCGLOBAL.NET",
        "dateOfBirth": "1966-02-04T12:00:00",
        "ssn": "571693203",
        "userOrders": null,
        "isSold": true,
        "id": 57434
    },
    {
        "firstName": "BERNARD",
        "lastName": "DANIELS",
        "phone": "2249449154",
        "address": "1712 16TH ST APT 2E",
        "city": "N CHGO",
        "state": "CHICAGO",
        "zip": "60064",
        "email": "BERNARDTDANIELS50@YAHOO.COM",
        "dateOfBirth": "1966-02-01T12:00:00",
        "ssn": "350605015",
        "userOrders": null,
        "isSold": false,
        "id": 57557
    }
]