[
    {
        "firstName": "MICHAEL",
        "lastName": "BECK",
        "phone": "6789898682",
        "address": "4419 WINDER HWY",
        "city": "FLRY BR",
        "state": "BR",
        "zip": "30542",
        "email": "MDAVIDBECK429@ATT.NET",
        "dateOfBirth": "1966-04-28T12:00:00",
        "ssn": "257390331",
        "userOrders": null,
        "isSold": false,
        "id": 86430
    },
    {
        "firstName": "BRIAN",
        "lastName": "KAMMERMAN",
        "phone": "4084970628",
        "address": "145 TOPEKA AVE APT 5",
        "city": "SJ",
        "state": "JOSE",
        "zip": "95112",
        "email": "BJAMESKAM@YAHOO.COM",
        "dateOfBirth": "1966-02-13T12:00:00",
        "ssn": "517966252",
        "userOrders": null,
        "isSold": false,
        "id": 86442
    },
    {
        "firstName": "ROODRI",
        "lastName": "CARTER",
        "phone": "3137174229",
        "address": "19790 FREELAND ST",
        "city": "DETROIT",
        "state": "MI",
        "zip": "48235",
        "email": "ROODRICARTER@ATT.NET",
        "dateOfBirth": "1966-01-18T12:00:00",
        "ssn": "376802499",
        "userOrders": null,
        "isSold": false,
        "id": 86471
    },
    {
        "firstName": "PAMELA.",
        "lastName": "WILLIAMS",
        "phone": "9016906482",
        "address": "6731 HALLSHIRE CV",
        "city": "MEMPHIS",
        "state": "TN",
        "zip": "38115",
        "email": "JAMESFIELDSFAMILY@GMAIL.COM",
        "dateOfBirth": "1966-01-12T12:00:00",
        "ssn": "408258608",
        "userOrders": null,
        "isSold": false,
        "id": 86587
    },
    {
        "firstName": "IGNACIO",
        "lastName": "CHAVEZ",
        "phone": "8313201859",
        "address": "327 CARENTAN RD",
        "city": "SE",
        "state": "CA",
        "zip": "93955",
        "email": "IGNACIOCHA@MSN.COM",
        "dateOfBirth": "1966-01-01T12:00:00",
        "ssn": "556538462",
        "userOrders": null,
        "isSold": false,
        "id": 86617
    },
    {
        "firstName": "ESTUARDO",
        "lastName": "MORALES",
        "phone": "5102897083",
        "address": "1636 E 21ST ST",
        "city": "OAK",
        "state": "CA",
        "zip": "94606",
        "email": "ESTUARDOMORALES@ATT.NET",
        "dateOfBirth": "1966-02-06T12:00:00",
        "ssn": "608743586",
        "userOrders": null,
        "isSold": false,
        "id": 86674
    },
    {
        "firstName": "LAURA",
        "lastName": "BANKS",
        "phone": "3125020860",
        "address": "3939 S LAKE PARK AVE APT 1002",
        "city": "CHGO",
        "state": "IL",
        "zip": "60653",
        "email": "LAURABANKS1000@YAHOO.COM",
        "dateOfBirth": "1966-01-30T12:00:00",
        "ssn": "327660985",
        "userOrders": null,
        "isSold": false,
        "id": 86683
    },
    {
        "firstName": "CHRISTOPHER",
        "lastName": "STEEL",
        "phone": "2147271641",
        "address": "9008 BRONZE MEADOW DR",
        "city": "FORT WORTH",
        "state": "WORTH",
        "zip": "76131",
        "email": "EMAILSTEEL3@GMAIL.COM",
        "dateOfBirth": "1966-06-09T12:00:00",
        "ssn": "242332961",
        "userOrders": null,
        "isSold": false,
        "id": 86686
    },
    {
        "firstName": "KRISTINA",
        "lastName": "MCCARTNEY-SPENCER",
        "phone": "2627487721",
        "address": "5846 80TH ST APT 8",
        "city": "BRYANT",
        "state": "WI",
        "zip": "54418",
        "email": "CORYTI@MSN.COM",
        "dateOfBirth": "1966-02-07T12:00:00",
        "ssn": "396848261",
        "userOrders": null,
        "isSold": false,
        "id": 86711
    },
    {
        "firstName": "BOBBIE",
        "lastName": "BREWSTER",
        "phone": "5305191475",
        "address": "4190 COUNTY ROAD KK",
        "city": "ORLD",
        "state": "CA",
        "zip": "95963",
        "email": "BREWSTERBOBBIE43@YAHOO.COM",
        "dateOfBirth": "1966-09-03T12:00:00",
        "ssn": "563357375",
        "userOrders": null,
        "isSold": false,
        "id": 86823
    },
    {
        "firstName": "OHUN",
        "lastName": "KWON",
        "phone": "5624555327",
        "address": "OHUN KWON DBA OHUN CHROPRCTC",
        "city": "BU PK",
        "state": "BEACH",
        "zip": "90621",
        "email": "DRMILTONLEE@GMAIL.COM",
        "dateOfBirth": "1966-02-23T12:00:00",
        "ssn": "458773397",
        "userOrders": null,
        "isSold": false,
        "id": 86882
    },
    {
        "firstName": "DAWN",
        "lastName": "HAJDUCH",
        "phone": "4143645123",
        "address": "2556 S 29TH ST",
        "city": "P*S*L",
        "state": "WI",
        "zip": "34953",
        "email": "PINKCHARISMA@YAHOO.COM",
        "dateOfBirth": "1966-03-02T12:00:00",
        "ssn": "390902809",
        "userOrders": null,
        "isSold": false,
        "id": 86902
    },
    {
        "firstName": "DONNA",
        "lastName": "ACHEMAOUI",
        "phone": "4048957534",
        "address": "PO BOX 7191",
        "city": "MRETA",
        "state": "GA",
        "zip": "30062",
        "email": "DMCCALL8@GMAIL.COM",
        "dateOfBirth": "1966-01-08T12:00:00",
        "ssn": "595122263",
        "userOrders": null,
        "isSold": false,
        "id": 86904
    },
    {
        "firstName": "SCOTT",
        "lastName": "LIETHEN",
        "phone": "9207345640",
        "address": "200 E TAFT AVE",
        "city": "APPLETON",
        "state": "WI",
        "zip": "54915",
        "email": "SCOTT4FOUR@ATT.NET",
        "dateOfBirth": "1966-06-25T12:00:00",
        "ssn": "399882252",
        "userOrders": null,
        "isSold": false,
        "id": 87148
    },
    {
        "firstName": "DAVID",
        "lastName": "BRAINARD",
        "phone": "6168214109",
        "address": "3095 COOKS MEADOW DR NE",
        "city": "PLAINFIELD TWP",
        "state": "RAPIDS",
        "zip": "49306",
        "email": "DBRAINARD@MIDSTATESECURITY.COM",
        "dateOfBirth": "1966-06-26T12:00:00",
        "ssn": "372903505",
        "userOrders": null,
        "isSold": false,
        "id": 87239
    }
]