[
    {
        "firstName": "ANDREW",
        "lastName": "GARCIA",
        "phone": "3238877119",
        "address": "1632 W MADISON AVE",
        "city": "MTB",
        "state": "CA",
        "zip": "90640",
        "email": "99GARCIA@SBCGLOBAL.NET",
        "dateOfBirth": "1966-10-13T12:00:00",
        "ssn": "562794025",
        "userOrders": null,
        "isSold": false,
        "id": 100017
    },
    {
        "firstName": "REBECCA",
        "lastName": "KRUGER",
        "phone": "6087199322",
        "address": "1188 LOWELL DR APT 1",
        "city": "OCONOMOWOC",
        "state": "WI",
        "zip": "53066",
        "email": "REBECCAKRUGER@YAHOO.COM",
        "dateOfBirth": "1966-08-23T12:00:00",
        "ssn": "389728291",
        "userOrders": null,
        "isSold": false,
        "id": 100034
    },
    {
        "firstName": "JOHN",
        "lastName": "PILAFAS*",
        "phone": "1111110001",
        "address": "838 S VILLA AVE",
        "city": "VIL PK",
        "state": "PARK",
        "zip": "60181",
        "email": "MNYMGTR1@HOTMAIL.COM",
        "dateOfBirth": "1966-06-12T12:00:00",
        "ssn": "350502733",
        "userOrders": null,
        "isSold": false,
        "id": 100080
    },
    {
        "firstName": "BARRY",
        "lastName": "DODD",
        "phone": "2567976777",
        "address": "160 FREEDOM WAY",
        "city": "MADISON",
        "state": "AL",
        "zip": "35758",
        "email": "BDODD160@GMAIL.COM",
        "dateOfBirth": "1966-07-10T12:00:00",
        "ssn": "422119383",
        "userOrders": null,
        "isSold": false,
        "id": 100232
    },
    {
        "firstName": "BRIAN",
        "lastName": "RITTER",
        "phone": "9492924899",
        "address": "24881 LA VIDA DR",
        "city": "LAG NIGL",
        "state": "NIGUEL",
        "zip": "92677",
        "email": "BRITTERFLYFISH@YAHOO.COM",
        "dateOfBirth": "1966-10-02T12:00:00",
        "ssn": "541687343",
        "userOrders": null,
        "isSold": false,
        "id": 100501
    },
    {
        "firstName": "LEROY",
        "lastName": "TYSON",
        "phone": "6013160080",
        "address": "320 LAWRENCE RD",
        "city": "JACKSON",
        "state": "MS",
        "zip": "39206",
        "email": "LCTYSON47@GMAIL.COM",
        "dateOfBirth": "1966-03-03T12:00:00",
        "ssn": "377868238",
        "userOrders": null,
        "isSold": false,
        "id": 100524
    },
    {
        "firstName": "VANESSA",
        "lastName": "BARDLIVING",
        "phone": "3233045269",
        "address": "1314 MALTMAN AVE APT 4",
        "city": "LA",
        "state": "ANGELES",
        "zip": "90026",
        "email": "LUNCHBABY@GMAIL.COM",
        "dateOfBirth": "1966-06-17T12:00:00",
        "ssn": "149623910",
        "userOrders": null,
        "isSold": false,
        "id": 100774
    },
    {
        "firstName": "SANDRA",
        "lastName": "MARTIN",
        "phone": "8183416745",
        "address": "1601 GUM AVE",
        "city": "C PK",
        "state": "VA",
        "zip": "91306",
        "email": "SANDRAMARTIN12672@ATT.NET",
        "dateOfBirth": "1966-11-07T12:00:00",
        "ssn": "549198109",
        "userOrders": null,
        "isSold": false,
        "id": 100793
    },
    {
        "firstName": "RAMIRO",
        "lastName": "RODRIGUEZ",
        "phone": "2812568456",
        "address": "15418 PROGRESS RIDGE WAY",
        "city": "CYPRESS",
        "state": "TX",
        "zip": "77429",
        "email": "LINDAYRAMIRO@MSN.COM",
        "dateOfBirth": "1966-11-02T12:00:00",
        "ssn": "581448248",
        "userOrders": null,
        "isSold": false,
        "id": 100814
    },
    {
        "firstName": "PATRICIAL",
        "lastName": "HAYES",
        "phone": "6013712582",
        "address": "1220 DARDANELLE DR",
        "city": "JACKSON",
        "state": "MS",
        "zip": "39204",
        "email": "HAYES9869@BELLSOUTH.NET",
        "dateOfBirth": "1966-08-16T12:00:00",
        "ssn": "427354350",
        "userOrders": null,
        "isSold": false,
        "id": 100818
    },
    {
        "firstName": "PAMELA",
        "lastName": "BAUMANN",
        "phone": "2628182547",
        "address": "1545 19TH AVE",
        "city": "KENOSHA",
        "state": "WI",
        "zip": "53140",
        "email": "BAUMANN_PAMELA@YAHOO.COM",
        "dateOfBirth": "1966-07-06T12:00:00",
        "ssn": "396681429",
        "userOrders": null,
        "isSold": false,
        "id": 100845
    },
    {
        "firstName": "CHRISTI",
        "lastName": "BIAGI",
        "phone": "9162174821",
        "address": "3945 E MIDAS AVE",
        "city": "RKLN",
        "state": "CA",
        "zip": "95677",
        "email": "CHRISTI0245@SBCGLOBAL.NET",
        "dateOfBirth": "1966-06-01T12:00:00",
        "ssn": "566257864",
        "userOrders": null,
        "isSold": false,
        "id": 100878
    },
    {
        "firstName": "JOE",
        "lastName": "BONHAM",
        "phone": "6309355824",
        "address": "210 S FINLEY RD",
        "city": "LOMBRD",
        "state": "IL",
        "zip": "60148",
        "email": "JOEPACKFAN@GMAIL.COM",
        "dateOfBirth": "1966-07-20T12:00:00",
        "ssn": "180586173",
        "userOrders": null,
        "isSold": false,
        "id": 100926
    },
    {
        "firstName": "TRINA",
        "lastName": "TERRELL",
        "phone": "3173562919",
        "address": "8309 EXTON RD",
        "city": "INDIANAPOLIS",
        "state": "IN",
        "zip": "46239",
        "email": "TRINAT66@YAHOO.COM",
        "dateOfBirth": "1966-09-10T12:00:00",
        "ssn": "305881551",
        "userOrders": null,
        "isSold": false,
        "id": 100930
    },
    {
        "firstName": "DEANNA",
        "lastName": "MOORE",
        "phone": "5018822904",
        "address": "275 CAMPGROUND RD",
        "city": "MAUMELLE NEW TOWN",
        "state": "AR",
        "zip": "72113",
        "email": "DECAAD@SBCGLOBAL.NET",
        "dateOfBirth": "1966-06-15T12:00:00",
        "ssn": "461551359",
        "userOrders": null,
        "isSold": false,
        "id": 100945
    }
]