[
    {
        "firstName": "RITA",
        "lastName": "MOORE",
        "phone": "3148054434",
        "address": "1715 GREENING LN",
        "city": "KIRKWOOD",
        "state": "MO",
        "zip": "63122",
        "email": "RITAMORE@SWBELL.NET",
        "dateOfBirth": "1966-03-22T12:00:00",
        "ssn": "486588534",
        "userOrders": null,
        "isSold": false,
        "id": 34038
    },
    {
        "firstName": "BELAY",
        "lastName": "GREYES",
        "phone": "6153351575",
        "address": "400 HAYWOOD CT N",
        "city": "NASHVILLE",
        "state": "TN",
        "zip": "37211",
        "email": "77EMMANUEL@GMAIL.COM",
        "dateOfBirth": "1966-01-01T12:00:00",
        "ssn": "612361259",
        "userOrders": null,
        "isSold": false,
        "id": 34057
    },
    {
        "firstName": "DARRELL",
        "lastName": "NABERS",
        "phone": "6153644104",
        "address": "16013 S DESERT FOOTHILLS PKWY",
        "city": "HERMITAGE",
        "state": "AZ",
        "zip": "37076",
        "email": "DMNABERS@GMAIL.COM",
        "dateOfBirth": "1966-05-22T12:00:00",
        "ssn": "451395122",
        "userOrders": null,
        "isSold": false,
        "id": 34193
    },
    {
        "firstName": "KATHY",
        "lastName": "KIRCHOFF",
        "phone": "9183137164",
        "address": "4312 S WACO AVE",
        "city": "TULSA",
        "state": "OK",
        "zip": "74107",
        "email": "KSHADOWDOG@YAHOO.COM",
        "dateOfBirth": "1966-01-02T12:00:00",
        "ssn": "365848100",
        "userOrders": null,
        "isSold": false,
        "id": 34204
    },
    {
        "firstName": "RANDY",
        "lastName": "EVANS",
        "phone": "8643675698",
        "address": "201 BENTWOOD RD",
        "city": "PIDMT",
        "state": "SC",
        "zip": "29673",
        "email": "CONDRUIYA123@GMAIL.COM",
        "dateOfBirth": "1966-05-14T12:00:00",
        "ssn": "250433642",
        "userOrders": null,
        "isSold": false,
        "id": 34214
    },
    {
        "firstName": "JOHN",
        "lastName": "SMITH",
        "phone": "7737466568",
        "address": "5460 W RICE ST APT BSM",
        "city": "CHGO",
        "state": "IL",
        "zip": "60651",
        "email": "NOEMAIL@ACCELLER.COM",
        "dateOfBirth": "1966-10-25T12:00:00",
        "ssn": "329547640",
        "userOrders": null,
        "isSold": false,
        "id": 34222
    },
    {
        "firstName": "JOHANNES",
        "lastName": "MEYER",
        "phone": "2143756626",
        "address": "630 MISTY GLEN LN",
        "city": "DALLAS",
        "state": "TX",
        "zip": "75232",
        "email": "JM126712@GMAIL.COM",
        "dateOfBirth": "1966-04-12T12:00:00",
        "ssn": "182584276",
        "userOrders": null,
        "isSold": false,
        "id": 34365
    },
    {
        "firstName": "LUZ",
        "lastName": "MARIA",
        "phone": "7739126660",
        "address": "5337 S SPAULDING AVE FL 1",
        "city": "CHGO",
        "state": "IL",
        "zip": "60632",
        "email": "NONE44@YAHOO.COM",
        "dateOfBirth": "1966-05-19T12:00:00",
        "ssn": "319986438",
        "userOrders": null,
        "isSold": false,
        "id": 34452
    },
    {
        "firstName": "DONNA",
        "lastName": "JONES",
        "phone": "9187600208",
        "address": "9998 N MEMORIAL DR",
        "city": "TULSA",
        "state": "OK",
        "zip": "74137",
        "email": "JSHAKER1966@YAHOO.COM",
        "dateOfBirth": "1966-11-04T12:00:00",
        "ssn": "445647044",
        "userOrders": null,
        "isSold": false,
        "id": 34496
    },
    {
        "firstName": "ABEL",
        "lastName": "MARTINEZ",
        "phone": "3232243914",
        "address": "2800 N EASTERN AVE",
        "city": "LA",
        "state": "ANGELES",
        "zip": "90032",
        "email": "MICKE9@SBCGLOBAL.NET",
        "dateOfBirth": "1966-03-18T12:00:00",
        "ssn": "612338343",
        "userOrders": null,
        "isSold": false,
        "id": 34589
    },
    {
        "firstName": "ROBYN",
        "lastName": "SONNTAG",
        "phone": "4058300170",
        "address": "22906 E COUNTY ROAD 1570",
        "city": "OKLAHOMA CITY",
        "state": "CITY",
        "zip": "73128",
        "email": "ROBYNSONNTAG@YAHOO.COM",
        "dateOfBirth": "1966-10-12T12:00:00",
        "ssn": "440765309",
        "userOrders": null,
        "isSold": false,
        "id": 34597
    },
    {
        "firstName": "JENNIFER",
        "lastName": "LYNN",
        "phone": "3307660841",
        "address": "534 BELMONT AVE",
        "city": "NILES",
        "state": "OH",
        "zip": "44446",
        "email": "EEVJYJ1565@ATT.NET",
        "dateOfBirth": "1966-05-13T12:00:00",
        "ssn": "274724395",
        "userOrders": null,
        "isSold": false,
        "id": 34673
    },
    {
        "firstName": "JEFF",
        "lastName": "WHEELER",
        "phone": "9014866663",
        "address": "50 STONEBROOK CV",
        "city": "SOUTHAVEN",
        "state": "MS",
        "zip": "38671",
        "email": "WHEELER1327@YAHOO.COM",
        "dateOfBirth": "1966-12-27T12:00:00",
        "ssn": "427391548",
        "userOrders": null,
        "isSold": false,
        "id": 34733
    },
    {
        "firstName": "ISRAEL",
        "lastName": "GUZMAN",
        "phone": "8327046912",
        "address": "APT 1022",
        "city": "HOUSTON",
        "state": "BAMMEL",
        "zip": "77014",
        "email": "PERKINSJV@YAHOO.COM",
        "dateOfBirth": "1966-01-01T12:00:00",
        "ssn": "584518613",
        "userOrders": null,
        "isSold": false,
        "id": 34797
    },
    {
        "firstName": "KIMBERLY",
        "lastName": "HOVATTER",
        "phone": "6093328653",
        "address": "4423 ASBURY AVE",
        "city": "CNTRL",
        "state": "CITY",
        "zip": "29630",
        "email": "KIMHOVATTER@AOL.COM",
        "dateOfBirth": "1966-11-30T12:00:00",
        "ssn": "136765144",
        "userOrders": null,
        "isSold": false,
        "id": 34799
    }
]