[
    {
        "firstName": "CHARLES",
        "lastName": "A",
        "phone": "8322673998",
        "address": "406 EASTWOOD DR",
        "city": "HOUSTON",
        "state": "CANEY",
        "zip": "77095",
        "email": "QUAKE61@MSN.COM",
        "dateOfBirth": "1966-08-07T12:00:00",
        "ssn": "642321327",
        "userOrders": null,
        "isSold": false,
        "id": 54961
    },
    {
        "firstName": "JONDA",
        "lastName": "L",
        "phone": "3304971637",
        "address": "2567 CAPTENS ST NE",
        "city": "PLAIN TWP",
        "state": "OH",
        "zip": "44721",
        "email": "JONDA.CARNES@YAHOO.COM",
        "dateOfBirth": "1966-08-11T12:00:00",
        "ssn": "292787289",
        "userOrders": null,
        "isSold": false,
        "id": 54969
    },
    {
        "firstName": "SHAKAR",
        "lastName": "KHAN",
        "phone": "7737424954",
        "address": "6312 N TALMAN AVE",
        "city": "CHGO",
        "state": "IL",
        "zip": "60659",
        "email": "SHAKKU@SBCGLOBAL.NET",
        "dateOfBirth": "1966-05-22T12:00:00",
        "ssn": "348706456",
        "userOrders": null,
        "isSold": false,
        "id": 54979
    },
    {
        "firstName": "PAM_",
        "lastName": "KIBBONS",
        "phone": "6304438577",
        "address": "3N982 IL ROUTE 31",
        "city": "ST CHAS",
        "state": "CHARLES",
        "zip": "60174",
        "email": "PKIBBONS@ATT.NET",
        "dateOfBirth": "1966-01-30T12:00:00",
        "ssn": "341441280",
        "userOrders": null,
        "isSold": false,
        "id": 55006
    },
    {
        "firstName": "JEFFREY",
        "lastName": "GRIBBLE",
        "phone": "6156546129",
        "address": "5049 BETTS RD",
        "city": "GREENBRIER",
        "state": "TN",
        "zip": "37073",
        "email": "JEGJAG2000@YAHOO.COM",
        "dateOfBirth": "1966-11-17T12:00:00",
        "ssn": "409315548",
        "userOrders": null,
        "isSold": false,
        "id": 55115
    },
    {
        "firstName": "TONY",
        "lastName": "WEAVER",
        "phone": "4049061068",
        "address": "3639 TRINITY PL",
        "city": "STONECREST",
        "state": "GA",
        "zip": "30038",
        "email": "TBWEAVER@AOL.COM",
        "dateOfBirth": "1966-10-12T12:00:00",
        "ssn": "259061564",
        "userOrders": null,
        "isSold": false,
        "id": 55136
    },
    {
        "firstName": "ROBERT",
        "lastName": "WIEDEMANN",
        "phone": "4052858823",
        "address": "2508 WHITE OAK DR",
        "city": "OKLAHOMA CITY",
        "state": "TX",
        "zip": "73012",
        "email": "ROBERT.WIEDEMANN@YAHOO.COM",
        "dateOfBirth": "1966-05-16T12:00:00",
        "ssn": "440781114",
        "userOrders": null,
        "isSold": false,
        "id": 55145
    },
    {
        "firstName": "LISA",
        "lastName": "GRAF",
        "phone": "3125502039",
        "address": "16541 W COURTSIDE DR",
        "city": "LOKPRT",
        "state": "IL",
        "zip": "60441",
        "email": "CHARLES.GRAF@SBCGLOBAL.NET",
        "dateOfBirth": "1966-11-03T12:00:00",
        "ssn": "359689257",
        "userOrders": null,
        "isSold": false,
        "id": 55187
    },
    {
        "firstName": "ARZELIA",
        "lastName": "PERRY",
        "phone": "2693327321",
        "address": "8832 W HILLS CT",
        "city": "DGLSVL",
        "state": "GA",
        "zip": "30134",
        "email": "APCISSY@GMAIL.COM",
        "dateOfBirth": "1966-02-05T12:00:00",
        "ssn": "373807778",
        "userOrders": null,
        "isSold": false,
        "id": 55202
    },
    {
        "firstName": "KAREN",
        "lastName": "CURTSINGER",
        "phone": "5025073740",
        "address": "3317 LOUISVILLE RD",
        "city": "BARDSTOWN",
        "state": "KY",
        "zip": "40004",
        "email": "11968@BELLSOUTH.NET",
        "dateOfBirth": "1966-11-09T12:00:00",
        "ssn": "401042469",
        "userOrders": null,
        "isSold": false,
        "id": 55203
    },
    {
        "firstName": "LISA",
        "lastName": "DAVIS",
        "phone": "8646502213",
        "address": "4041 MICHIGAN AVE APT B",
        "city": "SENECA",
        "state": "AFB",
        "zip": "29678",
        "email": "AFGRLCC42@GMAIL.COM",
        "dateOfBirth": "1966-01-11T12:00:00",
        "ssn": "217848690",
        "userOrders": null,
        "isSold": false,
        "id": 55282
    },
    {
        "firstName": "EMILIO",
        "lastName": "DE",
        "phone": "3053022719",
        "address": "330 CAMILO AVE",
        "city": "C*G",
        "state": "GABLES",
        "zip": "33134",
        "email": "EMILIOGONZ@BELLSOUTH.NET",
        "dateOfBirth": "1966-01-17T12:00:00",
        "ssn": "595034594",
        "userOrders": null,
        "isSold": false,
        "id": 55375
    },
    {
        "firstName": "WILLIE",
        "lastName": "BRADFORD",
        "phone": "6787640909",
        "address": "608 NOTTINGHAM CT",
        "city": "L*G",
        "state": "GROVE",
        "zip": "30248",
        "email": "TYEBRAD11@GMAIL.COM",
        "dateOfBirth": "1966-05-20T12:00:00",
        "ssn": "421968742",
        "userOrders": null,
        "isSold": true,
        "id": 55376
    },
    {
        "firstName": "CHRISTOPHER",
        "lastName": "LEONARD",
        "phone": "6147742548",
        "address": "6147723623",
        "city": "PICKERINGTON OH 43147-1509",
        "state": "WARWICK",
        "zip": "PICKERINGTON",
        "email": "43147",
        "dateOfBirth": "1966-07-29T12:00:00",
        "ssn": "269801158",
        "userOrders": null,
        "isSold": false,
        "id": 55396
    },
    {
        "firstName": "ENA",
        "lastName": "SAINTIL",
        "phone": "7544225179",
        "address": "5320 NW 27TH ST APT 2811",
        "city": "LDHL",
        "state": "FL",
        "zip": "33313",
        "email": "JOHNATHANFOLIFE@YAHOO.COM",
        "dateOfBirth": "1966-06-03T12:00:00",
        "ssn": "592792631",
        "userOrders": null,
        "isSold": false,
        "id": 55491
    }
]