[
    {
        "firstName": "CHIKA",
        "lastName": "AWELE",
        "phone": "7137710664",
        "address": "9301 BEECHNUT ST APT 1914",
        "city": "HOUSTON",
        "state": "TX",
        "zip": "77036",
        "email": "CHIKAAWELE@ATT.NET",
        "dateOfBirth": "1966-09-28T12:00:00",
        "ssn": "632785658",
        "userOrders": null,
        "isSold": false,
        "id": 97331
    },
    {
        "firstName": "JULIAN",
        "lastName": "CORDOVA",
        "phone": "7863324115",
        "address": "8301 SW 142ND AVE APT A101",
        "city": "MIA",
        "state": "FL",
        "zip": "33183",
        "email": "JUZALY@YAHOO.COM",
        "dateOfBirth": "1966-08-22T12:00:00",
        "ssn": "768024058",
        "userOrders": null,
        "isSold": false,
        "id": 97392
    },
    {
        "firstName": "APRIL",
        "lastName": "COPE",
        "phone": "8649035671",
        "address": "COPE PROPERT MANAGEMENT",
        "city": "SENECA",
        "state": "WALDROP",
        "zip": "29672",
        "email": "APRIL@COPEPM.COM",
        "dateOfBirth": "1966-02-24T12:00:00",
        "ssn": "249252703",
        "userOrders": null,
        "isSold": false,
        "id": 97409
    },
    {
        "firstName": "MICHAEL",
        "lastName": "LEE",
        "phone": "9165679508",
        "address": "774 BOWLES ST",
        "city": "SAC",
        "state": "CA",
        "zip": "95815",
        "email": "MICHAELJLEE66@GMAIL.COM",
        "dateOfBirth": "1966-10-28T12:00:00",
        "ssn": "562738061",
        "userOrders": null,
        "isSold": false,
        "id": 97529
    },
    {
        "firstName": "MARTHA",
        "lastName": "ACERO",
        "phone": "5612754101",
        "address": "2719 IDA WAY",
        "city": "W*P*B",
        "state": "PALM",
        "zip": "33415",
        "email": "MAEXACERO@HOTMAIL.COM",
        "dateOfBirth": "1966-01-28T12:00:00",
        "ssn": "768141418",
        "userOrders": null,
        "isSold": false,
        "id": 97578
    },
    {
        "firstName": "JAMES",
        "lastName": "KENNEDY",
        "phone": "5127317184",
        "address": "10300 ALFRED",
        "city": "AUSTIN",
        "state": "TX",
        "zip": "78748",
        "email": "PJTEXASWATCHDOG@YAHOO.COM",
        "dateOfBirth": "1966-03-12T12:00:00",
        "ssn": "453352792",
        "userOrders": null,
        "isSold": false,
        "id": 97790
    },
    {
        "firstName": "JOHN",
        "lastName": "KAPAPI",
        "phone": "8178812876",
        "address": "9108 SPURS TRL",
        "city": "DENTON COUNTY",
        "state": "TX",
        "zip": "76227",
        "email": "AMNAZO2001@OUTLOOK.COM",
        "dateOfBirth": "1966-11-12T12:00:00",
        "ssn": "219597770",
        "userOrders": null,
        "isSold": false,
        "id": 97825
    },
    {
        "firstName": "ROSALIE",
        "lastName": "ROY",
        "phone": "2522693531",
        "address": "5564 ALPINE DR",
        "city": "SUMV",
        "state": "SC",
        "zip": "29483",
        "email": "YUMAROZE@YAHOO.COM",
        "dateOfBirth": "1966-04-04T12:00:00",
        "ssn": "102644924",
        "userOrders": null,
        "isSold": false,
        "id": 97875
    },
    {
        "firstName": "RODNEY",
        "lastName": "BLACKMAN",
        "phone": "8649087202",
        "address": "1085 SEACLIFF DR N",
        "city": "DAPHNE",
        "state": "AL",
        "zip": "36526",
        "email": "BLACKMANROJA@GMAIL.COM",
        "dateOfBirth": "1966-11-15T12:00:00",
        "ssn": "280627435",
        "userOrders": null,
        "isSold": false,
        "id": 97929
    },
    {
        "firstName": "GLASETTA",
        "lastName": "BARKSDALE",
        "phone": "7735625990",
        "address": "9012 S BLACKSTONE AVE",
        "city": "RIDGELAND",
        "state": "IL",
        "zip": "39157",
        "email": "MMGBARKSDALE@PRODIGY.NET",
        "dateOfBirth": "1966-07-28T12:00:00",
        "ssn": "334729506",
        "userOrders": null,
        "isSold": false,
        "id": 98046
    },
    {
        "firstName": "TRACIE",
        "lastName": "STALLWORTH",
        "phone": "4047846357",
        "address": "5314 WEXFORD CT APT A",
        "city": "NORC",
        "state": "GA",
        "zip": "30071",
        "email": "TRACIESTALLWORTH2000@YAHOO.COM",
        "dateOfBirth": "1966-09-18T12:00:00",
        "ssn": "268785408",
        "userOrders": null,
        "isSold": false,
        "id": 98066
    },
    {
        "firstName": "BARBARA",
        "lastName": "GODWIN",
        "phone": "9139017342",
        "address": "136 NORTHGATE CROSSING DR",
        "city": "NWN",
        "state": "GA",
        "zip": "30263",
        "email": "BGODWIN35@GMAIL.COM",
        "dateOfBirth": "1966-04-27T12:00:00",
        "ssn": "496703721",
        "userOrders": null,
        "isSold": false,
        "id": 98110
    },
    {
        "firstName": "BETH",
        "lastName": "RUSS",
        "phone": "8032950137",
        "address": "2204 GREENWYCHE AVE",
        "city": "COLA",
        "state": "SC",
        "zip": "29210",
        "email": "LOVECHILD7404@GMAIL.COM",
        "dateOfBirth": "1966-03-16T12:00:00",
        "ssn": "370882254",
        "userOrders": null,
        "isSold": false,
        "id": 98173
    },
    {
        "firstName": "JOSE",
        "lastName": "BASTO",
        "phone": "3056903026",
        "address": "11930 NE 19TH DR APT 22",
        "city": "N*M",
        "state": "MIAMI",
        "zip": "33181",
        "email": "LESHOBASTO@HOTMAIL.VOM",
        "dateOfBirth": "1966-10-24T12:00:00",
        "ssn": "590510245",
        "userOrders": null,
        "isSold": false,
        "id": 98216
    },
    {
        "firstName": "CHRISTOPHER",
        "lastName": "DREMANN",
        "phone": "8139473646",
        "address": "1540 FAIROAKS DR",
        "city": "TROY",
        "state": "IL",
        "zip": "62294",
        "email": "CHRISDREMANN@MSN.COM",
        "dateOfBirth": "1966-10-26T12:00:00",
        "ssn": "330668764",
        "userOrders": null,
        "isSold": false,
        "id": 98235
    }
]