[
    {
        "firstName": "BRIAN",
        "lastName": "MIDKIFF",
        "phone": "5014130317",
        "address": "914 KIERRE DR",
        "city": "NLR",
        "state": "LITTLE",
        "zip": "72116",
        "email": "BRIANM4@SBCGLOBAL.NET",
        "dateOfBirth": "1966-09-12T12:00:00",
        "ssn": "232112653",
        "userOrders": null,
        "isSold": false,
        "id": 102234
    },
    {
        "firstName": "TAMMY",
        "lastName": "WILKERSON***",
        "phone": "6782675293",
        "address": "10 MOUNT AIRY RD",
        "city": "HMPTN",
        "state": "GA",
        "zip": "30228",
        "email": "COUNTRYGIRL7399@AOL.COM",
        "dateOfBirth": "1966-03-03T12:00:00",
        "ssn": "259279432",
        "userOrders": null,
        "isSold": false,
        "id": 102362
    },
    {
        "firstName": "FARZANA",
        "lastName": "KOUSAR",
        "phone": "8167599278",
        "address": "4625 NE WINN RD APT 203",
        "city": "KANSAS CITY",
        "state": "CITY",
        "zip": "64117",
        "email": "CHEYSWANTEDJUNK@GMAIL.COM",
        "dateOfBirth": "1966-01-01T12:00:00",
        "ssn": "489294608",
        "userOrders": null,
        "isSold": false,
        "id": 102392
    },
    {
        "firstName": "JON",
        "lastName": "WALLENKAMP",
        "phone": "4146903197",
        "address": "7305 W WISCONSIN AVE",
        "city": "WAUWATOSA",
        "state": "WI",
        "zip": "53213",
        "email": "JONW@KUENYARCH.COM",
        "dateOfBirth": "1966-06-12T12:00:00",
        "ssn": "395729273",
        "userOrders": null,
        "isSold": false,
        "id": 102485
    },
    {
        "firstName": "HANG",
        "lastName": "ROSBURG",
        "phone": "6154916489",
        "address": "2710 FORTLAND DR",
        "city": "NASHVILLE",
        "state": "TN",
        "zip": "37206",
        "email": "AARONROSBURG@BELLSOUTH.NET",
        "dateOfBirth": "1966-12-06T12:00:00",
        "ssn": "415935631",
        "userOrders": null,
        "isSold": false,
        "id": 102580
    },
    {
        "firstName": "JULES",
        "lastName": "HOWARD",
        "phone": "4153094416",
        "address": "17 ALEXANDER AVE",
        "city": "SAU",
        "state": "CA",
        "zip": "94965",
        "email": "JULESMHOWARD@GMAIL.COM",
        "dateOfBirth": "1966-01-31T12:00:00",
        "ssn": "568670440",
        "userOrders": null,
        "isSold": false,
        "id": 102634
    },
    {
        "firstName": "ADAM",
        "lastName": "SMIDT",
        "phone": "6152072238",
        "address": "1403 BRENTHAVEN DR",
        "city": "BRENTWOOD",
        "state": "TN",
        "zip": "37027",
        "email": "ADSMIDT@ATT.NET",
        "dateOfBirth": "1966-12-12T12:00:00",
        "ssn": "493706514",
        "userOrders": null,
        "isSold": false,
        "id": 102647
    },
    {
        "firstName": "SUSAN",
        "lastName": "MORSE",
        "phone": "7147424801",
        "address": "3610 ASPEN VILLAGE WAY APT A",
        "city": "SA",
        "state": "ANA",
        "zip": "92704",
        "email": "SUE_MORSE@YAHOO.COM",
        "dateOfBirth": "1966-02-21T12:00:00",
        "ssn": "517765354",
        "userOrders": null,
        "isSold": true,
        "id": 102672
    },
    {
        "firstName": "CHIJUI",
        "lastName": "CHOU",
        "phone": "1111110001",
        "address": "6907 DEVON WAY",
        "city": "SJ",
        "state": "JOSE",
        "zip": "95129",
        "email": "CHIEN_PEI@YAHOO.COM",
        "dateOfBirth": "1966-12-15T12:00:00",
        "ssn": "515066410",
        "userOrders": null,
        "isSold": false,
        "id": 102906
    },
    {
        "firstName": "CHARLES",
        "lastName": "PARKER.",
        "phone": "2547809369",
        "address": "13250 MARIGOLD TRL",
        "city": "BELL COUNTY",
        "state": "TX",
        "zip": "76513",
        "email": "CDPARKER111@ATT.NET",
        "dateOfBirth": "1966-04-05T12:00:00",
        "ssn": "452579088",
        "userOrders": null,
        "isSold": false,
        "id": 103072
    },
    {
        "firstName": "CHARLES",
        "lastName": "STEVENS",
        "phone": "7725383096",
        "address": "7725591171",
        "city": "VERO BEACH FL 32961-1971",
        "state": "BOX",
        "zip": "VERO BCH",
        "email": "32960",
        "dateOfBirth": "1966-08-20T12:00:00",
        "ssn": "590054952",
        "userOrders": null,
        "isSold": false,
        "id": 103092
    },
    {
        "firstName": "DIANE",
        "lastName": "ESMAEL",
        "phone": "7733397450",
        "address": "6045 N PULASKI RD",
        "city": "CHGO",
        "state": "IL",
        "zip": "60646",
        "email": "DESMAEL0844@YAHOO.COM",
        "dateOfBirth": "1966-11-05T12:00:00",
        "ssn": "326620225",
        "userOrders": null,
        "isSold": false,
        "id": 103151
    },
    {
        "firstName": "TIMMIE",
        "lastName": "D",
        "phone": "4148970350",
        "address": "4747 N 72ND ST",
        "city": "MILWAUKEE",
        "state": "WI",
        "zip": "53218",
        "email": "MRBELVE68@GMAIL.COM",
        "dateOfBirth": "1966-10-06T12:00:00",
        "ssn": "397827613",
        "userOrders": null,
        "isSold": false,
        "id": 103170
    },
    {
        "firstName": "BRIDGETTE",
        "lastName": "LOWE",
        "phone": "2054924789",
        "address": "724 MEADOWBROOK DR",
        "city": "BIRMINGHAM",
        "state": "AL",
        "zip": "35215",
        "email": "BRIDGETTWILSON16@YAHOO.COM",
        "dateOfBirth": "1966-10-28T12:00:00",
        "ssn": "422826271",
        "userOrders": null,
        "isSold": false,
        "id": 103175
    },
    {
        "firstName": "JOHN",
        "lastName": "LORENZEN",
        "phone": "3603392156",
        "address": "902 ALLYSSA CT",
        "city": "LANSING",
        "state": "KS",
        "zip": "66043",
        "email": "JCMJSJ.LORENZEN@GMAIL.COM",
        "dateOfBirth": "1966-12-27T12:00:00",
        "ssn": "481020756",
        "userOrders": null,
        "isSold": false,
        "id": 103259
    }
]