[
    {
        "firstName": "ERIK",
        "lastName": "NEDRUD",
        "phone": "7148780803",
        "address": "1205 ISLEMERE DR",
        "city": "SANTA CLARITA",
        "state": "TX",
        "zip": "91321",
        "email": "MISTWRAITH@ATT.NET",
        "dateOfBirth": "1966-01-06T12:00:00",
        "ssn": "566197964",
        "userOrders": null,
        "isSold": false,
        "id": 14482
    },
    {
        "firstName": "BESSE",
        "lastName": "ORD",
        "phone": "5619653615",
        "address": "3837 EDWARDS AVE",
        "city": "PLM SPRNGS",
        "state": "WORTH",
        "zip": "33461",
        "email": "BESSEORD@YAHOO.COM",
        "dateOfBirth": "1966-03-12T12:00:00",
        "ssn": "593202961",
        "userOrders": null,
        "isSold": false,
        "id": 14597
    },
    {
        "firstName": "EULOGIO",
        "lastName": "QUIROZ",
        "phone": "7757717890",
        "address": "208 CALIENTE ST",
        "city": "RENO",
        "state": "NV",
        "zip": "89509",
        "email": "EULOGIOQSANCHEZ@GMAIL.COM",
        "dateOfBirth": "1966-10-26T12:00:00",
        "ssn": "604209523",
        "userOrders": null,
        "isSold": true,
        "id": 14598
    },
    {
        "firstName": "TIMOTHY",
        "lastName": "J",
        "phone": "6618349215",
        "address": "901 JAMAICA WAY",
        "city": "BKFD",
        "state": "CA",
        "zip": "93309",
        "email": "TDBENCH@AOL.COM",
        "dateOfBirth": "1966-07-13T12:00:00",
        "ssn": "574729841",
        "userOrders": null,
        "isSold": false,
        "id": 14638
    },
    {
        "firstName": "DAVID",
        "lastName": "CALDWELL",
        "phone": "6303643841",
        "address": "9517 STANWICH DR",
        "city": "NAPRVL",
        "state": "TX",
        "zip": "60540",
        "email": "DAVIDRCALDWELL@SBCGLOBAL.NET",
        "dateOfBirth": "1966-12-08T12:00:00",
        "ssn": "457433563",
        "userOrders": null,
        "isSold": false,
        "id": 14769
    },
    {
        "firstName": "TAMMY",
        "lastName": "VAIL",
        "phone": "9197389711",
        "address": "2304 LONG AND WINDING RD",
        "city": "RAL",
        "state": "NC",
        "zip": "27603",
        "email": "AEVAIL@NCSU.EDU",
        "dateOfBirth": "1966-10-17T12:00:00",
        "ssn": "245299035",
        "userOrders": null,
        "isSold": false,
        "id": 14812
    },
    {
        "firstName": "KEVIN",
        "lastName": "BIGGER",
        "phone": "8108770452",
        "address": "1293 N OAK RD",
        "city": "DAVISON",
        "state": "MI",
        "zip": "48423",
        "email": "KEB1293NOAK@YAHOO.COM",
        "dateOfBirth": "1966-07-28T12:00:00",
        "ssn": "362906052",
        "userOrders": null,
        "isSold": false,
        "id": 14820
    },
    {
        "firstName": "JONATHAN",
        "lastName": "DANZIGER",
        "phone": "8458934502",
        "address": "259 S BOULEVARD",
        "city": "NYACK",
        "state": "NY",
        "zip": "10960",
        "email": "DANZIGER@NEWSCHOOL.EDU",
        "dateOfBirth": "1966-09-07T12:00:00",
        "ssn": "125425063",
        "userOrders": null,
        "isSold": true,
        "id": 15120
    },
    {
        "firstName": "TODD",
        "lastName": "TARTER",
        "phone": "4174393091",
        "address": "1010 SHERIDAN DR",
        "city": "JOPLIN",
        "state": "MO",
        "zip": "64801",
        "email": "SHELLYTARTER@YAHOO.COM",
        "dateOfBirth": "1966-03-05T12:00:00",
        "ssn": "510767610",
        "userOrders": null,
        "isSold": false,
        "id": 15180
    },
    {
        "firstName": "GENALINE",
        "lastName": "VIRAY",
        "phone": "8312381308",
        "address": "520 CARMEL AVE",
        "city": "PG",
        "state": "GROVE",
        "zip": "93950",
        "email": "GVIRAY1901@ATT.NET",
        "dateOfBirth": "1966-12-08T12:00:00",
        "ssn": "623358536",
        "userOrders": null,
        "isSold": false,
        "id": 15210
    },
    {
        "firstName": "TERRELL",
        "lastName": "MAXWELL",
        "phone": "9015501395",
        "address": "3073 NATHAN AVE APT 19",
        "city": "MEMPHIS",
        "state": "TN",
        "zip": "38112",
        "email": "TMAX3811268@GMAIL.COM",
        "dateOfBirth": "1966-11-27T12:00:00",
        "ssn": "404029397",
        "userOrders": null,
        "isSold": false,
        "id": 15265
    },
    {
        "firstName": "JEFFREY",
        "lastName": "TENEYCK",
        "phone": "4195142726",
        "address": "1218 FRONT ST",
        "city": "TOLEDO",
        "state": "OH",
        "zip": "43605",
        "email": "JEFFT1966@ATT.NET",
        "dateOfBirth": "1966-03-10T12:00:00",
        "ssn": "293708697",
        "userOrders": null,
        "isSold": false,
        "id": 15444
    },
    {
        "firstName": "CAROL",
        "lastName": "RAY",
        "phone": "2282829997",
        "address": "4405 NEESE LN",
        "city": "MOSS POINT",
        "state": "POINT",
        "zip": "39563",
        "email": "C.RAY1965@YAHOO.COM",
        "dateOfBirth": "1966-08-02T12:00:00",
        "ssn": "571085757",
        "userOrders": null,
        "isSold": false,
        "id": 15495
    },
    {
        "firstName": "CHRISTOPHER",
        "lastName": "WEST",
        "phone": "9498707273",
        "address": "32472 FATHOM CT",
        "city": "SJC",
        "state": "JUAN",
        "zip": "92675",
        "email": "CJW011222@YAHOO.COM",
        "dateOfBirth": "1966-08-02T12:00:00",
        "ssn": "476723529",
        "userOrders": null,
        "isSold": false,
        "id": 15504
    },
    {
        "firstName": "RICHARD",
        "lastName": "THOMASON",
        "phone": "9044389126",
        "address": "10769 LARIAT LN",
        "city": "JKVL",
        "state": "FL",
        "zip": "32257",
        "email": "RTHOMASON2779@GMAIL.COM",
        "dateOfBirth": "1966-02-27T12:00:00",
        "ssn": "228920526",
        "userOrders": null,
        "isSold": false,
        "id": 15544
    }
]