[
    {
        "firstName": "PAULA",
        "lastName": "L",
        "phone": "2516442013",
        "address": "467 WELLINGTON ST",
        "city": "MOBILE",
        "state": "AL",
        "zip": "36617",
        "email": "ACTIVELYSEEKING62@YAHOO.COM",
        "dateOfBirth": "1966-02-08T12:00:00",
        "ssn": "417086917",
        "userOrders": null,
        "isSold": false,
        "id": 81258
    },
    {
        "firstName": "DAVID",
        "lastName": "FARQUHARSON",
        "phone": "9419791384",
        "address": "8652274840",
        "city": "KNOXVILLE TN 37914-2622",
        "state": "BOX",
        "zip": "KNOXVILLE",
        "email": "37915",
        "dateOfBirth": "1966-11-17T12:00:00",
        "ssn": "122565690",
        "userOrders": null,
        "isSold": false,
        "id": 81313
    },
    {
        "firstName": "MARK",
        "lastName": "CORNELL",
        "phone": "8178050082",
        "address": "7305 BRIARWYCK CT",
        "city": "FORT WORTH",
        "state": "WORTH",
        "zip": "76137",
        "email": "MR_MOPAR@SBCGLOBAL.NET",
        "dateOfBirth": "1966-12-10T12:00:00",
        "ssn": "230299407",
        "userOrders": null,
        "isSold": false,
        "id": 81315
    },
    {
        "firstName": "RUFINA",
        "lastName": "CUA",
        "phone": "4153075055",
        "address": "4153075055",
        "city": "DALY CITY CA 94015-2124",
        "state": "EL",
        "zip": "DC",
        "email": "94015",
        "dateOfBirth": "1966-11-16T12:00:00",
        "ssn": "625377311",
        "userOrders": null,
        "isSold": false,
        "id": 81323
    },
    {
        "firstName": "MARIA",
        "lastName": "GARCIA",
        "phone": "6618006294",
        "address": "938 STERLING RD",
        "city": "BKFD",
        "state": "CA",
        "zip": "93306",
        "email": "ACVSRAY@GMAIL.COM",
        "dateOfBirth": "1966-12-20T12:00:00",
        "ssn": "608128329",
        "userOrders": null,
        "isSold": false,
        "id": 81356
    },
    {
        "firstName": "JERRY",
        "lastName": "D",
        "phone": "9897082003",
        "address": "2720 W WACKERLY ST",
        "city": "MIDLAND",
        "state": "MI",
        "zip": "48642",
        "email": "JERRY1306@ATT.NET",
        "dateOfBirth": "1966-12-26T12:00:00",
        "ssn": "529213682",
        "userOrders": null,
        "isSold": false,
        "id": 81431
    },
    {
        "firstName": "TERRY",
        "lastName": "DURR",
        "phone": "4042425563",
        "address": "8829 CASSIDY LN",
        "city": "DENTON COUNTY",
        "state": "TX",
        "zip": "76227",
        "email": "TDURR2504@YAHOO.COM",
        "dateOfBirth": "1966-08-15T12:00:00",
        "ssn": "418116519",
        "userOrders": null,
        "isSold": false,
        "id": 81573
    },
    {
        "firstName": "MARK",
        "lastName": "CARR",
        "phone": "9013379055",
        "address": "3246 N WAYNOKA CIR",
        "city": "MEMPHIS",
        "state": "TN",
        "zip": "38111",
        "email": "MARKCARR66@MSN.COM",
        "dateOfBirth": "1966-01-29T12:00:00",
        "ssn": "414331175",
        "userOrders": null,
        "isSold": false,
        "id": 81581
    },
    {
        "firstName": "JORGE",
        "lastName": "ORTIZ",
        "phone": "1111110014",
        "address": "8639 COLUMBUS AVE APT 8",
        "city": "LA",
        "state": "HILLS",
        "zip": "90057",
        "email": "ORTIZ4646@ATT.NET",
        "dateOfBirth": "1966-01-24T12:00:00",
        "ssn": "618166392",
        "userOrders": null,
        "isSold": false,
        "id": 81702
    },
    {
        "firstName": "RICHARD",
        "lastName": "NOLAN",
        "phone": "8183893691",
        "address": "19200 LASSEN ST",
        "city": "NOR",
        "state": "CA",
        "zip": "91324",
        "email": "RICHARD.NOLAN@ORBITALATK.COM",
        "dateOfBirth": "1966-06-17T12:00:00",
        "ssn": "524087379",
        "userOrders": null,
        "isSold": false,
        "id": 81727
    },
    {
        "firstName": "IVANITA",
        "lastName": "S",
        "phone": "7735507084",
        "address": "5830 S MICHIGAN AVE APT 1",
        "city": "CHGO",
        "state": "IL",
        "zip": "60637",
        "email": "NEEKTY214@YAHOO.COM",
        "dateOfBirth": "1966-04-12T12:00:00",
        "ssn": "332700652",
        "userOrders": null,
        "isSold": false,
        "id": 81828
    },
    {
        "firstName": "CORINTHIANS",
        "lastName": "RUFFIN",
        "phone": "2167615610",
        "address": "14129 SYLVIA AVE",
        "city": "CLEVELAND",
        "state": "OH",
        "zip": "44110",
        "email": "CORINRUFFIN@HOTMAIL.COM",
        "dateOfBirth": "1966-09-28T12:00:00",
        "ssn": "288728534",
        "userOrders": null,
        "isSold": false,
        "id": 82018
    },
    {
        "firstName": "JOEL",
        "lastName": "TIMMER",
        "phone": "8178969088",
        "address": "1000 HENDERSON ST APT 448",
        "city": "FORT WORTH",
        "state": "WORTH",
        "zip": "76109",
        "email": "TIMMER.JOEL@ATT.NET",
        "dateOfBirth": "1966-08-11T12:00:00",
        "ssn": "291666120",
        "userOrders": null,
        "isSold": false,
        "id": 82097
    },
    {
        "firstName": "HENRY",
        "lastName": "BUI",
        "phone": "7144172745",
        "address": "12181 ORA ST",
        "city": "GG",
        "state": "GROVE",
        "zip": "92840",
        "email": "HENRYTHANGBUI@YAHOO.COM",
        "dateOfBirth": "1966-08-10T12:00:00",
        "ssn": "473949454",
        "userOrders": null,
        "isSold": true,
        "id": 82140
    },
    {
        "firstName": "TONYA",
        "lastName": "BELL",
        "phone": "4707676102",
        "address": "342 VICTORY LN",
        "city": "L*G",
        "state": "GROVE",
        "zip": "30248",
        "email": "BELLFAMILY4U@YAHOO.COM",
        "dateOfBirth": "1966-11-03T12:00:00",
        "ssn": "415255525",
        "userOrders": null,
        "isSold": true,
        "id": 82191
    }
]