[
    {
        "firstName": "ANGIE",
        "lastName": "WILLIAMS",
        "phone": "3133309975",
        "address": "3137534314",
        "city": "DETROIT MI 48238-2413",
        "state": "CLOVERLAWN",
        "zip": "DETROIT",
        "email": "48238",
        "dateOfBirth": "1966-04-13T12:00:00",
        "ssn": "368881462",
        "userOrders": null,
        "isSold": false,
        "id": 76010
    },
    {
        "firstName": "PEDRO",
        "lastName": "TRUJILLO",
        "phone": "9499293211",
        "address": "2298 FOUNTAIN WAY W APT B",
        "city": "CM",
        "state": "MESA",
        "zip": "92627",
        "email": "HYJIMENEZ@HOTMAIL.COM",
        "dateOfBirth": "1966-02-14T12:00:00",
        "ssn": "615169948",
        "userOrders": null,
        "isSold": true,
        "id": 76071
    },
    {
        "firstName": "DONALD",
        "lastName": "ESTHEIMER",
        "phone": "7349347944",
        "address": "14579 FORDLINE ST",
        "city": "SOUTHGATE",
        "state": "MI",
        "zip": "48195",
        "email": "SHERRYESTHEIMER@YAHOO.COM",
        "dateOfBirth": "1966-07-04T12:00:00",
        "ssn": "378884623",
        "userOrders": null,
        "isSold": false,
        "id": 76095
    },
    {
        "firstName": "KIMLA",
        "lastName": "RUSSELL",
        "phone": "5673156982",
        "address": "1478 MELVIN DR",
        "city": "TOLEDO",
        "state": "OH",
        "zip": "43615",
        "email": "KIMLA2390@ATT.NET",
        "dateOfBirth": "1966-02-25T12:00:00",
        "ssn": "291681608",
        "userOrders": null,
        "isSold": false,
        "id": 76128
    },
    {
        "firstName": "CHARLES",
        "lastName": "LANDON",
        "phone": "6198204046",
        "address": "215 RIVER PARK DR UNIT 19",
        "city": "SANTEE",
        "state": "CA",
        "zip": "92071",
        "email": "CHASWL66@GMAIL.COM",
        "dateOfBirth": "1966-03-23T12:00:00",
        "ssn": "557717086",
        "userOrders": null,
        "isSold": false,
        "id": 76176
    },
    {
        "firstName": "MICHAEL",
        "lastName": "SUNCHILD",
        "phone": "2103648920",
        "address": "5118 DAGGER FLTS",
        "city": "SAN ANTONIO",
        "state": "ANTONIO",
        "zip": "78244",
        "email": "NRAMOS6798@YAHOO.COM",
        "dateOfBirth": "1966-02-03T12:00:00",
        "ssn": "516864425",
        "userOrders": null,
        "isSold": false,
        "id": 76282
    },
    {
        "firstName": "LUCYNA",
        "lastName": "BEDNARCZYK",
        "phone": "8476931284",
        "address": "642 PINTAIL ST",
        "city": "DERFLD",
        "state": "IL",
        "zip": "60015",
        "email": "IVOLUCYGABY@YAHOO.COM",
        "dateOfBirth": "1966-08-22T12:00:00",
        "ssn": "321844894",
        "userOrders": null,
        "isSold": false,
        "id": 76285
    },
    {
        "firstName": "HUGO",
        "lastName": "PLATA",
        "phone": "2105214930",
        "address": "2104160759",
        "city": "SAN ANTONIO TX 78250-3214",
        "state": "MISTY",
        "zip": "SAN ANTONIO",
        "email": "78250",
        "dateOfBirth": "1966-05-11T12:00:00",
        "ssn": "467433689",
        "userOrders": null,
        "isSold": false,
        "id": 76550
    },
    {
        "firstName": "JAYNE",
        "lastName": "M",
        "phone": "5615961778",
        "address": "12770 KINGSWAY RD",
        "city": "VILLAGE OF WELLINGTON",
        "state": "WELLINGTN",
        "zip": "33414",
        "email": "CHANELJAYNE@GMAIL.COM",
        "dateOfBirth": "1966-09-17T12:00:00",
        "ssn": "593071105",
        "userOrders": null,
        "isSold": false,
        "id": 76555
    },
    {
        "firstName": "DAN",
        "lastName": "NORMAN",
        "phone": "8032616159",
        "address": "37 LOST CABIN DR",
        "city": "MILLS RIVER",
        "state": "RIVER",
        "zip": "28742",
        "email": "DANSCABIN@HOTMAIL.COM",
        "dateOfBirth": "1966-02-12T12:00:00",
        "ssn": "251377314",
        "userOrders": null,
        "isSold": false,
        "id": 76563
    },
    {
        "firstName": "GREGORY",
        "lastName": "CHIRIKJIAN",
        "phone": "4438010935",
        "address": "7 FOXWAY TER",
        "city": "BALTIMORE",
        "state": "MD",
        "zip": "21286",
        "email": "GCHIRIK@GMAIL.COM",
        "dateOfBirth": "1966-08-16T12:00:00",
        "ssn": "217743425",
        "userOrders": null,
        "isSold": true,
        "id": 76564
    },
    {
        "firstName": "MICHELLE",
        "lastName": "FREEMAN",
        "phone": "8176840258",
        "address": "5206 FOX TRAIL LN",
        "city": "EULESS",
        "state": "TX",
        "zip": "76039",
        "email": "MICHELLE.FREEMAN@HP.COM",
        "dateOfBirth": "1966-03-10T12:00:00",
        "ssn": "465550620",
        "userOrders": null,
        "isSold": false,
        "id": 76582
    },
    {
        "firstName": "KATHY",
        "lastName": "SCHLEMITZ",
        "phone": "6145604030",
        "address": "5502 HEATHERWOOD CT",
        "city": "DUBLIN",
        "state": "OH",
        "zip": "43017",
        "email": "KSCHLEMI@COLUMBUS.RR.COM",
        "dateOfBirth": "1966-04-16T12:00:00",
        "ssn": "274426064",
        "userOrders": null,
        "isSold": false,
        "id": 76717
    },
    {
        "firstName": "GAYLENE",
        "lastName": "AVERY",
        "phone": "7854089539",
        "address": "515 SW BUCHANAN ST APT 17",
        "city": "TOPEKA",
        "state": "KS",
        "zip": "66606",
        "email": "GAYLENEAVERY@ATT.NET",
        "dateOfBirth": "1966-05-28T12:00:00",
        "ssn": "513685665",
        "userOrders": null,
        "isSold": false,
        "id": 76726
    },
    {
        "firstName": "JEFFERY",
        "lastName": "HARRISON",
        "phone": "9204459057",
        "address": "1918 OAKDALE AVE",
        "city": "GREEN BAY",
        "state": "BAY",
        "zip": "54302",
        "email": "MUSICLOFT48@GMAIL.COM",
        "dateOfBirth": "1966-04-10T12:00:00",
        "ssn": "391702961",
        "userOrders": null,
        "isSold": false,
        "id": 76735
    }
]