[
    {
        "firstName": "CHERI",
        "lastName": "JACKSON",
        "phone": "4057424514",
        "address": "1506 N MARKET AVE",
        "city": "SHAWNEE",
        "state": "OK",
        "zip": "74804",
        "email": "CHERILJACKSON@YAHOO.COM",
        "dateOfBirth": "1966-11-26T12:00:00",
        "ssn": "466477545",
        "userOrders": null,
        "isSold": false,
        "id": 70595
    },
    {
        "firstName": "EMMETT",
        "lastName": "MOORE",
        "phone": "2569290565",
        "address": "7605 ASHOR DR NW",
        "city": "HUNTSVILLE",
        "state": "AL",
        "zip": "35806",
        "email": "CHIPELM@YAHOO.COM",
        "dateOfBirth": "1966-08-27T12:00:00",
        "ssn": "292529127",
        "userOrders": null,
        "isSold": false,
        "id": 70696
    },
    {
        "firstName": "GENEVA",
        "lastName": "TATE",
        "phone": "8474732459",
        "address": "929 BROADWAY AVE APT F",
        "city": "N CHGO",
        "state": "CHICAGO",
        "zip": "60064",
        "email": "GENDELL21@ATT.NET",
        "dateOfBirth": "1966-09-05T12:00:00",
        "ssn": "332822874",
        "userOrders": null,
        "isSold": false,
        "id": 70699
    },
    {
        "firstName": "JOHN",
        "lastName": "THOMAS",
        "phone": "6015664090",
        "address": "PO BOX 2143",
        "city": "JACKSON",
        "state": "LA",
        "zip": "39212",
        "email": "SASTY11@YAHOO.COM",
        "dateOfBirth": "1966-07-18T12:00:00",
        "ssn": "561457813",
        "userOrders": null,
        "isSold": false,
        "id": 70757
    },
    {
        "firstName": "LEIGH",
        "lastName": "HEFFINGTON",
        "phone": "6064346937",
        "address": "556 S RUTLAND RD",
        "city": "PIKEVILLE",
        "state": "JULIET",
        "zip": "41501",
        "email": "HEFF6@BELLSOUTH.NET",
        "dateOfBirth": "1966-06-20T12:00:00",
        "ssn": "410450120",
        "userOrders": null,
        "isSold": false,
        "id": 70776
    },
    {
        "firstName": "PAMELA",
        "lastName": "USSIN-SMITH",
        "phone": "5043319125",
        "address": "5209 CITRUS BLVD APT 221",
        "city": "JEFFERSON",
        "state": "ORLEANS",
        "zip": "70123",
        "email": "PBUSSIN1966@GMAIL.COM",
        "dateOfBirth": "1966-05-17T12:00:00",
        "ssn": "434333139",
        "userOrders": null,
        "isSold": false,
        "id": 70875
    },
    {
        "firstName": "LAURA",
        "lastName": "HALKO",
        "phone": "8318189555",
        "address": "2043 NW FARGO LOOP",
        "city": "CAMAS",
        "state": "WA",
        "zip": "98607",
        "email": "LABUBSHA@YAHOO.COM",
        "dateOfBirth": "1966-02-12T12:00:00",
        "ssn": "324685781",
        "userOrders": null,
        "isSold": true,
        "id": 71054
    },
    {
        "firstName": "PATRICE",
        "lastName": "HIGHT",
        "phone": "3305504544",
        "address": "5009 LOGAN ARMS DR",
        "city": "LIBERTY TWP",
        "state": "OH",
        "zip": "44505",
        "email": "TRICEYLH1@AOL.COM",
        "dateOfBirth": "1966-01-10T12:00:00",
        "ssn": "271546009",
        "userOrders": null,
        "isSold": false,
        "id": 71075
    },
    {
        "firstName": "DONALD",
        "lastName": "CHANDLER",
        "phone": "8322295439",
        "address": "12039 SWORDS CREEK RD",
        "city": "HOUSTON",
        "state": "TX",
        "zip": "77067",
        "email": "CHANDLER_REALTY@YAHOO.COM",
        "dateOfBirth": "1966-11-27T12:00:00",
        "ssn": "433470963",
        "userOrders": null,
        "isSold": false,
        "id": 71105
    },
    {
        "firstName": "RACHANA",
        "lastName": "PATEL.",
        "phone": "7139914531",
        "address": "10919 FERN TERRACE DR",
        "city": "HOUSTON",
        "state": "TX",
        "zip": "77075",
        "email": "SHIVAUTOSALES@HOTMAIL.COM",
        "dateOfBirth": "1966-11-12T12:00:00",
        "ssn": "638287408",
        "userOrders": null,
        "isSold": false,
        "id": 71337
    },
    {
        "firstName": "EILEEN",
        "lastName": "MILKS",
        "phone": "4147321407",
        "address": "411 N KYRENE RD APT 204",
        "city": "MILWAUKEE",
        "state": "AZ",
        "zip": "53202",
        "email": "EILEENMILKS@SBCGLOBAL.NET",
        "dateOfBirth": "1966-05-14T12:00:00",
        "ssn": "522337658",
        "userOrders": null,
        "isSold": false,
        "id": 71379
    },
    {
        "firstName": "MARVIS",
        "lastName": "MCCOY",
        "phone": "7064056593",
        "address": "4545 OLD CUSSETA RD APT F2",
        "city": "COLS",
        "state": "GA",
        "zip": "31903",
        "email": "MR_MC556@HOTMAIL.COM",
        "dateOfBirth": "1966-11-23T12:00:00",
        "ssn": "254233730",
        "userOrders": null,
        "isSold": false,
        "id": 71384
    },
    {
        "firstName": "STEVEN",
        "lastName": "JOHS",
        "phone": "5123010814",
        "address": "480 SAD WILLOW PASS",
        "city": "AUSTIN",
        "state": "TX",
        "zip": "78739",
        "email": "STEVEJOHS@HOTMAIL.COM",
        "dateOfBirth": "1966-08-25T12:00:00",
        "ssn": "570692045",
        "userOrders": null,
        "isSold": false,
        "id": 71414
    },
    {
        "firstName": "SCOTT",
        "lastName": "PALMIERI",
        "phone": "7735546369",
        "address": "329 E LIBERTY ST",
        "city": "BARINGTN",
        "state": "IL",
        "zip": "60010",
        "email": "ANNEFRAZ@YAHOO.COM",
        "dateOfBirth": "1966-05-20T12:00:00",
        "ssn": "337701297",
        "userOrders": null,
        "isSold": false,
        "id": 71460
    },
    {
        "firstName": "BONNIE",
        "lastName": "LAWSON",
        "phone": "3868649483",
        "address": "36 WATERS DR",
        "city": "FLG BCH",
        "state": "COAST",
        "zip": "32136",
        "email": "LBONNIE85@GMAIL.COM",
        "dateOfBirth": "1966-08-13T12:00:00",
        "ssn": "383908599",
        "userOrders": null,
        "isSold": false,
        "id": 71468
    }
]