[
    {
        "firstName": "KELLY",
        "lastName": "MIXON",
        "phone": "8002882020",
        "address": "157 SYRR RUN RD",
        "city": "GOS CR",
        "state": "GEORGE",
        "zip": "29445",
        "email": "LADYTWOTHREE@ATT.NET",
        "dateOfBirth": "1966-03-01T12:00:00",
        "ssn": "248218638",
        "userOrders": null,
        "isSold": false,
        "id": 20744
    },
    {
        "firstName": "SHAWN",
        "lastName": "PINKERT",
        "phone": "9207373758",
        "address": "1300 S WEBSTER AVE APT 202",
        "city": "ALLOUEZ",
        "state": "WI",
        "zip": "54301",
        "email": "SHAWN.PINKERT123@GMAIL.COM",
        "dateOfBirth": "1966-07-21T12:00:00",
        "ssn": "283662963",
        "userOrders": null,
        "isSold": false,
        "id": 20745
    },
    {
        "firstName": "JOSE",
        "lastName": "HERNANDEZ",
        "phone": "8158308688",
        "address": "908 8TH ST",
        "city": "LA SAL",
        "state": "SALLE",
        "zip": "61301",
        "email": "JOSEH0513@YAHOO.COM",
        "dateOfBirth": "1966-02-12T12:00:00",
        "ssn": "342803619",
        "userOrders": null,
        "isSold": false,
        "id": 20790
    },
    {
        "firstName": "DENNIS",
        "lastName": "FRANK",
        "phone": "3302092884",
        "address": "10341 GERDANVILLE AVE SE",
        "city": "SANDY TWP",
        "state": "OH",
        "zip": "44688",
        "email": "D.FRANK4010@SBCGLOBAL.NET",
        "dateOfBirth": "1966-02-28T12:00:00",
        "ssn": "273541488",
        "userOrders": null,
        "isSold": false,
        "id": 20836
    },
    {
        "firstName": "BRIDGET",
        "lastName": "BARRIOS",
        "phone": "5049057654",
        "address": "601 WESTBANK EXPY APT 8",
        "city": "GRETNA",
        "state": "LA",
        "zip": "70053",
        "email": "BRIDGETLBARRIOS@GMAIL.COM",
        "dateOfBirth": "1966-09-28T12:00:00",
        "ssn": "438337972",
        "userOrders": null,
        "isSold": false,
        "id": 20924
    },
    {
        "firstName": "KATHRYN",
        "lastName": "MOORE",
        "phone": "4044572766",
        "address": "1950 HAWTHORNE DR",
        "city": "NAVARRE",
        "state": "FL",
        "zip": "32566",
        "email": "KATHRYNE1984@GMAIL.COM",
        "dateOfBirth": "1966-05-27T12:00:00",
        "ssn": "589120908",
        "userOrders": null,
        "isSold": false,
        "id": 20952
    },
    {
        "firstName": "WALTER",
        "lastName": "PINCHBECK",
        "phone": "5027625919",
        "address": "3609 NELLIE BLY DR",
        "city": "LOUISVILLE",
        "state": "KY",
        "zip": "40213",
        "email": "WALTER.PINCHBECK@YAHOO.COM",
        "dateOfBirth": "1966-02-25T12:00:00",
        "ssn": "406942490",
        "userOrders": null,
        "isSold": false,
        "id": 20971
    },
    {
        "firstName": "TOM",
        "lastName": "MILLER",
        "phone": "4193489388",
        "address": "1030 FAIRVIEW DR",
        "city": "FINDLAY",
        "state": "OH",
        "zip": "45840",
        "email": "TOM1835@SBCGLOBAL.NET",
        "dateOfBirth": "1966-07-16T12:00:00",
        "ssn": "284727353",
        "userOrders": null,
        "isSold": false,
        "id": 21010
    },
    {
        "firstName": "STEPHANY",
        "lastName": "REEVES",
        "phone": "3132477888",
        "address": "APT 24",
        "city": "SOUTHFIELD",
        "state": "FRANKLIN",
        "zip": "48034",
        "email": "SMREEVES47@GMAIL.COM",
        "dateOfBirth": "1966-06-05T12:00:00",
        "ssn": "379780777",
        "userOrders": null,
        "isSold": false,
        "id": 21016
    },
    {
        "firstName": "CHUN",
        "lastName": "LIU",
        "phone": "2132101447",
        "address": "977 S WESTMORELAND AVE APT 7",
        "city": "LA",
        "state": "ANGELES",
        "zip": "90006",
        "email": "M2CL3257@GMAIL.COM",
        "dateOfBirth": "1966-01-11T12:00:00",
        "ssn": "586534466",
        "userOrders": null,
        "isSold": true,
        "id": 21104
    },
    {
        "firstName": "JOSEPH",
        "lastName": "LY",
        "phone": "7135342626",
        "address": "2818798350",
        "city": "FRESNO TX 77545-6033",
        "state": "KASHMERE",
        "zip": "HOUSTON",
        "email": "77084",
        "dateOfBirth": "1966-04-20T12:00:00",
        "ssn": "454470879",
        "userOrders": null,
        "isSold": false,
        "id": 21283
    },
    {
        "firstName": "YOLANDA",
        "lastName": "PLASCENCIA",
        "phone": "7148695887",
        "address": "1925 E LA VETA AVE SPC 67",
        "city": "ORG",
        "state": "CA",
        "zip": "92866",
        "email": "DIEGO.MATA36@GMAIL.COM",
        "dateOfBirth": "1966-05-01T12:00:00",
        "ssn": "549531789",
        "userOrders": null,
        "isSold": false,
        "id": 21312
    },
    {
        "firstName": "MICKEY",
        "lastName": "KIMBROW",
        "phone": "6825216832",
        "address": "155 ELK DR APT 4306",
        "city": "BURLESON",
        "state": "TX",
        "zip": "76028",
        "email": "MRKIMBROW@AOL.COM",
        "dateOfBirth": "1966-09-09T12:00:00",
        "ssn": "462511982",
        "userOrders": null,
        "isSold": false,
        "id": 21403
    },
    {
        "firstName": "JUAN.",
        "lastName": "CALDERON",
        "phone": "1111110001",
        "address": "5613796961",
        "city": "BOYNTON BEACH FL 33437-3169",
        "state": "ASHLEY",
        "zip": "BOYN BCH",
        "email": "33437",
        "dateOfBirth": "1966-12-08T12:00:00",
        "ssn": "120745620",
        "userOrders": null,
        "isSold": false,
        "id": 21433
    },
    {
        "firstName": "THOMAS",
        "lastName": "DAVIS",
        "phone": "5106010148",
        "address": "853 32ND ST",
        "city": "OAK",
        "state": "CA",
        "zip": "94608",
        "email": "TDAVIS7@GMAIL.COM",
        "dateOfBirth": "1966-07-29T12:00:00",
        "ssn": "573270172",
        "userOrders": null,
        "isSold": false,
        "id": 21536
    }
]