[
    {
        "firstName": "CELESTE",
        "lastName": "LAMANTIA",
        "phone": "8475132250",
        "address": "1005 HOLCOMB RD",
        "city": "WKGN",
        "state": "WA",
        "zip": "60085",
        "email": "SWEETS67@ATT.NET",
        "dateOfBirth": "1967-05-03T12:00:00",
        "ssn": "552359787",
        "userOrders": null,
        "isSold": true,
        "id": 100695
    },
    {
        "firstName": "SAMIR",
        "lastName": "ABBAS",
        "phone": "9729001104",
        "address": "15190 PRESTONWOOD BLVD APT 812",
        "city": "DALLAS",
        "state": "TX",
        "zip": "75248",
        "email": "SAMIR_M_ABBAS@RAYTHEON.COM",
        "dateOfBirth": "1967-01-20T12:00:00",
        "ssn": "396942122",
        "userOrders": null,
        "isSold": false,
        "id": 100719
    },
    {
        "firstName": "ANGEL",
        "lastName": "DIAZ",
        "phone": "5106861747",
        "address": "6836 FLORA ST",
        "city": "OAK",
        "state": "CA",
        "zip": "94621",
        "email": "LUPITADIAZ510@SBCGLOBAL.NET",
        "dateOfBirth": "1967-10-28T12:00:00",
        "ssn": "608923913",
        "userOrders": null,
        "isSold": false,
        "id": 100809
    },
    {
        "firstName": "MAGALY",
        "lastName": "BETANCOURT",
        "phone": "3053450208",
        "address": "13056 SW 68TH LN",
        "city": "MIA",
        "state": "FL",
        "zip": "33183",
        "email": "MAGGIE.BETANCOURT@GMAIL.COM",
        "dateOfBirth": "1967-10-31T12:00:00",
        "ssn": "261973161",
        "userOrders": null,
        "isSold": false,
        "id": 100833
    },
    {
        "firstName": "AMPARO",
        "lastName": "VILLANUEVA",
        "phone": "6613467938",
        "address": "3219 GRANLEE CT",
        "city": "BKFD",
        "state": "CA",
        "zip": "93312",
        "email": "CRAVA93312@YAHOO.COM",
        "dateOfBirth": "1967-04-21T12:00:00",
        "ssn": "564677079",
        "userOrders": null,
        "isSold": false,
        "id": 100888
    },
    {
        "firstName": "KATHLEEN",
        "lastName": "WERNER",
        "phone": "3139261156",
        "address": "4664 FRENCH RD",
        "city": "DETROIT",
        "state": "MI",
        "zip": "48214",
        "email": "KATHLEENWERNER0136@ATT.NET",
        "dateOfBirth": "1967-09-19T12:00:00",
        "ssn": "397649069",
        "userOrders": null,
        "isSold": false,
        "id": 100962
    },
    {
        "firstName": "JOHN",
        "lastName": "CORRAL",
        "phone": "7607101600",
        "address": "3852 KELTON DR",
        "city": "OCNSD",
        "state": "CA",
        "zip": "92056",
        "email": "JOHNCORRAL05@YAHOO.COM",
        "dateOfBirth": "1967-04-11T12:00:00",
        "ssn": "568539910",
        "userOrders": null,
        "isSold": false,
        "id": 101003
    },
    {
        "firstName": "HILARIO",
        "lastName": "MARTINEZ",
        "phone": "7735126542",
        "address": "1808 N KEYSTONE AVE FL 2",
        "city": "CHGO",
        "state": "IL",
        "zip": "60639",
        "email": "LARANA_1976@YAHOO.COM",
        "dateOfBirth": "1967-02-08T12:00:00",
        "ssn": "330962837",
        "userOrders": null,
        "isSold": false,
        "id": 101063
    },
    {
        "firstName": "JESSICA",
        "lastName": "SPURLING",
        "phone": "7703656487",
        "address": "APT 1611",
        "city": "DLTH",
        "state": "ABBOTTS",
        "zip": "30097",
        "email": "JESSPURLING@ATT.NET",
        "dateOfBirth": "1967-01-18T12:00:00",
        "ssn": "411457381",
        "userOrders": null,
        "isSold": false,
        "id": 101089
    },
    {
        "firstName": "JAMES",
        "lastName": "BRUMMETT",
        "phone": "3179089415",
        "address": "1361 N MITCHNER AVE",
        "city": "INDIANAPOLIS",
        "state": "IN",
        "zip": "46219",
        "email": "JHWB1@AOL.COM",
        "dateOfBirth": "1967-08-14T12:00:00",
        "ssn": "308840306",
        "userOrders": null,
        "isSold": false,
        "id": 101103
    },
    {
        "firstName": "SCOTT",
        "lastName": "NUGEN",
        "phone": "7709758967",
        "address": "454 STOKER RD",
        "city": "DLS",
        "state": "GA",
        "zip": "30132",
        "email": "SDNUGEN@BELLSOUTH.NET",
        "dateOfBirth": "1967-11-29T12:00:00",
        "ssn": "593222338",
        "userOrders": null,
        "isSold": false,
        "id": 101112
    },
    {
        "firstName": "BELINDA",
        "lastName": "SPEAR",
        "phone": "7068701000",
        "address": "219 FOREST LAKE RD",
        "city": "VEEDERSBURG",
        "state": "GA",
        "zip": "47987",
        "email": "ATT-SERVICES.CN.1935952829@EMAILFF.ATT-MAIL.COM",
        "dateOfBirth": "1967-06-23T12:00:00",
        "ssn": "304883426",
        "userOrders": null,
        "isSold": false,
        "id": 101127
    },
    {
        "firstName": "LUCIUS",
        "lastName": "BRUNDIDGE",
        "phone": "2056013864",
        "address": "3820 2ND ST N",
        "city": "BIRMINGHAM",
        "state": "AL",
        "zip": "35207",
        "email": "LUCIUS_BRUNDIDGE@YAHOO.COM",
        "dateOfBirth": "1967-11-17T12:00:00",
        "ssn": "417139540",
        "userOrders": null,
        "isSold": false,
        "id": 101229
    },
    {
        "firstName": "REBECCA",
        "lastName": "DAVIS",
        "phone": "2052990221",
        "address": "3414 CEDAR HILL CT",
        "city": "IRVING",
        "state": "TX",
        "zip": "75039",
        "email": "JOHNSONRAE@AOL.COM",
        "dateOfBirth": "1967-07-31T12:00:00",
        "ssn": "462438718",
        "userOrders": null,
        "isSold": false,
        "id": 101385
    },
    {
        "firstName": "DAVID",
        "lastName": "HAHN",
        "phone": "7728343318",
        "address": "4683 NADER LN",
        "city": "TSVL",
        "state": "FL",
        "zip": "32780",
        "email": "YHAHN4683@GMAIL.COM",
        "dateOfBirth": "1967-06-11T12:00:00",
        "ssn": "595092279",
        "userOrders": null,
        "isSold": false,
        "id": 101498
    }
]