[
    {
        "firstName": "DAVID",
        "lastName": "KELLOGG",
        "phone": "7605358583",
        "address": "1280 HACIENDA DR APT G15",
        "city": "VST",
        "state": "CA",
        "zip": "92081",
        "email": "DAVEKELLOGG8@GMAIL.COM",
        "dateOfBirth": "1967-04-17T12:00:00",
        "ssn": "546691658",
        "userOrders": null,
        "isSold": false,
        "id": 75218
    },
    {
        "firstName": "MARK",
        "lastName": "T",
        "phone": "7732973694",
        "address": "1053 CHURCHILL DR",
        "city": "BOLNGBRK",
        "state": "IL",
        "zip": "60440",
        "email": "MARKHOLCOMB99@YAHOO.COM",
        "dateOfBirth": "1967-07-07T12:00:00",
        "ssn": "341626942",
        "userOrders": null,
        "isSold": false,
        "id": 75261
    },
    {
        "firstName": "DIEGA",
        "lastName": "GONZALEZ",
        "phone": "2819744578",
        "address": "APT 1",
        "city": "HOUSTON",
        "state": "BRAEBURN",
        "zip": "77074",
        "email": "DIEGAGONZALEZ@ATT.NET",
        "dateOfBirth": "1967-11-13T12:00:00",
        "ssn": "910737002",
        "userOrders": null,
        "isSold": false,
        "id": 75332
    },
    {
        "firstName": "TIMOTHY",
        "lastName": "HALL",
        "phone": "7069757894",
        "address": "210 WHITAKER ST",
        "city": "LA*G",
        "state": "GA",
        "zip": "30241",
        "email": "ROWEKIM73@GMAIL.COM",
        "dateOfBirth": "1967-11-12T12:00:00",
        "ssn": "256456979",
        "userOrders": null,
        "isSold": false,
        "id": 75362
    },
    {
        "firstName": "VERA",
        "lastName": "BUCKNER",
        "phone": "2566541045",
        "address": "903 ROSA PARKS ST",
        "city": "NORTH COURTLAND",
        "state": "COURTLAND",
        "zip": "35618",
        "email": "VERASWOOPE@YAHOO.COM",
        "dateOfBirth": "1967-06-18T12:00:00",
        "ssn": "417110689",
        "userOrders": null,
        "isSold": false,
        "id": 75473
    },
    {
        "firstName": "BRAD",
        "lastName": "GRAHAM",
        "phone": "7709346054",
        "address": "9 MEADOW MIST TRL",
        "city": "TCKR",
        "state": "SC",
        "zip": "30084",
        "email": "GRAHAMLAND@ATT.NET",
        "dateOfBirth": "1967-03-29T12:00:00",
        "ssn": "274767084",
        "userOrders": null,
        "isSold": true,
        "id": 75508
    },
    {
        "firstName": "MS.",
        "lastName": "STACY",
        "phone": "5035510287",
        "address": "4927 BUFFALO DR SE",
        "city": "SALEM",
        "state": "OR",
        "zip": "97317",
        "email": "STACYB@IMEX-GLOBAL.COM",
        "dateOfBirth": "1967-04-23T12:00:00",
        "ssn": "542113258",
        "userOrders": null,
        "isSold": true,
        "id": 75526
    },
    {
        "firstName": "JAY",
        "lastName": "MARKS",
        "phone": "2484702609",
        "address": "2205 CAMERON CIR",
        "city": "COMMERCE TWP",
        "state": "TWP",
        "zip": "48390",
        "email": "JAYBMARKS@YAHOO.COM",
        "dateOfBirth": "1967-09-11T12:00:00",
        "ssn": "377808643",
        "userOrders": null,
        "isSold": false,
        "id": 75630
    },
    {
        "firstName": "GLENN",
        "lastName": "MITCHELL",
        "phone": "8037987536",
        "address": "2838 STEVEN CAMPBELL RD",
        "city": "ELGIN",
        "state": "SC",
        "zip": "29045",
        "email": "MITCHELL.GLENNE@GMAIL.COM",
        "dateOfBirth": "1967-11-25T12:00:00",
        "ssn": "249475368",
        "userOrders": null,
        "isSold": true,
        "id": 75702
    },
    {
        "firstName": "JERRY",
        "lastName": "CONTRERAS",
        "phone": "9722741019",
        "address": "704 CAMELIA CT",
        "city": "DESOTO",
        "state": "TX",
        "zip": "75115",
        "email": "SBOTELLO86@YAHOO.COM",
        "dateOfBirth": "1967-10-17T12:00:00",
        "ssn": "456439826",
        "userOrders": null,
        "isSold": false,
        "id": 75719
    },
    {
        "firstName": "DONNA",
        "lastName": "SWISKORSKI",
        "phone": "8152233825",
        "address": "1810 PUTNAM ST",
        "city": "PERU",
        "state": "IL",
        "zip": "61354",
        "email": "DONNAPARKERGAGE@HOTMAIL.COM",
        "dateOfBirth": "1967-05-25T12:00:00",
        "ssn": "323680466",
        "userOrders": null,
        "isSold": false,
        "id": 75756
    },
    {
        "firstName": "ELENA",
        "lastName": "JIMENEZ",
        "phone": "7145418116",
        "address": "2202 N POPLAR ST",
        "city": "SA",
        "state": "ANA",
        "zip": "92706",
        "email": "MAVYRAZO@YAHOO.COM",
        "dateOfBirth": "1967-03-12T12:00:00",
        "ssn": "612337734",
        "userOrders": null,
        "isSold": true,
        "id": 75780
    },
    {
        "firstName": "ROBERT",
        "lastName": "TAYLOR",
        "phone": "6155987274",
        "address": "6552 HIGHWAY 76 E",
        "city": "GREENBRIER",
        "state": "TN",
        "zip": "37073",
        "email": "TAYLORPEANUTS123@ATT.NET",
        "dateOfBirth": "1967-11-27T12:00:00",
        "ssn": "414115402",
        "userOrders": null,
        "isSold": false,
        "id": 75801
    },
    {
        "firstName": "RASA",
        "lastName": "ASTRAUSKAS",
        "phone": "2094781287",
        "address": "7305 BEECH AVE",
        "city": "STKN",
        "state": "CA",
        "zip": "95207",
        "email": "IRONWORKER2008@YAHOO.COM",
        "dateOfBirth": "1967-06-09T12:00:00",
        "ssn": "602065396",
        "userOrders": null,
        "isSold": false,
        "id": 75903
    },
    {
        "firstName": "LEILANI",
        "lastName": "BARNETT",
        "phone": "2108725030",
        "address": "5555 E MOCKINGBIRD LN APT 1207",
        "city": "DALLAS",
        "state": "TX",
        "zip": "75204",
        "email": "LEILANI.BARNETT@YAHOO.COM",
        "dateOfBirth": "1967-04-10T12:00:00",
        "ssn": "449510586",
        "userOrders": null,
        "isSold": false,
        "id": 75910
    }
]