[
    {
        "firstName": "MICHELLE",
        "lastName": "THIBODEAUX",
        "phone": "2253379753",
        "address": "5908 STUMBERG LN UNIT 39",
        "city": "BATON ROUGE",
        "state": "ROUGE",
        "zip": "70816",
        "email": "MTHIB117@GMAIL.COM",
        "dateOfBirth": "1967-11-07T12:00:00",
        "ssn": "437498090",
        "userOrders": null,
        "isSold": true,
        "id": 96216
    },
    {
        "firstName": "SCHEROB",
        "lastName": "SIMMONS",
        "phone": "3146165766",
        "address": "4331 NEOSHO ST",
        "city": "ST LOUIS",
        "state": "LOUIS",
        "zip": "63116",
        "email": "SCHEROB4@YAHOO.COM",
        "dateOfBirth": "1967-05-22T12:00:00",
        "ssn": "496784306",
        "userOrders": null,
        "isSold": false,
        "id": 96268
    },
    {
        "firstName": "JULIA",
        "lastName": "GRUBER",
        "phone": "3083837710",
        "address": "117 W STONEGATE RD",
        "city": "PEOR",
        "state": "IL",
        "zip": "61614",
        "email": "JUIESONKSYZ@YAHOO.COM",
        "dateOfBirth": "1967-06-21T12:00:00",
        "ssn": "226290239",
        "userOrders": null,
        "isSold": false,
        "id": 96269
    },
    {
        "firstName": "MICHELLE",
        "lastName": "ELLIOTT",
        "phone": "2096260350",
        "address": "2209 NEWPORT DR",
        "city": "MDSTO",
        "state": "CA",
        "zip": "95350",
        "email": "MICHBUD90@YAHOO.COM",
        "dateOfBirth": "1967-04-23T12:00:00",
        "ssn": "569084244",
        "userOrders": null,
        "isSold": false,
        "id": 96329
    },
    {
        "firstName": "ERIC",
        "lastName": "LUSTIG",
        "phone": "8478684433",
        "address": "109 CRYSTLEWOOD CT",
        "city": "MORRISVL",
        "state": "NC",
        "zip": "27560",
        "email": "ELUSTIG@ISOSOFTSOL.COM",
        "dateOfBirth": "1967-01-30T12:00:00",
        "ssn": "452377199",
        "userOrders": null,
        "isSold": false,
        "id": 96346
    },
    {
        "firstName": "TRINA",
        "lastName": "PATTON",
        "phone": "7703350834",
        "address": "3791 LAKE PASS LN",
        "city": "SUWANEE",
        "state": "GA",
        "zip": "30024",
        "email": "TPNOW01@YAHOO.COM",
        "dateOfBirth": "1967-02-07T12:00:00",
        "ssn": "560089080",
        "userOrders": null,
        "isSold": false,
        "id": 96364
    },
    {
        "firstName": "FAYE",
        "lastName": "JORDAN",
        "phone": "4782317232",
        "address": "37 EASTSIDE COURT DR",
        "city": "EMAN",
        "state": "GA",
        "zip": "31023",
        "email": "ROSA31023@GMAIL.COM",
        "dateOfBirth": "1967-06-25T12:00:00",
        "ssn": "255158733",
        "userOrders": null,
        "isSold": false,
        "id": 96381
    },
    {
        "firstName": "KIM",
        "lastName": "BROOKS",
        "phone": "2144602789",
        "address": "6823 GLENDORA AVE",
        "city": "DALLAS",
        "state": "TX",
        "zip": "75230",
        "email": "KIM.BROOKS@TRANSWESTERN.NET",
        "dateOfBirth": "1967-12-31T12:00:00",
        "ssn": "455193053",
        "userOrders": null,
        "isSold": false,
        "id": 96416
    },
    {
        "firstName": "ROBERT",
        "lastName": "J",
        "phone": "9206601077",
        "address": "2127 DALY DR",
        "city": "BELLEVUE",
        "state": "WI",
        "zip": "54311",
        "email": "FATBOY_HAINES@YAHOO.COM",
        "dateOfBirth": "1967-04-07T12:00:00",
        "ssn": "397905798",
        "userOrders": null,
        "isSold": false,
        "id": 96478
    },
    {
        "firstName": "MARIA",
        "lastName": "TORRES",
        "phone": "8178086490",
        "address": "3345 SAINT LOUIS AVE",
        "city": "FORT WORTH",
        "state": "WORTH",
        "zip": "76110",
        "email": "MARIA.TORRES1967@ATT.NET",
        "dateOfBirth": "1967-05-18T12:00:00",
        "ssn": "645241336",
        "userOrders": null,
        "isSold": false,
        "id": 96490
    },
    {
        "firstName": "MALGORZATA",
        "lastName": "OMASZTA",
        "phone": "3106669565",
        "address": "4553 BIDWELL ST",
        "city": "SIMI VLY",
        "state": "VALLEY",
        "zip": "93063",
        "email": "STETKE@YAHOO.COM",
        "dateOfBirth": "1967-08-29T12:00:00",
        "ssn": "618461401",
        "userOrders": null,
        "isSold": false,
        "id": 96557
    },
    {
        "firstName": "SCOTT",
        "lastName": "BOBO",
        "phone": "5302291421",
        "address": "8200 TAYLOR LN",
        "city": "RDG",
        "state": "CA",
        "zip": "96001",
        "email": "SBNDB@ATT.NET",
        "dateOfBirth": "1967-08-16T12:00:00",
        "ssn": "545718189",
        "userOrders": null,
        "isSold": false,
        "id": 96667
    },
    {
        "firstName": "RODNEY",
        "lastName": "SHOCK",
        "phone": "2145323757",
        "address": "3313 PROVINE RD",
        "city": "MCKINNEY",
        "state": "TX",
        "zip": "75070",
        "email": "RWSHOCK@YAHOO.COM",
        "dateOfBirth": "1967-02-27T12:00:00",
        "ssn": "382926276",
        "userOrders": null,
        "isSold": false,
        "id": 96692
    },
    {
        "firstName": "FRANK",
        "lastName": "WILKE",
        "phone": "8474608468",
        "address": "5431 N EAST RIVER RD APT 606",
        "city": "CHGO",
        "state": "IL",
        "zip": "60656",
        "email": "FRANKISS@LIVE.COM",
        "dateOfBirth": "1967-06-30T12:00:00",
        "ssn": "343683001",
        "userOrders": null,
        "isSold": false,
        "id": 96743
    },
    {
        "firstName": "RONALD",
        "lastName": "E",
        "phone": "7047738119",
        "address": "11619 ALLEN A BROWN RD",
        "city": "CHAR",
        "state": "NC",
        "zip": "28269",
        "email": "KAHNMAN1481@GMAIL.COM",
        "dateOfBirth": "1967-06-29T12:00:00",
        "ssn": "293806613",
        "userOrders": null,
        "isSold": false,
        "id": 96769
    }
]