[
    {
        "firstName": "ENRIQUE",
        "lastName": "SUAREZ",
        "phone": "7876465991",
        "address": "7314 BURGESS DR",
        "city": "LK WTH",
        "state": "WORTH",
        "zip": "33463",
        "email": "ENRIQUE.SUAREZ@UPR.EDU",
        "dateOfBirth": "1967-05-14T12:00:00",
        "ssn": "581953024",
        "userOrders": null,
        "isSold": false,
        "id": 18026
    },
    {
        "firstName": "JASON",
        "lastName": "STAFFORD",
        "phone": "8179076396",
        "address": "408 N FIELDER RD APT 210",
        "city": "FORT WORTH",
        "state": "TX",
        "zip": "76120",
        "email": "JSTAFFBD@YAHOO.COM",
        "dateOfBirth": "1967-07-15T12:00:00",
        "ssn": "384747173",
        "userOrders": null,
        "isSold": false,
        "id": 18076
    },
    {
        "firstName": "FIDENCIO",
        "lastName": "RODRIGUEZ",
        "phone": "2149296341",
        "address": "610 E FAIRMEADOWS DR",
        "city": "DUNCANVILLE",
        "state": "TX",
        "zip": "75116",
        "email": "DUMMYEMAIL@DIRECTV.COM",
        "dateOfBirth": "1967-02-15T12:00:00",
        "ssn": "457899612",
        "userOrders": null,
        "isSold": false,
        "id": 18324
    },
    {
        "firstName": "ERICK",
        "lastName": "FLORES",
        "phone": "3235802705",
        "address": "415 E 83RD ST",
        "city": "LA",
        "state": "ANGELES",
        "zip": "90003",
        "email": "ERICK.FLORES478@SCGLOBAL.NET",
        "dateOfBirth": "1967-11-29T12:00:00",
        "ssn": "623121263",
        "userOrders": null,
        "isSold": false,
        "id": 18486
    },
    {
        "firstName": "DELIA",
        "lastName": "BLANCHARD",
        "phone": "9854380960",
        "address": "113 BRULE GUILLOT RD",
        "city": "THIBODAUX",
        "state": "LA",
        "zip": "70301",
        "email": "MOLAISONJORDON@YAHOO.COM",
        "dateOfBirth": "1967-10-12T12:00:00",
        "ssn": "438154344",
        "userOrders": null,
        "isSold": false,
        "id": 18488
    },
    {
        "firstName": "STEVIE",
        "lastName": "JENKINS",
        "phone": "6783600728",
        "address": "125 GREENSPORT RD",
        "city": "DGLSVL",
        "state": "AL",
        "zip": "30134",
        "email": "JENKINSSTEVIE87@YAHOO.COM",
        "dateOfBirth": "1967-02-26T12:00:00",
        "ssn": "419826774",
        "userOrders": null,
        "isSold": false,
        "id": 18523
    },
    {
        "firstName": "MARIA",
        "lastName": "ROSARIO",
        "phone": "8326613008",
        "address": "6915 PRENTISS DR",
        "city": "HOUSTON",
        "state": "TX",
        "zip": "77061",
        "email": "MCRUZ@CRUZLAMENANTS.COM",
        "dateOfBirth": "1967-10-24T12:00:00",
        "ssn": "643460204",
        "userOrders": null,
        "isSold": false,
        "id": 18554
    },
    {
        "firstName": "CARL",
        "lastName": "KELLY",
        "phone": "2315801493",
        "address": "6756 S ASTOR RD",
        "city": "PLEASANT PLAINS TWP",
        "state": "PLAINS",
        "zip": "49304",
        "email": "DUMMYEMAIL@DIRECTV.COM",
        "dateOfBirth": "1967-10-29T12:00:00",
        "ssn": "372946819",
        "userOrders": null,
        "isSold": false,
        "id": 18562
    },
    {
        "firstName": "JUDITH",
        "lastName": "ALLIONE",
        "phone": "4154523057",
        "address": "166 DESMOND ST",
        "city": "SF",
        "state": "FRANCISCO",
        "zip": "94134",
        "email": "JMEYERS166@AOL.COM",
        "dateOfBirth": "1967-03-05T12:00:00",
        "ssn": "557599749",
        "userOrders": null,
        "isSold": true,
        "id": 18591
    },
    {
        "firstName": "OLGA",
        "lastName": "ESPERANZA",
        "phone": "8053006726",
        "address": "1526 PATRICIA AVE APT 158",
        "city": "SIMI VLY",
        "state": "VALLEY",
        "zip": "93065",
        "email": "ANADEMAYORCA30@YAHOO.COM",
        "dateOfBirth": "1967-02-20T12:00:00",
        "ssn": "615567357",
        "userOrders": null,
        "isSold": true,
        "id": 18613
    },
    {
        "firstName": "GERI",
        "lastName": "OTT",
        "phone": "3134107599",
        "address": "17608 VACRI LN",
        "city": "LIVONIA",
        "state": "MI",
        "zip": "48152",
        "email": "HOTTGOTT@HOTMAIL.COM",
        "dateOfBirth": "1967-08-16T12:00:00",
        "ssn": "373921379",
        "userOrders": null,
        "isSold": false,
        "id": 18624
    },
    {
        "firstName": "RAY",
        "lastName": "COVER",
        "phone": "3148083386",
        "address": "16235 STATE HIGHWAY U",
        "city": "FESTUS",
        "state": "POINT",
        "zip": "63028",
        "email": "COVER@SBCGLOBAL.NET",
        "dateOfBirth": "1967-06-14T12:00:00",
        "ssn": "498860954",
        "userOrders": null,
        "isSold": false,
        "id": 18644
    },
    {
        "firstName": "SERRINA",
        "lastName": "HANLEY",
        "phone": "4086564448",
        "address": "2605 MERIDIAN AVE",
        "city": "SJ",
        "state": "JOSE",
        "zip": "95124",
        "email": "THE.HANLEYS@YAHOO.COM",
        "dateOfBirth": "1967-03-09T12:00:00",
        "ssn": "573062227",
        "userOrders": null,
        "isSold": true,
        "id": 18719
    },
    {
        "firstName": "DARLA",
        "lastName": "ROMEY",
        "phone": "2092079182",
        "address": "133 BRYANT CT",
        "city": "TRACY",
        "state": "CA",
        "zip": "95391",
        "email": "DARLAROMEY@GMAIL.COM",
        "dateOfBirth": "1967-11-05T12:00:00",
        "ssn": "566813177",
        "userOrders": null,
        "isSold": false,
        "id": 18814
    },
    {
        "firstName": "IVANA",
        "lastName": "HUTAK",
        "phone": "9166267407",
        "address": "2306 HERON CT",
        "city": "RKLN",
        "state": "CA",
        "zip": "95677",
        "email": "IHUTAK@HOTMAIL.COM",
        "dateOfBirth": "1967-03-17T12:00:00",
        "ssn": "560730096",
        "userOrders": null,
        "isSold": false,
        "id": 18882
    }
]