[
    {
        "firstName": "JOSE",
        "lastName": "LANDA",
        "phone": "9162749065",
        "address": "5752 HILLSDALE BLVD",
        "city": "SAC",
        "state": "CA",
        "zip": "95842",
        "email": "JOSEL5752@ATT.NET",
        "dateOfBirth": "1967-02-13T12:00:00",
        "ssn": "607188961",
        "userOrders": null,
        "isSold": false,
        "id": 93454
    },
    {
        "firstName": "MICHELE",
        "lastName": "MCCLAIN",
        "phone": "9132056173",
        "address": "1901 W 127TH ST",
        "city": "LEAWOOD",
        "state": "KS",
        "zip": "66209",
        "email": "MICHELEMCCLAIN@KC.RR.COM",
        "dateOfBirth": "1967-11-23T12:00:00",
        "ssn": "435538883",
        "userOrders": null,
        "isSold": false,
        "id": 93461
    },
    {
        "firstName": "YIHONG",
        "lastName": "ZHOU",
        "phone": "1111110001",
        "address": "6719 FREEDOM CT",
        "city": "SJ",
        "state": "JOSE",
        "zip": "95120",
        "email": "YZHOU@HOTMAIL.COM",
        "dateOfBirth": "1967-01-25T12:00:00",
        "ssn": "634482727",
        "userOrders": null,
        "isSold": false,
        "id": 93466
    },
    {
        "firstName": "ALBERT",
        "lastName": "SIMON",
        "phone": "7134447311",
        "address": "4 CHELSEA BLVD APT 1311",
        "city": "HOUSTON",
        "state": "TX",
        "zip": "77004",
        "email": "AL.SIMON@SBCGLOBAL.NET",
        "dateOfBirth": "1967-10-25T12:00:00",
        "ssn": "449331171",
        "userOrders": null,
        "isSold": false,
        "id": 93523
    },
    {
        "firstName": "JEFFERY",
        "lastName": "BURKETT",
        "phone": "2155937905",
        "address": "2416 WOOD AVE",
        "city": "BRISTOL",
        "state": "PA",
        "zip": "19007",
        "email": "JBURK2416@COMCAST.NET",
        "dateOfBirth": "1967-08-27T12:00:00",
        "ssn": "206640619",
        "userOrders": null,
        "isSold": false,
        "id": 93526
    },
    {
        "firstName": "VERONICA",
        "lastName": "SANCHEZ",
        "phone": "7474779623",
        "address": "681 S BONNIE BRAE ST APT 909",
        "city": "LA",
        "state": "ANGELES",
        "zip": "90057",
        "email": "VERONICASANCHEZ67@SBCGLOBAL.NET",
        "dateOfBirth": "1967-08-23T12:00:00",
        "ssn": "620371485",
        "userOrders": null,
        "isSold": false,
        "id": 93606
    },
    {
        "firstName": "JAMES",
        "lastName": "BURNS",
        "phone": "7047562937",
        "address": "3215 BANBURY DR",
        "city": "CHAR",
        "state": "NC",
        "zip": "28216",
        "email": "PR8SHIM365@AOL.COM",
        "dateOfBirth": "1967-03-09T12:00:00",
        "ssn": "246048907",
        "userOrders": null,
        "isSold": false,
        "id": 93641
    },
    {
        "firstName": "JULIE",
        "lastName": "CLOUD",
        "phone": "7135607114",
        "address": "1610 ENCLAVE CT",
        "city": "TROPHY CLUB",
        "state": "LAKE",
        "zip": "76262",
        "email": "ROBERT.CLOUD@XYLEMINC.COM",
        "dateOfBirth": "1967-05-03T12:00:00",
        "ssn": "451534994",
        "userOrders": null,
        "isSold": false,
        "id": 93783
    },
    {
        "firstName": "GEORGE.",
        "lastName": "BROWN",
        "phone": "5616570959",
        "address": "241 W 27TH ST",
        "city": "RIVIERA BCH",
        "state": "BEACH",
        "zip": "33404",
        "email": "GEORBBLESSED67@YAHOO.COM",
        "dateOfBirth": "1967-06-23T12:00:00",
        "ssn": "112563250",
        "userOrders": null,
        "isSold": false,
        "id": 93974
    },
    {
        "firstName": "SELENA",
        "lastName": "SWINT",
        "phone": "6787029038",
        "address": "65 W KNIGHT DR",
        "city": "STONECREST",
        "state": "GA",
        "zip": "30038",
        "email": "SELENASWINT@YAHOO.COM",
        "dateOfBirth": "1967-11-25T12:00:00",
        "ssn": "255451946",
        "userOrders": null,
        "isSold": false,
        "id": 93976
    },
    {
        "firstName": "ED",
        "lastName": "HATZ",
        "phone": "5626022898",
        "address": "6106 HAYTER AVE",
        "city": "LKWD",
        "state": "CA",
        "zip": "90712",
        "email": "EDHATZ@SBCGLOBAL.NET",
        "dateOfBirth": "1967-12-04T12:00:00",
        "ssn": "557413713",
        "userOrders": null,
        "isSold": false,
        "id": 93985
    },
    {
        "firstName": "WOJCIECH.",
        "lastName": "LACKI",
        "phone": "2243889277",
        "address": "4475 COVE LN",
        "city": "HOFMN ESTS",
        "state": "EST",
        "zip": "60192",
        "email": "WLACKI@INBOX.COM",
        "dateOfBirth": "1967-01-12T12:00:00",
        "ssn": "339860468",
        "userOrders": null,
        "isSold": false,
        "id": 93990
    },
    {
        "firstName": "ANDRE",
        "lastName": "MCGHEE",
        "phone": "6364855821",
        "address": "3050 MAINE ANJOU DR APT 227",
        "city": "GRAND PRAIRIE",
        "state": "PRAIRIE",
        "zip": "75052",
        "email": "ANDRE.MCGHEE@YAHOO.COM",
        "dateOfBirth": "1967-03-18T12:00:00",
        "ssn": "563373051",
        "userOrders": null,
        "isSold": false,
        "id": 94038
    },
    {
        "firstName": "MARIA",
        "lastName": "B.",
        "phone": "5615680403",
        "address": "120 SWAN PKWY W",
        "city": "ROYL P BCH",
        "state": "PLM",
        "zip": "33411",
        "email": "FRANKPBFLAUSA@AOL.COM",
        "dateOfBirth": "1967-03-28T12:00:00",
        "ssn": "590055978",
        "userOrders": null,
        "isSold": false,
        "id": 94084
    },
    {
        "firstName": "DEANNIE",
        "lastName": "THOMAS",
        "phone": "6622834342",
        "address": "618 BARRON ST",
        "city": "WINONA",
        "state": "MS",
        "zip": "38967",
        "email": "DEANNIECOLLINS@ATT.NET",
        "dateOfBirth": "1967-10-04T12:00:00",
        "ssn": "587378193",
        "userOrders": null,
        "isSold": false,
        "id": 94103
    }
]