[
    {
        "firstName": "BA",
        "lastName": "PHAM",
        "phone": "5045200027",
        "address": "3616 ASPEN DR",
        "city": "HARVEY",
        "state": "LA",
        "zip": "70058",
        "email": "BA.PHAM@ATT.NET",
        "dateOfBirth": "1967-08-16T12:00:00",
        "ssn": "439438344",
        "userOrders": null,
        "isSold": false,
        "id": 28209
    },
    {
        "firstName": "CIRAROSA",
        "lastName": "SIERRA",
        "phone": "7077745720",
        "address": "5 JESS AVE",
        "city": "PET",
        "state": "CA",
        "zip": "94952",
        "email": "CIRAROSA@AOL.COM",
        "dateOfBirth": "1967-07-13T12:00:00",
        "ssn": "148026489",
        "userOrders": null,
        "isSold": false,
        "id": 28239
    },
    {
        "firstName": "CHRISTINE",
        "lastName": "LYONLORIO",
        "phone": "2259367463",
        "address": "6035 FREDERICK DR",
        "city": "BATON ROUGE",
        "state": "ROUGE",
        "zip": "70817",
        "email": "NOONIEFROG67@AOL.COM",
        "dateOfBirth": "1967-02-11T12:00:00",
        "ssn": "438069205",
        "userOrders": null,
        "isSold": true,
        "id": 28269
    },
    {
        "firstName": "DOUGLAS",
        "lastName": "THERIOT",
        "phone": "2255054762",
        "address": "14411 WATERLOO DR",
        "city": "VENTRESS",
        "state": "LA",
        "zip": "70783",
        "email": "DTHERIOT1@YAHOO.COM",
        "dateOfBirth": "1967-12-17T12:00:00",
        "ssn": "433493694",
        "userOrders": null,
        "isSold": false,
        "id": 28294
    },
    {
        "firstName": "KAREN",
        "lastName": "BLACKFORD",
        "phone": "1111110001",
        "address": "1225 N ROCKPORT RD APT 227",
        "city": "BOONVILLE",
        "state": "IN",
        "zip": "47601",
        "email": "KARENWRIGHT@YAHOO.COM",
        "dateOfBirth": "1967-08-15T12:00:00",
        "ssn": "224299376",
        "userOrders": null,
        "isSold": false,
        "id": 28314
    },
    {
        "firstName": "ANNETTE",
        "lastName": "JOHNSON",
        "phone": "1111110013",
        "address": "16402 HINKLE AVE",
        "city": "BELTON",
        "state": "MO",
        "zip": "64012",
        "email": "KHOLBERT71@GMAIL.COM",
        "dateOfBirth": "1967-01-07T12:00:00",
        "ssn": "561195552",
        "userOrders": null,
        "isSold": false,
        "id": 28335
    },
    {
        "firstName": "STEPHANIE",
        "lastName": "STOCKEMER",
        "phone": "3162097500",
        "address": "6746 E 44TH CT N",
        "city": "BEL AIRE",
        "state": "AIRE",
        "zip": "67226",
        "email": "STEPHSTHREESONS@SBCGLOBAL.NET",
        "dateOfBirth": "1967-08-04T12:00:00",
        "ssn": "509860598",
        "userOrders": null,
        "isSold": false,
        "id": 28362
    },
    {
        "firstName": "LIBERTY",
        "lastName": "MCCOMAS",
        "phone": "8184422998",
        "address": "466 WREN DR",
        "city": "LA",
        "state": "ANGELES",
        "zip": "90065",
        "email": "LIBBY131_M@YAHOO.COM",
        "dateOfBirth": "1967-01-31T12:00:00",
        "ssn": "620561288",
        "userOrders": null,
        "isSold": false,
        "id": 28368
    },
    {
        "firstName": "MARTA",
        "lastName": "MICHULKA",
        "phone": "3123269500",
        "address": "2 W DELAWARE PL UNIT 1008",
        "city": "CHGO",
        "state": "IL",
        "zip": "60610",
        "email": "MARTA@CHICAGOILLUMINATINGCOMPANY.COM",
        "dateOfBirth": "1967-12-14T12:00:00",
        "ssn": "364020083",
        "userOrders": null,
        "isSold": false,
        "id": 28397
    },
    {
        "firstName": "JAIME",
        "lastName": "ALVAREZ",
        "phone": "7758250890",
        "address": "61 SMITHRIDGE PARK",
        "city": "RENO",
        "state": "NV",
        "zip": "89502",
        "email": "JAIROALVAREZ100@GMAIL.COM",
        "dateOfBirth": "1967-07-06T12:00:00",
        "ssn": "614145827",
        "userOrders": null,
        "isSold": true,
        "id": 28562
    },
    {
        "firstName": "AMY",
        "lastName": "WATERMAN",
        "phone": "7072921339",
        "address": "2256 GRAHN DR",
        "city": "ARNOLD",
        "state": "ROSA",
        "zip": "95223",
        "email": "THEWATERMANS@SBCGLOBAL.NET",
        "dateOfBirth": "1967-04-28T12:00:00",
        "ssn": "566020233",
        "userOrders": null,
        "isSold": false,
        "id": 28571
    },
    {
        "firstName": "NATHANIEL",
        "lastName": "CARNES",
        "phone": "7076888383",
        "address": "2901 MYOTIS DR",
        "city": "SAC",
        "state": "CA",
        "zip": "95834",
        "email": "NATHANIELCARNES@SBCGLOBAL.NET",
        "dateOfBirth": "1967-06-17T12:00:00",
        "ssn": "421118161",
        "userOrders": null,
        "isSold": false,
        "id": 28675
    },
    {
        "firstName": "NIKI",
        "lastName": "CELANI",
        "phone": "9046732188",
        "address": "102 FORTSON ST",
        "city": "PONTE VEDRA",
        "state": "FLAT",
        "zip": "32081",
        "email": "NICOLE.CELANI@GMAIL.COM",
        "dateOfBirth": "1967-08-24T12:00:00",
        "ssn": "162644718",
        "userOrders": null,
        "isSold": false,
        "id": 28757
    },
    {
        "firstName": "GREGORY",
        "lastName": "J",
        "phone": "7087691728",
        "address": "6516 FIRESIDE DR",
        "city": "CHGO RDG",
        "state": "RIDGE",
        "zip": "60415",
        "email": "SWANNDG@AOL.COM",
        "dateOfBirth": "1967-05-25T12:00:00",
        "ssn": "332723968",
        "userOrders": null,
        "isSold": false,
        "id": 28897
    },
    {
        "firstName": "KARMALA",
        "lastName": "IVORY",
        "phone": "6156017845",
        "address": "2531 MEDFORD CAMPBELL BLVD",
        "city": "MURFREESBORO",
        "state": "TN",
        "zip": "37127",
        "email": "KIVORY@MCC.EDU",
        "dateOfBirth": "1967-04-23T12:00:00",
        "ssn": "382881002",
        "userOrders": null,
        "isSold": false,
        "id": 28922
    }
]