[
    {
        "firstName": "MARY",
        "lastName": "O'REILLY",
        "phone": "6198466276",
        "address": "4206 FANUEL ST",
        "city": "SD",
        "state": "DIEGO",
        "zip": "92104",
        "email": "KATYOREILLY@YAHOO.COM",
        "dateOfBirth": "1967-05-07T12:00:00",
        "ssn": "560671150",
        "userOrders": null,
        "isSold": false,
        "id": 55481
    },
    {
        "firstName": "TERMINDER",
        "lastName": "DHALIWAL",
        "phone": "5599940396",
        "address": "6253 W MENLO AVE",
        "city": "FRS",
        "state": "CA",
        "zip": "93722",
        "email": "GURINDERDEEP@SBCGLOBAL.NET",
        "dateOfBirth": "1967-01-17T12:00:00",
        "ssn": "548753869",
        "userOrders": null,
        "isSold": false,
        "id": 55532
    },
    {
        "firstName": "MAURO",
        "lastName": "ESCALONA",
        "phone": "2245786183",
        "address": "650 LAKESIDE CIRCLE DR",
        "city": "WHEELING",
        "state": "IL",
        "zip": "60090",
        "email": "MAURESC1@SBCGLOBAL.NET",
        "dateOfBirth": "1967-08-22T12:00:00",
        "ssn": "340888812",
        "userOrders": null,
        "isSold": false,
        "id": 55596
    },
    {
        "firstName": "RENE",
        "lastName": "SANCHEZ",
        "phone": "5122894579",
        "address": "514 OAKWOOD BLVD",
        "city": "ROUND ROCK",
        "state": "ROCK",
        "zip": "78681",
        "email": "RENEBMI@AOL.COM",
        "dateOfBirth": "1967-11-27T12:00:00",
        "ssn": "449558805",
        "userOrders": null,
        "isSold": true,
        "id": 55662
    },
    {
        "firstName": "LISA",
        "lastName": "SHELTON",
        "phone": "5107979119",
        "address": "4462 ARDO ST",
        "city": "FMT",
        "state": "CA",
        "zip": "94536",
        "email": "LISASHELTON@COMCAST.NET",
        "dateOfBirth": "1967-03-04T12:00:00",
        "ssn": "559374899",
        "userOrders": null,
        "isSold": false,
        "id": 55727
    },
    {
        "firstName": "GLORIA",
        "lastName": "FLEMING",
        "phone": "7733249697",
        "address": "APT 3",
        "city": "CHGO",
        "state": "S",
        "zip": "60649",
        "email": "GLORAIMFLEMING7641@YAHOO.COM",
        "dateOfBirth": "1967-11-26T12:00:00",
        "ssn": "320740783",
        "userOrders": null,
        "isSold": false,
        "id": 55759
    },
    {
        "firstName": "KARL",
        "lastName": "VERITY",
        "phone": "7345640283",
        "address": "5417 HARVEST CT",
        "city": "BAY CITY",
        "state": "CITY",
        "zip": "48706",
        "email": "KVERITY@CALLERG.COM",
        "dateOfBirth": "1967-06-29T12:00:00",
        "ssn": "385842908",
        "userOrders": null,
        "isSold": false,
        "id": 55817
    },
    {
        "firstName": "PATRICIA",
        "lastName": "RIVERA",
        "phone": "3236636092",
        "address": "5350 8TH AVE",
        "city": "LA",
        "state": "ANGELES",
        "zip": "90043",
        "email": "WENDYSA-JMHS08@YAHOO.COM",
        "dateOfBirth": "1967-05-21T12:00:00",
        "ssn": "609507054",
        "userOrders": null,
        "isSold": false,
        "id": 55874
    },
    {
        "firstName": "DIMITAR",
        "lastName": "DIMITROV",
        "phone": "8478043164",
        "address": "1522 W OAKTON ST",
        "city": "ARL HTS",
        "state": "HTS",
        "zip": "60004",
        "email": "DDIMITROV144@GMAIL.COM",
        "dateOfBirth": "1967-12-10T12:00:00",
        "ssn": "352967565",
        "userOrders": null,
        "isSold": false,
        "id": 55877
    },
    {
        "firstName": "KENDRA",
        "lastName": "MULHERIN",
        "phone": "4794093441",
        "address": "20 BROOKHOLLOW PL",
        "city": "BENTONVILLE",
        "state": "AR",
        "zip": "72712",
        "email": "KK.MULHERIN@YAHOO.COM",
        "dateOfBirth": "1967-11-19T12:00:00",
        "ssn": "364704157",
        "userOrders": null,
        "isSold": true,
        "id": 55899
    },
    {
        "firstName": "GERARDO",
        "lastName": "GUADIANA",
        "phone": "3134611423",
        "address": "1591 FERDINAND ST",
        "city": "DETROIT",
        "state": "MI",
        "zip": "48209",
        "email": "GMGGR74671@ATT.NET",
        "dateOfBirth": "1967-09-05T12:00:00",
        "ssn": "366065903",
        "userOrders": null,
        "isSold": false,
        "id": 55975
    },
    {
        "firstName": "DAWN",
        "lastName": "LOAIZA",
        "phone": "9542548404",
        "address": "11107 NW 34TH PL",
        "city": "CRL SPRNGS",
        "state": "SPRINGS",
        "zip": "33065",
        "email": "RLOAIZAJR@BELLSOUTH.NET",
        "dateOfBirth": "1967-04-04T12:00:00",
        "ssn": "589104644",
        "userOrders": null,
        "isSold": false,
        "id": 56039
    },
    {
        "firstName": "MICHELLE",
        "lastName": "ROCCOFORTE",
        "phone": "6192772889",
        "address": "7138 MARIPOSA ST",
        "city": "SANTEE",
        "state": "CA",
        "zip": "92071",
        "email": "MROCCOFORTE@COX.NET",
        "dateOfBirth": "1967-12-26T12:00:00",
        "ssn": "564679025",
        "userOrders": null,
        "isSold": false,
        "id": 56099
    },
    {
        "firstName": "GEORGE",
        "lastName": "BARRETT",
        "phone": "2143700372",
        "address": "2148685691",
        "city": "DALLAS TX 75214-3142",
        "state": "BOB",
        "zip": "DALLAS",
        "email": "75214",
        "dateOfBirth": "1967-01-27T12:00:00",
        "ssn": "458510990",
        "userOrders": null,
        "isSold": false,
        "id": 56194
    },
    {
        "firstName": "JENNIFER",
        "lastName": "HARVEY",
        "phone": "2162566377",
        "address": "9152 JACKSON ST",
        "city": "MENTOR",
        "state": "OH",
        "zip": "44060",
        "email": "TOTALLYECLIPSE@YAHOO.COM",
        "dateOfBirth": "1967-04-18T12:00:00",
        "ssn": "293721098",
        "userOrders": null,
        "isSold": false,
        "id": 56197
    }
]