[
    {
        "firstName": "ADOLPHUS",
        "lastName": "WHITE",
        "phone": "9045571320",
        "address": "85134 SAINT JOHN CT",
        "city": "YULE",
        "state": "FL",
        "zip": "32097",
        "email": "WHITE.ADOLPHUS@HOTMAIL.COM",
        "dateOfBirth": "1967-04-12T12:00:00",
        "ssn": "590037507",
        "userOrders": null,
        "isSold": false,
        "id": 101513
    },
    {
        "firstName": "HUY",
        "lastName": "NGUYEN",
        "phone": "6168020594",
        "address": "6569 SAWGRASS DR SE",
        "city": "GAINES TWP",
        "state": "MI",
        "zip": "49548",
        "email": "RONYNGUYEN1990@GMAIL.COM",
        "dateOfBirth": "1967-08-26T12:00:00",
        "ssn": "731183716",
        "userOrders": null,
        "isSold": false,
        "id": 101600
    },
    {
        "firstName": "TERESA",
        "lastName": "TATUM",
        "phone": "7852244772",
        "address": "2719 SW MCALISTER AVE",
        "city": "TOPEKA",
        "state": "KS",
        "zip": "66614",
        "email": "TRSEMERSON@YAHOO.COM",
        "dateOfBirth": "1967-09-15T12:00:00",
        "ssn": "515862790",
        "userOrders": null,
        "isSold": false,
        "id": 101660
    },
    {
        "firstName": "TAMMY",
        "lastName": "N",
        "phone": "7069362254",
        "address": "198 ELLIS RD SE",
        "city": "ROME",
        "state": "GA",
        "zip": "30165",
        "email": "TPEACH67@GMAIL.COM",
        "dateOfBirth": "1967-09-07T12:00:00",
        "ssn": "369900297",
        "userOrders": null,
        "isSold": false,
        "id": 101662
    },
    {
        "firstName": "WAYNE",
        "lastName": "SIELOFF",
        "phone": "1111110001",
        "address": "1423 KALORAMA WAY",
        "city": "TRENTON",
        "state": "MI",
        "zip": "48183",
        "email": "WAYNE.SIELOFF@GMAIL.COM",
        "dateOfBirth": "1967-04-18T12:00:00",
        "ssn": "381925286",
        "userOrders": null,
        "isSold": false,
        "id": 101705
    },
    {
        "firstName": "EZRA",
        "lastName": "SEVERIN",
        "phone": "8329780220",
        "address": "PO BOX 840124",
        "city": "HOUSTON",
        "state": "TX",
        "zip": "77095",
        "email": "EZRA.SEVERIN@YAHOO.COM",
        "dateOfBirth": "1967-01-26T12:00:00",
        "ssn": "580179884",
        "userOrders": null,
        "isSold": false,
        "id": 101727
    },
    {
        "firstName": "MICHELLE",
        "lastName": "HARRIS",
        "phone": "2815138084",
        "address": "21143 BREEZY SHORE LN",
        "city": "RICHMOND",
        "state": "TX",
        "zip": "77407",
        "email": "MRSKLH@GMAIL.COM",
        "dateOfBirth": "1967-06-16T12:00:00",
        "ssn": "451614004",
        "userOrders": null,
        "isSold": false,
        "id": 101838
    },
    {
        "firstName": "MICHAEL",
        "lastName": "SAIA",
        "phone": "8584055848",
        "address": "2917 BELGRAVE FALLS LN",
        "city": "AUSTIN",
        "state": "TX",
        "zip": "78746",
        "email": "EKIMRUN@YAHOO.COM",
        "dateOfBirth": "1967-05-03T12:00:00",
        "ssn": "562492343",
        "userOrders": null,
        "isSold": false,
        "id": 101875
    },
    {
        "firstName": "MELISSA",
        "lastName": "PEARSON",
        "phone": "2702272932",
        "address": "2058 MARION CIR",
        "city": "MAYFIELD",
        "state": "KY",
        "zip": "42066",
        "email": "MEEMEE6755@GMAIL.COM",
        "dateOfBirth": "1967-09-02T12:00:00",
        "ssn": "407985662",
        "userOrders": null,
        "isSold": false,
        "id": 101888
    },
    {
        "firstName": "MARIA",
        "lastName": "AGUILAR",
        "phone": "2096401360",
        "address": "148 NOVELLA DR",
        "city": "NWMN",
        "state": "CA",
        "zip": "95360",
        "email": "MARYGT2010@YAHOO.COM",
        "dateOfBirth": "1967-01-11T12:00:00",
        "ssn": "626046535",
        "userOrders": null,
        "isSold": false,
        "id": 101924
    },
    {
        "firstName": "WILLIE",
        "lastName": "DUDLEY",
        "phone": "4043842505",
        "address": "3639 BRIAR DR",
        "city": "LITH SPGS",
        "state": "SPGS",
        "zip": "30122",
        "email": "WLD1@CDC.GOV",
        "dateOfBirth": "1967-02-02T12:00:00",
        "ssn": "257236485",
        "userOrders": null,
        "isSold": true,
        "id": 101942
    },
    {
        "firstName": "LYNN",
        "lastName": "HANNAN",
        "phone": "2625132016",
        "address": "404 N MORELAND BLVD",
        "city": "WAUKESHA",
        "state": "WI",
        "zip": "53188",
        "email": "LYNNHANNAN@SBCGLOBAL.NET",
        "dateOfBirth": "1967-01-04T12:00:00",
        "ssn": "390825226",
        "userOrders": null,
        "isSold": false,
        "id": 101948
    },
    {
        "firstName": "TIM",
        "lastName": "APPLEGATE",
        "phone": "6154038205",
        "address": "129 BARTON DR",
        "city": "GALLATIN",
        "state": "TN",
        "zip": "37066",
        "email": "TGATER405@GMAIL.COM",
        "dateOfBirth": "1967-04-15T12:00:00",
        "ssn": "302763663",
        "userOrders": null,
        "isSold": false,
        "id": 102025
    },
    {
        "firstName": "CHAE",
        "lastName": "HWANG",
        "phone": "8185410451",
        "address": "3155 STEVENS ST",
        "city": "L CRS",
        "state": "CRESCENTA",
        "zip": "91214",
        "email": "CHAE_HWANG@HOTMAIL.COM",
        "dateOfBirth": "1967-06-26T12:00:00",
        "ssn": "578869643",
        "userOrders": null,
        "isSold": false,
        "id": 102044
    },
    {
        "firstName": "DONA",
        "lastName": "FISK",
        "phone": "8065701111",
        "address": "3224 JANET DR APT 403",
        "city": "AMARILLO",
        "state": "TX",
        "zip": "79109",
        "email": "DDFISK@SBCGLOBAL.NET",
        "dateOfBirth": "1967-12-11T12:00:00",
        "ssn": "464431942",
        "userOrders": null,
        "isSold": true,
        "id": 102078
    }
]