[
    {
        "firstName": "YANIN",
        "lastName": "VALENCIA",
        "phone": "5105899670",
        "address": "264 LOUETTE CT",
        "city": "HAY",
        "state": "CA",
        "zip": "94541",
        "email": "YANINVALE@YAHOO.COM",
        "dateOfBirth": "1967-04-02T12:00:00",
        "ssn": "608681519",
        "userOrders": null,
        "isSold": false,
        "id": 44359
    },
    {
        "firstName": "LECENE",
        "lastName": "PIERRE",
        "phone": "4075356615",
        "address": "9824 RED CLOVER AVE",
        "city": "ORL",
        "state": "FL",
        "zip": "32824",
        "email": "NOEMAILATT@CLEARLINK.COM",
        "dateOfBirth": "1967-02-03T12:00:00",
        "ssn": "580294794",
        "userOrders": null,
        "isSold": false,
        "id": 44412
    },
    {
        "firstName": "CHRISTOPHER",
        "lastName": "MCDONALD",
        "phone": "7656214842",
        "address": "2709 W 23RD ST",
        "city": "ANDERSON",
        "state": "IN",
        "zip": "46011",
        "email": "BIGMAC3532@GMAIL.COM",
        "dateOfBirth": "1967-08-10T12:00:00",
        "ssn": "400060371",
        "userOrders": null,
        "isSold": false,
        "id": 44444
    },
    {
        "firstName": "SYLVIA",
        "lastName": "GONCZ",
        "phone": "3058988051",
        "address": "6824 SW 89TH CT",
        "city": "MIA",
        "state": "FL",
        "zip": "33173",
        "email": "REGA5@MSN.COM",
        "dateOfBirth": "1967-11-12T12:00:00",
        "ssn": "591531991",
        "userOrders": null,
        "isSold": false,
        "id": 44517
    },
    {
        "firstName": "ANNIE",
        "lastName": "MILLET",
        "phone": "7073043456",
        "address": "ANNIE MILLET",
        "city": "PET",
        "state": "KEOKUK",
        "zip": "94952",
        "email": "ANNE.MILLETT@ATT.NET",
        "dateOfBirth": "1967-08-06T12:00:00",
        "ssn": "569814012",
        "userOrders": null,
        "isSold": false,
        "id": 44532
    },
    {
        "firstName": "JEFF",
        "lastName": "PERSALL",
        "phone": "6147871374",
        "address": "6610 STRATHERN CT",
        "city": "DUBLIN",
        "state": "OH",
        "zip": "43016",
        "email": "JEFFPERSALL@YAHOO.COM",
        "dateOfBirth": "1967-06-28T12:00:00",
        "ssn": "417928623",
        "userOrders": null,
        "isSold": false,
        "id": 44562
    },
    {
        "firstName": "BILLY",
        "lastName": "SISTRUNK",
        "phone": "4238881345",
        "address": "611 E 19TH ST",
        "city": "ANNISTON",
        "state": "AL",
        "zip": "36207",
        "email": "SISTRUNKB@YAHOO.COM",
        "dateOfBirth": "1967-12-01T12:00:00",
        "ssn": "258390103",
        "userOrders": null,
        "isSold": false,
        "id": 44576
    },
    {
        "firstName": "WENDY",
        "lastName": "BROZEK",
        "phone": "7343796907",
        "address": "19463 HOLDREN ST",
        "city": "BROWNSTOWN TWP",
        "state": "MI",
        "zip": "48173",
        "email": "GOPURPLE12@YAHOO.COM",
        "dateOfBirth": "1967-11-09T12:00:00",
        "ssn": "376909463",
        "userOrders": null,
        "isSold": false,
        "id": 44622
    },
    {
        "firstName": "DIANA",
        "lastName": "NUNLEY",
        "phone": "3149203715",
        "address": "4522 FERRER DR",
        "city": "ST LOUIS COUNTY",
        "state": "LOUIS",
        "zip": "63129",
        "email": "ICEYDI@AOL.COM",
        "dateOfBirth": "1967-03-19T12:00:00",
        "ssn": "149622190",
        "userOrders": null,
        "isSold": false,
        "id": 44670
    },
    {
        "firstName": "JOZETTE",
        "lastName": "SHUMPERT",
        "phone": "3129987801",
        "address": "1226 W 77TH ST FL 2",
        "city": "CHGO",
        "state": "IL",
        "zip": "60620",
        "email": "JOZETTE.DAUGHRITY@YAHOO.COM",
        "dateOfBirth": "1967-06-22T12:00:00",
        "ssn": "354648844",
        "userOrders": null,
        "isSold": false,
        "id": 44684
    },
    {
        "firstName": "DAVID",
        "lastName": "SANROMA",
        "phone": "3053438845",
        "address": "200 RIVER LANDING DR",
        "city": "ALPH",
        "state": "GA",
        "zip": "30004",
        "email": "MESCUDEMARTINEZ@GMAIL.COM",
        "dateOfBirth": "1967-08-20T12:00:00",
        "ssn": "158694433",
        "userOrders": null,
        "isSold": false,
        "id": 44749
    },
    {
        "firstName": "JACQUELINE",
        "lastName": "JAMES",
        "phone": "9513593267",
        "address": "4715 DUNDEE RD",
        "city": "RIV",
        "state": "CA",
        "zip": "92504",
        "email": "CVSSYC@ATT.NET",
        "dateOfBirth": "1967-06-21T12:00:00",
        "ssn": "558752952",
        "userOrders": null,
        "isSold": false,
        "id": 44993
    },
    {
        "firstName": "MELISSA",
        "lastName": "ALDERS",
        "phone": "8595168596",
        "address": "132 STAR AVE APT 7",
        "city": "STANFORD",
        "state": "KY",
        "zip": "40484",
        "email": "MISCHIEFF67@HOTMAIL.COM",
        "dateOfBirth": "1967-10-16T12:00:00",
        "ssn": "263537376",
        "userOrders": null,
        "isSold": false,
        "id": 45181
    },
    {
        "firstName": "MARY",
        "lastName": "ROBINSON",
        "phone": "9185849490",
        "address": "4420 E 67TH ST APT 8L",
        "city": "TULSA",
        "state": "OK",
        "zip": "74136",
        "email": "ROBINSON.MARY31@YAHOO.COM",
        "dateOfBirth": "1967-11-25T12:00:00",
        "ssn": "431296406",
        "userOrders": null,
        "isSold": false,
        "id": 45239
    },
    {
        "firstName": "ERIC",
        "lastName": "FANDINO",
        "phone": "9546580826",
        "address": "18818 NW 80TH AVE",
        "city": "MIA",
        "state": "FL",
        "zip": "33015",
        "email": "LIMOUSINEGMG@HOTMAIL.COM",
        "dateOfBirth": "1967-09-30T12:00:00",
        "ssn": "131823668",
        "userOrders": null,
        "isSold": false,
        "id": 45274
    }
]