[
    {
        "firstName": "LORI",
        "lastName": "MICHELLE",
        "phone": "7048776245",
        "address": "6921 GOLDEN BAY CT",
        "city": "SHRLS FORD",
        "state": "FRD",
        "zip": "28673",
        "email": "MKORTESIS@ATT.NET",
        "dateOfBirth": "1967-04-08T12:00:00",
        "ssn": "238231206",
        "userOrders": null,
        "isSold": false,
        "id": 94944
    },
    {
        "firstName": "MICHELLE",
        "lastName": "WARE-HUGHES",
        "phone": "7758422225",
        "address": "11765 CLAIM STAKE DR",
        "city": "STEAD",
        "state": "NV",
        "zip": "89506",
        "email": "HUGHES.MICHELLE84@YAHOO.COM",
        "dateOfBirth": "1967-07-03T12:00:00",
        "ssn": "287724463",
        "userOrders": null,
        "isSold": true,
        "id": 94982
    },
    {
        "firstName": "STEVEN",
        "lastName": "PRETTO",
        "phone": "1111110001",
        "address": "19642 HERITAGE DR",
        "city": "TINLY PK",
        "state": "PARK",
        "zip": "60487",
        "email": "1GTO4STEVE@SBCGLOBAL.NET",
        "dateOfBirth": "1967-01-19T12:00:00",
        "ssn": "359682494",
        "userOrders": null,
        "isSold": false,
        "id": 94999
    },
    {
        "firstName": "ROSE",
        "lastName": "LIU",
        "phone": "6508721451",
        "address": "7228 SHANNON PARK CT",
        "city": "SSF",
        "state": "SAN",
        "zip": "94080",
        "email": "RLIUMD@YAHOO.COM",
        "dateOfBirth": "1967-01-21T12:00:00",
        "ssn": "442982891",
        "userOrders": null,
        "isSold": false,
        "id": 95105
    },
    {
        "firstName": "LINDA",
        "lastName": "B",
        "phone": "4042596519",
        "address": "110 FAIRWAY DR",
        "city": "NWN",
        "state": "GA",
        "zip": "30265",
        "email": "LBRIDGES30@HOTMAIL.COM",
        "dateOfBirth": "1967-09-24T12:00:00",
        "ssn": "241084558",
        "userOrders": null,
        "isSold": false,
        "id": 95213
    },
    {
        "firstName": "FABIAN",
        "lastName": "ERNESTO",
        "phone": "3053011151",
        "address": "973 SW 149TH CT",
        "city": "M*B",
        "state": "FL",
        "zip": "33139",
        "email": "FABPET31@AOL.COM",
        "dateOfBirth": "1967-02-27T12:00:00",
        "ssn": "768054221",
        "userOrders": null,
        "isSold": false,
        "id": 95317
    },
    {
        "firstName": "ROTUNDA/TERRY",
        "lastName": "TRAMMER",
        "phone": "7703340174",
        "address": "1798 BRIDLE RD",
        "city": "LWRNCVL",
        "state": "GA",
        "zip": "30043",
        "email": "RWHITE0120@GMAIL.COM",
        "dateOfBirth": "1967-01-20T12:00:00",
        "ssn": "382766580",
        "userOrders": null,
        "isSold": false,
        "id": 95324
    },
    {
        "firstName": "ANDREW",
        "lastName": "SMITH",
        "phone": "4152032782",
        "address": "805 WATSON CANYON CT APT 265",
        "city": "SN RMN",
        "state": "RAMON",
        "zip": "94582",
        "email": "EMAILOFANDYSMITH@GMAIL.COM",
        "dateOfBirth": "1967-08-18T12:00:00",
        "ssn": "114608967",
        "userOrders": null,
        "isSold": true,
        "id": 95388
    },
    {
        "firstName": "KRISTIN",
        "lastName": "PROHL",
        "phone": "2198382918",
        "address": "3133 STRONG ST",
        "city": "HIGHLAND",
        "state": "IN",
        "zip": "46322",
        "email": "DKRENTALS@ATT.NET",
        "dateOfBirth": "1967-02-22T12:00:00",
        "ssn": "337646712",
        "userOrders": null,
        "isSold": false,
        "id": 95401
    },
    {
        "firstName": "RODRIGO",
        "lastName": "APARICIO",
        "phone": "9032585117",
        "address": "1023 LINDSEY LN",
        "city": "TYLER",
        "state": "TX",
        "zip": "75701",
        "email": "RODRIGO.APARICIO@SBCGLOBAL.NET",
        "dateOfBirth": "1967-12-28T12:00:00",
        "ssn": "628764795",
        "userOrders": null,
        "isSold": false,
        "id": 95429
    },
    {
        "firstName": "GLENN",
        "lastName": "HIRN",
        "phone": "9378596566",
        "address": "1108 PARK PL",
        "city": "WEST CARROLLTON",
        "state": "CARROLLTON",
        "zip": "45449",
        "email": "PAHBEAR34@AOL.COM",
        "dateOfBirth": "1967-08-23T12:00:00",
        "ssn": "543062426",
        "userOrders": null,
        "isSold": false,
        "id": 95455
    },
    {
        "firstName": "SUSAN",
        "lastName": "LEE",
        "phone": "4046600237",
        "address": "411 MIDDLE CREEK DR",
        "city": "MCKINNEY",
        "state": "TX",
        "zip": "75070",
        "email": "SUSANITALEE@GMAIL.COM",
        "dateOfBirth": "1967-06-06T12:00:00",
        "ssn": "263859518",
        "userOrders": null,
        "isSold": false,
        "id": 95469
    },
    {
        "firstName": "DEREK.",
        "lastName": "OWCA",
        "phone": "8473722561",
        "address": "1330 KRYSTYNA XING",
        "city": "LEMONT",
        "state": "IL",
        "zip": "60439",
        "email": "DEREK.OWCA@GMAIL.COM",
        "dateOfBirth": "1967-09-09T12:00:00",
        "ssn": "526717576",
        "userOrders": null,
        "isSold": false,
        "id": 95566
    },
    {
        "firstName": "CARNETTA",
        "lastName": "WORMELY",
        "phone": "2054017060",
        "address": "1006 14TH STREET ENSLEY",
        "city": "BESSEMER",
        "state": "AL",
        "zip": "35020",
        "email": "WORMELYCARNETTA46@YAHOO.COM",
        "dateOfBirth": "1967-01-03T12:00:00",
        "ssn": "422966988",
        "userOrders": null,
        "isSold": false,
        "id": 95579
    },
    {
        "firstName": "TIM",
        "lastName": "M",
        "phone": "6143150149",
        "address": "3167 SCENIC WAY",
        "city": "GROVE CITY",
        "state": "CITY",
        "zip": "43123",
        "email": "TPREISSLER@YAHOO.COM",
        "dateOfBirth": "1967-05-10T12:00:00",
        "ssn": "284809058",
        "userOrders": null,
        "isSold": false,
        "id": 95610
    }
]