[
    {
        "firstName": "STANLEY",
        "lastName": "GATZEK",
        "phone": "7659691841",
        "address": "10 CROSSLINK CT",
        "city": "PLM CST",
        "state": "COAST",
        "zip": "32164",
        "email": "GATZEKSTANLEY@YAHOO.COM",
        "dateOfBirth": "1967-09-02T12:00:00",
        "ssn": "313682874",
        "userOrders": null,
        "isSold": false,
        "id": 56348
    },
    {
        "firstName": "LORI",
        "lastName": "HUTCHINSON",
        "phone": "3126198082",
        "address": "1720 S MICHIGAN AVE APT 603",
        "city": "CHGO",
        "state": "IL",
        "zip": "60616",
        "email": "LORIBHUTCHINSON@GMAIL.COM",
        "dateOfBirth": "1967-10-19T12:00:00",
        "ssn": "340624882",
        "userOrders": null,
        "isSold": false,
        "id": 56406
    },
    {
        "firstName": "GREG",
        "lastName": "MARSIGLIA",
        "phone": "5049523255",
        "address": "7444 PEARL ST",
        "city": "NEW ORLEANS",
        "state": "ORLEANS",
        "zip": "70118",
        "email": "ATT@MARSIGLIA.ORG",
        "dateOfBirth": "1967-08-01T12:00:00",
        "ssn": "433867172",
        "userOrders": null,
        "isSold": false,
        "id": 56429
    },
    {
        "firstName": "PATRICIA",
        "lastName": "LAROCCA",
        "phone": "6318361777",
        "address": "237 BARBADOS DR",
        "city": "JUP",
        "state": "FL",
        "zip": "33458",
        "email": "ITPATRICIA@HOTMAIL.COM",
        "dateOfBirth": "1967-06-20T12:00:00",
        "ssn": "130686138",
        "userOrders": null,
        "isSold": false,
        "id": 56544
    },
    {
        "firstName": "WAYNE",
        "lastName": "LONGE",
        "phone": "4046679183",
        "address": "6588 RIVER RUN RD",
        "city": "RIVERDALE",
        "state": "GA",
        "zip": "30274",
        "email": "WLONGE44@GMAIL.COM",
        "dateOfBirth": "1967-12-02T12:00:00",
        "ssn": "102788092",
        "userOrders": null,
        "isSold": false,
        "id": 56554
    },
    {
        "firstName": "CHRISTY",
        "lastName": "DAULTON",
        "phone": "9186972176",
        "address": "1100 W 9TH ST",
        "city": "TULSA",
        "state": "OK",
        "zip": "74107",
        "email": "CHRISTYDAULTON@ATT.NET",
        "dateOfBirth": "1967-01-30T12:00:00",
        "ssn": "444808740",
        "userOrders": null,
        "isSold": false,
        "id": 56615
    },
    {
        "firstName": "DEBORAH",
        "lastName": "SMITH",
        "phone": "7865543083",
        "address": "1410 NW 79TH AVE",
        "city": "PMBRK PNS",
        "state": "PNES",
        "zip": "33024",
        "email": "DEBORAHSMITH5720@YAHOO.COM",
        "dateOfBirth": "1967-04-27T12:00:00",
        "ssn": "954012930",
        "userOrders": null,
        "isSold": false,
        "id": 56627
    },
    {
        "firstName": "CHARLENE",
        "lastName": "MARTIN",
        "phone": "3372419412",
        "address": "PO BOX 526",
        "city": "BALDWIN",
        "state": "LA",
        "zip": "70514",
        "email": "MARKCHAR2007@ATT.NET",
        "dateOfBirth": "1967-02-17T12:00:00",
        "ssn": "552393704",
        "userOrders": null,
        "isSold": false,
        "id": 56821
    },
    {
        "firstName": "DAVID",
        "lastName": "FISHMAN",
        "phone": "9543539659",
        "address": "1383 VERACRUZ LN",
        "city": "WESTON",
        "state": "FL",
        "zip": "33327",
        "email": "FISHMAND65@YAHOO.COM",
        "dateOfBirth": "1967-03-11T12:00:00",
        "ssn": "138720230",
        "userOrders": null,
        "isSold": false,
        "id": 56870
    },
    {
        "firstName": "Elizabeth",
        "lastName": "haley",
        "phone": "9494989125",
        "address": "207 QUEENSFERRY RD",
        "city": "CARY",
        "state": "NC",
        "zip": "27511",
        "email": "ELAULHEALEY@GMAIL.COM",
        "dateOfBirth": "1967-10-21T12:00:00",
        "ssn": "547312084",
        "userOrders": null,
        "isSold": false,
        "id": 56899
    },
    {
        "firstName": "NADIA",
        "lastName": "ALIAHMADY",
        "phone": "4046617054",
        "address": "11680 DAVENPORT LN",
        "city": "JOHNS CREEK",
        "state": "CREEK",
        "zip": "30005",
        "email": "NADALIDAF@GMAIL.COM",
        "dateOfBirth": "1967-03-25T12:00:00",
        "ssn": "255976580",
        "userOrders": null,
        "isSold": false,
        "id": 56942
    },
    {
        "firstName": "JENNY",
        "lastName": "WEAVER",
        "phone": "1111110001",
        "address": "9564936224",
        "city": "101 TRAXLER WAY",
        "state": "PRODUCTIIONS",
        "zip": "HARLINGEN",
        "email": "78552",
        "dateOfBirth": "1967-07-02T12:00:00",
        "ssn": "456634524",
        "userOrders": null,
        "isSold": false,
        "id": 56966
    },
    {
        "firstName": "HIROMI",
        "lastName": "MAKINO",
        "phone": "9165434269",
        "address": "2360 ARMSTRONG LN",
        "city": "RKLN",
        "state": "NV",
        "zip": "95765",
        "email": "HIROMIMAKINO@YAHOO.COM",
        "dateOfBirth": "1967-11-06T12:00:00",
        "ssn": "285987543",
        "userOrders": null,
        "isSold": true,
        "id": 57087
    },
    {
        "firstName": "LAWRENCE",
        "lastName": "MONTOYA",
        "phone": "6269750515",
        "address": "1204 S RAYMOND AVE",
        "city": "LA",
        "state": "CA",
        "zip": "90028",
        "email": "MONTOYA1067@AOL.COM",
        "dateOfBirth": "1967-10-28T12:00:00",
        "ssn": "558616645",
        "userOrders": null,
        "isSold": false,
        "id": 57202
    },
    {
        "firstName": "BARBARA",
        "lastName": "DAROWSKA",
        "phone": "7736733658",
        "address": "FL 2-E",
        "city": "CHGO",
        "state": "W",
        "zip": "60630",
        "email": "BARBARADAROWSKA@ATT.NET",
        "dateOfBirth": "1967-07-12T12:00:00",
        "ssn": "327929001",
        "userOrders": null,
        "isSold": false,
        "id": 57205
    }
]