[
    {
        "firstName": "ADRIAN",
        "lastName": "ZELLER",
        "phone": "3178883528",
        "address": "7426 GORDON WAY",
        "city": "INDIANAPOLIS",
        "state": "IN",
        "zip": "46237",
        "email": "ADRIANZ6667@GMAIL.COM",
        "dateOfBirth": "1967-06-06T12:00:00",
        "ssn": "317844245",
        "userOrders": null,
        "isSold": false,
        "id": 63905
    },
    {
        "firstName": "ANGELA",
        "lastName": "FITCH",
        "phone": "7068706671",
        "address": "2591 FREEMANS WALK PATH",
        "city": "DCLA",
        "state": "GA",
        "zip": "30019",
        "email": "FITCHFAM4@YAHOO.COM",
        "dateOfBirth": "1967-01-15T12:00:00",
        "ssn": "378746339",
        "userOrders": null,
        "isSold": false,
        "id": 63938
    },
    {
        "firstName": "CYMA",
        "lastName": "RAMIREZ",
        "phone": "3052747037",
        "address": "7145 SW 77TH PL",
        "city": "MIA",
        "state": "FL",
        "zip": "33143",
        "email": "SUNNYBUBLES@AOL.COM",
        "dateOfBirth": "1967-10-25T12:00:00",
        "ssn": "587472553",
        "userOrders": null,
        "isSold": false,
        "id": 64074
    },
    {
        "firstName": "TIM",
        "lastName": "ROBERTS",
        "phone": "2567347806",
        "address": "219 COUNTY ROAD 1508",
        "city": "CULLMAN",
        "state": "AL",
        "zip": "35058",
        "email": "TIMROBERTS@BELLSOUTH.NET",
        "dateOfBirth": "1967-09-09T12:00:00",
        "ssn": "424119742",
        "userOrders": null,
        "isSold": false,
        "id": 64076
    },
    {
        "firstName": "STEPHANIE",
        "lastName": "ABRAM",
        "phone": "4047862798",
        "address": "5549 HALSTED WAY",
        "city": "STONECREST",
        "state": "GA",
        "zip": "30038",
        "email": "STEPHANIE.ABRAM@GMAIL.COM",
        "dateOfBirth": "1967-05-26T12:00:00",
        "ssn": "427066378",
        "userOrders": null,
        "isSold": false,
        "id": 64094
    },
    {
        "firstName": "BASILIO",
        "lastName": "BASURTO",
        "phone": "5599782933",
        "address": "13785 E MANNING AVE APT 214",
        "city": "PRLER",
        "state": "CA",
        "zip": "93648",
        "email": "BASILIO3213@ATT.NET",
        "dateOfBirth": "1967-11-27T12:00:00",
        "ssn": "624187490",
        "userOrders": null,
        "isSold": false,
        "id": 64188
    },
    {
        "firstName": "THOMAS",
        "lastName": "MCHUGH",
        "phone": "2253298202",
        "address": "1650 MEADOW LAKE DR",
        "city": "MOBILE",
        "state": "LA",
        "zip": "36695",
        "email": "HALEYMCHUGH1@GMAIL.COM",
        "dateOfBirth": "1967-12-14T12:00:00",
        "ssn": "438491020",
        "userOrders": null,
        "isSold": false,
        "id": 64236
    },
    {
        "firstName": "ROBERT",
        "lastName": "SASSEN",
        "phone": "4158508538",
        "address": "803 BRENNAN WAY",
        "city": "LVRMR",
        "state": "CA",
        "zip": "94550",
        "email": "CAGIVA37@GMAIL.COM",
        "dateOfBirth": "1967-01-09T12:00:00",
        "ssn": "572514684",
        "userOrders": null,
        "isSold": false,
        "id": 64260
    },
    {
        "firstName": "BONNIE",
        "lastName": "CAIRNS",
        "phone": "2489241352",
        "address": "2020 5TH ST",
        "city": "WDLND",
        "state": "CA",
        "zip": "95776",
        "email": "BONNIEK67@YAHOO.COM",
        "dateOfBirth": "1967-12-02T12:00:00",
        "ssn": "390905856",
        "userOrders": null,
        "isSold": false,
        "id": 64269
    },
    {
        "firstName": "MARK",
        "lastName": "FINKE",
        "phone": "3149613048",
        "address": "22 BERRY ROAD PARK",
        "city": "GLENDALE",
        "state": "LOUIS",
        "zip": "63122",
        "email": "ANNIEF1012@AOL.COM",
        "dateOfBirth": "1967-10-12T12:00:00",
        "ssn": "496825921",
        "userOrders": null,
        "isSold": false,
        "id": 64313
    },
    {
        "firstName": "AMY",
        "lastName": "GRANT",
        "phone": "5176040089",
        "address": "448 N BARNES ST",
        "city": "MASON",
        "state": "MI",
        "zip": "48854",
        "email": "AMERS.4DAWN@YAHOO.COM",
        "dateOfBirth": "1967-08-06T12:00:00",
        "ssn": "378927622",
        "userOrders": null,
        "isSold": false,
        "id": 64326
    },
    {
        "firstName": "GINA",
        "lastName": "ZEPPEGNO",
        "phone": "9256394462",
        "address": "374 BOYD RD",
        "city": "PH",
        "state": "HILL",
        "zip": "94523",
        "email": "ZBRITTBRAN@YAHOO.COM",
        "dateOfBirth": "1967-02-28T12:00:00",
        "ssn": "565713254",
        "userOrders": null,
        "isSold": true,
        "id": 64350
    },
    {
        "firstName": "HAROLD",
        "lastName": "WAGNER",
        "phone": "9513120109",
        "address": "19455 CHAPARRAL ST",
        "city": "RLTO",
        "state": "CA",
        "zip": "92376",
        "email": "HWAGNER1@JUNO.COM",
        "dateOfBirth": "1967-03-28T12:00:00",
        "ssn": "566450244",
        "userOrders": null,
        "isSold": false,
        "id": 64362
    },
    {
        "firstName": "MICHAEL",
        "lastName": "ROTH",
        "phone": "7654900270",
        "address": "3455 CINNAMON TRCE",
        "city": "KOKOMO",
        "state": "IN",
        "zip": "46901",
        "email": "MIKEA.ROTH@COMCAST.NET",
        "dateOfBirth": "1967-12-23T12:00:00",
        "ssn": "315740581",
        "userOrders": null,
        "isSold": false,
        "id": 64383
    },
    {
        "firstName": "VERONICA",
        "lastName": "PAPE",
        "phone": "7756365526",
        "address": "1650 BOX CANYON DR",
        "city": "RENO",
        "state": "NV",
        "zip": "89521",
        "email": "VMPBAKES@SBCGLOBAL.NET",
        "dateOfBirth": "1967-03-10T12:00:00",
        "ssn": "574741015",
        "userOrders": null,
        "isSold": true,
        "id": 64497
    }
]