[
    {
        "firstName": "AARON",
        "lastName": "CABRERA",
        "phone": "9126558416",
        "address": "APT 2206",
        "city": "CHAS",
        "state": "PARKSIDE",
        "zip": "29414",
        "email": "AARONCABRERA.EMAIL@YAHOO.COM",
        "dateOfBirth": "1967-10-17T12:00:00",
        "ssn": "460638473",
        "userOrders": null,
        "isSold": false,
        "id": 67940
    },
    {
        "firstName": "JOHN",
        "lastName": "GIBSON",
        "phone": "7735489377",
        "address": "4918 S CHAMPLAIN AVE",
        "city": "CHGO",
        "state": "IL",
        "zip": "60615",
        "email": "JMEDLEY@DMACLUB.COM",
        "dateOfBirth": "1967-01-07T12:00:00",
        "ssn": "333646570",
        "userOrders": null,
        "isSold": false,
        "id": 68083
    },
    {
        "firstName": "ELIZABETH",
        "lastName": "JACKMAN",
        "phone": "8172836519",
        "address": "950 OTTINGER RD",
        "city": "BEDFORD",
        "state": "TX",
        "zip": "76021",
        "email": "ESLORD@SBCGLOBAL.NET",
        "dateOfBirth": "1967-09-13T12:00:00",
        "ssn": "514606652",
        "userOrders": null,
        "isSold": false,
        "id": 68085
    },
    {
        "firstName": "GUSTAVO",
        "lastName": "BADINO",
        "phone": "3056099109",
        "address": "7809 NW 104TH AVE APT 38",
        "city": "DORAL",
        "state": "FL",
        "zip": "33178",
        "email": "GUSBADINO@YAHOO.COM",
        "dateOfBirth": "1967-07-31T12:00:00",
        "ssn": "594718435",
        "userOrders": null,
        "isSold": false,
        "id": 68142
    },
    {
        "firstName": "VALERIA",
        "lastName": "LAWSHE",
        "phone": "9015537619",
        "address": "165 DORIS MEADOW CV",
        "city": "MEMPHIS",
        "state": "TN",
        "zip": "38115",
        "email": "YMONIQUEANDERSON@GMAIL.COM",
        "dateOfBirth": "1967-05-07T12:00:00",
        "ssn": "263639568",
        "userOrders": null,
        "isSold": false,
        "id": 68201
    },
    {
        "firstName": "TAMMIE",
        "lastName": "HOOPS",
        "phone": "9095748365",
        "address": "13872 MESQUITE DR",
        "city": "FON",
        "state": "CA",
        "zip": "92337",
        "email": "TAMMIEKIBE@ATT.NET",
        "dateOfBirth": "1967-11-27T12:00:00",
        "ssn": "562438675",
        "userOrders": null,
        "isSold": false,
        "id": 68230
    },
    {
        "firstName": "DAVID",
        "lastName": "HUDSON",
        "phone": "6785850278",
        "address": "4190 POPLAR HOLLOW CT NE",
        "city": "RSWL",
        "state": "GA",
        "zip": "30075",
        "email": "NOEMAIL@ATT.COM",
        "dateOfBirth": "1967-11-26T12:00:00",
        "ssn": "260512009",
        "userOrders": null,
        "isSold": false,
        "id": 68252
    },
    {
        "firstName": "MELISSA",
        "lastName": "BUCHANAN",
        "phone": "7543664145",
        "address": "4168 INVERRARY DR APT 204",
        "city": "LDHL",
        "state": "FL",
        "zip": "33319",
        "email": "MEILEESA@GMAIL.COM",
        "dateOfBirth": "1967-09-13T12:00:00",
        "ssn": "589202717",
        "userOrders": null,
        "isSold": false,
        "id": 68271
    },
    {
        "firstName": "JESUS",
        "lastName": "A",
        "phone": "7138744389",
        "address": "12331 N GESSNER RD APT 438",
        "city": "HOUSTON",
        "state": "TX",
        "zip": "77064",
        "email": "LAURABURGOS01@YAHOO.COM",
        "dateOfBirth": "1967-01-26T12:00:00",
        "ssn": "467572920",
        "userOrders": null,
        "isSold": false,
        "id": 68517
    },
    {
        "firstName": "DELORES",
        "lastName": "J.",
        "phone": "3123408202",
        "address": "301 W 117TH ST",
        "city": "CHGO",
        "state": "IL",
        "zip": "60651",
        "email": "DELORES.METCALF@YAHOO.COM",
        "dateOfBirth": "1967-01-04T12:00:00",
        "ssn": "329501540",
        "userOrders": null,
        "isSold": false,
        "id": 68521
    },
    {
        "firstName": "LEROY",
        "lastName": "WILLIAMS",
        "phone": "9012810998",
        "address": "3873 CHARLESTON RD",
        "city": "MEMPHIS",
        "state": "TN",
        "zip": "38128",
        "email": "WILLIAMSJANEL@AOL.COM",
        "dateOfBirth": "1967-08-27T12:00:00",
        "ssn": "410195266",
        "userOrders": null,
        "isSold": false,
        "id": 68580
    },
    {
        "firstName": "MICHAEL",
        "lastName": "BROUSSARD",
        "phone": "4097513276",
        "address": "32731 EGYPT LN STE 802",
        "city": "LUMBERTON",
        "state": "TX",
        "zip": "77657",
        "email": "TWFG2008@ATT.NET",
        "dateOfBirth": "1967-02-05T12:00:00",
        "ssn": "449491188",
        "userOrders": null,
        "isSold": false,
        "id": 68646
    },
    {
        "firstName": "SIMMY",
        "lastName": "PEARSON",
        "phone": "8583424559",
        "address": "190 DEL MAR SHORES TER",
        "city": "SOL B",
        "state": "BEACH",
        "zip": "92075",
        "email": "SIMMYPEARSON@YAHOO.COM",
        "dateOfBirth": "1967-01-31T12:00:00",
        "ssn": "454514469",
        "userOrders": null,
        "isSold": false,
        "id": 68716
    },
    {
        "firstName": "MONETTE",
        "lastName": "L",
        "phone": "3166444109",
        "address": "555 N MOUNT CARMEL AVE",
        "city": "WICHITA",
        "state": "KS",
        "zip": "67203",
        "email": "DYLANZ@GMAIL.COM",
        "dateOfBirth": "1967-09-06T12:00:00",
        "ssn": "511661034",
        "userOrders": null,
        "isSold": true,
        "id": 68827
    },
    {
        "firstName": "NANCY",
        "lastName": "ZIPF",
        "phone": "4178381333",
        "address": "6427 N FARM ROAD 145",
        "city": "GREENE COUNTY",
        "state": "MO",
        "zip": "65803",
        "email": "NZIPF46@GMAIL.COM",
        "dateOfBirth": "1967-12-11T12:00:00",
        "ssn": "490885618",
        "userOrders": null,
        "isSold": false,
        "id": 68910
    }
]