[
    {
        "firstName": "CARMEN",
        "lastName": "M",
        "phone": "4099353631",
        "address": "2808 22ND ST",
        "city": "TEXAS CITY",
        "state": "TX",
        "zip": "77591",
        "email": "DAVIDCARMEN@SBCGLOBAL.NET",
        "dateOfBirth": "1967-02-13T12:00:00",
        "ssn": "460355727",
        "userOrders": null,
        "isSold": false,
        "id": 71326
    },
    {
        "firstName": "SEAN",
        "lastName": "AMBROSE",
        "phone": "3104916267",
        "address": "427 W QUEEN ST APT 5",
        "city": "ING",
        "state": "CA",
        "zip": "90301",
        "email": "SEANAMBITIOUS@GMAIL.COM",
        "dateOfBirth": "1967-03-18T12:00:00",
        "ssn": "612766677",
        "userOrders": null,
        "isSold": false,
        "id": 71333
    },
    {
        "firstName": "Jimmy",
        "lastName": "White",
        "phone": "9315727304",
        "address": "7042524415",
        "city": "MOORESVILLE NC 28115-9316",
        "state": "CARDINAL",
        "zip": "MORSVL",
        "email": "28115",
        "dateOfBirth": "1967-03-26T12:00:00",
        "ssn": "244231194",
        "userOrders": null,
        "isSold": false,
        "id": 71353
    },
    {
        "firstName": "EILIEEN",
        "lastName": "LUNA*",
        "phone": "9152561087",
        "address": "9375 VISCOUNT BLVD APT 927",
        "city": "EL PASO",
        "state": "PASO",
        "zip": "79925",
        "email": "MOONMOMONE1@GMAIL.COM",
        "dateOfBirth": "1967-04-29T12:00:00",
        "ssn": "467378363",
        "userOrders": null,
        "isSold": false,
        "id": 71429
    },
    {
        "firstName": "LISA",
        "lastName": "SAFRANSKE",
        "phone": "8479225346",
        "address": "1601 OAKWOOD AVE APT 102",
        "city": "HIGHLD PK",
        "state": "PARK",
        "zip": "60035",
        "email": "L.SAFRANSKE@SBCGLOBAL.NET",
        "dateOfBirth": "1967-03-13T12:00:00",
        "ssn": "328584622",
        "userOrders": null,
        "isSold": false,
        "id": 71438
    },
    {
        "firstName": "DAVID",
        "lastName": "GILL",
        "phone": "9404472833",
        "address": "1073 SYRACUSE CIR",
        "city": "VCVL",
        "state": "CA",
        "zip": "95687",
        "email": "DAVEATFLORIDA@YAHOO.COM",
        "dateOfBirth": "1967-05-05T12:00:00",
        "ssn": "411415720",
        "userOrders": null,
        "isSold": false,
        "id": 71467
    },
    {
        "firstName": "KENN",
        "lastName": "SERRANO",
        "phone": "9169346914",
        "address": "2938 STANFORD LN",
        "city": "EL DRDO HLS",
        "state": "DORADO",
        "zip": "95762",
        "email": "MAJICKENN@YAHOO.COM",
        "dateOfBirth": "1967-12-28T12:00:00",
        "ssn": "564394835",
        "userOrders": null,
        "isSold": false,
        "id": 71471
    },
    {
        "firstName": "DONALD",
        "lastName": "ENDRES",
        "phone": "7408157828",
        "address": "516 HEATHERBROOKE WAY",
        "city": "COLUMBUS",
        "state": "OH",
        "zip": "43081",
        "email": "DON.ENDRES@GMAIL.COM",
        "dateOfBirth": "1967-06-03T12:00:00",
        "ssn": "263619013",
        "userOrders": null,
        "isSold": false,
        "id": 71473
    },
    {
        "firstName": "JUAN",
        "lastName": "DELVILLAR",
        "phone": "9196994666",
        "address": "1220 CARIBOU XING",
        "city": "DRHM",
        "state": "NC",
        "zip": "27713",
        "email": "JDELVILL@CISCO.COM",
        "dateOfBirth": "1967-01-04T12:00:00",
        "ssn": "144843965",
        "userOrders": null,
        "isSold": false,
        "id": 71525
    },
    {
        "firstName": "MIGUEL",
        "lastName": "LOPEZ",
        "phone": "3238385825",
        "address": "6024 DENNISON ST",
        "city": "LA",
        "state": "ANGELES",
        "zip": "90022",
        "email": "LLOPEZ6024@HOTMAIL.COM",
        "dateOfBirth": "1967-08-19T12:00:00",
        "ssn": "546654235",
        "userOrders": null,
        "isSold": false,
        "id": 71563
    },
    {
        "firstName": "JAMES",
        "lastName": "HERSEY",
        "phone": "4042874422",
        "address": "677 GINGER CAKE RD",
        "city": "FYTVL",
        "state": "GA",
        "zip": "30214",
        "email": "NATEDOG85137@GMAIL.COM",
        "dateOfBirth": "1967-06-08T12:00:00",
        "ssn": "262617652",
        "userOrders": null,
        "isSold": false,
        "id": 71600
    },
    {
        "firstName": "KAREN",
        "lastName": "HIRSCHLER",
        "phone": "6784887894",
        "address": "2855 FOREST HIGHLANDS DR",
        "city": "MRETA",
        "state": "GA",
        "zip": "30062",
        "email": "DOCMAN52@BELLSOUTH.NET",
        "dateOfBirth": "1967-03-05T12:00:00",
        "ssn": "255376975",
        "userOrders": null,
        "isSold": false,
        "id": 71634
    },
    {
        "firstName": "TRACY",
        "lastName": "WENINO",
        "phone": "6203130696",
        "address": "613 E 3RD ST",
        "city": "CHERRYVALE",
        "state": "KS",
        "zip": "67335",
        "email": "FARKLEFANNY@YAHOO.COM",
        "dateOfBirth": "1967-11-08T12:00:00",
        "ssn": "510900837",
        "userOrders": null,
        "isSold": true,
        "id": 71638
    },
    {
        "firstName": "JANICE",
        "lastName": "CALDWELL",
        "phone": "2148623023",
        "address": "PO BOX 192692",
        "city": "DALLAS",
        "state": "TX",
        "zip": "75232",
        "email": "DMOVE@ATT.NET",
        "dateOfBirth": "1967-03-19T12:00:00",
        "ssn": "215829223",
        "userOrders": null,
        "isSold": false,
        "id": 71782
    },
    {
        "firstName": "QUEEN",
        "lastName": "SMITH",
        "phone": "6784673418",
        "address": "940 LAKE CT SE",
        "city": "SMYR",
        "state": "GA",
        "zip": "30082",
        "email": "QUEENGSMITH@YAHOO.COM",
        "dateOfBirth": "1967-04-22T12:00:00",
        "ssn": "265975784",
        "userOrders": null,
        "isSold": false,
        "id": 71884
    }
]