[
    {
        "firstName": "ARMANDO",
        "lastName": "MENDOZA",
        "phone": "3213102667",
        "address": "6537 SHERYL ANN DR",
        "city": "ORL",
        "state": "FL",
        "zip": "32809",
        "email": "ARMANDOMENDOZA2222@YAHOO.COM",
        "dateOfBirth": "1967-09-18T12:00:00",
        "ssn": "595433784",
        "userOrders": null,
        "isSold": false,
        "id": 98339
    },
    {
        "firstName": "SOBHI",
        "lastName": "ALSHAIKH",
        "phone": "5107548643",
        "address": "SOBHI ALSHAIKH DBA BY ARA AU",
        "city": "HAY",
        "state": "INDUSTRIAL",
        "zip": "94545",
        "email": "ALSHAIKHSOBHI@YAHOO.COM",
        "dateOfBirth": "1967-07-07T12:00:00",
        "ssn": "603145878",
        "userOrders": null,
        "isSold": false,
        "id": 98390
    },
    {
        "firstName": "THOMAS",
        "lastName": "GARCIA",
        "phone": "6619777789",
        "address": "UNIT 231",
        "city": "SANTA CLARITA",
        "state": "SARABANDE",
        "zip": "91387",
        "email": "TTGARCIA1966@HOTMAIL.COM",
        "dateOfBirth": "1967-10-12T12:00:00",
        "ssn": "573458026",
        "userOrders": null,
        "isSold": false,
        "id": 98424
    },
    {
        "firstName": "MICHAEL",
        "lastName": "TAYLOR",
        "phone": "9042080176",
        "address": "12726 MORNING DOVE CT",
        "city": "JKVL",
        "state": "FL",
        "zip": "32258",
        "email": "M1TAYLO@ATT.NET",
        "dateOfBirth": "1967-03-25T12:00:00",
        "ssn": "264855904",
        "userOrders": null,
        "isSold": false,
        "id": 98443
    },
    {
        "firstName": "AURELIO",
        "lastName": "CORRAL",
        "phone": "3107076035",
        "address": "538 S OXFORD AVE APT 101",
        "city": "LA",
        "state": "ANGELES",
        "zip": "90020",
        "email": "CORRALAURELIO@YAHOO.COM",
        "dateOfBirth": "1967-09-24T12:00:00",
        "ssn": "611430602",
        "userOrders": null,
        "isSold": false,
        "id": 98448
    },
    {
        "firstName": "JOHN",
        "lastName": "GANZE",
        "phone": "2816915735",
        "address": "300 WOERNER RD APT 2137",
        "city": "HOUSTON",
        "state": "TX",
        "zip": "77090",
        "email": "CRWLDAD@YAHOO.COM",
        "dateOfBirth": "1967-03-06T12:00:00",
        "ssn": "452711311",
        "userOrders": null,
        "isSold": false,
        "id": 98453
    },
    {
        "firstName": "THEODORE",
        "lastName": "COLVIN",
        "phone": "4693627186",
        "address": "7901 LANCELOT RD",
        "city": "FRISCO",
        "state": "TX",
        "zip": "75035",
        "email": "TLCOLVIN3@HOTMAIL.COM",
        "dateOfBirth": "1967-05-04T12:00:00",
        "ssn": "436477118",
        "userOrders": null,
        "isSold": false,
        "id": 98526
    },
    {
        "firstName": "ANDREA",
        "lastName": "HOFFMAN",
        "phone": "3123422182",
        "address": "1310 W CARMEN AVE FL 2-FRT",
        "city": "CHGO",
        "state": "IL",
        "zip": "60640",
        "email": "AHOFFMAN74@LIVE.COM",
        "dateOfBirth": "1967-05-22T12:00:00",
        "ssn": "483046945",
        "userOrders": null,
        "isSold": false,
        "id": 98550
    },
    {
        "firstName": "JEAN",
        "lastName": "SKINNER",
        "phone": "6302585400",
        "address": "9261 SW 71ST ST",
        "city": "MIA",
        "state": "FL",
        "zip": "33173",
        "email": "JEANSKINNER362@YMAIL.COM",
        "dateOfBirth": "1967-08-06T12:00:00",
        "ssn": "357581427",
        "userOrders": null,
        "isSold": false,
        "id": 98726
    },
    {
        "firstName": "NAOMI",
        "lastName": "COHEN",
        "phone": "3239382366",
        "address": "1250 S OGDEN DR",
        "city": "LA",
        "state": "ANGELES",
        "zip": "90019",
        "email": "TYSON@COHENROBERTS.COM",
        "dateOfBirth": "1967-06-09T12:00:00",
        "ssn": "558758310",
        "userOrders": null,
        "isSold": false,
        "id": 98736
    },
    {
        "firstName": "SHELLEY",
        "lastName": "WILSON",
        "phone": "4057432233",
        "address": "SHELLIE WILSON DBA OLD SCHL",
        "city": "STILLWATER",
        "state": "N",
        "zip": "74075",
        "email": "OLDSCHOOLBAGELSTIL@ATT.NET",
        "dateOfBirth": "1967-08-21T12:00:00",
        "ssn": "444547918",
        "userOrders": null,
        "isSold": true,
        "id": 98843
    },
    {
        "firstName": "WILLIAM",
        "lastName": "KLEIN",
        "phone": "8054332906",
        "address": "3078 SAN ANGELO AVE",
        "city": "SIMI VLY",
        "state": "VALLEY",
        "zip": "93065",
        "email": "BH.ART@SCT-USA.COM",
        "dateOfBirth": "1967-11-10T12:00:00",
        "ssn": "558394407",
        "userOrders": null,
        "isSold": false,
        "id": 98881
    },
    {
        "firstName": "RHONDA",
        "lastName": "LOPEZ",
        "phone": "9182982933",
        "address": "9838 S 67TH EAST PL",
        "city": "TULSA",
        "state": "OK",
        "zip": "74133",
        "email": "LOPEZFAMILY@SBCGLOBAL.NET",
        "dateOfBirth": "1967-10-18T12:00:00",
        "ssn": "450438800",
        "userOrders": null,
        "isSold": false,
        "id": 98926
    },
    {
        "firstName": "ADDIE",
        "lastName": "WOODWARD",
        "phone": "9798488689",
        "address": "501 S BUCHTA RD",
        "city": "ANGLETON",
        "state": "TX",
        "zip": "77515",
        "email": "APWOOD220@YAHOO.COM",
        "dateOfBirth": "1967-09-27T12:00:00",
        "ssn": "454673002",
        "userOrders": null,
        "isSold": false,
        "id": 98946
    },
    {
        "firstName": "YOLONDA",
        "lastName": "BURRIS",
        "phone": "9134930048",
        "address": "6101 W 120TH TER APT 191",
        "city": "OVERLAND PARK",
        "state": "PARK",
        "zip": "66213",
        "email": "YSTOGNER@YAHOO.COM",
        "dateOfBirth": "1967-01-25T12:00:00",
        "ssn": "512844015",
        "userOrders": null,
        "isSold": false,
        "id": 99054
    }
]