[
    {
        "firstName": "JOSEPH",
        "lastName": "MASCARENAZ",
        "phone": "7607264646",
        "address": "1334 CALLE GOYA",
        "city": "OCNSD",
        "state": "CA",
        "zip": "92056",
        "email": "ALLS_ONE@YAHOO.COM",
        "dateOfBirth": "1967-06-14T12:00:00",
        "ssn": "585475751",
        "userOrders": null,
        "isSold": false,
        "id": 80086
    },
    {
        "firstName": "NANETTE",
        "lastName": "HILL",
        "phone": "7854083880",
        "address": "5651 SW FOXCROFT CIR S APT 205",
        "city": "TOPEKA",
        "state": "KS",
        "zip": "66614",
        "email": "JANDNHILL1@ATT.NET",
        "dateOfBirth": "1967-06-15T12:00:00",
        "ssn": "510747094",
        "userOrders": null,
        "isSold": false,
        "id": 80088
    },
    {
        "firstName": "ROBERT",
        "lastName": "BUSBY",
        "phone": "4042730916",
        "address": "849 ARGONNE AVE NE",
        "city": "ATL",
        "state": "GA",
        "zip": "30308",
        "email": "DRDALVON@HOTMAIL.COM",
        "dateOfBirth": "1967-11-13T12:00:00",
        "ssn": "250570271",
        "userOrders": null,
        "isSold": false,
        "id": 80264
    },
    {
        "firstName": "DON",
        "lastName": "HACKLEY",
        "phone": "5805712600",
        "address": "1407 2ND ST",
        "city": "WOODWARD",
        "state": "OK",
        "zip": "73801",
        "email": "EDWARDS1870@SBCGLOBAL.NET",
        "dateOfBirth": "1967-07-17T12:00:00",
        "ssn": "513722093",
        "userOrders": null,
        "isSold": false,
        "id": 80269
    },
    {
        "firstName": "PAIGE",
        "lastName": "ROWLAND",
        "phone": "8034453258",
        "address": "25 ARUNDEL LN",
        "city": "COLA",
        "state": "SC",
        "zip": "29209",
        "email": "PAIGE.ROWLAND@LIFEGAS.COM",
        "dateOfBirth": "1967-04-02T12:00:00",
        "ssn": "247410382",
        "userOrders": null,
        "isSold": true,
        "id": 80288
    },
    {
        "firstName": "MARTINA",
        "lastName": "GAY",
        "phone": "6189712127",
        "address": "117 ORCHARD DR",
        "city": "BELVL",
        "state": "IL",
        "zip": "62221",
        "email": "INA02@CHARTER.NET",
        "dateOfBirth": "1967-02-18T12:00:00",
        "ssn": "446865305",
        "userOrders": null,
        "isSold": false,
        "id": 80323
    },
    {
        "firstName": "MASHELLA",
        "lastName": "WILLIAMS",
        "phone": "6625883294",
        "address": "PO BOX 452",
        "city": "CLARKSDALE",
        "state": "MS",
        "zip": "38614",
        "email": "MASHELLA38762@YAHOO.COM",
        "dateOfBirth": "1967-10-18T12:00:00",
        "ssn": "326681042",
        "userOrders": null,
        "isSold": false,
        "id": 80447
    },
    {
        "firstName": "TODD",
        "lastName": "GUEDEA",
        "phone": "1111110001",
        "address": "2541 CYPRESS LN",
        "city": "JOHNSON COUNTY",
        "state": "TX",
        "zip": "76028",
        "email": "OLDHEIFER084@AOL.COM",
        "dateOfBirth": "1967-04-30T12:00:00",
        "ssn": "461358627",
        "userOrders": null,
        "isSold": false,
        "id": 80476
    },
    {
        "firstName": "STEPHANIE",
        "lastName": "WILLIAMS",
        "phone": "4053438773",
        "address": "11013 MAGNOLIA PARK",
        "city": "OKLAHOMA CITY",
        "state": "CITY",
        "zip": "73120",
        "email": "WILLIAMS727@YAHOO.COM",
        "dateOfBirth": "1967-07-27T12:00:00",
        "ssn": "440847180",
        "userOrders": null,
        "isSold": false,
        "id": 80503
    },
    {
        "firstName": "EDWARD",
        "lastName": "MIKUTIS",
        "phone": "7082774172",
        "address": "3902 MOHICAN CT",
        "city": "JOLIET",
        "state": "IL",
        "zip": "60435",
        "email": "EMIK207@YAHOO.COM",
        "dateOfBirth": "1967-03-08T12:00:00",
        "ssn": "336724883",
        "userOrders": null,
        "isSold": false,
        "id": 80589
    },
    {
        "firstName": "BRUCE",
        "lastName": "EISEN",
        "phone": "6167172223",
        "address": "7277 48TH AVE",
        "city": "HUDSONVILLE",
        "state": "MI",
        "zip": "49426",
        "email": "BRUCE.EISEN@ATT.NET",
        "dateOfBirth": "1967-01-03T12:00:00",
        "ssn": "377880696",
        "userOrders": null,
        "isSold": false,
        "id": 80615
    },
    {
        "firstName": "FLORENE",
        "lastName": "WILLIAMS",
        "phone": "9165143005",
        "address": "7370 WILLOWWICK WAY",
        "city": "SAC",
        "state": "CA",
        "zip": "95822",
        "email": "PUDDYCAT7623@YAHOO.COM",
        "dateOfBirth": "1967-07-05T12:00:00",
        "ssn": "562757623",
        "userOrders": null,
        "isSold": false,
        "id": 80665
    },
    {
        "firstName": "GUILLERMO",
        "lastName": "PEREZ",
        "phone": "7147769419",
        "address": "130 W WINSTON RD APT 16",
        "city": "ANH",
        "state": "CA",
        "zip": "92805",
        "email": "KPPINKSOCCERPLYR@SBCGLOBAL.NET",
        "dateOfBirth": "1967-06-25T12:00:00",
        "ssn": "625329204",
        "userOrders": null,
        "isSold": false,
        "id": 80708
    },
    {
        "firstName": "ELSA",
        "lastName": "GARZA",
        "phone": "4327709269",
        "address": "307 E NOBLES AVE",
        "city": "MIDLAND",
        "state": "TX",
        "zip": "79701",
        "email": "ELSALGARZA@GMAIL.COM",
        "dateOfBirth": "1967-04-17T12:00:00",
        "ssn": "452598371",
        "userOrders": null,
        "isSold": false,
        "id": 80728
    },
    {
        "firstName": "ALFREDO",
        "lastName": "SANCHES",
        "phone": "3124981348",
        "address": "6412 W 91ST ST",
        "city": "OAK LWN",
        "state": "LAWN",
        "zip": "60453",
        "email": "DASANCHES1294@GMAIL.COM",
        "dateOfBirth": "1967-03-11T12:00:00",
        "ssn": "353806856",
        "userOrders": null,
        "isSold": false,
        "id": 80732
    }
]