[
    {
        "firstName": "CRAIG",
        "lastName": "STROMBERG",
        "phone": "2532679712",
        "address": "5307 POCASSETT DR",
        "city": "ARLINGTON",
        "state": "TX",
        "zip": "76018",
        "email": "CRAIG.STROMBERG@YMAIL.COM",
        "dateOfBirth": "1967-01-29T12:00:00",
        "ssn": "567817899",
        "userOrders": null,
        "isSold": false,
        "id": 94147
    },
    {
        "firstName": "SANDRA",
        "lastName": "RODRIGUEZ",
        "phone": "9155041480",
        "address": "2353 JASMINE ALI",
        "city": "EL PASO",
        "state": "PASO",
        "zip": "79938",
        "email": "OCHOASANDRA2@YAHOO.COM",
        "dateOfBirth": "1967-01-16T12:00:00",
        "ssn": "464637924",
        "userOrders": null,
        "isSold": false,
        "id": 94174
    },
    {
        "firstName": "PATRICK",
        "lastName": "KELLER",
        "phone": "1111110004",
        "address": "UNIT 204",
        "city": "NEW BERLIN",
        "state": "MAC",
        "zip": "53146",
        "email": "FIRSTTOTHESCENE@YAHOO.COM",
        "dateOfBirth": "1967-11-04T12:00:00",
        "ssn": "390946867",
        "userOrders": null,
        "isSold": false,
        "id": 94182
    },
    {
        "firstName": "INHWA",
        "lastName": "PARK",
        "phone": "2139053755",
        "address": "3957 W 7TH ST APT 25",
        "city": "LA",
        "state": "ANGELES",
        "zip": "90015",
        "email": "HOLALUCITA@HOTMAIL.COM",
        "dateOfBirth": "1967-02-07T12:00:00",
        "ssn": "605116996",
        "userOrders": null,
        "isSold": false,
        "id": 94279
    },
    {
        "firstName": "TOM",
        "lastName": "TISDALE",
        "phone": "8177078335",
        "address": "10650 CURTMAN DR N",
        "city": "EADS",
        "state": "TN",
        "zip": "38028",
        "email": "TOM.TISDALE@MALLINCKRODT.COM",
        "dateOfBirth": "1967-12-29T12:00:00",
        "ssn": "259359542",
        "userOrders": null,
        "isSold": false,
        "id": 94368
    },
    {
        "firstName": "CONSTANCE",
        "lastName": "SLAUGHTER",
        "phone": "6788604437",
        "address": "PO BOX 957601",
        "city": "NORC",
        "state": "GA",
        "zip": "30093",
        "email": "CONSTANCE.SLAUGHTERE@REDCROSS.ORG",
        "dateOfBirth": "1967-10-09T12:00:00",
        "ssn": "423905108",
        "userOrders": null,
        "isSold": false,
        "id": 94389
    },
    {
        "firstName": "ANGELA",
        "lastName": "FITZMORRIS",
        "phone": "8189176693",
        "address": "23926 VANOWEN ST",
        "city": "WEST HLS",
        "state": "HILLS",
        "zip": "91307",
        "email": "DNA48@SBCGLOBAL.NET",
        "dateOfBirth": "1967-04-19T12:00:00",
        "ssn": "287789291",
        "userOrders": null,
        "isSold": false,
        "id": 94475
    },
    {
        "firstName": "KRISTIE",
        "lastName": "KREGER",
        "phone": "5868013695",
        "address": "5867869868",
        "city": "MACOMB MI 48042-2344",
        "state": "HARVEST",
        "zip": "MACOMB TWP",
        "email": "48042",
        "dateOfBirth": "1967-06-12T12:00:00",
        "ssn": "369901529",
        "userOrders": null,
        "isSold": false,
        "id": 94515
    },
    {
        "firstName": "LORI",
        "lastName": "KOPCHINSKI",
        "phone": "4146285013",
        "address": "330 N 61ST ST",
        "city": "WAUWATOSA",
        "state": "WI",
        "zip": "53213",
        "email": "LORI@KOPCHINSKI.NET",
        "dateOfBirth": "1967-06-28T12:00:00",
        "ssn": "395602817",
        "userOrders": null,
        "isSold": false,
        "id": 94523
    },
    {
        "firstName": "JAMIE",
        "lastName": "BRICKELL",
        "phone": "9189518216",
        "address": "2433 S OLYMPIA AVE",
        "city": "TULSA",
        "state": "OK",
        "zip": "74107",
        "email": "BRICKELL2085@GMAIL.COM",
        "dateOfBirth": "1967-06-22T12:00:00",
        "ssn": "550110021",
        "userOrders": null,
        "isSold": false,
        "id": 94529
    },
    {
        "firstName": "JEAN-FRANCOIS",
        "lastName": "DEVOS",
        "phone": "2815207580",
        "address": "10 OAK CT APT 5308",
        "city": "HOUSTON",
        "state": "TX",
        "zip": "77006",
        "email": "JFDEVOS@ME.COM",
        "dateOfBirth": "1967-05-13T12:00:00",
        "ssn": "868889342",
        "userOrders": null,
        "isSold": false,
        "id": 94549
    },
    {
        "firstName": "WILSON",
        "lastName": "VICTALUS",
        "phone": "9547091366",
        "address": "320 NW 38TH ST",
        "city": "BOCA RATON",
        "state": "BEACH",
        "zip": "33432",
        "email": "WILSONVICTALUS@YAHOO.COM",
        "dateOfBirth": "1967-08-19T12:00:00",
        "ssn": "771269719",
        "userOrders": null,
        "isSold": false,
        "id": 94610
    },
    {
        "firstName": "EDIN",
        "lastName": "HADZIC",
        "phone": "7084101992",
        "address": "615 PORTSMOUTH AVE",
        "city": "WSTCHSTR",
        "state": "IL",
        "zip": "60154",
        "email": "EDINHADZIC1@HOTMAIL.COM",
        "dateOfBirth": "1967-03-31T12:00:00",
        "ssn": "318960475",
        "userOrders": null,
        "isSold": false,
        "id": 94647
    },
    {
        "firstName": "ANNETTE",
        "lastName": "ROBINSON",
        "phone": "9723937464",
        "address": "1208 CALVERT DR",
        "city": "CEDAR HILL",
        "state": "HILL",
        "zip": "75104",
        "email": "ROBINSON-ANNETTE@ATT.NET",
        "dateOfBirth": "1967-03-13T12:00:00",
        "ssn": "463314035",
        "userOrders": null,
        "isSold": true,
        "id": 94840
    },
    {
        "firstName": "STEPHEN",
        "lastName": "WILSON",
        "phone": "6786206718",
        "address": "2700 RAVEN TRL NE",
        "city": "MRETA",
        "state": "GA",
        "zip": "30066",
        "email": "EARLENE92@GMAIL.COM",
        "dateOfBirth": "1967-12-17T12:00:00",
        "ssn": "248432809",
        "userOrders": null,
        "isSold": false,
        "id": 94916
    }
]