[
    {
        "firstName": "OMAR",
        "lastName": "ROLAND",
        "phone": "3138280119",
        "address": "19007 GAYNON DR",
        "city": "CLINTON TWP",
        "state": "TWP",
        "zip": "48035",
        "email": "ROLANDOMAR41@YAHOO.COM",
        "dateOfBirth": "1967-04-05T12:00:00",
        "ssn": "380802002",
        "userOrders": null,
        "isSold": false,
        "id": 42472
    },
    {
        "firstName": "STACY",
        "lastName": "DAY",
        "phone": "2628800449",
        "address": "APT 42",
        "city": "RACINE",
        "state": "SHELBOURNE",
        "zip": "53402",
        "email": "STACY.DAY27@GMAIL.COM",
        "dateOfBirth": "1967-12-26T12:00:00",
        "ssn": "397709154",
        "userOrders": null,
        "isSold": false,
        "id": 42576
    },
    {
        "firstName": "DAVID",
        "lastName": "KENZER",
        "phone": "8474042598",
        "address": "808 ENDICOTT RD",
        "city": "CHGO",
        "state": "IL",
        "zip": "60654",
        "email": "DAVID.KENZER@MOTORLA.COM",
        "dateOfBirth": "1967-10-16T12:00:00",
        "ssn": "331724999",
        "userOrders": null,
        "isSold": false,
        "id": 42608
    },
    {
        "firstName": "MARIA",
        "lastName": "ACUNA",
        "phone": "2107224045",
        "address": "1926 OWLWOLF CRK",
        "city": "SAN ANTONIO",
        "state": "ANTONIO",
        "zip": "78245",
        "email": "MACUNA@GLOBALINDUSTRIES.COM",
        "dateOfBirth": "1967-07-30T12:00:00",
        "ssn": "463536794",
        "userOrders": null,
        "isSold": false,
        "id": 42613
    },
    {
        "firstName": "JAMES",
        "lastName": "GIRARD",
        "phone": "6625283604",
        "address": "269 MOOREHEAD RD",
        "city": "BENTON",
        "state": "MS",
        "zip": "39039",
        "email": "BELVIN.GIRARD@GMAIL.COM",
        "dateOfBirth": "1967-12-05T12:00:00",
        "ssn": "587450189",
        "userOrders": null,
        "isSold": false,
        "id": 42629
    },
    {
        "firstName": "MARIA",
        "lastName": "AZUCENA",
        "phone": "6618372073",
        "address": "5402 CITRUS GROVE CT",
        "city": "BKFD",
        "state": "CA",
        "zip": "93313",
        "email": "JOSE.PULIDOJR88@SBCGLOBAL.NET",
        "dateOfBirth": "1967-03-12T12:00:00",
        "ssn": "618198036",
        "userOrders": null,
        "isSold": false,
        "id": 42809
    },
    {
        "firstName": "ANGELA",
        "lastName": "COXHEAD",
        "phone": "2565537212",
        "address": "136 DORTCH DR",
        "city": "RAINBOW CITY",
        "state": "AL",
        "zip": "35906",
        "email": "ELAINETHOMPSON878@YAHOO.COM",
        "dateOfBirth": "1967-10-15T12:00:00",
        "ssn": "416020954",
        "userOrders": null,
        "isSold": false,
        "id": 42811
    },
    {
        "firstName": "TONYA",
        "lastName": "OWENS",
        "phone": "8178452495",
        "address": "4920 SIGMOND DR APT 1516",
        "city": "ARLINGTON",
        "state": "TX",
        "zip": "76017",
        "email": "TONIAWNS@YAHOO.COM",
        "dateOfBirth": "1967-06-25T12:00:00",
        "ssn": "464379559",
        "userOrders": null,
        "isSold": false,
        "id": 42866
    },
    {
        "firstName": "JAVIER",
        "lastName": "CISNEROS",
        "phone": "4157479029",
        "address": "455 EDDY ST APT 1510",
        "city": "SF",
        "state": "FRANCISCO",
        "zip": "94109",
        "email": "GAELLAPIERRE69@GMAIL.COM",
        "dateOfBirth": "1967-02-11T12:00:00",
        "ssn": "458498366",
        "userOrders": null,
        "isSold": true,
        "id": 42990
    },
    {
        "firstName": "TRACY",
        "lastName": "SPEAKE",
        "phone": "9012193617",
        "address": "4737 GWYNNE RD",
        "city": "MEMPHIS",
        "state": "TN",
        "zip": "38117",
        "email": "TRACY.SPEAKE@GMAIL.COM",
        "dateOfBirth": "1967-06-10T12:00:00",
        "ssn": "439867529",
        "userOrders": null,
        "isSold": false,
        "id": 43042
    },
    {
        "firstName": "GARY",
        "lastName": "JOHNSON",
        "phone": "8162603032",
        "address": "5413 NE SAN RAFAEL DR",
        "city": "KANSAS CITY",
        "state": "CITY",
        "zip": "64119",
        "email": "GJEAGLESCOUT@YAHOO.COM",
        "dateOfBirth": "1967-12-16T12:00:00",
        "ssn": "500842264",
        "userOrders": null,
        "isSold": false,
        "id": 43065
    },
    {
        "firstName": "DAVID",
        "lastName": "MASSENGALE",
        "phone": "2282298609",
        "address": "281 DUMAS BAILEY RD",
        "city": "PICAYUNE",
        "state": "MS",
        "zip": "39466",
        "email": "DMASSENGALE@YMAIL.COM",
        "dateOfBirth": "1967-03-07T12:00:00",
        "ssn": "433398816",
        "userOrders": null,
        "isSold": false,
        "id": 43267
    },
    {
        "firstName": "STACI",
        "lastName": "LANGLEY",
        "phone": "9727403407",
        "address": "4008 SHAWNEE TRL",
        "city": "KAUFMAN COUNTY",
        "state": "TX",
        "zip": "75126",
        "email": "STLNG@EARTHLINK.NET",
        "dateOfBirth": "1967-08-27T12:00:00",
        "ssn": "462334758",
        "userOrders": null,
        "isSold": false,
        "id": 43282
    },
    {
        "firstName": "CHRIS",
        "lastName": "WEBER",
        "phone": "3179387191",
        "address": "544 S SOMERSET AVE",
        "city": "INDIANAPOLIS",
        "state": "IN",
        "zip": "46241",
        "email": "CHRISWEBER67@ATT.NET",
        "dateOfBirth": "1967-09-19T12:00:00",
        "ssn": "314760861",
        "userOrders": null,
        "isSold": false,
        "id": 43319
    },
    {
        "firstName": "JEFFREY",
        "lastName": "SKEES",
        "phone": "9378294609",
        "address": "644 TEALWOOD DR",
        "city": "BEAVERCREEK",
        "state": "OH",
        "zip": "45430",
        "email": "JDESKEES@ATT.NET",
        "dateOfBirth": "1967-05-17T12:00:00",
        "ssn": "400219872",
        "userOrders": null,
        "isSold": false,
        "id": 43336
    }
]