[
    {
        "firstName": "ROSA",
        "lastName": "YATES",
        "phone": "4089713261",
        "address": "139 E WILLIAM ST",
        "city": "SJ",
        "state": "JOSE",
        "zip": "95112",
        "email": "WHOKEA@HOTMAIL.COM",
        "dateOfBirth": "1967-11-09T12:00:00",
        "ssn": "616203638",
        "userOrders": null,
        "isSold": false,
        "id": 72686
    },
    {
        "firstName": "TERRI",
        "lastName": "WILLIAMS",
        "phone": "1111110022",
        "address": "9045661801",
        "city": "JACKSONVILLE FL 32219-3533",
        "state": "MARTIN",
        "zip": "JKVL",
        "email": "32225",
        "dateOfBirth": "1967-12-07T12:00:00",
        "ssn": "593078637",
        "userOrders": null,
        "isSold": false,
        "id": 72705
    },
    {
        "firstName": "MARTHA",
        "lastName": "GARAPE",
        "phone": "6268331206",
        "address": "11827 LANSDALE AVE",
        "city": "EL M",
        "state": "MONTE",
        "zip": "91732",
        "email": "JOSEG2138@AOL.COM",
        "dateOfBirth": "1967-02-20T12:00:00",
        "ssn": "625532739",
        "userOrders": null,
        "isSold": false,
        "id": 72818
    },
    {
        "firstName": "RAJASHEKHAR",
        "lastName": "GOLLARHALLI",
        "phone": "4082190067",
        "address": "15867 SIMONS LN",
        "city": "SD",
        "state": "DIEGO",
        "zip": "92127",
        "email": "RGOLLARHALLI@GMAIL.COM",
        "dateOfBirth": "1967-06-10T12:00:00",
        "ssn": "140046086",
        "userOrders": null,
        "isSold": false,
        "id": 72865
    },
    {
        "firstName": "CANDACE",
        "lastName": "JOHNSON",
        "phone": "8317613654",
        "address": "39 EATON AVE",
        "city": "WAT",
        "state": "CA",
        "zip": "95076",
        "email": "IDNAC67@SBCGLOBAL.NET",
        "dateOfBirth": "1967-09-26T12:00:00",
        "ssn": "549675840",
        "userOrders": null,
        "isSold": false,
        "id": 72880
    },
    {
        "firstName": "CHARLES",
        "lastName": "LAND",
        "phone": "9728376416",
        "address": "1090 W EXCHANGE PKWY APT 8304",
        "city": "ALLEN",
        "state": "TX",
        "zip": "75013",
        "email": "LAND4@ATT.NET",
        "dateOfBirth": "1967-08-12T12:00:00",
        "ssn": "466216556",
        "userOrders": null,
        "isSold": false,
        "id": 73032
    },
    {
        "firstName": "KELLY",
        "lastName": "ODOM",
        "phone": "2513919594",
        "address": "8715 DUTCH VALLEY CT",
        "city": "MOBILE",
        "state": "AL",
        "zip": "36695",
        "email": "KELLEYGOLEMON1967A@ATT.NET",
        "dateOfBirth": "1967-03-31T12:00:00",
        "ssn": "492231160",
        "userOrders": null,
        "isSold": false,
        "id": 73081
    },
    {
        "firstName": "PATRICIA",
        "lastName": "CEBALLOS",
        "phone": "5123420087",
        "address": "4310 ACROPOLIS CT APT C",
        "city": "AUSTIN",
        "state": "TX",
        "zip": "78759",
        "email": "PATRICIACEBALLOS@YMAIL.COM",
        "dateOfBirth": "1967-12-09T12:00:00",
        "ssn": "629746289",
        "userOrders": null,
        "isSold": false,
        "id": 73120
    },
    {
        "firstName": "JAMES",
        "lastName": "JONES",
        "phone": "9163057497",
        "address": "9129 NOLA PL",
        "city": "ORGVLE",
        "state": "CA",
        "zip": "95662",
        "email": "JETJONES03@YAHOO.COM",
        "dateOfBirth": "1967-12-01T12:00:00",
        "ssn": "556063231",
        "userOrders": null,
        "isSold": false,
        "id": 73131
    },
    {
        "firstName": "JUAN",
        "lastName": "SCHWANKER",
        "phone": "2094057309",
        "address": "1949 S CALIFORNIA ST",
        "city": "STKN",
        "state": "CA",
        "zip": "95206",
        "email": "JSCHWANKER44@GMAIL.COM",
        "dateOfBirth": "1967-07-24T12:00:00",
        "ssn": "553232007",
        "userOrders": null,
        "isSold": false,
        "id": 73140
    },
    {
        "firstName": "LAURA",
        "lastName": "LIKON",
        "phone": "5124706134",
        "address": "15017 BABBLING BROOK DR",
        "city": "AUSTIN",
        "state": "TX",
        "zip": "78728",
        "email": "LLIKON@YAHOO.COM",
        "dateOfBirth": "1967-09-05T12:00:00",
        "ssn": "505045735",
        "userOrders": null,
        "isSold": false,
        "id": 73317
    },
    {
        "firstName": "KELLY",
        "lastName": "LOPEZ",
        "phone": "7602359784",
        "address": "1049 PLAYA DEL NORTE",
        "city": "CALX",
        "state": "CA",
        "zip": "92231",
        "email": "LIMITED_24@HOTMAIL.COM",
        "dateOfBirth": "1967-06-24T12:00:00",
        "ssn": "560716886",
        "userOrders": null,
        "isSold": false,
        "id": 73336
    },
    {
        "firstName": "DERRICK",
        "lastName": "VANORSBY",
        "phone": "7737202699",
        "address": "2761 W 85TH PL",
        "city": "CHGO",
        "state": "IL",
        "zip": "60652",
        "email": "VANORSBY7@HOTMAIL.COM",
        "dateOfBirth": "1967-09-01T12:00:00",
        "ssn": "352646206",
        "userOrders": null,
        "isSold": false,
        "id": 73340
    },
    {
        "firstName": "MICHAEL",
        "lastName": "TEDROW",
        "phone": "7755605851",
        "address": "2642 GALLERY DR",
        "city": "RENO",
        "state": "CA",
        "zip": "89521",
        "email": "MICHAEL.TEDROW@HOTMAIL.COM",
        "dateOfBirth": "1967-05-18T12:00:00",
        "ssn": "559455449",
        "userOrders": null,
        "isSold": false,
        "id": 73407
    },
    {
        "firstName": "DANETTE",
        "lastName": "MARLOW",
        "phone": "3368805140",
        "address": "7619 BRISBANE DR",
        "city": "GNBO",
        "state": "NC",
        "zip": "27407",
        "email": "DANETTEMARLOW@GMAIL.COM",
        "dateOfBirth": "1967-02-02T12:00:00",
        "ssn": "186569597",
        "userOrders": null,
        "isSold": false,
        "id": 73444
    }
]