[
    {
        "firstName": "GABRIELLE",
        "lastName": "CLARK",
        "phone": "4794616843",
        "address": "APT K",
        "city": "FT SMITH",
        "state": "PARK",
        "zip": "72903",
        "email": "GCLARK123.GC@GMAIL.COM",
        "dateOfBirth": "1967-10-21T12:00:00",
        "ssn": "446782589",
        "userOrders": null,
        "isSold": false,
        "id": 99656
    },
    {
        "firstName": "TIM",
        "lastName": "A",
        "phone": "3143745252",
        "address": "714 BIG BEND WOODS DR",
        "city": "MANCHESTER",
        "state": "MO",
        "zip": "63021",
        "email": "TIMOTHY.BREEN@FEDEX.COM",
        "dateOfBirth": "1967-07-08T12:00:00",
        "ssn": "486887495",
        "userOrders": null,
        "isSold": false,
        "id": 99726
    },
    {
        "firstName": "LISA",
        "lastName": "BUSH",
        "phone": "2055540137",
        "address": "1723 24TH ST E",
        "city": "TUSCALOOSA",
        "state": "AL",
        "zip": "35404",
        "email": "BUSHYSHOUSE@COMCAST.NET",
        "dateOfBirth": "1967-12-29T12:00:00",
        "ssn": "420961971",
        "userOrders": null,
        "isSold": false,
        "id": 99728
    },
    {
        "firstName": "DAN",
        "lastName": "GORDON*",
        "phone": "6505332428",
        "address": "DAN GORDON",
        "city": "FOSTER CTY",
        "state": "BEACH",
        "zip": "94404",
        "email": "INFO@BODYFORFITNESS.COM",
        "dateOfBirth": "1967-12-16T12:00:00",
        "ssn": "562691610",
        "userOrders": null,
        "isSold": false,
        "id": 99741
    },
    {
        "firstName": "JOE",
        "lastName": "SAENZ",
        "phone": "5125772037",
        "address": "8416 SEA ASH CIR",
        "city": "FREER",
        "state": "ROCK",
        "zip": "78357",
        "email": "JSAENZ911@GMAIL.COM",
        "dateOfBirth": "1967-06-27T12:00:00",
        "ssn": "462530456",
        "userOrders": null,
        "isSold": true,
        "id": 99775
    },
    {
        "firstName": "STANLEY",
        "lastName": "SIENKIEWICH",
        "phone": "2102158229",
        "address": "6053 E RANCH ROAD 2169",
        "city": "MASON",
        "state": "TX",
        "zip": "76856",
        "email": "SIENKIEWICHS@YAHOO.COM",
        "dateOfBirth": "1967-05-07T12:00:00",
        "ssn": "453150248",
        "userOrders": null,
        "isSold": false,
        "id": 99776
    },
    {
        "firstName": "KEMELA",
        "lastName": "FIVEASH",
        "phone": "7063396780",
        "address": "4122 LANGLEY ST",
        "city": "MARTINEZ",
        "state": "GA",
        "zip": "30907",
        "email": "KEMELAFIVEASH@YAHOO.COM",
        "dateOfBirth": "1967-05-16T12:00:00",
        "ssn": "259474790",
        "userOrders": null,
        "isSold": false,
        "id": 99778
    },
    {
        "firstName": "MARIA",
        "lastName": "L",
        "phone": "3059840030",
        "address": "15888 SW 95TH AVE APT 319",
        "city": "MIA",
        "state": "FL",
        "zip": "33157",
        "email": "MALAU672004@YAHOO.COM",
        "dateOfBirth": "1967-09-07T12:00:00",
        "ssn": "594835123",
        "userOrders": null,
        "isSold": false,
        "id": 99848
    },
    {
        "firstName": "JEFF",
        "lastName": "BEAL",
        "phone": "5672082347",
        "address": "APT E",
        "city": "COLUMBUS",
        "state": "APPIAN",
        "zip": "43230",
        "email": "JEBEAL2229@YAHOO.COM",
        "dateOfBirth": "1967-04-21T12:00:00",
        "ssn": "306806768",
        "userOrders": null,
        "isSold": false,
        "id": 99877
    },
    {
        "firstName": "AN",
        "lastName": "YAN",
        "phone": "3122737330",
        "address": "266 W 24TH ST FL 1",
        "city": "CHGO",
        "state": "IL",
        "zip": "60616",
        "email": "NONE@GMAIL.COM",
        "dateOfBirth": "1967-07-27T12:00:00",
        "ssn": "319112227",
        "userOrders": null,
        "isSold": false,
        "id": 99896
    },
    {
        "firstName": "TONY",
        "lastName": "CHIODO",
        "phone": "7046826295",
        "address": "192 ROWAN RD LOT 12",
        "city": "CLEVLND",
        "state": "NC",
        "zip": "27013",
        "email": "TONY.CHIODO1967@YAHOO.COM",
        "dateOfBirth": "1967-02-08T12:00:00",
        "ssn": "241312608",
        "userOrders": null,
        "isSold": false,
        "id": 99900
    },
    {
        "firstName": "SARU",
        "lastName": "YARLAGADDA",
        "phone": "2487668450",
        "address": "5515 PEBBLESHIRE RD",
        "city": "BLOOMFIELD TWP",
        "state": "HLS",
        "zip": "48301",
        "email": "SARUTHOMAS@YAHOO.COM",
        "dateOfBirth": "1967-10-10T12:00:00",
        "ssn": "373947484",
        "userOrders": null,
        "isSold": true,
        "id": 99955
    },
    {
        "firstName": "SERRITA",
        "lastName": "COLEMAN",
        "phone": "2813731471",
        "address": "13511 ASHTON HILLS CT",
        "city": "CYPRESS",
        "state": "TX",
        "zip": "77429",
        "email": "TRAPSTAR2011@AOL.COM",
        "dateOfBirth": "1967-01-09T12:00:00",
        "ssn": "427431769",
        "userOrders": null,
        "isSold": false,
        "id": 99972
    },
    {
        "firstName": "JEFFREY",
        "lastName": "EASLEY",
        "phone": "3346836634",
        "address": "47 HENRY ST",
        "city": "MARION",
        "state": "AL",
        "zip": "36756",
        "email": "ZONDIAEASLEY1@ATT.NET",
        "dateOfBirth": "1967-07-23T12:00:00",
        "ssn": "420064159",
        "userOrders": null,
        "isSold": false,
        "id": 100061
    },
    {
        "firstName": "ROSA",
        "lastName": "ARAMBULA",
        "phone": "3109337580",
        "address": "APT 2D",
        "city": "LM",
        "state": "ROSECRANS",
        "zip": "90638",
        "email": "ROSA-PINEDA1991@ATT.NET",
        "dateOfBirth": "1967-08-25T12:00:00",
        "ssn": "612336805",
        "userOrders": null,
        "isSold": false,
        "id": 100126
    }
]