[
    {
        "firstName": "LYNN",
        "lastName": "KINSTLER",
        "phone": "3176403911",
        "address": "61 SOUTHWIND LN",
        "city": "GREENWOOD",
        "state": "IN",
        "zip": "46142",
        "email": "LYNN.M.KINSTLER@GMAIL.COM",
        "dateOfBirth": "1967-10-25T12:00:00",
        "ssn": "311943950",
        "userOrders": null,
        "isSold": false,
        "id": 35771
    },
    {
        "firstName": "JOHN",
        "lastName": "DAVIS",
        "phone": "2195882174",
        "address": "1109 HAMILTON PL",
        "city": "GARY",
        "state": "IN",
        "zip": "46403",
        "email": "DUMMYEMAIL@DIRECTV.COM",
        "dateOfBirth": "1967-08-29T12:00:00",
        "ssn": "374683443",
        "userOrders": null,
        "isSold": false,
        "id": 35902
    },
    {
        "firstName": "FELECIA.",
        "lastName": "MARSHALL",
        "phone": "6015402817",
        "address": "1802 MONCURE RD",
        "city": "TERRY",
        "state": "MS",
        "zip": "39170",
        "email": "FELECIAMARSHALLMK@YAHOO.COM",
        "dateOfBirth": "1967-05-31T12:00:00",
        "ssn": "587175786",
        "userOrders": null,
        "isSold": false,
        "id": 36087
    },
    {
        "firstName": "KENNETH",
        "lastName": "ANCHORS",
        "phone": "5617351648",
        "address": "8172 PELICAN HARBOUR DR",
        "city": "LK WTH",
        "state": "WORTH",
        "zip": "33467",
        "email": "ANCHORS_K@YAHOO.COM",
        "dateOfBirth": "1967-12-27T12:00:00",
        "ssn": "258397853",
        "userOrders": null,
        "isSold": false,
        "id": 36097
    },
    {
        "firstName": "BRADLEY",
        "lastName": "SPALTER",
        "phone": "4243358783",
        "address": "6247 RIVIERA CIR",
        "city": "LA",
        "state": "BEACH",
        "zip": "90029",
        "email": "BRANDSPALTER@GMAIL.COM",
        "dateOfBirth": "1967-04-13T12:00:00",
        "ssn": "298617216",
        "userOrders": null,
        "isSold": false,
        "id": 36132
    },
    {
        "firstName": "JEFF",
        "lastName": "MORTON",
        "phone": "8657764766",
        "address": "1124 MCCAMMON RD",
        "city": "KNOXVILLE",
        "state": "TN",
        "zip": "37920",
        "email": "KMORTON776@COMCAST.NET",
        "dateOfBirth": "1967-06-18T12:00:00",
        "ssn": "413355307",
        "userOrders": null,
        "isSold": false,
        "id": 36135
    },
    {
        "firstName": "JESSIE",
        "lastName": "L",
        "phone": "7086993023",
        "address": "8409 S MAY ST",
        "city": "CHGO",
        "state": "IL",
        "zip": "60620",
        "email": "FREEHOLLINESS@YAHOO.COM",
        "dateOfBirth": "1967-05-12T12:00:00",
        "ssn": "357626593",
        "userOrders": null,
        "isSold": false,
        "id": 36215
    },
    {
        "firstName": "LIANG",
        "lastName": "CAO",
        "phone": "4088130508",
        "address": "12301 SARAGLEN DR",
        "city": "STG",
        "state": "CA",
        "zip": "95070",
        "email": "LIANGCAO@YAHOO.COM",
        "dateOfBirth": "1967-07-28T12:00:00",
        "ssn": "568798811",
        "userOrders": null,
        "isSold": false,
        "id": 36269
    },
    {
        "firstName": "HENRY",
        "lastName": "BZEIH",
        "phone": "9499100625",
        "address": "6121 SIERRA BRAVO RD",
        "city": "IRV",
        "state": "CA",
        "zip": "92614",
        "email": "ZIBKINITE@YAHOO.COM",
        "dateOfBirth": "1967-04-12T12:00:00",
        "ssn": "365962055",
        "userOrders": null,
        "isSold": false,
        "id": 36287
    },
    {
        "firstName": "TAMMY",
        "lastName": "MATHIS",
        "phone": "2056011468",
        "address": "5769 MARCHESTER CIR",
        "city": "CLAY",
        "state": "AL",
        "zip": "35126",
        "email": "TMATHIS1205@YAHOO.COM",
        "dateOfBirth": "1967-12-05T12:00:00",
        "ssn": "417043308",
        "userOrders": null,
        "isSold": false,
        "id": 36336
    },
    {
        "firstName": "THOREY",
        "lastName": "PONSON",
        "phone": "9044653988",
        "address": "11376 KINGSLEY MANOR WAY",
        "city": "JKVL",
        "state": "FL",
        "zip": "32225",
        "email": "THEPIG1@ATT.NET",
        "dateOfBirth": "1967-04-29T12:00:00",
        "ssn": "287785621",
        "userOrders": null,
        "isSold": false,
        "id": 36417
    },
    {
        "firstName": "PAUL",
        "lastName": "FRENCH",
        "phone": "3619600267",
        "address": "7313 GINGERBERRY DR",
        "city": "CORPUS CHRISTI",
        "state": "CHRISTI",
        "zip": "78414",
        "email": "PAULFRENCHSR@YAHOO.COM",
        "dateOfBirth": "1967-09-10T12:00:00",
        "ssn": "481900762",
        "userOrders": null,
        "isSold": false,
        "id": 36476
    },
    {
        "firstName": "TY",
        "lastName": "CONNER",
        "phone": "1111110001",
        "address": "26050 QUAIL LN",
        "city": "LAH",
        "state": "ALTOS",
        "zip": "94022",
        "email": "THCONNER1@YAHOO.COM",
        "dateOfBirth": "1967-12-16T12:00:00",
        "ssn": "303883732",
        "userOrders": null,
        "isSold": false,
        "id": 36541
    },
    {
        "firstName": "BLESS",
        "lastName": "MANUEL",
        "phone": "1111110001",
        "address": "APT 93",
        "city": "RNCHO C",
        "state": "TRINITY",
        "zip": "95670",
        "email": "BLESSMC@AOL.COM",
        "dateOfBirth": "1967-03-23T12:00:00",
        "ssn": "568574759",
        "userOrders": null,
        "isSold": false,
        "id": 36585
    },
    {
        "firstName": "ALAN",
        "lastName": "EYNON",
        "phone": "4052693146",
        "address": "5511 S 67TH EAST AVE",
        "city": "TULSA",
        "state": "OK",
        "zip": "74145",
        "email": "AREYNONJR@AOL.COM",
        "dateOfBirth": "1967-08-15T12:00:00",
        "ssn": "447728022",
        "userOrders": null,
        "isSold": false,
        "id": 36615
    }
]