[
    {
        "firstName": "JOHN",
        "lastName": "GIZDICH",
        "phone": "5122711026",
        "address": "3913 BONNIE LN",
        "city": "ROUND ROCK",
        "state": "ROCK",
        "zip": "78665",
        "email": "JGIZDICH@YAHOO.COM",
        "dateOfBirth": "1967-10-26T12:00:00",
        "ssn": "566293299",
        "userOrders": null,
        "isSold": true,
        "id": 45332
    },
    {
        "firstName": "DAVID",
        "lastName": "HAMPTON",
        "phone": "8643036264",
        "address": "1352 BREAZEALE RD",
        "city": "EASL",
        "state": "SC",
        "zip": "29640",
        "email": "DWLAHAMPTON@ATT.NET",
        "dateOfBirth": "1967-08-02T12:00:00",
        "ssn": "251135408",
        "userOrders": null,
        "isSold": false,
        "id": 45335
    },
    {
        "firstName": "CALDUIA",
        "lastName": "SANDOVAL",
        "phone": "9155490015",
        "address": "7236 LONG MEADOW DR",
        "city": "EL PASO",
        "state": "PASO",
        "zip": "79934",
        "email": "CSANDOVAL5367@YAHOO.COM",
        "dateOfBirth": "1967-05-03T12:00:00",
        "ssn": "456534319",
        "userOrders": null,
        "isSold": false,
        "id": 45376
    },
    {
        "firstName": "CHRIS",
        "lastName": "ATHERTON",
        "phone": "3168329929",
        "address": "4616 N HYDRAULIC ST APT 709",
        "city": "PARK CITY",
        "state": "CITY",
        "zip": "67219",
        "email": "SLAPADRUM@GMAIL.COM",
        "dateOfBirth": "1967-08-16T12:00:00",
        "ssn": "512860803",
        "userOrders": null,
        "isSold": false,
        "id": 45392
    },
    {
        "firstName": "KELLY",
        "lastName": "MARIE",
        "phone": "1111110001",
        "address": "908 TRUDEAU DR",
        "city": "METAIRIE",
        "state": "LA",
        "zip": "70003",
        "email": "KELLYMARIE6@COX.NET",
        "dateOfBirth": "1967-04-08T12:00:00",
        "ssn": "434577746",
        "userOrders": null,
        "isSold": false,
        "id": 45436
    },
    {
        "firstName": "KENDALL",
        "lastName": "COURTNEY",
        "phone": "5126331294",
        "address": "4507 CASWELL AVE BLDG A",
        "city": "AUSTIN",
        "state": "TX",
        "zip": "78751",
        "email": "KCCOURTNEYAUS@MAC.COM",
        "dateOfBirth": "1967-11-25T12:00:00",
        "ssn": "465355203",
        "userOrders": null,
        "isSold": false,
        "id": 45447
    },
    {
        "firstName": "YOLANDA",
        "lastName": "TORRES",
        "phone": "5303082536",
        "address": "1368 E GUM AVE",
        "city": "WDLND",
        "state": "CA",
        "zip": "95776",
        "email": "ATT@ALLCONNECT.COM",
        "dateOfBirth": "1967-04-15T12:00:00",
        "ssn": "611387572",
        "userOrders": null,
        "isSold": false,
        "id": 45455
    },
    {
        "firstName": "MICHAEL",
        "lastName": "CHUN",
        "phone": "1111110001",
        "address": "2128 WILDFLOWER DR",
        "city": "FUL",
        "state": "CA",
        "zip": "92833",
        "email": "MMCHUN1@YAHOO.COM",
        "dateOfBirth": "1967-01-16T12:00:00",
        "ssn": "556316830",
        "userOrders": null,
        "isSold": false,
        "id": 45487
    },
    {
        "firstName": "GEMMOND",
        "lastName": "SMITH",
        "phone": "3135900699",
        "address": "12716 WILSHIRE DR",
        "city": "DETROIT",
        "state": "MI",
        "zip": "48213",
        "email": "GEMMOND@GMAIL.COM",
        "dateOfBirth": "1967-08-27T12:00:00",
        "ssn": "382669532",
        "userOrders": null,
        "isSold": false,
        "id": 45532
    },
    {
        "firstName": "ALEX",
        "lastName": "ROTELA",
        "phone": "7739608578",
        "address": "1105 W FRANCIS DR",
        "city": "ARL HTS",
        "state": "HTS",
        "zip": "60005",
        "email": "ROTEL1967@GMAIL.COM",
        "dateOfBirth": "1967-12-29T12:00:00",
        "ssn": "133665089",
        "userOrders": null,
        "isSold": false,
        "id": 45748
    },
    {
        "firstName": "MIGUEL",
        "lastName": "LAURANCHET",
        "phone": "2244896093",
        "address": "102 N CRYSTAL ST APT 8",
        "city": "ELGN",
        "state": "IL",
        "zip": "60123",
        "email": "MIGUEL3670@ATT.NET",
        "dateOfBirth": "1967-09-05T12:00:00",
        "ssn": "293847469",
        "userOrders": null,
        "isSold": false,
        "id": 45848
    },
    {
        "firstName": "RUDY",
        "lastName": "JANDOC",
        "phone": "7076885816",
        "address": "1715 SUNSET AVE",
        "city": "FRFLD",
        "state": "CA",
        "zip": "94533",
        "email": "RUDY.JANDOC@GMAIL.COM",
        "dateOfBirth": "1967-07-19T12:00:00",
        "ssn": "571599737",
        "userOrders": null,
        "isSold": false,
        "id": 45856
    },
    {
        "firstName": "UNDERWOOD",
        "lastName": "HEATING",
        "phone": "4042819656",
        "address": "5122 WOODMOND DR",
        "city": "WNSTN",
        "state": "RICA",
        "zip": "30187",
        "email": "JUNDERWOODHVAC@AOL.COM",
        "dateOfBirth": "1967-07-26T12:00:00",
        "ssn": "254416945",
        "userOrders": null,
        "isSold": false,
        "id": 45921
    },
    {
        "firstName": "LUKE",
        "lastName": "CASCIO",
        "phone": "8472871706",
        "address": "909 GARDEN ST",
        "city": "CARPNTRSVL",
        "state": "RIDGE",
        "zip": "60110",
        "email": "LUKECASCIO@ATT.NET",
        "dateOfBirth": "1967-07-26T12:00:00",
        "ssn": "341747087",
        "userOrders": null,
        "isSold": false,
        "id": 46024
    },
    {
        "firstName": "STEPHANIE",
        "lastName": "STEPHENS",
        "phone": "8039795774",
        "address": "134 HALLING DR",
        "city": "COLA",
        "state": "SC",
        "zip": "29229",
        "email": "SMSTEPHENS4@ATT.NET",
        "dateOfBirth": "1967-02-21T12:00:00",
        "ssn": "125587433",
        "userOrders": null,
        "isSold": false,
        "id": 46067
    }
]