[
    {
        "firstName": "YANNI",
        "lastName": "PANDELEOS",
        "phone": "9164253160",
        "address": "1016 SAN TOMAS ST",
        "city": "DAVIS",
        "state": "CA",
        "zip": "95618",
        "email": "TPANDELEOS@SBCGLOBAL.NET",
        "dateOfBirth": "1967-12-17T12:00:00",
        "ssn": "567419330",
        "userOrders": null,
        "isSold": false,
        "id": 60410
    },
    {
        "firstName": "KENNETH",
        "lastName": "ZEVENBERGEN",
        "phone": "6164598965",
        "address": "3700 DUNLOP LK NE",
        "city": "PLAINFIELD TWP",
        "state": "RAPIDS",
        "zip": "49525",
        "email": "KZEVENBERGEN@ATT.NET",
        "dateOfBirth": "1967-10-18T12:00:00",
        "ssn": "370881769",
        "userOrders": null,
        "isSold": false,
        "id": 60415
    },
    {
        "firstName": "PHYLLIS",
        "lastName": "MOK",
        "phone": "4152156710",
        "address": "FLR UPPR",
        "city": "SF",
        "state": "DEL",
        "zip": "94112",
        "email": "PMOK95113@YAHOO.COM",
        "dateOfBirth": "1967-10-21T12:00:00",
        "ssn": "573854566",
        "userOrders": null,
        "isSold": false,
        "id": 60441
    },
    {
        "firstName": "CHERIE",
        "lastName": "GREENWALD",
        "phone": "2165772477",
        "address": "610 EAGLE POINT DR",
        "city": "SHAKER HEIGHTS",
        "state": "OH",
        "zip": "44122",
        "email": "CHERGREENWALD@GMAIL.COM",
        "dateOfBirth": "1967-04-30T12:00:00",
        "ssn": "301724548",
        "userOrders": null,
        "isSold": false,
        "id": 60462
    },
    {
        "firstName": "JOHN",
        "lastName": "ROSS",
        "phone": "6144034877",
        "address": "3279 FONTAINE RD",
        "city": "MADISON TWP",
        "state": "OH",
        "zip": "43232",
        "email": "CRJRROSS@ATT.NET",
        "dateOfBirth": "1967-10-09T12:00:00",
        "ssn": "291803947",
        "userOrders": null,
        "isSold": false,
        "id": 60537
    },
    {
        "firstName": "ALFONSO",
        "lastName": "GARCIA",
        "phone": "8322444003",
        "address": "16502 RUBY MEADOW DR",
        "city": "HOUSTON",
        "state": "TX",
        "zip": "77095",
        "email": "ALGARCIAJR@YAHOO.COM",
        "dateOfBirth": "1967-08-10T12:00:00",
        "ssn": "455679727",
        "userOrders": null,
        "isSold": false,
        "id": 60608
    },
    {
        "firstName": "DAVID",
        "lastName": "LEWIS",
        "phone": "7738704542",
        "address": "8841 S JUSTINE ST",
        "city": "CHGO",
        "state": "IL",
        "zip": "60620",
        "email": "DAVIDLEWIS4068@ATT.NET",
        "dateOfBirth": "1967-12-09T12:00:00",
        "ssn": "337562750",
        "userOrders": null,
        "isSold": false,
        "id": 60644
    },
    {
        "firstName": "LYDIA",
        "lastName": "TORRES'SEVILA",
        "phone": "4148289186",
        "address": "3515 S 17TH ST",
        "city": "MILWAUKEE",
        "state": "WI",
        "zip": "53221",
        "email": "TALLADY1967@YAHOO.COM",
        "dateOfBirth": "1967-05-13T12:00:00",
        "ssn": "397807194",
        "userOrders": null,
        "isSold": false,
        "id": 60673
    },
    {
        "firstName": "PHILIP",
        "lastName": "POOL",
        "phone": "3147994919",
        "address": "107 SUN LAKE DR",
        "city": "ST CHARLES",
        "state": "CHARLES",
        "zip": "63301",
        "email": "PHIL.POOL@YMAIL.COM",
        "dateOfBirth": "1967-12-18T12:00:00",
        "ssn": "495783033",
        "userOrders": null,
        "isSold": false,
        "id": 60789
    },
    {
        "firstName": "DANA",
        "lastName": "CUNNINGHAM",
        "phone": "7854080055",
        "address": "1406 SW INDIAN TRL",
        "city": "TOPEKA",
        "state": "KS",
        "zip": "66604",
        "email": "DCUNNINGHAM003@NC.COM",
        "dateOfBirth": "1967-05-23T12:00:00",
        "ssn": "512602555",
        "userOrders": null,
        "isSold": true,
        "id": 60816
    },
    {
        "firstName": "JERALD",
        "lastName": "ZIMMERMAN",
        "phone": "9729483595",
        "address": "2200 BROWN ST APT 1031",
        "city": "WAXAHACHIE",
        "state": "TX",
        "zip": "75165",
        "email": "JDZIMMAN@ATT.NET",
        "dateOfBirth": "1967-06-05T12:00:00",
        "ssn": "511760127",
        "userOrders": null,
        "isSold": false,
        "id": 60866
    },
    {
        "firstName": "JODI",
        "lastName": "SMITH",
        "phone": "6164372717",
        "address": "2350 MIDVALE ST NE",
        "city": "GRAND RAPIDS",
        "state": "RAPIDS",
        "zip": "49505",
        "email": "DEROYAL519@ATT.NET",
        "dateOfBirth": "1967-02-07T12:00:00",
        "ssn": "371907462",
        "userOrders": null,
        "isSold": false,
        "id": 60900
    },
    {
        "firstName": "FELTON",
        "lastName": "MAGEE",
        "phone": "9856285290",
        "address": "537 BEAUMONT ST",
        "city": "HOUMA",
        "state": "LA",
        "zip": "70360",
        "email": "FELTONMAGEE@GMAIL.COM",
        "dateOfBirth": "1967-03-29T12:00:00",
        "ssn": "437153232",
        "userOrders": null,
        "isSold": false,
        "id": 60945
    },
    {
        "firstName": "HOOMAN",
        "lastName": "SULTANPOUR",
        "phone": "9258285318",
        "address": "PO BOX 2322",
        "city": "SN RMN",
        "state": "RAMON",
        "zip": "94583",
        "email": "HOOMAN00@PACBELL.NET",
        "dateOfBirth": "1967-07-23T12:00:00",
        "ssn": "137766932",
        "userOrders": null,
        "isSold": true,
        "id": 60982
    },
    {
        "firstName": "EDGAR",
        "lastName": "PUENTE",
        "phone": "8174434520",
        "address": "2102 COLUMBUS AVE",
        "city": "FORT WORTH",
        "state": "WORTH",
        "zip": "76164",
        "email": "EDELYNPUENTE95@GMAIL.COM",
        "dateOfBirth": "1967-11-06T12:00:00",
        "ssn": "641821820",
        "userOrders": null,
        "isSold": false,
        "id": 61038
    }
]