[
    {
        "firstName": "KATHRYN",
        "lastName": "HAYNES",
        "phone": "6019196731",
        "address": "PO BOX 1044",
        "city": "MOBILE",
        "state": "AL",
        "zip": "36609",
        "email": "KINGCOLE1967@HOTMAIL.COM",
        "dateOfBirth": "1967-06-05T12:00:00",
        "ssn": "418134364",
        "userOrders": null,
        "isSold": false,
        "id": 73476
    },
    {
        "firstName": "MARGARET",
        "lastName": "GRAU",
        "phone": "8653007008",
        "address": "3061 W GALLAHER FERRY RD",
        "city": "KNOXVILLE",
        "state": "TN",
        "zip": "37932",
        "email": "MARGARETGRAU@ATT.NET",
        "dateOfBirth": "1967-10-09T12:00:00",
        "ssn": "550236434",
        "userOrders": null,
        "isSold": false,
        "id": 73531
    },
    {
        "firstName": "MAXIMILIAN",
        "lastName": "ACOSTA",
        "phone": "2484137726",
        "address": "3191 HIGH POINTE RIDGE RD",
        "city": "AUBURN HILLS",
        "state": "ORION",
        "zip": "48359",
        "email": "MADMAXCREATIONS@HOTMAIL.COM",
        "dateOfBirth": "1967-08-30T12:00:00",
        "ssn": "374824209",
        "userOrders": null,
        "isSold": false,
        "id": 73543
    },
    {
        "firstName": "MIKE",
        "lastName": "EATON",
        "phone": "6153057616",
        "address": "6700 CABOT DR APT B3",
        "city": "NASHVILLE",
        "state": "TN",
        "zip": "37209",
        "email": "KUPET05@GMAIL.COM",
        "dateOfBirth": "1967-04-15T12:00:00",
        "ssn": "316769342",
        "userOrders": null,
        "isSold": false,
        "id": 73561
    },
    {
        "firstName": "LINDA",
        "lastName": "RUIZ",
        "phone": "2104048112",
        "address": "4236 COMMERCIAL AVE APT 1",
        "city": "SAN ANTONIO",
        "state": "ANTONIO",
        "zip": "78221",
        "email": "LINDARUIZ32@YAHOO.COM",
        "dateOfBirth": "1967-05-23T12:00:00",
        "ssn": "220989620",
        "userOrders": null,
        "isSold": false,
        "id": 73824
    },
    {
        "firstName": "SERGIO",
        "lastName": "SALANI",
        "phone": "5612898349",
        "address": "1266 SW 21ST LN",
        "city": "BOCA RATON",
        "state": "RATON",
        "zip": "33486",
        "email": "SERGIO.SALANI@YAHOO.COM",
        "dateOfBirth": "1967-11-21T12:00:00",
        "ssn": "136889310",
        "userOrders": null,
        "isSold": false,
        "id": 73850
    },
    {
        "firstName": "OLIMPIA",
        "lastName": "GONZALEZ",
        "phone": "5599364716",
        "address": "7275 E MOUNT WHITNEY AVE",
        "city": "LATON",
        "state": "CA",
        "zip": "93242",
        "email": "ENEIDA.YG@GMAIL.COM",
        "dateOfBirth": "1967-12-16T12:00:00",
        "ssn": "627110121",
        "userOrders": null,
        "isSold": false,
        "id": 73887
    },
    {
        "firstName": "ROBERT",
        "lastName": "A",
        "phone": "2624907769",
        "address": "211 HIGH VIEW LN",
        "city": "OCONOMOWOC",
        "state": "WI",
        "zip": "53066",
        "email": "ROB_DUPONT@YAHOO.COM",
        "dateOfBirth": "1967-11-24T12:00:00",
        "ssn": "390906966",
        "userOrders": null,
        "isSold": false,
        "id": 73939
    },
    {
        "firstName": "STEVEN",
        "lastName": "FISTER",
        "phone": "4043248833",
        "address": "1329 CODY AVE",
        "city": "CUMG",
        "state": "CO",
        "zip": "30040",
        "email": "STEVEN_FISTER2@YAHOO.COM",
        "dateOfBirth": "1967-08-06T12:00:00",
        "ssn": "520920375",
        "userOrders": null,
        "isSold": true,
        "id": 73948
    },
    {
        "firstName": "JEFF",
        "lastName": "SWAIM",
        "phone": "2629025219",
        "address": "8635 NEW OAK LN",
        "city": "HSVL",
        "state": "NC",
        "zip": "28078",
        "email": "JEFFSWAIM8905@ATT.NET",
        "dateOfBirth": "1967-12-29T12:00:00",
        "ssn": "245337533",
        "userOrders": null,
        "isSold": false,
        "id": 73953
    },
    {
        "firstName": "CHERYL",
        "lastName": "GAUME",
        "phone": "3142238646",
        "address": "12132 DIANE MARIE DR",
        "city": "MARYLAND HEIGHTS",
        "state": "HTS",
        "zip": "63043",
        "email": "CLB9799@GMAIL.COM",
        "dateOfBirth": "1967-05-08T12:00:00",
        "ssn": "492627565",
        "userOrders": null,
        "isSold": false,
        "id": 74027
    },
    {
        "firstName": "JENNIFER",
        "lastName": "LOUTMAN",
        "phone": "7165142043",
        "address": "107 ROXYS RUN",
        "city": "MURPHY",
        "state": "NC",
        "zip": "28906",
        "email": "JENLOUTMAN@ICLOUD.COM",
        "dateOfBirth": "1967-02-28T12:00:00",
        "ssn": "545671426",
        "userOrders": null,
        "isSold": false,
        "id": 74102
    },
    {
        "firstName": "DOUGLAS",
        "lastName": "RICE",
        "phone": "7654502324",
        "address": "1044 E HAVENS ST",
        "city": "KOKOMO",
        "state": "IN",
        "zip": "46901",
        "email": "RCRICEMAN@AOL.COM",
        "dateOfBirth": "1967-05-07T12:00:00",
        "ssn": "306901096",
        "userOrders": null,
        "isSold": false,
        "id": 74196
    },
    {
        "firstName": "KERI",
        "lastName": "WRIGHT",
        "phone": "7077939515",
        "address": "503 ALTA AVE",
        "city": "RHNRT PK",
        "state": "PARK",
        "zip": "94928",
        "email": "WRIGHTKERI67@GMAIL.COM",
        "dateOfBirth": "1967-09-09T12:00:00",
        "ssn": "561793884",
        "userOrders": null,
        "isSold": false,
        "id": 74262
    },
    {
        "firstName": "SHANE",
        "lastName": "PATTERSON",
        "phone": "4193041911",
        "address": "9016 GARDEN RD",
        "city": "SPRINGFIELD TWP",
        "state": "OH",
        "zip": "43537",
        "email": "LAURIEPATTER@YAHOO.COM",
        "dateOfBirth": "1967-12-18T12:00:00",
        "ssn": "277765855",
        "userOrders": null,
        "isSold": false,
        "id": 74412
    }
]