[
    {
        "firstName": "TAMERA",
        "lastName": "HARMON",
        "phone": "5303892147",
        "address": "PO BOX 324",
        "city": "G RUN",
        "state": "RUN",
        "zip": "95717",
        "email": "TAMMY95717@YAHOO.COM",
        "dateOfBirth": "1967-08-08T12:00:00",
        "ssn": "571798296",
        "userOrders": null,
        "isSold": false,
        "id": 38685
    },
    {
        "firstName": "DERICK",
        "lastName": "VOEGELI",
        "phone": "8153560921",
        "address": "128 TALISMON DR",
        "city": "CRYSTL LK",
        "state": "LAKE",
        "zip": "60012",
        "email": "DERICKVOEGELI@ATT.NET",
        "dateOfBirth": "1967-09-29T12:00:00",
        "ssn": "394761067",
        "userOrders": null,
        "isSold": false,
        "id": 38789
    },
    {
        "firstName": "MIKE",
        "lastName": "WILSON",
        "phone": "8323261671",
        "address": "19019 CANYON ROSE DR",
        "city": "TOMBALL",
        "state": "TX",
        "zip": "77377",
        "email": "AAGLLC6@HOTMAIL.COM",
        "dateOfBirth": "1967-07-27T12:00:00",
        "ssn": "141926774",
        "userOrders": null,
        "isSold": false,
        "id": 38795
    },
    {
        "firstName": "BILL",
        "lastName": "HYLAND",
        "phone": "1111110001",
        "address": "1034 W REDBUD DR",
        "city": "HURST",
        "state": "TX",
        "zip": "76053",
        "email": "WILLIAM.HYLAND@SBCGLOBAL.NET",
        "dateOfBirth": "1967-02-05T12:00:00",
        "ssn": "547533477",
        "userOrders": null,
        "isSold": false,
        "id": 38844
    },
    {
        "firstName": "JUDITH",
        "lastName": "FRANCIS",
        "phone": "9547366149",
        "address": "6094 LIVE OAK CT APT B",
        "city": "TMRC",
        "state": "FL",
        "zip": "33319",
        "email": "DIAMONDBOUQUET67@GMAIL.COM",
        "dateOfBirth": "1967-06-25T12:00:00",
        "ssn": "766823018",
        "userOrders": null,
        "isSold": false,
        "id": 38850
    },
    {
        "firstName": "JOHN",
        "lastName": "PRUEITT",
        "phone": "6303990134",
        "address": "1 W SUNSET RD",
        "city": "MT PRSPCT",
        "state": "PROSPECT",
        "zip": "60056",
        "email": "STERLING11@COMCAST.NET",
        "dateOfBirth": "1967-11-13T12:00:00",
        "ssn": "480920841",
        "userOrders": null,
        "isSold": false,
        "id": 38984
    },
    {
        "firstName": "ADHA",
        "lastName": "BAGDE",
        "phone": "8477146433",
        "address": "506 W KINGSBURY DR",
        "city": "ARL HTS",
        "state": "HTS",
        "zip": "60004",
        "email": "S_BAGDE@YAHOO.COM",
        "dateOfBirth": "1967-10-08T12:00:00",
        "ssn": "481313596",
        "userOrders": null,
        "isSold": false,
        "id": 39077
    },
    {
        "firstName": "RICHARD",
        "lastName": "HUMPHREY",
        "phone": "8058902241",
        "address": "256 WALNUT DR",
        "city": "OJAI",
        "state": "CA",
        "zip": "93023",
        "email": "CHADRAH@YAHOO.COM",
        "dateOfBirth": "1967-08-30T12:00:00",
        "ssn": "594729200",
        "userOrders": null,
        "isSold": false,
        "id": 39133
    },
    {
        "firstName": "ELAINE",
        "lastName": "HENDRICKS",
        "phone": "8153437201",
        "address": "1018 POPLAR ST",
        "city": "OTTAWA",
        "state": "IL",
        "zip": "61350",
        "email": "EJMAC67@YAHOO.COM",
        "dateOfBirth": "1967-10-14T12:00:00",
        "ssn": "352706396",
        "userOrders": null,
        "isSold": false,
        "id": 39157
    },
    {
        "firstName": "KELLIE",
        "lastName": "SCHROEDER",
        "phone": "5126355249",
        "address": "10607 GOLDEN QUAIL DR",
        "city": "AUSTIN",
        "state": "TX",
        "zip": "78753",
        "email": "KELLIEMVILLEGAS@YAHOO.COM",
        "dateOfBirth": "1967-03-22T12:00:00",
        "ssn": "467391275",
        "userOrders": null,
        "isSold": false,
        "id": 39169
    },
    {
        "firstName": "CAROLYN",
        "lastName": "JONES",
        "phone": "5593016934",
        "address": "5575 E TULARE AVE APT 211",
        "city": "FRS",
        "state": "CA",
        "zip": "93727",
        "email": "CAROLYNJONES2011@HOTMAIL.COM",
        "dateOfBirth": "1967-01-27T12:00:00",
        "ssn": "553332296",
        "userOrders": null,
        "isSold": false,
        "id": 39244
    },
    {
        "firstName": "JEFF",
        "lastName": "ROSSI",
        "phone": "3306031229",
        "address": "PO BOX 2112",
        "city": "STOW",
        "state": "OH",
        "zip": "44224",
        "email": "TROSSI5@NEO.RR.COM",
        "dateOfBirth": "1967-05-15T12:00:00",
        "ssn": "131524083",
        "userOrders": null,
        "isSold": false,
        "id": 39318
    },
    {
        "firstName": "STEPHANIE",
        "lastName": "KENNEDY",
        "phone": "6782015430",
        "address": "920 DANNON VW SW STE 3202",
        "city": "ATL",
        "state": "GA",
        "zip": "30311",
        "email": "SKENNEDY4U@ME.COM",
        "dateOfBirth": "1967-10-11T12:00:00",
        "ssn": "550965450",
        "userOrders": null,
        "isSold": false,
        "id": 39434
    },
    {
        "firstName": "VICKY",
        "lastName": "KALORGRIS",
        "phone": "8478454055",
        "address": "206 N PINE ST",
        "city": "GURNE",
        "state": "PROSPECT",
        "zip": "60031",
        "email": "VICKYKALOGRIS@SBCGLOBAL.NET",
        "dateOfBirth": "1967-03-07T12:00:00",
        "ssn": "333543097",
        "userOrders": null,
        "isSold": false,
        "id": 39545
    },
    {
        "firstName": "KEVIN",
        "lastName": "GRAY",
        "phone": "2143335091",
        "address": "3216 COMMONWEALTH ST",
        "city": "DALLAS",
        "state": "TX",
        "zip": "75211",
        "email": "KEVRIG@SWBELL.NET",
        "dateOfBirth": "1967-10-16T12:00:00",
        "ssn": "459537268",
        "userOrders": null,
        "isSold": false,
        "id": 39551
    }
]