[
    {
        "firstName": "MARIA",
        "lastName": "TORRES",
        "phone": "2626764298",
        "address": "2624125125",
        "city": "RACINE WI 53405-3729",
        "state": "MONROE",
        "zip": "RACINE",
        "email": "53405",
        "dateOfBirth": "1967-09-24T12:00:00",
        "ssn": "348900513",
        "userOrders": null,
        "isSold": false,
        "id": 76981
    },
    {
        "firstName": "ROSLIN",
        "lastName": "PENILLA",
        "phone": "6145599559",
        "address": "8099 BEARDSLEY AVE",
        "city": "JEFFERSON TWP",
        "state": "OH",
        "zip": "43004",
        "email": "ROSLIN67@GMAIL.COM",
        "dateOfBirth": "1967-02-11T12:00:00",
        "ssn": "556377439",
        "userOrders": null,
        "isSold": false,
        "id": 77019
    },
    {
        "firstName": "ARTURO",
        "lastName": "GOMEZ",
        "phone": "8326438316",
        "address": "6531 GORTON DR",
        "city": "KATY",
        "state": "TX",
        "zip": "77449",
        "email": "GOMEZ713TX@YAHOO.COM",
        "dateOfBirth": "1967-01-11T12:00:00",
        "ssn": "595669150",
        "userOrders": null,
        "isSold": false,
        "id": 77142
    },
    {
        "firstName": "KOTA",
        "lastName": "MATSUE",
        "phone": "9495297575",
        "address": "586 CARDIFF",
        "city": "IRV",
        "state": "CA",
        "zip": "92606",
        "email": "KMATSUE@ATT.NET",
        "dateOfBirth": "1967-09-04T12:00:00",
        "ssn": "614839626",
        "userOrders": null,
        "isSold": false,
        "id": 77167
    },
    {
        "firstName": "ANABEL",
        "lastName": "LUNA",
        "phone": "3232691167",
        "address": "300 N TOWNSEND AVE",
        "city": "LA",
        "state": "ANGELES",
        "zip": "90063",
        "email": "SERGIOLN91@GMAIL.COM",
        "dateOfBirth": "1967-12-06T12:00:00",
        "ssn": "537236039",
        "userOrders": null,
        "isSold": false,
        "id": 77241
    },
    {
        "firstName": "JUDY",
        "lastName": "NEAL",
        "phone": "6614960975",
        "address": "8100 MOSSROCK DR",
        "city": "BKFD",
        "state": "CA",
        "zip": "93312",
        "email": "JUDY-NEAL@ATT.NET",
        "dateOfBirth": "1967-04-05T12:00:00",
        "ssn": "555716988",
        "userOrders": null,
        "isSold": false,
        "id": 77295
    },
    {
        "firstName": "WHALION",
        "lastName": "D",
        "phone": "2527022970",
        "address": "APT C",
        "city": "RAL",
        "state": "PEBBLE",
        "zip": "27616",
        "email": "KJ.MAY38@YAHOO.COM",
        "dateOfBirth": "1967-08-27T12:00:00",
        "ssn": "444702099",
        "userOrders": null,
        "isSold": false,
        "id": 77406
    },
    {
        "firstName": "JAMES",
        "lastName": "S",
        "phone": "3169413817",
        "address": "1045 N LAKEWIND ST",
        "city": "WICHITA",
        "state": "KS",
        "zip": "67212",
        "email": "JPSCOTT100@SBCGLOBAL.NET",
        "dateOfBirth": "1967-05-03T12:00:00",
        "ssn": "511786611",
        "userOrders": null,
        "isSold": false,
        "id": 77446
    },
    {
        "firstName": "JUERGEN",
        "lastName": "SCHROETER",
        "phone": "2145001603",
        "address": "320 S SURF RD APT 302",
        "city": "DALLAS",
        "state": "FL",
        "zip": "75230",
        "email": "SCHROETER0508@YAHOO.COM",
        "dateOfBirth": "1967-08-05T12:00:00",
        "ssn": "635881300",
        "userOrders": null,
        "isSold": false,
        "id": 77484
    },
    {
        "firstName": "LETICIA",
        "lastName": "GARCIA",
        "phone": "7739798210",
        "address": "UNIT BASM",
        "city": "EVNSTN",
        "state": "FLORENCE",
        "zip": "60201",
        "email": "LETICIAMUNOZ1977@GMAIL.COM",
        "dateOfBirth": "1967-07-08T12:00:00",
        "ssn": "611285810",
        "userOrders": null,
        "isSold": false,
        "id": 77497
    },
    {
        "firstName": "INGRID",
        "lastName": "KLOPP",
        "phone": "5103281023",
        "address": "3121 HERRIOTT AVE",
        "city": "OAK",
        "state": "CA",
        "zip": "94619",
        "email": "U00IMNI@SBCGLOBAL.NET",
        "dateOfBirth": "1967-11-18T12:00:00",
        "ssn": "546732313",
        "userOrders": null,
        "isSold": false,
        "id": 77498
    },
    {
        "firstName": "ALICIA",
        "lastName": "SULLIVAN",
        "phone": "7869994780",
        "address": "1172 S DIXIE HWY",
        "city": "C*G",
        "state": "GABLES",
        "zip": "33134",
        "email": "ALISHASULLIVAN@YAHOO.COM",
        "dateOfBirth": "1967-06-12T12:00:00",
        "ssn": "470987587",
        "userOrders": null,
        "isSold": false,
        "id": 77566
    },
    {
        "firstName": "MARY",
        "lastName": "WHITING",
        "phone": "6163044353",
        "address": "1350 EASTLAWN RD SE",
        "city": "EAST GRAND RAPIDS",
        "state": "GRAND",
        "zip": "49506",
        "email": "WHITING.M@SBCGLOBAL.NET",
        "dateOfBirth": "1967-11-22T12:00:00",
        "ssn": "484946247",
        "userOrders": null,
        "isSold": false,
        "id": 77586
    },
    {
        "firstName": "MILTON",
        "lastName": "CARTER",
        "phone": "3217268502",
        "address": "1728 VALCOURT ST NW",
        "city": "PALM BAY",
        "state": "BAY",
        "zip": "32907",
        "email": "CARTERBOY442@AOL.COM",
        "dateOfBirth": "1967-07-01T12:00:00",
        "ssn": "240436086",
        "userOrders": null,
        "isSold": false,
        "id": 77600
    },
    {
        "firstName": "BRAD",
        "lastName": "RYAN",
        "phone": "8054041302",
        "address": "5090 ARROYO LN BLDG G",
        "city": "SIMI VLY",
        "state": "VALLEY",
        "zip": "93063",
        "email": "BRAD.RYAN1031@GMAIL.COM",
        "dateOfBirth": "1967-11-20T12:00:00",
        "ssn": "552414665",
        "userOrders": null,
        "isSold": false,
        "id": 77602
    }
]