[
    {
        "firstName": "CLAIRE",
        "lastName": "SAINT",
        "phone": "3865695908",
        "address": "508 VINCA PL",
        "city": "SAINT JOHNS",
        "state": "JOHNS",
        "zip": "32259",
        "email": "RAYNEELENA@YAHOO.COM",
        "dateOfBirth": "1967-12-25T12:00:00",
        "ssn": "434158342",
        "userOrders": null,
        "isSold": false,
        "id": 58423
    },
    {
        "firstName": "JOLYNN",
        "lastName": "DAY",
        "phone": "9725330911",
        "address": "1621 POST OAK CT",
        "city": "THE COLONY",
        "state": "TX",
        "zip": "75056",
        "email": "JOLYNNDAY@GMAIL.COM",
        "dateOfBirth": "1967-07-02T12:00:00",
        "ssn": "453570797",
        "userOrders": null,
        "isSold": false,
        "id": 58541
    },
    {
        "firstName": "JAMES",
        "lastName": "BROOKS",
        "phone": "2814607226",
        "address": "11842 RIVERVIEW DR",
        "city": "HOUSTON",
        "state": "TX",
        "zip": "77077",
        "email": "JLBROOKS420@YAHOO.COM",
        "dateOfBirth": "1967-12-19T12:00:00",
        "ssn": "459415146",
        "userOrders": null,
        "isSold": false,
        "id": 58572
    },
    {
        "firstName": "CARLOS",
        "lastName": "GINIEBRA",
        "phone": "8328781632",
        "address": "5401 RAMPART ST APT 234",
        "city": "HOUSTON",
        "state": "TX",
        "zip": "77081",
        "email": "CARLOS8639@ATT.NET",
        "dateOfBirth": "1967-01-04T12:00:00",
        "ssn": "639907680",
        "userOrders": null,
        "isSold": false,
        "id": 58620
    },
    {
        "firstName": "GLENDA",
        "lastName": "BIRKES",
        "phone": "5803692587",
        "address": "506 E BIRD AVE",
        "city": "DAVIS",
        "state": "OK",
        "zip": "73030",
        "email": "JNDBIRKES@ATT.NET",
        "dateOfBirth": "1967-08-29T12:00:00",
        "ssn": "442763164",
        "userOrders": null,
        "isSold": false,
        "id": 58721
    },
    {
        "firstName": "PAMELA",
        "lastName": "HARRIS",
        "phone": "2086274320",
        "address": "514 S F ST",
        "city": "ALBION",
        "state": "OR",
        "zip": "83311",
        "email": "MH591452@GMAIL.COM",
        "dateOfBirth": "1967-01-09T12:00:00",
        "ssn": "519825394",
        "userOrders": null,
        "isSold": true,
        "id": 58722
    },
    {
        "firstName": "BENITO",
        "lastName": "ORTUNO",
        "phone": "7136434638",
        "address": "7810 HEMLOCK ST",
        "city": "HOUSTON",
        "state": "TX",
        "zip": "77012",
        "email": "HOUSTONEZ_YAYA19@YAHOO.COM",
        "dateOfBirth": "1967-04-04T12:00:00",
        "ssn": "458958110",
        "userOrders": null,
        "isSold": false,
        "id": 58730
    },
    {
        "firstName": "JOSE",
        "lastName": "SERNA",
        "phone": "3235819585",
        "address": "2464 PALM PL",
        "city": "HTG PK",
        "state": "PK",
        "zip": "90255",
        "email": "LILIANAVASQUEZ_67@YAHOO.COM",
        "dateOfBirth": "1967-04-26T12:00:00",
        "ssn": "567463452",
        "userOrders": null,
        "isSold": false,
        "id": 58737
    },
    {
        "firstName": "BRETT",
        "lastName": "SHARAR",
        "phone": "3179080933",
        "address": "84 PRESIDENTIAL WAY",
        "city": "BROWNSBURG",
        "state": "IN",
        "zip": "46112",
        "email": "EGSHARAR@COMCAST.NET",
        "dateOfBirth": "1967-04-13T12:00:00",
        "ssn": "308881605",
        "userOrders": null,
        "isSold": false,
        "id": 58762
    },
    {
        "firstName": "ANDREW",
        "lastName": "HUFF",
        "phone": "8648843179",
        "address": "170 RIDGELAND DR",
        "city": "SIX MILE",
        "state": "MILE",
        "zip": "29682",
        "email": "HUFFAP@SCDOT.ORG",
        "dateOfBirth": "1967-11-09T12:00:00",
        "ssn": "250357725",
        "userOrders": null,
        "isSold": false,
        "id": 58835
    },
    {
        "firstName": "TIM",
        "lastName": "PRIDMORE",
        "phone": "8067871342",
        "address": "4204 89TH ST",
        "city": "LUBBOCK",
        "state": "TX",
        "zip": "79423",
        "email": "MELISSAPRIDMORE@YAHOO.COM",
        "dateOfBirth": "1967-03-12T12:00:00",
        "ssn": "452572139",
        "userOrders": null,
        "isSold": false,
        "id": 58855
    },
    {
        "firstName": "ANGELICA",
        "lastName": "VELISANO",
        "phone": "6502228678",
        "address": "501 FALLON AVE",
        "city": "S MTO",
        "state": "MATEO",
        "zip": "94401",
        "email": "AVELISANO@YAHOO.COM",
        "dateOfBirth": "1967-01-05T12:00:00",
        "ssn": "602388367",
        "userOrders": null,
        "isSold": false,
        "id": 58858
    },
    {
        "firstName": "MARYAM",
        "lastName": "AL-HAMMAMI",
        "phone": "9494667747",
        "address": "1808 SPRECKELS LN APT 26",
        "city": "LADERA RNCH",
        "state": "BEACH",
        "zip": "92694",
        "email": "AMIRATOYS@HOTMAIL.COM",
        "dateOfBirth": "1967-02-26T12:00:00",
        "ssn": "548069037",
        "userOrders": null,
        "isSold": false,
        "id": 58922
    },
    {
        "firstName": "TRACIE,",
        "lastName": "RESMONDO",
        "phone": "7725892373",
        "address": "131 MIDVALE TER",
        "city": "SEBASTIAN",
        "state": "FL",
        "zip": "32958",
        "email": "RESORTGIRL67@AOL.COM",
        "dateOfBirth": "1967-02-17T12:00:00",
        "ssn": "595075917",
        "userOrders": null,
        "isSold": false,
        "id": 58981
    },
    {
        "firstName": "HUSSAINI",
        "lastName": "YAQOB",
        "phone": "7038594644",
        "address": "6004 BUR TRL",
        "city": "RAL",
        "state": "NC",
        "zip": "27616",
        "email": "ILOVEMYWIFEMOBA@HOTMAIL.COM",
        "dateOfBirth": "1967-05-02T12:00:00",
        "ssn": "228317711",
        "userOrders": null,
        "isSold": false,
        "id": 58992
    }
]