[
    {
        "firstName": "KATHERINE",
        "lastName": "LATTANZI",
        "phone": "5868234841",
        "address": "36801 THEODORE ST",
        "city": "CLINTON TWP",
        "state": "TWP",
        "zip": "48035",
        "email": "ARTLATTANZI@GMAIL.COM",
        "dateOfBirth": "1967-04-18T12:00:00",
        "ssn": "379847223",
        "userOrders": null,
        "isSold": false,
        "id": 83139
    },
    {
        "firstName": "GILBERTO",
        "lastName": "REYES",
        "phone": "1111110005",
        "address": "3120 CRYSTAL CREEK BLVD",
        "city": "ORL",
        "state": "FL",
        "zip": "32837",
        "email": "IRVINGR17@HOTMAIL.COM",
        "dateOfBirth": "1967-08-13T12:00:00",
        "ssn": "223590223",
        "userOrders": null,
        "isSold": false,
        "id": 83154
    },
    {
        "firstName": "MICHELLE",
        "lastName": "GOODWIN-HENDRICKSON",
        "phone": "6199807035",
        "address": "2209 TOKALON ST",
        "city": "LA JOLLA",
        "state": "DIEGO",
        "zip": "92037",
        "email": "MGHGROUPINC@GMAIL.COM",
        "dateOfBirth": "1967-03-02T12:00:00",
        "ssn": "522198750",
        "userOrders": null,
        "isSold": false,
        "id": 83177
    },
    {
        "firstName": "ROBERT",
        "lastName": "PECK",
        "phone": "8476093444",
        "address": "11540 SMITH DR",
        "city": "HUNTLY",
        "state": "IL",
        "zip": "60142",
        "email": "NATIONALMUSCLE@AOL.COM",
        "dateOfBirth": "1967-08-31T12:00:00",
        "ssn": "344706306",
        "userOrders": null,
        "isSold": false,
        "id": 83348
    },
    {
        "firstName": "STEPHEN",
        "lastName": "CROW",
        "phone": "3315758185",
        "address": "700 STONEBRIDGE DR",
        "city": "BOLNGBRK",
        "state": "IL",
        "zip": "60490",
        "email": "SCROW@CONCORDIAPLACE.ORG",
        "dateOfBirth": "1967-07-22T12:00:00",
        "ssn": "499805980",
        "userOrders": null,
        "isSold": false,
        "id": 83415
    },
    {
        "firstName": "RODNEY",
        "lastName": "MOORE.",
        "phone": "9013373526",
        "address": "683 SHELL LANE AVE",
        "city": "MEMPHIS",
        "state": "TN",
        "zip": "38109",
        "email": "MOORE.1965@ATT.NET",
        "dateOfBirth": "1967-11-27T12:00:00",
        "ssn": "427231125",
        "userOrders": null,
        "isSold": false,
        "id": 83474
    },
    {
        "firstName": "STEPHANIE",
        "lastName": "WICKLIFFE",
        "phone": "5012315570",
        "address": "5312 SHERMAN DR",
        "city": "PULASKI COUNTY",
        "state": "LITTLE",
        "zip": "72118",
        "email": "WICKLIFFE2016@ATT.NET",
        "dateOfBirth": "1967-09-02T12:00:00",
        "ssn": "431479264",
        "userOrders": null,
        "isSold": false,
        "id": 83528
    },
    {
        "firstName": "ROBERT",
        "lastName": "CORUM",
        "phone": "2696833729",
        "address": "102 STOWE CT",
        "city": "NILES",
        "state": "MI",
        "zip": "49120",
        "email": "DEBRACORUM1@GMAIL.COM",
        "dateOfBirth": "1967-09-24T12:00:00",
        "ssn": "385827606",
        "userOrders": null,
        "isSold": false,
        "id": 83648
    },
    {
        "firstName": "OSAGIE",
        "lastName": "AIMIUWU",
        "phone": "6144316978",
        "address": "631 SHARON MILL CT",
        "city": "COLUMBUS",
        "state": "OH",
        "zip": "43085",
        "email": "MENAKHIN@YAHOO.COM",
        "dateOfBirth": "1967-09-18T12:00:00",
        "ssn": "157044558",
        "userOrders": null,
        "isSold": false,
        "id": 83693
    },
    {
        "firstName": "ADRIAN",
        "lastName": "STOCKTON",
        "phone": "2544582889",
        "address": "8300 RED BLUFF RD APT 622",
        "city": "PASADENA",
        "state": "TX",
        "zip": "77507",
        "email": "ADRIANSTOCKTON@HOTMAIL.COM",
        "dateOfBirth": "1967-04-22T12:00:00",
        "ssn": "464478624",
        "userOrders": null,
        "isSold": false,
        "id": 83985
    },
    {
        "firstName": "CHRIS",
        "lastName": "MCDOWELL",
        "phone": "4043139133",
        "address": "71 LONGWOOD CT",
        "city": "DLS",
        "state": "GA",
        "zip": "30132",
        "email": "MCDOWELLC@GMAIL.COM",
        "dateOfBirth": "1967-08-04T12:00:00",
        "ssn": "256397325",
        "userOrders": null,
        "isSold": false,
        "id": 84060
    },
    {
        "firstName": "MARGO",
        "lastName": "PREVOST",
        "phone": "2106063667",
        "address": "211 ADAMS ST",
        "city": "SAN ANTONIO",
        "state": "ANTONIO",
        "zip": "78210",
        "email": "MARGO@SUSTAINABLEMKTG.COM",
        "dateOfBirth": "1967-03-29T12:00:00",
        "ssn": "488648483",
        "userOrders": null,
        "isSold": false,
        "id": 84210
    },
    {
        "firstName": "PHILLIP",
        "lastName": "LEUNG",
        "phone": "8182818987",
        "address": "APT B",
        "city": "GLN",
        "state": "E",
        "zip": "91205",
        "email": "PHILLIPLEUNG88@YAHOO.COM",
        "dateOfBirth": "1967-06-04T12:00:00",
        "ssn": "549439819",
        "userOrders": null,
        "isSold": false,
        "id": 84274
    },
    {
        "firstName": "TEJ",
        "lastName": "SINGH",
        "phone": "6509410990",
        "address": "6509410980",
        "city": "LOS ALTOS CA 94024-6338",
        "state": "FERNHILL",
        "zip": "LAH",
        "email": "94024",
        "dateOfBirth": "1967-02-05T12:00:00",
        "ssn": "322503503",
        "userOrders": null,
        "isSold": false,
        "id": 84282
    },
    {
        "firstName": "COREEN",
        "lastName": "CHIMUTU",
        "phone": "5742103058",
        "address": "54216 27TH ST",
        "city": "SOUTH BEND",
        "state": "BEND",
        "zip": "46635",
        "email": "CCHIMUTU2078@ATT.NET",
        "dateOfBirth": "1967-01-30T12:00:00",
        "ssn": "369133741",
        "userOrders": null,
        "isSold": false,
        "id": 84340
    }
]