[
    {
        "firstName": "LAURA",
        "lastName": "CANNADY",
        "phone": "3147534887",
        "address": "3325 GALT HOUSE DR",
        "city": "ST CHARLES",
        "state": "CHARLES",
        "zip": "63301",
        "email": "JWC22@ATT.NET",
        "dateOfBirth": "1967-02-05T12:00:00",
        "ssn": "322725482",
        "userOrders": null,
        "isSold": false,
        "id": 28971
    },
    {
        "firstName": "MARTHA",
        "lastName": "CERMENO",
        "phone": "4087991660",
        "address": "1700 SOUTHWOOD DR",
        "city": "CERES",
        "state": "CA",
        "zip": "95307",
        "email": "MARTHACERMENO@YMAIL.COM",
        "dateOfBirth": "1967-09-05T12:00:00",
        "ssn": "545436215",
        "userOrders": null,
        "isSold": false,
        "id": 28993
    },
    {
        "firstName": "PEDRO",
        "lastName": "ENRIQUEZ",
        "phone": "5599473150",
        "address": "PO BOX 574",
        "city": "STRTFD",
        "state": "CA",
        "zip": "93266",
        "email": "ENRIQUEZ-OSVALDO@ATT.NET",
        "dateOfBirth": "1967-06-07T12:00:00",
        "ssn": "619324698",
        "userOrders": null,
        "isSold": false,
        "id": 29009
    },
    {
        "firstName": "STEPHANIE",
        "lastName": "BOGGAN",
        "phone": "2054417144",
        "address": "W6967 COUNTY ROAD P",
        "city": "APPLETON",
        "state": "WI",
        "zip": "54911",
        "email": "BLUEE.DAISY@ATT.NET",
        "dateOfBirth": "1967-04-12T12:00:00",
        "ssn": "466395181",
        "userOrders": null,
        "isSold": false,
        "id": 29033
    },
    {
        "firstName": "KATHLEEN",
        "lastName": "R",
        "phone": "5304703671",
        "address": "10161 DOW RD",
        "city": "NC",
        "state": "CITY",
        "zip": "95959",
        "email": "ROBERTAZUELSDORF@GMAIL.COM",
        "dateOfBirth": "1967-09-28T12:00:00",
        "ssn": "393561120",
        "userOrders": null,
        "isSold": false,
        "id": 29039
    },
    {
        "firstName": "DIETER",
        "lastName": "KIELMAYER",
        "phone": "7148280025",
        "address": "6511 SAN HAROLDO WAY",
        "city": "BU PK",
        "state": "PARK",
        "zip": "90620",
        "email": "R.KIELMAYER@YAHOO.COM",
        "dateOfBirth": "1967-01-30T12:00:00",
        "ssn": "548814072",
        "userOrders": null,
        "isSold": false,
        "id": 29105
    },
    {
        "firstName": "DORI",
        "lastName": "ULM",
        "phone": "2199027471",
        "address": "647 N OAKWOOD ST",
        "city": "GRIFFITH",
        "state": "IN",
        "zip": "46319",
        "email": "DORI122@AOL.COM",
        "dateOfBirth": "1967-12-02T12:00:00",
        "ssn": "307866538",
        "userOrders": null,
        "isSold": false,
        "id": 29162
    },
    {
        "firstName": "RANDY",
        "lastName": "JONES",
        "phone": "9136205500",
        "address": "11159 W 163RD PL",
        "city": "OVERLAND PARK",
        "state": "PARK",
        "zip": "66221",
        "email": "RJ@HOSPITALITYFURNISH.COM",
        "dateOfBirth": "1967-06-14T12:00:00",
        "ssn": "495863962",
        "userOrders": null,
        "isSold": false,
        "id": 29187
    },
    {
        "firstName": "DAVID",
        "lastName": "ZULFA",
        "phone": "6613306971",
        "address": "109 CEDMONT DR",
        "city": "BKFD",
        "state": "CA",
        "zip": "93312",
        "email": "DAVEZULFA@YAHOO.COM",
        "dateOfBirth": "1967-01-04T12:00:00",
        "ssn": "547717060",
        "userOrders": null,
        "isSold": false,
        "id": 29202
    },
    {
        "firstName": "MICHELLE",
        "lastName": "KUZA",
        "phone": "2484207124",
        "address": "5670 GREER RD",
        "city": "WEST BLOOMFIELD TWP",
        "state": "BLOOMFIELD",
        "zip": "48324",
        "email": "MICHELLEKUZA@ATT.NET",
        "dateOfBirth": "1967-12-30T12:00:00",
        "ssn": "364801034",
        "userOrders": null,
        "isSold": false,
        "id": 29301
    },
    {
        "firstName": "VICTOR",
        "lastName": "ROBLES",
        "phone": "2095430320",
        "address": "5312 COUNTRYBROOK LN",
        "city": "SALIDA",
        "state": "CA",
        "zip": "95368",
        "email": "ROBLES.V@ATT.NET",
        "dateOfBirth": "1967-07-01T12:00:00",
        "ssn": "611947671",
        "userOrders": null,
        "isSold": false,
        "id": 29355
    },
    {
        "firstName": "JULIA",
        "lastName": "ELAHMADIYYAH*",
        "phone": "7072909633",
        "address": "208 TERN PL",
        "city": "DAVIS",
        "state": "CA",
        "zip": "95616",
        "email": "JELAHMADIYYAH@YAHOO.COM",
        "dateOfBirth": "1967-03-09T12:00:00",
        "ssn": "553736646",
        "userOrders": null,
        "isSold": false,
        "id": 29356
    },
    {
        "firstName": "RODOLFO",
        "lastName": "MENDOZA",
        "phone": "6197708748",
        "address": "1975 HARRISON AVE",
        "city": "SD",
        "state": "DIEGO",
        "zip": "92113",
        "email": "WWW.MENDOZAKIARA@YAHOO.COM",
        "dateOfBirth": "1967-12-20T12:00:00",
        "ssn": "611184063",
        "userOrders": null,
        "isSold": false,
        "id": 29475
    },
    {
        "firstName": "TED",
        "lastName": "GERST",
        "phone": "8167385897",
        "address": "19650 COUNTY ROAD 273",
        "city": "BELTON",
        "state": "MO",
        "zip": "64012",
        "email": "G2_CONSTRUCTION@YAHOO.COM",
        "dateOfBirth": "1967-09-18T12:00:00",
        "ssn": "483845048",
        "userOrders": null,
        "isSold": false,
        "id": 29530
    },
    {
        "firstName": "LIANFANG",
        "lastName": "LU",
        "phone": "2259312115",
        "address": "45 BRISTOL CT",
        "city": "LITTLE ROCK",
        "state": "ROCK",
        "zip": "72211",
        "email": "LIANFANGLU@GMAIL.COM",
        "dateOfBirth": "1967-10-20T12:00:00",
        "ssn": "443174113",
        "userOrders": null,
        "isSold": true,
        "id": 29610
    }
]