[
    {
        "firstName": "RICHARD",
        "lastName": "SCRUGGS",
        "phone": "2283571189",
        "address": "1006 PASS RD",
        "city": "GULFPORT",
        "state": "MS",
        "zip": "39501",
        "email": "RIK_SCR@YAHOO.COM",
        "dateOfBirth": "1967-01-31T12:00:00",
        "ssn": "428377585",
        "userOrders": null,
        "isSold": false,
        "id": 23923
    },
    {
        "firstName": "DON",
        "lastName": "GOODLOW",
        "phone": "5018033371",
        "address": "128 MARSEILLE DR",
        "city": "MAUMELLE NEW TOWN",
        "state": "AR",
        "zip": "72113",
        "email": "DG7281@ATT.COM",
        "dateOfBirth": "1967-02-13T12:00:00",
        "ssn": "414396765",
        "userOrders": null,
        "isSold": true,
        "id": 23932
    },
    {
        "firstName": "MICHELLE",
        "lastName": "MOREE",
        "phone": "6196721299",
        "address": "871 N MOLLISON AVE APT 22",
        "city": "EL CAJ",
        "state": "CAJON",
        "zip": "92021",
        "email": "MICHELLE.MOREE@ATT.NET",
        "dateOfBirth": "1967-06-09T12:00:00",
        "ssn": "570111872",
        "userOrders": null,
        "isSold": false,
        "id": 24101
    },
    {
        "firstName": "JAVIER",
        "lastName": "DIEGO",
        "phone": "7865141816",
        "address": "8554 NW 165TH TER",
        "city": "MIAMI LAKES",
        "state": "LAKES",
        "zip": "33016",
        "email": "MDIEGO918@ATT.NET",
        "dateOfBirth": "1967-12-30T12:00:00",
        "ssn": "594494666",
        "userOrders": null,
        "isSold": true,
        "id": 24113
    },
    {
        "firstName": "SAMAD",
        "lastName": "QAZI",
        "phone": "2819658078",
        "address": "9850 S KIRKWOOD RD APT 2007",
        "city": "HOUSTON",
        "state": "TX",
        "zip": "77099",
        "email": "SAMAD_QAZI@YAHOO.COM",
        "dateOfBirth": "1967-04-21T12:00:00",
        "ssn": "632325928",
        "userOrders": null,
        "isSold": false,
        "id": 24156
    },
    {
        "firstName": "MIKE",
        "lastName": "REILLY",
        "phone": "3052059302",
        "address": "2478 GOVERNORS DR S",
        "city": "JKVL",
        "state": "FL",
        "zip": "32224",
        "email": "BUILDINWITHLEGOS@GMAIL.COM",
        "dateOfBirth": "1967-10-02T12:00:00",
        "ssn": "260472035",
        "userOrders": null,
        "isSold": false,
        "id": 24236
    },
    {
        "firstName": "BETTY",
        "lastName": "GUERRERO",
        "phone": "5125656241",
        "address": "3205 WESTERN DR",
        "city": "AUSTIN",
        "state": "TX",
        "zip": "78745",
        "email": "BETTYINLONDONTOWN@YAHOO.COM",
        "dateOfBirth": "1967-10-10T12:00:00",
        "ssn": "452676360",
        "userOrders": null,
        "isSold": false,
        "id": 24247
    },
    {
        "firstName": "TERESA",
        "lastName": "ANDERSON",
        "phone": "4199175282",
        "address": "4105 ASBURY DR",
        "city": "TOLEDO",
        "state": "OH",
        "zip": "43612",
        "email": "T.ANDERSON@GMAIL.COM",
        "dateOfBirth": "1967-07-16T12:00:00",
        "ssn": "365780598",
        "userOrders": null,
        "isSold": false,
        "id": 24351
    },
    {
        "firstName": "DEBORAH",
        "lastName": "SCHOTTMAN",
        "phone": "5122891000",
        "address": "3100 WAVECREST BLVD",
        "city": "AUSTIN",
        "state": "TX",
        "zip": "78728",
        "email": "BUGSCHOTTMAN@GMAIL.COM",
        "dateOfBirth": "1967-01-09T12:00:00",
        "ssn": "453965730",
        "userOrders": null,
        "isSold": false,
        "id": 24353
    },
    {
        "firstName": "NELLIE",
        "lastName": "MOLNAR",
        "phone": "8582454678",
        "address": "7255 CALABRIA CT UNIT 38",
        "city": "SD",
        "state": "DIEGO",
        "zip": "92122",
        "email": "NELLIE.MOLNARDDS@SBCGLOBAL.NET",
        "dateOfBirth": "1967-09-02T12:00:00",
        "ssn": "620701195",
        "userOrders": null,
        "isSold": false,
        "id": 24622
    },
    {
        "firstName": "DAVID",
        "lastName": "P",
        "phone": "5599402910",
        "address": "5746 E ERIN AVE",
        "city": "FRS",
        "state": "CA",
        "zip": "93727",
        "email": "DSANCHEZ128@HOTMAIL.COM",
        "dateOfBirth": "1967-11-10T12:00:00",
        "ssn": "560237243",
        "userOrders": null,
        "isSold": false,
        "id": 24646
    },
    {
        "firstName": "ROSHWAN",
        "lastName": "FIPPS",
        "phone": "9184026444",
        "address": "2244 N QUINCY AVE",
        "city": "TULSA",
        "state": "OK",
        "zip": "74106",
        "email": "ROROGEORGE07@YAHOO.COM",
        "dateOfBirth": "1967-09-10T12:00:00",
        "ssn": "445740664",
        "userOrders": null,
        "isSold": false,
        "id": 24767
    },
    {
        "firstName": "KIMBERLY",
        "lastName": "FORTINI*",
        "phone": "9154332756",
        "address": "496 HOMECREST DR",
        "city": "EL PASO",
        "state": "NY",
        "zip": "79932",
        "email": "KIMBERLYFORTINI@YAHOO.COM",
        "dateOfBirth": "1967-01-08T12:00:00",
        "ssn": "102628147",
        "userOrders": null,
        "isSold": true,
        "id": 25034
    },
    {
        "firstName": "LENA",
        "lastName": "GRADY",
        "phone": "3107386601",
        "address": "1714 255TH ST",
        "city": "LMTA",
        "state": "CA",
        "zip": "90717",
        "email": "LENAGRADY@ATT.NET",
        "dateOfBirth": "1967-02-17T12:00:00",
        "ssn": "548239019",
        "userOrders": null,
        "isSold": false,
        "id": 25036
    },
    {
        "firstName": "VICTOR",
        "lastName": "LARA",
        "phone": "8303521031",
        "address": "2195 STONE ST",
        "city": "EAGLE PASS",
        "state": "PASS",
        "zip": "78852",
        "email": "LARA8357@SBCGLOBAL.NET",
        "dateOfBirth": "1967-02-06T12:00:00",
        "ssn": "637542700",
        "userOrders": null,
        "isSold": false,
        "id": 25052
    }
]