[
    {
        "firstName": "KELLY",
        "lastName": "GALAS",
        "phone": "6166084054",
        "address": "O-11789 BRISBEN LN NW",
        "city": "TALLMADGE TWP",
        "state": "RAPIDS",
        "zip": "49534",
        "email": "KELLYGALAS@YAHOO.COM",
        "dateOfBirth": "1967-12-02T12:00:00",
        "ssn": "374803602",
        "userOrders": null,
        "isSold": false,
        "id": 46117
    },
    {
        "firstName": "TERANCE",
        "lastName": "GAULT",
        "phone": "8643980059",
        "address": "219 BELMARC DR",
        "city": "SPARTANBG",
        "state": "SC",
        "zip": "29301",
        "email": "TERANCEGAULT@YAHOO.COM",
        "dateOfBirth": "1967-09-04T12:00:00",
        "ssn": "248598962",
        "userOrders": null,
        "isSold": false,
        "id": 46120
    },
    {
        "firstName": "RAFEL",
        "lastName": "CAMARGO",
        "phone": "2102942207",
        "address": "809 E JOSEPHINE ST",
        "city": "SAN ANTONIO",
        "state": "ANTONIO",
        "zip": "78208",
        "email": "RAFAELCAMARGO@SBCGLOBAL.NET",
        "dateOfBirth": "1967-02-10T12:00:00",
        "ssn": "463216311",
        "userOrders": null,
        "isSold": false,
        "id": 46227
    },
    {
        "firstName": "MICHAEL",
        "lastName": "MOORE",
        "phone": "4088230749",
        "address": "APT E207",
        "city": "TLK",
        "state": "W",
        "zip": "95382",
        "email": "MM082067@YAHOO.COM",
        "dateOfBirth": "1967-08-20T12:00:00",
        "ssn": "547259186",
        "userOrders": null,
        "isSold": false,
        "id": 46235
    },
    {
        "firstName": "CHERYL",
        "lastName": "WAKEFIELD",
        "phone": "4045936266",
        "address": "7535 KIMBERLY LYNN CT",
        "city": "LTHNIA",
        "state": "GA",
        "zip": "30058",
        "email": "CHERYL_WAKEFIELD@HOTMAIL.COM",
        "dateOfBirth": "1967-08-03T12:00:00",
        "ssn": "259088104",
        "userOrders": null,
        "isSold": false,
        "id": 46434
    },
    {
        "firstName": "LAURA",
        "lastName": "OROZCO",
        "phone": "2814452073",
        "address": "11411 GREEN PLAZA DR APT 3801",
        "city": "HOUSTON",
        "state": "TX",
        "zip": "77038",
        "email": "OROZCO2112@ATT.NET",
        "dateOfBirth": "1967-01-07T12:00:00",
        "ssn": "606220119",
        "userOrders": null,
        "isSold": false,
        "id": 46439
    },
    {
        "firstName": "RAFAEL",
        "lastName": "MUNOZ",
        "phone": "5128004721",
        "address": "2617 MOBIL ST",
        "city": "ROUND ROCK",
        "state": "ROCK",
        "zip": "78681",
        "email": "LILLAURA1806@YAHOO.COM",
        "dateOfBirth": "1967-06-27T12:00:00",
        "ssn": "466473185",
        "userOrders": null,
        "isSold": true,
        "id": 46476
    },
    {
        "firstName": "RANDI",
        "lastName": "SPADA",
        "phone": "3135745268",
        "address": "29000 JOY RD",
        "city": "ANN ARBOR",
        "state": "MI",
        "zip": "48103",
        "email": "RANDILYNN67@YAHOO.COM",
        "dateOfBirth": "1967-01-19T12:00:00",
        "ssn": "365925260",
        "userOrders": null,
        "isSold": false,
        "id": 46567
    },
    {
        "firstName": "MICHAEL",
        "lastName": "AARSTOL",
        "phone": "7145142049",
        "address": "1755 PINE ST APT 9",
        "city": "SF",
        "state": "FRANCISCO",
        "zip": "94109",
        "email": "MAARSTOL@GMAIL.COM",
        "dateOfBirth": "1967-08-04T12:00:00",
        "ssn": "538700620",
        "userOrders": null,
        "isSold": true,
        "id": 46571
    },
    {
        "firstName": "BARBARA",
        "lastName": "LINDER",
        "phone": "3866232311",
        "address": "300 NW JOLAND WAY",
        "city": "LK*CY",
        "state": "CITY",
        "zip": "32055",
        "email": "BARBARALEORY43@GMAIL.COM",
        "dateOfBirth": "1967-08-14T12:00:00",
        "ssn": "590092317",
        "userOrders": null,
        "isSold": false,
        "id": 46604
    },
    {
        "firstName": "GAIL",
        "lastName": "TORRES",
        "phone": "7046076274",
        "address": "8512 TAMARRON DR",
        "city": "CHAR",
        "state": "NC",
        "zip": "28277",
        "email": "GAILETORRES67@GMAIL.COM",
        "dateOfBirth": "1967-02-18T12:00:00",
        "ssn": "116665054",
        "userOrders": null,
        "isSold": false,
        "id": 46651
    },
    {
        "firstName": "DENNIS",
        "lastName": "MILLER",
        "phone": "2058211333",
        "address": "1249 LYNN ACRES DR",
        "city": "BIRMINGHAM",
        "state": "AL",
        "zip": "35215",
        "email": "UPERS1@YAHOO.COM",
        "dateOfBirth": "1967-03-19T12:00:00",
        "ssn": "379788543",
        "userOrders": null,
        "isSold": false,
        "id": 46678
    },
    {
        "firstName": "DEBBIE",
        "lastName": "EGLY",
        "phone": "8174784425",
        "address": "5608 BAY CLUB DR",
        "city": "ARLINGTON",
        "state": "TX",
        "zip": "76017",
        "email": "TXTEAM@AOL.COM",
        "dateOfBirth": "1967-03-21T12:00:00",
        "ssn": "484800660",
        "userOrders": null,
        "isSold": false,
        "id": 46895
    },
    {
        "firstName": "DAVID",
        "lastName": "FOSTER",
        "phone": "6193985976",
        "address": "8760 JAMACHA RD BLDG 9 APT A",
        "city": "SP VLY",
        "state": "VALLEY",
        "zip": "91977",
        "email": "DAVIDALEXANDERFOSTER1957@GMAIL.COM",
        "dateOfBirth": "1967-01-03T12:00:00",
        "ssn": "568066245",
        "userOrders": null,
        "isSold": false,
        "id": 46922
    },
    {
        "firstName": "JOYCE",
        "lastName": "PATTERSON",
        "phone": "9372417117",
        "address": "5386 PICKFORD DR",
        "city": "DAYTON",
        "state": "OH",
        "zip": "45432",
        "email": "JAPATTERSO@PREMIERHEALTH.COM",
        "dateOfBirth": "1967-12-25T12:00:00",
        "ssn": "299640317",
        "userOrders": null,
        "isSold": false,
        "id": 46942
    }
]