[
    {
        "firstName": "MICHAEL",
        "lastName": "WALSH",
        "phone": "4077168604",
        "address": "104 DEER SONG DR",
        "city": "WN SPGS",
        "state": "SPGS",
        "zip": "32708",
        "email": "MRWJRORLANDO@AOL.COM",
        "dateOfBirth": "1967-06-18T12:00:00",
        "ssn": "264950179",
        "userOrders": null,
        "isSold": true,
        "id": 53210
    },
    {
        "firstName": "SEAN",
        "lastName": "STEVENSON",
        "phone": "6199421235",
        "address": "555 DELAWARE ST",
        "city": "IMP BCH",
        "state": "BCH",
        "zip": "91932",
        "email": "R7625@ATT.NET",
        "dateOfBirth": "1967-01-19T12:00:00",
        "ssn": "459618123",
        "userOrders": null,
        "isSold": false,
        "id": 53218
    },
    {
        "firstName": "BENITA",
        "lastName": "BENN",
        "phone": "4236450843",
        "address": "7640 AUSTIN DR",
        "city": "CHATTANOOGA",
        "state": "TN",
        "zip": "37416",
        "email": "BENITAB@HAMILTONTN.GOV",
        "dateOfBirth": "1967-06-20T12:00:00",
        "ssn": "421135312",
        "userOrders": null,
        "isSold": false,
        "id": 53326
    },
    {
        "firstName": "MICHAEL",
        "lastName": "WOODARD",
        "phone": "7726217043",
        "address": "261 NE SOLIDA CIR",
        "city": "P*S*L",
        "state": "ST",
        "zip": "34983",
        "email": "MIKESARMADA@ATT.NET",
        "dateOfBirth": "1967-01-07T12:00:00",
        "ssn": "575231734",
        "userOrders": null,
        "isSold": true,
        "id": 53456
    },
    {
        "firstName": "TAMMY",
        "lastName": "BLEVINS",
        "phone": "6198047594",
        "address": "1461 MARY LOU ST",
        "city": "SD",
        "state": "DIEGO",
        "zip": "92102",
        "email": "TAMBLEV4BOYS@ATT.NET",
        "dateOfBirth": "1967-12-29T12:00:00",
        "ssn": "549178111",
        "userOrders": null,
        "isSold": false,
        "id": 53465
    },
    {
        "firstName": "SHAWN",
        "lastName": "LUCA",
        "phone": "7069941211",
        "address": "8650 W BERWYN AVE APT BSM",
        "city": "CHGO",
        "state": "IL",
        "zip": "60656",
        "email": "MRSHAWNLUCA@GMAIL.COM",
        "dateOfBirth": "1967-06-01T12:00:00",
        "ssn": "304904788",
        "userOrders": null,
        "isSold": false,
        "id": 53480
    },
    {
        "firstName": "TAMATHA",
        "lastName": "JOHNSON",
        "phone": "3184182455",
        "address": "19 BEDFORD ST",
        "city": "DELHI",
        "state": "LA",
        "zip": "71232",
        "email": "TAMATHAJOHNSON3636@ATT.NET",
        "dateOfBirth": "1967-03-19T12:00:00",
        "ssn": "437392631",
        "userOrders": null,
        "isSold": false,
        "id": 53493
    },
    {
        "firstName": "PAMELA",
        "lastName": "LA",
        "phone": "8155872461",
        "address": "160 PRAIRIE ST",
        "city": "OTTAWA",
        "state": "IL",
        "zip": "61350",
        "email": "CARMCANCOOK@GMAIL.COM",
        "dateOfBirth": "1967-10-09T12:00:00",
        "ssn": "327627239",
        "userOrders": null,
        "isSold": false,
        "id": 53651
    },
    {
        "firstName": "PAUL",
        "lastName": "ROBINSON",
        "phone": "1111110003",
        "address": "11513 PLANE TREE RD",
        "city": "FON",
        "state": "CA",
        "zip": "92337",
        "email": "PROB76474@ATT.NET",
        "dateOfBirth": "1967-01-20T12:00:00",
        "ssn": "554450459",
        "userOrders": null,
        "isSold": false,
        "id": 53697
    },
    {
        "firstName": "TROY",
        "lastName": "RICHARDSON",
        "phone": "5302079359",
        "address": "1741 TEHAMA DR",
        "city": "WDLND",
        "state": "CA",
        "zip": "95695",
        "email": "TROYKRICHARDSON@AOL.COM",
        "dateOfBirth": "1967-09-18T12:00:00",
        "ssn": "357704186",
        "userOrders": null,
        "isSold": false,
        "id": 53754
    },
    {
        "firstName": "SRIGANESHAN",
        "lastName": "KATHIRGAMATHAMBY",
        "phone": "7862016892",
        "address": "2241 SW 180TH AVE",
        "city": "MIRAMAR",
        "state": "FL",
        "zip": "33029",
        "email": "SRIGANESHANK@YAHOO.COM",
        "dateOfBirth": "1967-06-01T12:00:00",
        "ssn": "591910040",
        "userOrders": null,
        "isSold": false,
        "id": 53779
    },
    {
        "firstName": "WENDY",
        "lastName": "WOO",
        "phone": "4153459075",
        "address": "1730 VALLEJO ST APT 12",
        "city": "SF",
        "state": "FRANCISCO",
        "zip": "94123",
        "email": "WENDYAWOO@GMAIL.COM",
        "dateOfBirth": "1967-06-03T12:00:00",
        "ssn": "552864387",
        "userOrders": null,
        "isSold": true,
        "id": 53787
    },
    {
        "firstName": "JERRI",
        "lastName": "WILHITE",
        "phone": "4172250578",
        "address": "996 GLEN OAKS DR",
        "city": "NIXA",
        "state": "MO",
        "zip": "65714",
        "email": "MONORTONS@AOI.COM",
        "dateOfBirth": "1967-04-05T12:00:00",
        "ssn": "492748139",
        "userOrders": null,
        "isSold": false,
        "id": 53793
    },
    {
        "firstName": "THERESA",
        "lastName": "J",
        "phone": "3869869886",
        "address": "110 PRITCHARD DR",
        "city": "PLM CST",
        "state": "COAST",
        "zip": "32164",
        "email": "ZAGDAT@GMAIL.COM",
        "dateOfBirth": "1967-12-09T12:00:00",
        "ssn": "575947022",
        "userOrders": null,
        "isSold": false,
        "id": 53807
    },
    {
        "firstName": "SAMUEL",
        "lastName": "DELGADO",
        "phone": "9548062158",
        "address": "3604 SW 14TH ST APT B",
        "city": "FT L",
        "state": "LAUDERDALE",
        "zip": "33312",
        "email": "SAMUELDELGADO1967@YAHOO.COM",
        "dateOfBirth": "1967-05-06T12:00:00",
        "ssn": "595853730",
        "userOrders": null,
        "isSold": false,
        "id": 53846
    }
]