[
    {
        "firstName": "BRENDA",
        "lastName": "GRAYBILL",
        "phone": "7409822480",
        "address": "7720 RANSBOTTOM RD",
        "city": "NEWTON TWP",
        "state": "OH",
        "zip": "43777",
        "email": "BRENDAGRAYBILL8@AOL.COM",
        "dateOfBirth": "1967-06-10T12:00:00",
        "ssn": "291721700",
        "userOrders": null,
        "isSold": false,
        "id": 49714
    },
    {
        "firstName": "MARIA",
        "lastName": "LOPEZ",
        "phone": "2093807926",
        "address": "724 AVON ST",
        "city": "MDSTO",
        "state": "CA",
        "zip": "95351",
        "email": "MAXIMINOONOFRE7@GMAIL.COM",
        "dateOfBirth": "1967-06-04T12:00:00",
        "ssn": "626392836",
        "userOrders": null,
        "isSold": false,
        "id": 49732
    },
    {
        "firstName": "SUZANNE",
        "lastName": "JUCKSCH",
        "phone": "6614769186",
        "address": "PO BOX 746",
        "city": "CNYN CTRY",
        "state": "CO",
        "zip": "91387",
        "email": "SMWALKER@TRIUMPHGROUP.COM",
        "dateOfBirth": "1967-09-13T12:00:00",
        "ssn": "493684247",
        "userOrders": null,
        "isSold": true,
        "id": 49768
    },
    {
        "firstName": "DANNY'S",
        "lastName": "SOUTHERN",
        "phone": "1111110001",
        "address": "PO BOX 2227",
        "city": "COLUMBUS",
        "state": "MS",
        "zip": "39702",
        "email": "DANNYSSOUTHERNDINER@YAHOO.COM",
        "dateOfBirth": "1967-10-18T12:00:00",
        "ssn": "427112619",
        "userOrders": null,
        "isSold": false,
        "id": 49866
    },
    {
        "firstName": "GINA",
        "lastName": "JUERA",
        "phone": "7194332827",
        "address": "6860 CONQUISTADOR CT",
        "city": "GRER",
        "state": "SPGS",
        "zip": "29650",
        "email": "MINIGEGE_85@YAHOO.COM",
        "dateOfBirth": "1967-09-09T12:00:00",
        "ssn": "524338639",
        "userOrders": null,
        "isSold": true,
        "id": 50095
    },
    {
        "firstName": "MICHAEL",
        "lastName": "FABBRI",
        "phone": "5806782600",
        "address": "4937 E 91ST ST",
        "city": "COLLINSVILLE",
        "state": "OK",
        "zip": "74021",
        "email": "FABBRIMW@AOL.COM",
        "dateOfBirth": "1967-03-24T12:00:00",
        "ssn": "449713213",
        "userOrders": null,
        "isSold": false,
        "id": 50110
    },
    {
        "firstName": "JOSEPH",
        "lastName": "HANNOLD",
        "phone": "9546055202",
        "address": "319 SW DONNA TER",
        "city": "P*S*L",
        "state": "ST",
        "zip": "34984",
        "email": "WOLVES8U@HOTMAIL.COM",
        "dateOfBirth": "1967-09-01T12:00:00",
        "ssn": "103607413",
        "userOrders": null,
        "isSold": true,
        "id": 50173
    },
    {
        "firstName": "DONALD",
        "lastName": "LOCKMAN",
        "phone": "9515154234",
        "address": "522 WRIGHTWOOD RD",
        "city": "COR",
        "state": "CA",
        "zip": "92879",
        "email": "LOCKHOUSE@SBCGLOBAL.NET",
        "dateOfBirth": "1967-12-19T12:00:00",
        "ssn": "545754433",
        "userOrders": null,
        "isSold": false,
        "id": 50322
    },
    {
        "firstName": "VICTORIA",
        "lastName": "HARRIS",
        "phone": "4149431949",
        "address": "6092 N 41ST ST",
        "city": "MILWAUKEE",
        "state": "WI",
        "zip": "53209",
        "email": "MEAH1989@GMAIL.COM",
        "dateOfBirth": "1967-07-03T12:00:00",
        "ssn": "392645261",
        "userOrders": null,
        "isSold": false,
        "id": 50340
    },
    {
        "firstName": "DEEDRA",
        "lastName": "MOORE",
        "phone": "9187495273",
        "address": "5321 S OWASSO AVE",
        "city": "TULSA",
        "state": "OK",
        "zip": "74105",
        "email": "DEEDRAJMOORE@YAHOO.COM",
        "dateOfBirth": "1967-11-08T12:00:00",
        "ssn": "440761060",
        "userOrders": null,
        "isSold": false,
        "id": 50406
    },
    {
        "firstName": "CAROL",
        "lastName": "VINES",
        "phone": "2149066757",
        "address": "1012 S ADELAIDE ST",
        "city": "TERRELL",
        "state": "TX",
        "zip": "75160",
        "email": "CRVSCAKE@ATT.NET",
        "dateOfBirth": "1967-11-12T12:00:00",
        "ssn": "456312884",
        "userOrders": null,
        "isSold": false,
        "id": 50481
    },
    {
        "firstName": "ROSARIO*",
        "lastName": "MENDOZA",
        "phone": "9152412950",
        "address": "533 TRAILS END CT",
        "city": "EL PASO",
        "state": "PASO",
        "zip": "79932",
        "email": "MENDOZACHAYO@SBCGLOBAL.NET",
        "dateOfBirth": "1967-01-26T12:00:00",
        "ssn": "460552513",
        "userOrders": null,
        "isSold": false,
        "id": 50554
    },
    {
        "firstName": "KIMBERLY",
        "lastName": "BLACKABY",
        "phone": "5867039680",
        "address": "52342 CREEK LN",
        "city": "CHESTERFIELD TWP",
        "state": "MI",
        "zip": "48047",
        "email": "KIMMYGIRL5@COMCAST.NET",
        "dateOfBirth": "1967-08-27T12:00:00",
        "ssn": "372926851",
        "userOrders": null,
        "isSold": false,
        "id": 50599
    },
    {
        "firstName": "GEOFF",
        "lastName": "FAHNESTOCK",
        "phone": "6787776166",
        "address": "6020 LOCH HARBOR CT",
        "city": "RSWL",
        "state": "GA",
        "zip": "30075",
        "email": "GEOFF.FAHNESTOCK@GMAIL.COM",
        "dateOfBirth": "1967-07-19T12:00:00",
        "ssn": "298561593",
        "userOrders": null,
        "isSold": false,
        "id": 50627
    },
    {
        "firstName": "LISA",
        "lastName": "HAGY",
        "phone": "8322263265",
        "address": "7102 LEWIS LN",
        "city": "MANVEL",
        "state": "TX",
        "zip": "77578",
        "email": "LISA.HAGY@SBCGLOBAL.NET",
        "dateOfBirth": "1967-04-05T12:00:00",
        "ssn": "262395088",
        "userOrders": null,
        "isSold": false,
        "id": 50639
    }
]