[
    {
        "firstName": "CHARLOTTE",
        "lastName": "WOODEN",
        "phone": "1111110002",
        "address": "780 S MALLORY ST",
        "city": "HAYTI HEIGHTS",
        "state": "HEIGHTS",
        "zip": "63851",
        "email": "CHARLOTTE_WDN@YAHOO.COM",
        "dateOfBirth": "1967-08-21T12:00:00",
        "ssn": "499761216",
        "userOrders": null,
        "isSold": true,
        "id": 52514
    },
    {
        "firstName": "LISA",
        "lastName": "BAKER",
        "phone": "4062126120",
        "address": "150 W 225TH ST APT 30H",
        "city": "MEMPHIS",
        "state": "NY",
        "zip": "38134",
        "email": "LMBAKER42@YAHOO.COM",
        "dateOfBirth": "1967-09-27T12:00:00",
        "ssn": "516027430",
        "userOrders": null,
        "isSold": true,
        "id": 52630
    },
    {
        "firstName": "JAIME",
        "lastName": "MUNIZ",
        "phone": "8322356257",
        "address": "7550 PLUM CREEK DR APT 5107",
        "city": "HOUSTON",
        "state": "TX",
        "zip": "77012",
        "email": "RAMIREZREYES77@HOTMAIL.COM",
        "dateOfBirth": "1967-04-05T12:00:00",
        "ssn": "464311671",
        "userOrders": null,
        "isSold": false,
        "id": 52672
    },
    {
        "firstName": "DAVID",
        "lastName": "MIDDLETON",
        "phone": "5174926937",
        "address": "210 MEYERS AVE",
        "city": "SUMMIT TWP",
        "state": "MI",
        "zip": "49203",
        "email": "DMIDDLETON3511@GMAIL.COM",
        "dateOfBirth": "1967-09-30T12:00:00",
        "ssn": "223296183",
        "userOrders": null,
        "isSold": false,
        "id": 52715
    },
    {
        "firstName": "TOM",
        "lastName": "SPIEGEL-SKELLY",
        "phone": "7738510853",
        "address": "5025 W BALMORAL AVE",
        "city": "CHGO",
        "state": "IL",
        "zip": "60630",
        "email": "TWS194@AOL.COM",
        "dateOfBirth": "1967-09-08T12:00:00",
        "ssn": "331744504",
        "userOrders": null,
        "isSold": false,
        "id": 52722
    },
    {
        "firstName": "TERESA",
        "lastName": "SHEA",
        "phone": "4697675895",
        "address": "305 HAUGHTON ST",
        "city": "ALLEN",
        "state": "TX",
        "zip": "75002",
        "email": "BOBANDTERISHEA@AOL.COM",
        "dateOfBirth": "1967-04-22T12:00:00",
        "ssn": "441749254",
        "userOrders": null,
        "isSold": false,
        "id": 52761
    },
    {
        "firstName": "MERCEDES",
        "lastName": "CASTILLO",
        "phone": "3109084743",
        "address": "320 GERALDINE LOOP SE APT B",
        "city": "RIO RANCHO",
        "state": "RANCHO",
        "zip": "87124",
        "email": "MERCYACASTILLO@HOTMAIL.COM",
        "dateOfBirth": "1967-12-21T12:00:00",
        "ssn": "609278401",
        "userOrders": null,
        "isSold": false,
        "id": 52836
    },
    {
        "firstName": "MARLENE",
        "lastName": "HIDALGO",
        "phone": "1111110001",
        "address": "5084 ASHLEY LAKE DR APT 926",
        "city": "LANTANA",
        "state": "BEACH",
        "zip": "33462",
        "email": "LIZH1996@YAHOO.COM",
        "dateOfBirth": "1967-08-28T12:00:00",
        "ssn": "591042628",
        "userOrders": null,
        "isSold": false,
        "id": 52864
    },
    {
        "firstName": "JOEL",
        "lastName": "MARTIN",
        "phone": "4799665009",
        "address": "223 W VILLAGE LAKE DR APT 1",
        "city": "FAYETTEVILLE",
        "state": "AR",
        "zip": "72703",
        "email": "M.DITMORE@ME.COM",
        "dateOfBirth": "1967-11-25T12:00:00",
        "ssn": "494809061",
        "userOrders": null,
        "isSold": true,
        "id": 52874
    },
    {
        "firstName": "TAMARA",
        "lastName": "UPLINGER",
        "phone": "6166961752",
        "address": "15555 CEDAR SPRINGS AVE",
        "city": "CEDAR SPGS",
        "state": "SPRINGS",
        "zip": "49319",
        "email": "TAMARAUPLINGER@SBCGLOBAL.NET",
        "dateOfBirth": "1967-02-25T12:00:00",
        "ssn": "375566304",
        "userOrders": null,
        "isSold": false,
        "id": 52905
    },
    {
        "firstName": "XIN",
        "lastName": "MIN",
        "phone": "4156994709",
        "address": "70 REDDY ST",
        "city": "SF",
        "state": "FRANCISCO",
        "zip": "94124",
        "email": "WUSHERRY_6236@YAHOO.COM",
        "dateOfBirth": "1967-12-26T12:00:00",
        "ssn": "602172781",
        "userOrders": null,
        "isSold": true,
        "id": 53058
    },
    {
        "firstName": "DARA",
        "lastName": "SAGHFI",
        "phone": "7143347606",
        "address": "UNIT A",
        "city": "ORG",
        "state": "N",
        "zip": "92869",
        "email": "SAGHAFIDARA@YAHOO.COM",
        "dateOfBirth": "1967-08-21T12:00:00",
        "ssn": "625141227",
        "userOrders": null,
        "isSold": true,
        "id": 53113
    },
    {
        "firstName": "DONELLA",
        "lastName": "HERRING",
        "phone": "7042018719",
        "address": "1451 WEMBLEY DR",
        "city": "CHAR",
        "state": "NC",
        "zip": "28205",
        "email": "DONELLA.HERRINGAMA@GMAIL.COM",
        "dateOfBirth": "1967-01-06T12:00:00",
        "ssn": "182644385",
        "userOrders": null,
        "isSold": false,
        "id": 53167
    },
    {
        "firstName": "ALFREDO",
        "lastName": "ELIZALDE",
        "phone": "7734010637",
        "address": "5323 W MELROSE ST",
        "city": "CHGO",
        "state": "IL",
        "zip": "60641",
        "email": "ELIZALD4@AOL.COM",
        "dateOfBirth": "1967-04-21T12:00:00",
        "ssn": "342947099",
        "userOrders": null,
        "isSold": false,
        "id": 53179
    },
    {
        "firstName": "MIKE",
        "lastName": "LONG",
        "phone": "5014131527",
        "address": "18 BRIAR PATCH CT",
        "city": "LITTLE ROCK",
        "state": "ROCK",
        "zip": "72211",
        "email": "MIKELONG247@GMAIL.COM",
        "dateOfBirth": "1967-09-14T12:00:00",
        "ssn": "432276143",
        "userOrders": null,
        "isSold": true,
        "id": 53199
    }
]