[
    {
        "firstName": "EDWARD",
        "lastName": "WAHL",
        "phone": "4789194219",
        "address": "1955 EVERGLADES DR",
        "city": "BONAIRE",
        "state": "FL",
        "zip": "31005",
        "email": "EWAHL67@GMAIL.COM",
        "dateOfBirth": "1967-03-08T12:00:00",
        "ssn": "594050272",
        "userOrders": null,
        "isSold": false,
        "id": 14625
    },
    {
        "firstName": "TAIBAT",
        "lastName": "ABUDU",
        "phone": "6308639970",
        "address": "3033 SPRUCE CIR",
        "city": "SNLVL",
        "state": "GA",
        "zip": "30078",
        "email": "TABUDU@YAHOO.COM",
        "dateOfBirth": "1967-03-28T12:00:00",
        "ssn": "355967525",
        "userOrders": null,
        "isSold": false,
        "id": 14630
    },
    {
        "firstName": "SAMUEL",
        "lastName": "HOLMES",
        "phone": "2818295172",
        "address": "19634 AZALEA BROOK WAY",
        "city": "HOUSTON",
        "state": "TX",
        "zip": "77084",
        "email": "SMHOLMES3@ATT.NET",
        "dateOfBirth": "1967-03-11T12:00:00",
        "ssn": "356589639",
        "userOrders": null,
        "isSold": false,
        "id": 14779
    },
    {
        "firstName": "CAROLINA",
        "lastName": "SPEREKAS",
        "phone": "3124020727",
        "address": "3333 S BELL AVE",
        "city": "CHGO",
        "state": "IL",
        "zip": "60608",
        "email": "CAROLINA5786@ATT.NET",
        "dateOfBirth": "1967-08-18T12:00:00",
        "ssn": "328743384",
        "userOrders": null,
        "isSold": false,
        "id": 14787
    },
    {
        "firstName": "MELVIA",
        "lastName": "USURY",
        "phone": "7706527952",
        "address": "240 SUNNY HOLW",
        "city": "MC*D",
        "state": "GA",
        "zip": "30252",
        "email": "MELVIA_USURY@YAHOO.COM",
        "dateOfBirth": "1967-11-18T12:00:00",
        "ssn": "252278676",
        "userOrders": null,
        "isSold": false,
        "id": 14894
    },
    {
        "firstName": "CESYL",
        "lastName": "BUTIU",
        "phone": "3236823711",
        "address": "2130 FAIR PARK AVE APT 210",
        "city": "LA",
        "state": "ANGELES",
        "zip": "90041",
        "email": "VALBUTIU@SBCGLOBAL.NET",
        "dateOfBirth": "1967-09-11T12:00:00",
        "ssn": "568919736",
        "userOrders": null,
        "isSold": false,
        "id": 14980
    },
    {
        "firstName": "BEATRIZ",
        "lastName": "OFFEN",
        "phone": "6309066207",
        "address": "50 SIERRA RD",
        "city": "MONTGRY",
        "state": "IL",
        "zip": "60538",
        "email": "BEATRIZOFFEN@GMAIL.COM",
        "dateOfBirth": "1967-11-18T12:00:00",
        "ssn": "340926051",
        "userOrders": null,
        "isSold": false,
        "id": 14996
    },
    {
        "firstName": "THEODORE",
        "lastName": "NOKES",
        "phone": "8303261511",
        "address": "5235 STORMY AUTUMN",
        "city": "DEVINE",
        "state": "ANTONIO",
        "zip": "78016",
        "email": "T.R.NOKES@BAINBRIDGEAEROSPACE.COM",
        "dateOfBirth": "1967-08-05T12:00:00",
        "ssn": "465578212",
        "userOrders": null,
        "isSold": false,
        "id": 15124
    },
    {
        "firstName": "AMY",
        "lastName": "PHILLIPS",
        "phone": "3238102313",
        "address": "7215 WILLOUGHBY AVE APT 106",
        "city": "LA",
        "state": "ANGELES",
        "zip": "90046",
        "email": "ADPHILLIPS509@GMAIL.COM",
        "dateOfBirth": "1967-07-01T12:00:00",
        "ssn": "537961170",
        "userOrders": null,
        "isSold": false,
        "id": 15138
    },
    {
        "firstName": "SABIN",
        "lastName": "SEBASTIAN",
        "phone": "2054260997",
        "address": "220 EDEN VIEW DR",
        "city": "HOOVER",
        "state": "AL",
        "zip": "35244",
        "email": "DOCSABIN@HOTMAIL.COM",
        "dateOfBirth": "1967-01-22T12:00:00",
        "ssn": "347904155",
        "userOrders": null,
        "isSold": false,
        "id": 15208
    },
    {
        "firstName": "MIKE",
        "lastName": "BIRCHLER",
        "phone": "9133379807",
        "address": "15721 CANTERBURY ST",
        "city": "OVERLAND PARK",
        "state": "PARK",
        "zip": "66224",
        "email": "MIKEBIRCHLER@SBCGLOBAL.NET",
        "dateOfBirth": "1967-12-03T12:00:00",
        "ssn": "587378498",
        "userOrders": null,
        "isSold": false,
        "id": 15214
    },
    {
        "firstName": "CHANDRA",
        "lastName": "JONES",
        "phone": "2547655000",
        "address": "PO BOX 843",
        "city": "WORTHAM",
        "state": "TX",
        "zip": "76693",
        "email": "CHANDRAJONES843@YAHOO.COM",
        "dateOfBirth": "1967-06-17T12:00:00",
        "ssn": "463233500",
        "userOrders": null,
        "isSold": false,
        "id": 15246
    },
    {
        "firstName": "ALI",
        "lastName": "AGHA",
        "phone": "8479774329",
        "address": "PO BOX 21",
        "city": "ARL HTS",
        "state": "HTS",
        "zip": "60004",
        "email": "ALIAGHA70@MSN.COM",
        "dateOfBirth": "1967-08-03T12:00:00",
        "ssn": "431857228",
        "userOrders": null,
        "isSold": false,
        "id": 15263
    },
    {
        "firstName": "CHRISTOPHER",
        "lastName": "JASSO",
        "phone": "8326020180",
        "address": "11235 RIPPLING MEADOWS DR",
        "city": "HOUSTON",
        "state": "TX",
        "zip": "77064",
        "email": "CHRISTOPHERJASSO@HOTMAIL.COM",
        "dateOfBirth": "1967-11-24T12:00:00",
        "ssn": "457135961",
        "userOrders": null,
        "isSold": false,
        "id": 15282
    },
    {
        "firstName": "KYLE",
        "lastName": "ISBELL",
        "phone": "4056501632",
        "address": "12011 HAWTHORNE LN",
        "city": "OKLAHOMA CITY",
        "state": "CITY",
        "zip": "73162",
        "email": "KYLE@ABIDEHOMES.COM",
        "dateOfBirth": "1967-12-03T12:00:00",
        "ssn": "448804937",
        "userOrders": null,
        "isSold": false,
        "id": 15401
    }
]