[
    {
        "firstName": "ERRIC",
        "lastName": "CRAWFORD",
        "phone": "4046255215",
        "address": "100 GROVE LN",
        "city": "ALPH",
        "state": "AL",
        "zip": "30004",
        "email": "CRAWFOE@GMAIL.COM",
        "dateOfBirth": "1967-09-30T12:00:00",
        "ssn": "212727215",
        "userOrders": null,
        "isSold": false,
        "id": 88428
    },
    {
        "firstName": "ALBERT",
        "lastName": "CADIZ",
        "phone": "6308109804",
        "address": "2452 SALEM CT APT B2",
        "city": "WSTMT",
        "state": "IL",
        "zip": "60559",
        "email": "ALCADIZ@EARTHLINK.NET",
        "dateOfBirth": "1967-06-04T12:00:00",
        "ssn": "356701643",
        "userOrders": null,
        "isSold": false,
        "id": 88456
    },
    {
        "firstName": "LINDA",
        "lastName": "MCEVOY",
        "phone": "9894500516",
        "address": "312 SCHUERMANN ST",
        "city": "ESSEXVILLE",
        "state": "MI",
        "zip": "48732",
        "email": "LINDA.MCEVOY@ALLERGAN.COM",
        "dateOfBirth": "1967-08-09T12:00:00",
        "ssn": "372783284",
        "userOrders": null,
        "isSold": false,
        "id": 88465
    },
    {
        "firstName": "CRAIG",
        "lastName": "WEST",
        "phone": "6016687483",
        "address": "136 OAK RIDGE CIR",
        "city": "MADISON",
        "state": "MS",
        "zip": "39110",
        "email": "KREG@HAPPYKREG.COM",
        "dateOfBirth": "1967-05-31T12:00:00",
        "ssn": "427430483",
        "userOrders": null,
        "isSold": false,
        "id": 88556
    },
    {
        "firstName": "ERIC",
        "lastName": "COHAN",
        "phone": "8189879612",
        "address": "22239 DE LA OSA ST",
        "city": "W HLS",
        "state": "HLS",
        "zip": "91364",
        "email": "COHAN.USA@GMAIL.COM",
        "dateOfBirth": "1967-07-21T12:00:00",
        "ssn": "155884419",
        "userOrders": null,
        "isSold": true,
        "id": 88570
    },
    {
        "firstName": "DENISE",
        "lastName": "DECUIR",
        "phone": "8324457486",
        "address": "1915 WOODHUE DR",
        "city": "SPRING",
        "state": "TX",
        "zip": "77386",
        "email": "DENISEDEAN86@HOTMAIL.COM",
        "dateOfBirth": "1967-10-05T12:00:00",
        "ssn": "462579803",
        "userOrders": null,
        "isSold": false,
        "id": 88621
    },
    {
        "firstName": "PAUL",
        "lastName": "JBEILY",
        "phone": "9167789102",
        "address": "3534 BROADSTONE CT",
        "city": "RKLN",
        "state": "CA",
        "zip": "95765",
        "email": "NJBEILY@ATT.NET",
        "dateOfBirth": "1967-07-07T12:00:00",
        "ssn": "549396267",
        "userOrders": null,
        "isSold": false,
        "id": 88667
    },
    {
        "firstName": "MARLA",
        "lastName": "BENTON",
        "phone": "9199236015",
        "address": "330 FAIRWAY DR",
        "city": "CHPL HL",
        "state": "PNES",
        "zip": "27517",
        "email": "NURSEMARBO@YAHOO.COM",
        "dateOfBirth": "1967-04-20T12:00:00",
        "ssn": "240377758",
        "userOrders": null,
        "isSold": false,
        "id": 88740
    },
    {
        "firstName": "CHARLES",
        "lastName": "NESBITT",
        "phone": "7138851338",
        "address": "10022 LYNBROOK DR",
        "city": "HOUSTON",
        "state": "TX",
        "zip": "77042",
        "email": "CSMN2010@GMAIL.COM",
        "dateOfBirth": "1967-04-29T12:00:00",
        "ssn": "449215393",
        "userOrders": null,
        "isSold": false,
        "id": 88813
    },
    {
        "firstName": "JODI",
        "lastName": "PETRISEK",
        "phone": "1111110001",
        "address": "3456 KIVETON DR",
        "city": "PEACHTREE CORNERS",
        "state": "GA",
        "zip": "30092",
        "email": "ALPETRISEK@GMAIL.COM",
        "dateOfBirth": "1967-05-10T12:00:00",
        "ssn": "278505970",
        "userOrders": null,
        "isSold": false,
        "id": 88841
    },
    {
        "firstName": "JI",
        "lastName": "ZHANG",
        "phone": "8056373445",
        "address": "66 PURPLE JASMINE",
        "city": "IRV",
        "state": "CA",
        "zip": "92620",
        "email": "ZHANG_ALBERT1967@HOTMAIL.COM",
        "dateOfBirth": "1967-10-26T12:00:00",
        "ssn": "841083569",
        "userOrders": null,
        "isSold": false,
        "id": 88902
    },
    {
        "firstName": "GERARDO",
        "lastName": "REYES",
        "phone": "8477599208",
        "address": "391 S WOLF RD",
        "city": "DES PL",
        "state": "PLAINES",
        "zip": "60016",
        "email": "JREYES5387@YAHOO.COM",
        "dateOfBirth": "1967-08-10T12:00:00",
        "ssn": "677831591",
        "userOrders": null,
        "isSold": false,
        "id": 88911
    },
    {
        "firstName": "RODNEY",
        "lastName": "COLVIN",
        "phone": "6625709855",
        "address": "204 MAPLE ST",
        "city": "COLUMBUS",
        "state": "MS",
        "zip": "39702",
        "email": "TYDOG662@YAHOO.COM",
        "dateOfBirth": "1967-03-03T12:00:00",
        "ssn": "587253697",
        "userOrders": null,
        "isSold": false,
        "id": 88931
    },
    {
        "firstName": "DAYLE",
        "lastName": "VANDERWERFF",
        "phone": "8504499262",
        "address": "901 N NELSON ST APT 1801",
        "city": "PENSACOLA",
        "state": "VA",
        "zip": "32503",
        "email": "S_D_VANDERWERFF@YAHOO.COM",
        "dateOfBirth": "1967-09-09T12:00:00",
        "ssn": "505062438",
        "userOrders": null,
        "isSold": false,
        "id": 88998
    },
    {
        "firstName": "ANN",
        "lastName": "LAWRENCE",
        "phone": "9547980944",
        "address": "7743 NW 1ST ST",
        "city": "MRGT",
        "state": "FL",
        "zip": "33063",
        "email": "LADYARIES004@AOL.COM",
        "dateOfBirth": "1967-04-05T12:00:00",
        "ssn": "589980943",
        "userOrders": null,
        "isSold": false,
        "id": 89039
    }
]