[
    {
        "firstName": "DOUG",
        "lastName": "BUSBEE",
        "phone": "7708415507",
        "address": "1825 TRIBBLE RIDGE DR",
        "city": "LWRNCVL",
        "state": "GA",
        "zip": "30045",
        "email": "DOUGBUSBEE@ATT.NET",
        "dateOfBirth": "1967-09-25T12:00:00",
        "ssn": "251928864",
        "userOrders": null,
        "isSold": false,
        "id": 97557
    },
    {
        "firstName": "GRETCHEN",
        "lastName": "W",
        "phone": "9194695596",
        "address": "306 DUNHAGAN PL",
        "city": "CARY",
        "state": "NC",
        "zip": "27511",
        "email": "GRETCHEN.ORMOND@GMAII.COM",
        "dateOfBirth": "1967-01-25T12:00:00",
        "ssn": "241438761",
        "userOrders": null,
        "isSold": false,
        "id": 97664
    },
    {
        "firstName": "JEFFREY",
        "lastName": "DORMAN",
        "phone": "4783202943",
        "address": "3101 ROBINHOOD LN",
        "city": "SOUTH BEND",
        "state": "BEND",
        "zip": "46614",
        "email": "JGDORMAN@YAHOO.COM",
        "dateOfBirth": "1967-07-26T12:00:00",
        "ssn": "369646394",
        "userOrders": null,
        "isSold": false,
        "id": 97740
    },
    {
        "firstName": "CHIKAKO",
        "lastName": "MIYAZAKI",
        "phone": "3106484083",
        "address": "6822 ALPINE CURRANT VW APT 201",
        "city": "IRVING",
        "state": "SPGS",
        "zip": "75063",
        "email": "CHIKAKO.MIYAZAKI@GMAIL.COM",
        "dateOfBirth": "1967-12-23T12:00:00",
        "ssn": "443119001",
        "userOrders": null,
        "isSold": true,
        "id": 97754
    },
    {
        "firstName": "ROBERT",
        "lastName": "HENDERSON",
        "phone": "5029994623",
        "address": "3708 WATERFORD CIR",
        "city": "LOUISVILLE",
        "state": "TN",
        "zip": "40228",
        "email": "HENDERSONTRAFFIC@GMAIL.COM",
        "dateOfBirth": "1967-01-11T12:00:00",
        "ssn": "400068691",
        "userOrders": null,
        "isSold": false,
        "id": 97784
    },
    {
        "firstName": "MARSHA",
        "lastName": "BARR",
        "phone": "7722675762",
        "address": "9371 SE PILGRIM WAY",
        "city": "HOBE SOUND",
        "state": "SOUND",
        "zip": "33455",
        "email": "KMOMOF5@AOL.COM",
        "dateOfBirth": "1967-06-11T12:00:00",
        "ssn": "448784704",
        "userOrders": null,
        "isSold": false,
        "id": 97847
    },
    {
        "firstName": "KATHLEEN",
        "lastName": "CUDDY",
        "phone": "8163043578",
        "address": "11623 CHERRY ST",
        "city": "KANSAS CITY",
        "state": "CITY",
        "zip": "64131",
        "email": "MIKECUDDY@HOTMAIL.COM",
        "dateOfBirth": "1967-05-29T12:00:00",
        "ssn": "498825001",
        "userOrders": null,
        "isSold": false,
        "id": 97894
    },
    {
        "firstName": "LISA",
        "lastName": "C",
        "phone": "9097303111",
        "address": "3783 CHAPARRAL DR",
        "city": "NORCO",
        "state": "CA",
        "zip": "92860",
        "email": "LCALAGNA@YAHOO.COM",
        "dateOfBirth": "1967-11-24T12:00:00",
        "ssn": "559614658",
        "userOrders": null,
        "isSold": false,
        "id": 97944
    },
    {
        "firstName": "MARTIN",
        "lastName": "MOLINA",
        "phone": "2148016406",
        "address": "3434 TRIDENS CIR APT 7302",
        "city": "FORT WORTH",
        "state": "WORTH",
        "zip": "76262",
        "email": "TRACY.MOLINA@SBCGLOBAL.NET",
        "dateOfBirth": "1967-07-22T12:00:00",
        "ssn": "450518493",
        "userOrders": null,
        "isSold": false,
        "id": 98043
    },
    {
        "firstName": "SALLEE",
        "lastName": "BELL",
        "phone": "8176943776",
        "address": "429 N DECATUR LN",
        "city": "DEC",
        "state": "GA",
        "zip": "30033",
        "email": "SALLEEBELL@HOTMAIL.COM",
        "dateOfBirth": "1967-06-10T12:00:00",
        "ssn": "458066033",
        "userOrders": null,
        "isSold": false,
        "id": 98109
    },
    {
        "firstName": "ANNA",
        "lastName": "RAMIREZ",
        "phone": "4087729925",
        "address": "3244 FIRTH WAY",
        "city": "SJ",
        "state": "JOSE",
        "zip": "95121",
        "email": "ANNA.RAMIREZ6@YAHOO.COM",
        "dateOfBirth": "1967-05-02T12:00:00",
        "ssn": "533804144",
        "userOrders": null,
        "isSold": false,
        "id": 98190
    },
    {
        "firstName": "ZHAOHUI",
        "lastName": "TIAN",
        "phone": "2483486438",
        "address": "22443 EATON CT",
        "city": "NOVI",
        "state": "MI",
        "zip": "48375",
        "email": "JT22605@GMAIL.COM",
        "dateOfBirth": "1967-08-23T12:00:00",
        "ssn": "622088170",
        "userOrders": null,
        "isSold": false,
        "id": 98207
    },
    {
        "firstName": "MARVIN",
        "lastName": "JONES",
        "phone": "7739324945",
        "address": "303 W SCOTT ST APT 401",
        "city": "CHGO",
        "state": "IL",
        "zip": "60610",
        "email": "MOEJ8334@GMAIL.COM",
        "dateOfBirth": "1967-05-05T12:00:00",
        "ssn": "344723432",
        "userOrders": null,
        "isSold": false,
        "id": 98226
    },
    {
        "firstName": "TRACY",
        "lastName": "NGUYEN",
        "phone": "1111110003",
        "address": "22222 DOUBLETREE PARK DR",
        "city": "HOUSTON",
        "state": "TX",
        "zip": "77073",
        "email": "ANNEMICHI@ATT.NET",
        "dateOfBirth": "1967-06-18T12:00:00",
        "ssn": "219613816",
        "userOrders": null,
        "isSold": false,
        "id": 98234
    },
    {
        "firstName": "GINA",
        "lastName": "DIBALSAMO",
        "phone": "8473129356",
        "address": "2940 N PRATER AVE",
        "city": "MELROS PK",
        "state": "PARK",
        "zip": "60164",
        "email": "GDIBALSAMO@SBCGLOBAL.NET",
        "dateOfBirth": "1967-12-15T12:00:00",
        "ssn": "347721114",
        "userOrders": null,
        "isSold": false,
        "id": 98323
    }
]