[
    {
        "firstName": "GEORGE",
        "lastName": "COLE",
        "phone": "5016070058",
        "address": "6 STONE CREEK CT",
        "city": "LITTLE ROCK",
        "state": "ROCK",
        "zip": "72223",
        "email": "GEORGE.B.COLE@WINDSTREAM.COM",
        "dateOfBirth": "1967-07-13T12:00:00",
        "ssn": "443727153",
        "userOrders": null,
        "isSold": true,
        "id": 62736
    },
    {
        "firstName": "CHI-WEI",
        "lastName": "CHANG",
        "phone": "4087394369",
        "address": "22332 BAHL ST",
        "city": "CPRTNO",
        "state": "CA",
        "zip": "95014",
        "email": "CHANG_CHIWEI@YAHOO.COM",
        "dateOfBirth": "1967-08-19T12:00:00",
        "ssn": "623624303",
        "userOrders": null,
        "isSold": false,
        "id": 62901
    },
    {
        "firstName": "FARNOUSH",
        "lastName": "RANJABARI",
        "phone": "1111110001",
        "address": "ALBURZ RESTAURANT",
        "city": "W HLS",
        "state": "FALLBROOK",
        "zip": "91367",
        "email": "SIMIN_1017@YAHOO.COM",
        "dateOfBirth": "1967-03-01T12:00:00",
        "ssn": "507277297",
        "userOrders": null,
        "isSold": false,
        "id": 62916
    },
    {
        "firstName": "JOHN",
        "lastName": "VANLUVANEE",
        "phone": "2109837665",
        "address": "11707 ABBEY WAY",
        "city": "SAN ANTONIO",
        "state": "ANTONIO",
        "zip": "78253",
        "email": "VANLUVANEEMX@YAHOO.COM",
        "dateOfBirth": "1967-02-27T12:00:00",
        "ssn": "222464277",
        "userOrders": null,
        "isSold": false,
        "id": 62939
    },
    {
        "firstName": "DAVID",
        "lastName": "FABRITIUS",
        "phone": "6143704730",
        "address": "2267 SISKIN AVE",
        "city": "COLUMBUS",
        "state": "OH",
        "zip": "43228",
        "email": "DFABRITI@GMAIL.COM",
        "dateOfBirth": "1967-06-07T12:00:00",
        "ssn": "272769333",
        "userOrders": null,
        "isSold": false,
        "id": 62954
    },
    {
        "firstName": "OLLI",
        "lastName": "HOLLMEN",
        "phone": "7602945534",
        "address": "1635 BOYLE AVE",
        "city": "ESCONDIDO",
        "state": "CA",
        "zip": "92027",
        "email": "OLLI.HOLLMEN@GMAIL.COM",
        "dateOfBirth": "1967-09-07T12:00:00",
        "ssn": "615170609",
        "userOrders": null,
        "isSold": false,
        "id": 63004
    },
    {
        "firstName": "SHANNON",
        "lastName": "BEELER",
        "phone": "7133859336",
        "address": "12507 BALDWIN SPRINGS CT",
        "city": "TOMBALL",
        "state": "TX",
        "zip": "77377",
        "email": "SHANNONBEELER@MSN.COM",
        "dateOfBirth": "1967-08-10T12:00:00",
        "ssn": "450639104",
        "userOrders": null,
        "isSold": false,
        "id": 63005
    },
    {
        "firstName": "KIM",
        "lastName": "CROSSNO*",
        "phone": "6193709566",
        "address": "234 RIVERVIEW WAY",
        "city": "OCNSD",
        "state": "CA",
        "zip": "92057",
        "email": "KIM06@INBOX.COM",
        "dateOfBirth": "1967-12-10T12:00:00",
        "ssn": "566796472",
        "userOrders": null,
        "isSold": false,
        "id": 63048
    },
    {
        "firstName": "ANDREA",
        "lastName": "PREISINGER",
        "phone": "8327670448",
        "address": "10614 BURDINE ST",
        "city": "HOUSTON",
        "state": "TX",
        "zip": "77096",
        "email": "APREISINGER@COMCAST.NET",
        "dateOfBirth": "1967-02-04T12:00:00",
        "ssn": "456192820",
        "userOrders": null,
        "isSold": false,
        "id": 63118
    },
    {
        "firstName": "DEAN",
        "lastName": "ARNOLD",
        "phone": "6612123179",
        "address": "6617330154",
        "city": "PALMDALE CA 93551-4462",
        "state": "VICTORIA",
        "zip": "SANTA CLARITA",
        "email": "91350",
        "dateOfBirth": "1967-06-24T12:00:00",
        "ssn": "554778894",
        "userOrders": null,
        "isSold": false,
        "id": 63156
    },
    {
        "firstName": "PAMELA",
        "lastName": "LINDERMAN",
        "phone": "8183142554",
        "address": "23451 JONATHAN ST",
        "city": "WEST HLS",
        "state": "HILLS",
        "zip": "91304",
        "email": "PAMELA7880@ATT.NET",
        "dateOfBirth": "1967-02-05T12:00:00",
        "ssn": "563552465",
        "userOrders": null,
        "isSold": false,
        "id": 63175
    },
    {
        "firstName": "ROSALIND",
        "lastName": "WOODS",
        "phone": "4077489651",
        "address": "12750 WHITERAPIDS DR",
        "city": "ORL",
        "state": "FL",
        "zip": "32828",
        "email": "WOODYS67@BELLSOUTH.NET",
        "dateOfBirth": "1967-03-19T12:00:00",
        "ssn": "562135422",
        "userOrders": null,
        "isSold": false,
        "id": 63185
    },
    {
        "firstName": "MARK",
        "lastName": "B",
        "phone": "6612040318",
        "address": "PO BOX 60721",
        "city": "BKFD",
        "state": "CA",
        "zip": "93306",
        "email": "SDLITE@EARTHLINK.NET",
        "dateOfBirth": "1967-04-19T12:00:00",
        "ssn": "524253959",
        "userOrders": null,
        "isSold": false,
        "id": 63187
    },
    {
        "firstName": "CARLTON",
        "lastName": "O",
        "phone": "2814167602",
        "address": "5126 RIDGEHAVEN DR",
        "city": "HOUSTON",
        "state": "TX",
        "zip": "77053",
        "email": "CARLTON651@GMAIL.COM",
        "dateOfBirth": "1967-12-19T12:00:00",
        "ssn": "449439266",
        "userOrders": null,
        "isSold": false,
        "id": 63242
    },
    {
        "firstName": "WAYNE",
        "lastName": "SMITH",
        "phone": "2488128839",
        "address": "3930 MAPLELEAF RD",
        "city": "WATERFORD TWP",
        "state": "MI",
        "zip": "48328",
        "email": "STILLALIVEANDWELL55@YAHOO.COM",
        "dateOfBirth": "1967-05-11T12:00:00",
        "ssn": "380765555",
        "userOrders": null,
        "isSold": false,
        "id": 63306
    }
]