[
    {
        "firstName": "CARLOS",
        "lastName": "BEJAR",
        "phone": "3052190713",
        "address": "141 CRANDON BLVD APT 429",
        "city": "KEY BISC",
        "state": "BISCAYNE",
        "zip": "33149",
        "email": "CBEJARC@GMAIL.COM",
        "dateOfBirth": "1967-09-02T12:00:00",
        "ssn": "766349550",
        "userOrders": null,
        "isSold": false,
        "id": 17222
    },
    {
        "firstName": "PATRICIA",
        "lastName": "LITTLE",
        "phone": "4792686783",
        "address": "5000 SW RIDGEMONT RD",
        "city": "BENTONVILLE",
        "state": "AR",
        "zip": "72712",
        "email": "PANDRLITTLE@YAHOO.COM",
        "dateOfBirth": "1967-03-04T12:00:00",
        "ssn": "428392035",
        "userOrders": null,
        "isSold": true,
        "id": 17239
    },
    {
        "firstName": "LAURA",
        "lastName": "WALKER",
        "phone": "8476309252",
        "address": "2246224143",
        "city": "HUNTLEY IL 60142-7782",
        "state": "WILDWOOD",
        "zip": "HUNTLY",
        "email": "60142",
        "dateOfBirth": "1967-10-20T12:00:00",
        "ssn": "338561370",
        "userOrders": null,
        "isSold": false,
        "id": 17264
    },
    {
        "firstName": "ANNETTE",
        "lastName": "LINKOUS",
        "phone": "7044910811",
        "address": "7296 PRICE PT",
        "city": "DNVR",
        "state": "NC",
        "zip": "28037",
        "email": "ANNETTELINKOUS@YAHOO.COM",
        "dateOfBirth": "1967-06-15T12:00:00",
        "ssn": "240339345",
        "userOrders": null,
        "isSold": false,
        "id": 17308
    },
    {
        "firstName": "SONIA",
        "lastName": "LOPEZ",
        "phone": "5625313563",
        "address": "7121 OLIVE AVE",
        "city": "NLB",
        "state": "BEACH",
        "zip": "90805",
        "email": "SONIA33333@ATT.NET",
        "dateOfBirth": "1967-05-01T12:00:00",
        "ssn": "606205377",
        "userOrders": null,
        "isSold": false,
        "id": 17337
    },
    {
        "firstName": "TRACY",
        "lastName": "CARGO",
        "phone": "9012199037",
        "address": "3538 W HORN LAKE RD",
        "city": "MEMPHIS",
        "state": "TN",
        "zip": "38109",
        "email": "TRACYCARGO8515@ATT.NET",
        "dateOfBirth": "1967-01-30T12:00:00",
        "ssn": "409432791",
        "userOrders": null,
        "isSold": false,
        "id": 17382
    },
    {
        "firstName": "CHRIS",
        "lastName": "MORAVITS",
        "phone": "2147704561",
        "address": "9032 COUNTRY MILL LN",
        "city": "JKVL",
        "state": "FL",
        "zip": "32222",
        "email": "ABC@123.COM",
        "dateOfBirth": "1967-02-09T12:00:00",
        "ssn": "463118643",
        "userOrders": null,
        "isSold": false,
        "id": 17481
    },
    {
        "firstName": "THOMAS",
        "lastName": "BENHAM",
        "phone": "6167807459",
        "address": "3843 WOODRIDGE RD",
        "city": "CLEVELAND HTS",
        "state": "HTS",
        "zip": "44118",
        "email": "DANIALLEBENHAM@SBCGLOBAL.NET",
        "dateOfBirth": "1967-04-05T12:00:00",
        "ssn": "297688338",
        "userOrders": null,
        "isSold": false,
        "id": 17554
    },
    {
        "firstName": "DAVID",
        "lastName": "BULL",
        "phone": "7087131445",
        "address": "238 PARKVIEW DR",
        "city": "NRTHLK",
        "state": "IL",
        "zip": "60164",
        "email": "DAVIDBULL238@GMAIL.COM",
        "dateOfBirth": "1967-02-24T12:00:00",
        "ssn": "343844965",
        "userOrders": null,
        "isSold": false,
        "id": 17639
    },
    {
        "firstName": "MELISSA",
        "lastName": "DAILEY",
        "phone": "1111110001",
        "address": "704 E WEATHERFORD ST",
        "city": "FORT WORTH",
        "state": "WORTH",
        "zip": "76102",
        "email": "MELISSA@DOWNTOWNAMARILLO.COM",
        "dateOfBirth": "1967-06-04T12:00:00",
        "ssn": "453474680",
        "userOrders": null,
        "isSold": false,
        "id": 17674
    },
    {
        "firstName": "JOSE",
        "lastName": "PABLO",
        "phone": "3108974352",
        "address": "254 E 185TH ST",
        "city": "CARSON",
        "state": "CA",
        "zip": "90746",
        "email": "PABLO4160@SBCGLOBAL.NET",
        "dateOfBirth": "1967-07-10T12:00:00",
        "ssn": "623185284",
        "userOrders": null,
        "isSold": false,
        "id": 17676
    },
    {
        "firstName": "SHERYL",
        "lastName": "FERGUSON",
        "phone": "6787932644",
        "address": "335 HEATON RD",
        "city": "OXFD",
        "state": "GA",
        "zip": "30054",
        "email": "COOLMOM31467@YAHOO.COM",
        "dateOfBirth": "1967-03-14T12:00:00",
        "ssn": "254230605",
        "userOrders": null,
        "isSold": false,
        "id": 17695
    },
    {
        "firstName": "TRACY",
        "lastName": "SUMMEROW",
        "phone": "8287267585",
        "address": "4845 CALICO RD",
        "city": "GAMEWELL",
        "state": "NC",
        "zip": "28645",
        "email": "CS44067@YAHOO.COM",
        "dateOfBirth": "1967-03-02T12:00:00",
        "ssn": "241350028",
        "userOrders": null,
        "isSold": false,
        "id": 17699
    },
    {
        "firstName": "LILIANA",
        "lastName": "GARCIA*",
        "phone": "3053211195",
        "address": "APT 609",
        "city": "MIA",
        "state": "FONTAINEBLEAU",
        "zip": "33172",
        "email": "LIMOACE@GMAIL.COM",
        "dateOfBirth": "1967-08-07T12:00:00",
        "ssn": "769229093",
        "userOrders": null,
        "isSold": false,
        "id": 17730
    },
    {
        "firstName": "JUDITH",
        "lastName": "JULIA",
        "phone": "3053976491",
        "address": "1530 W 3RD AVE",
        "city": "HLH",
        "state": "FL",
        "zip": "33010",
        "email": "ISAIRY_29@HOTMAIL.COM",
        "dateOfBirth": "1967-09-02T12:00:00",
        "ssn": "595435590",
        "userOrders": null,
        "isSold": false,
        "id": 17747
    }
]