[
    {
        "firstName": "MEI",
        "lastName": "LIM",
        "phone": "9375269786",
        "address": "6600 WAREHAM CT APT 8",
        "city": "CENTERVILLE",
        "state": "OH",
        "zip": "45429",
        "email": "MEILENGL@ATT.NET",
        "dateOfBirth": "1967-05-27T12:00:00",
        "ssn": "297045781",
        "userOrders": null,
        "isSold": false,
        "id": 15465
    },
    {
        "firstName": "LISA",
        "lastName": "ARMSTEAD",
        "phone": "2257779311",
        "address": "8001 JEFFERSON HWY APT 141",
        "city": "BATON ROUGE",
        "state": "ROUGE",
        "zip": "70809",
        "email": "LISAARMSTEAD45@YAHOO.COM",
        "dateOfBirth": "1967-01-08T12:00:00",
        "ssn": "434298101",
        "userOrders": null,
        "isSold": true,
        "id": 15488
    },
    {
        "firstName": "DENNIS",
        "lastName": "PADILLA",
        "phone": "4087332855",
        "address": "899 BLAIR AVE",
        "city": "SUNYVL",
        "state": "CA",
        "zip": "94087",
        "email": "PADILLAJEAN5@GMAIL.COM",
        "dateOfBirth": "1967-05-17T12:00:00",
        "ssn": "337867416",
        "userOrders": null,
        "isSold": false,
        "id": 15590
    },
    {
        "firstName": "RALF",
        "lastName": "WOEHLER",
        "phone": "4697744732",
        "address": "603 CHAFFEE DR",
        "city": "DALLAS",
        "state": "TX",
        "zip": "75201",
        "email": "RALF.WOEHLER@GMX.DE",
        "dateOfBirth": "1967-02-21T12:00:00",
        "ssn": "631765693",
        "userOrders": null,
        "isSold": false,
        "id": 15627
    },
    {
        "firstName": "TERRI",
        "lastName": "HERRING",
        "phone": "7709099909",
        "address": "5240 FOREST RIDGE CIR",
        "city": "SANDY SPRINGS",
        "state": "SPRINGS",
        "zip": "30342",
        "email": "NA@NA.COM",
        "dateOfBirth": "1967-10-31T12:00:00",
        "ssn": "401239113",
        "userOrders": null,
        "isSold": false,
        "id": 15687
    },
    {
        "firstName": "RICHARD",
        "lastName": "ENRIQUEZ",
        "phone": "7147329356",
        "address": "26576 DOMINGO DR",
        "city": "MISN VIEJO",
        "state": "VIEJO",
        "zip": "92692",
        "email": "RENRIQUEZ@WHITERIVER.COM",
        "dateOfBirth": "1967-10-11T12:00:00",
        "ssn": "527418531",
        "userOrders": null,
        "isSold": true,
        "id": 15780
    },
    {
        "firstName": "JOSE",
        "lastName": "ESPINO",
        "phone": "2096403329",
        "address": "1320 E WEBER AVE",
        "city": "TRACY",
        "state": "CA",
        "zip": "95376",
        "email": "FABZONE@ATT.NET",
        "dateOfBirth": "1967-01-26T12:00:00",
        "ssn": "573075113",
        "userOrders": null,
        "isSold": false,
        "id": 15793
    },
    {
        "firstName": "TYRONE",
        "lastName": "REMBERT",
        "phone": "7723590217",
        "address": "159 NW DORCHESTER ST",
        "city": "P*S*L",
        "state": "ST",
        "zip": "34983",
        "email": "KAREMBERT@BELLSOUTH.NET",
        "dateOfBirth": "1967-11-01T12:00:00",
        "ssn": "130689421",
        "userOrders": null,
        "isSold": true,
        "id": 15818
    },
    {
        "firstName": "PETER",
        "lastName": "CHIN",
        "phone": "8327252110",
        "address": "883 ARLINGTON HEIGHTS DR",
        "city": "HOUSTON",
        "state": "TN",
        "zip": "77098",
        "email": "HDCURLEE@AOL.COM",
        "dateOfBirth": "1967-12-03T12:00:00",
        "ssn": "594414664",
        "userOrders": null,
        "isSold": false,
        "id": 15828
    },
    {
        "firstName": "DEBBIE",
        "lastName": "CALDWELL",
        "phone": "2282977355",
        "address": "8524 COCHRAN AVE",
        "city": "OCEAN SPRINGS",
        "state": "POINT",
        "zip": "39532",
        "email": "SPLASHBSL@GMAIL.COM",
        "dateOfBirth": "1967-08-25T12:00:00",
        "ssn": "587373175",
        "userOrders": null,
        "isSold": false,
        "id": 15868
    },
    {
        "firstName": "SKOVRAN",
        "lastName": "SCHREDER",
        "phone": "2035545649",
        "address": "9 CAMERON DR",
        "city": "VILLAGE OF WELLINGTON",
        "state": "CT",
        "zip": "33414",
        "email": "SSCHREDER@EDGEWATERMARKETS.COM",
        "dateOfBirth": "1967-08-23T12:00:00",
        "ssn": "567890097",
        "userOrders": null,
        "isSold": true,
        "id": 15878
    },
    {
        "firstName": "STEVE",
        "lastName": "BROWN",
        "phone": "9196242635",
        "address": "4920 CONTENDER DR",
        "city": "RAL",
        "state": "NC",
        "zip": "27603",
        "email": "E.ASHLEY.BROWN@GMAIL.COM",
        "dateOfBirth": "1967-04-20T12:00:00",
        "ssn": "245312360",
        "userOrders": null,
        "isSold": false,
        "id": 15956
    },
    {
        "firstName": "ALINA",
        "lastName": "GAMBARYAN",
        "phone": "2134477456",
        "address": "1144 N EDGEMONT ST APT 2",
        "city": "LA",
        "state": "ANGELES",
        "zip": "90029",
        "email": "A.GAMBARYAN@YAHOO.COM",
        "dateOfBirth": "1967-12-19T12:00:00",
        "ssn": "625321914",
        "userOrders": null,
        "isSold": false,
        "id": 16070
    },
    {
        "firstName": "RACIZ",
        "lastName": "FARRAJ",
        "phone": "6302768727",
        "address": "126 E 56TH ST",
        "city": "WSTMT",
        "state": "IL",
        "zip": "60559",
        "email": "SHADYAFARRAJ@HOTMAIL.COM",
        "dateOfBirth": "1967-10-01T12:00:00",
        "ssn": "361822316",
        "userOrders": null,
        "isSold": false,
        "id": 16087
    },
    {
        "firstName": "MARIE",
        "lastName": "ROUBAL",
        "phone": "9204280326",
        "address": "2026 W PROSPECT AVE",
        "city": "APPLETON",
        "state": "WI",
        "zip": "54914",
        "email": "MARBL08@YAHOO.COM",
        "dateOfBirth": "1967-08-23T12:00:00",
        "ssn": "383901450",
        "userOrders": null,
        "isSold": false,
        "id": 16093
    }
]