[
    {
        "firstName": "LADAWN",
        "lastName": "STEPHEN",
        "phone": "2102751111",
        "address": "2116 FENTON PKWY APT 205",
        "city": "SD",
        "state": "DIEGO",
        "zip": "92108",
        "email": "LTS2BLESSED@GMAIL.COM",
        "dateOfBirth": "1967-02-07T12:00:00",
        "ssn": "366840661",
        "userOrders": null,
        "isSold": false,
        "id": 95641
    },
    {
        "firstName": "GREGORY",
        "lastName": "PURNELL",
        "phone": "5128289995",
        "address": "401 HIBISCUS DR",
        "city": "PFLUGERVILLE",
        "state": "TX",
        "zip": "78660",
        "email": "GCPURNELL@YAHOO.COM",
        "dateOfBirth": "1967-07-14T12:00:00",
        "ssn": "136685348",
        "userOrders": null,
        "isSold": false,
        "id": 95648
    },
    {
        "firstName": "BRIDGETT",
        "lastName": "BRAY",
        "phone": "3172722274",
        "address": "6945 ROMEO CT",
        "city": "AVON",
        "state": "IN",
        "zip": "46123",
        "email": "BABINDY@YAHOO.COM",
        "dateOfBirth": "1967-07-23T12:00:00",
        "ssn": "311768346",
        "userOrders": null,
        "isSold": false,
        "id": 95725
    },
    {
        "firstName": "BRENDA",
        "lastName": "WILSON",
        "phone": "2052924925",
        "address": "5141 DIAMOND CIR",
        "city": "TUSCALOOSA",
        "state": "AL",
        "zip": "35405",
        "email": "BREANJEAN85@GMAIL.COM",
        "dateOfBirth": "1967-12-26T12:00:00",
        "ssn": "419135208",
        "userOrders": null,
        "isSold": false,
        "id": 95801
    },
    {
        "firstName": "SHARLENE",
        "lastName": "BLACK",
        "phone": "4322135090",
        "address": "3313 WEDGWOOD ST",
        "city": "MIDLAND",
        "state": "TX",
        "zip": "79707",
        "email": "SHARLENE.BLACK67@YAHOO.COM",
        "dateOfBirth": "1967-04-04T12:00:00",
        "ssn": "585881072",
        "userOrders": null,
        "isSold": false,
        "id": 95813
    },
    {
        "firstName": "YOLANDA",
        "lastName": "TURNER",
        "phone": "2142321207",
        "address": "2708 HARMON DR",
        "city": "DALLAS",
        "state": "TX",
        "zip": "75244",
        "email": "YOLANDA24@TX.RR.COM",
        "dateOfBirth": "1967-09-15T12:00:00",
        "ssn": "445762509",
        "userOrders": null,
        "isSold": false,
        "id": 95847
    },
    {
        "firstName": "JILL",
        "lastName": "DIAZ",
        "phone": "2487948802",
        "address": "31918 LAMAR DR",
        "city": "FARMINGTON",
        "state": "MI",
        "zip": "48336",
        "email": "JDIAZ10@ATT.NET",
        "dateOfBirth": "1967-01-31T12:00:00",
        "ssn": "377941881",
        "userOrders": null,
        "isSold": false,
        "id": 95865
    },
    {
        "firstName": "JAMES",
        "lastName": "STOKES",
        "phone": "3145980833",
        "address": "1029 TREETOP VILLAGE DR",
        "city": "ST LOUIS COUNTY",
        "state": "MO",
        "zip": "63021",
        "email": "JMSS67@YAHOO.COM",
        "dateOfBirth": "1967-03-22T12:00:00",
        "ssn": "345822932",
        "userOrders": null,
        "isSold": false,
        "id": 95946
    },
    {
        "firstName": "OLGA",
        "lastName": "SOLANO",
        "phone": "3053000085",
        "address": "14343 97TH SW",
        "city": "MIA",
        "state": "FL",
        "zip": "33186",
        "email": "JUANNS1992@ATT.NET",
        "dateOfBirth": "1967-11-06T12:00:00",
        "ssn": "771411460",
        "userOrders": null,
        "isSold": false,
        "id": 95970
    },
    {
        "firstName": "JEFF",
        "lastName": "MAKUSKY",
        "phone": "2108829653",
        "address": "15723 SINGING VW",
        "city": "SAN ANTONIO",
        "state": "ANTONIO",
        "zip": "78255",
        "email": "MAKUSKY@GMAIL.COM",
        "dateOfBirth": "1967-07-31T12:00:00",
        "ssn": "197525010",
        "userOrders": null,
        "isSold": false,
        "id": 96132
    },
    {
        "firstName": "JOSEFINA",
        "lastName": "REYES",
        "phone": "7074804706",
        "address": "2108 WEST AVE",
        "city": "S RS",
        "state": "ROSA",
        "zip": "95407",
        "email": "JOSEFINA1010@ATT.NET",
        "dateOfBirth": "1967-04-01T12:00:00",
        "ssn": "611172792",
        "userOrders": null,
        "isSold": false,
        "id": 96140
    },
    {
        "firstName": "TERRY",
        "lastName": "MICHAEL",
        "phone": "4054133836",
        "address": "1525 E PERSIMMON LN",
        "city": "MUSTANG",
        "state": "OK",
        "zip": "73064",
        "email": "IH0198316@YAHOO.COM",
        "dateOfBirth": "1967-03-17T12:00:00",
        "ssn": "466150525",
        "userOrders": null,
        "isSold": false,
        "id": 96178
    },
    {
        "firstName": "TRAVIS",
        "lastName": "GILL",
        "phone": "9013694387",
        "address": "3480 BEECH GROVE RD",
        "city": "MEMPHIS",
        "state": "TN",
        "zip": "38118",
        "email": "TRAVIS_GILL62A@YAHOO.COM",
        "dateOfBirth": "1967-09-17T12:00:00",
        "ssn": "146628222",
        "userOrders": null,
        "isSold": false,
        "id": 96192
    },
    {
        "firstName": "VAHE",
        "lastName": "NALBANDIAN",
        "phone": "3238765590",
        "address": "7777 HOLLYWOOD BLVD APT 301",
        "city": "LA",
        "state": "ANGELES",
        "zip": "90046",
        "email": "VNLA101@YAHOO.COM",
        "dateOfBirth": "1967-02-03T12:00:00",
        "ssn": "551637610",
        "userOrders": null,
        "isSold": false,
        "id": 96198
    },
    {
        "firstName": "JOSE",
        "lastName": "RODRIGUEZ",
        "phone": "2543689537",
        "address": "5000 WOODLAND DR",
        "city": "NEW ORLEANS",
        "state": "ORLEANS",
        "zip": "70131",
        "email": "ANTONIOPLL@LIVE.COM",
        "dateOfBirth": "1967-02-15T12:00:00",
        "ssn": "624180579",
        "userOrders": null,
        "isSold": false,
        "id": 96200
    }
]