[
    {
        "firstName": "JESSIE",
        "lastName": "SEXTON",
        "phone": "6306088969",
        "address": "3733 MUNSON ST",
        "city": "PLANO",
        "state": "IL",
        "zip": "60545",
        "email": "CLINTON1984@YAHOO.COM",
        "dateOfBirth": "1967-02-24T12:00:00",
        "ssn": "358622383",
        "userOrders": null,
        "isSold": false,
        "id": 92901
    },
    {
        "firstName": "JACQUELINE",
        "lastName": "PATTERSON",
        "phone": "2817457906",
        "address": "14410 WADEBRIDGE WAY",
        "city": "HOUSTON",
        "state": "TX",
        "zip": "77015",
        "email": "WBMAGNIFICENTWOMAN@ATT.NET",
        "dateOfBirth": "1967-09-19T12:00:00",
        "ssn": "436155149",
        "userOrders": null,
        "isSold": false,
        "id": 92936
    },
    {
        "firstName": "DOLORES",
        "lastName": "FETHERSON",
        "phone": "7044930213",
        "address": "APT 106",
        "city": "CHAR",
        "state": "COMMUNITY",
        "zip": "28215",
        "email": "3013LOIS@GMAIL.COM",
        "dateOfBirth": "1967-05-30T12:00:00",
        "ssn": "114562417",
        "userOrders": null,
        "isSold": false,
        "id": 92978
    },
    {
        "firstName": "GREG",
        "lastName": "JOHNSON",
        "phone": "2146878762",
        "address": "1148 APPALACHIAN LN",
        "city": "LITTLE ELM",
        "state": "TX",
        "zip": "75068",
        "email": "GJOHNSO.GJ@GMAIL.COM",
        "dateOfBirth": "1967-10-31T12:00:00",
        "ssn": "308860328",
        "userOrders": null,
        "isSold": false,
        "id": 92984
    },
    {
        "firstName": "ROGELIO",
        "lastName": "GARCIA",
        "phone": "9566552816",
        "address": "2407 VENTURA DR APT B",
        "city": "DALLAS",
        "state": "TX",
        "zip": "75254",
        "email": "ALBERT_MTYEST@HOTMAIL.COM",
        "dateOfBirth": "1967-09-26T12:00:00",
        "ssn": "561714878",
        "userOrders": null,
        "isSold": false,
        "id": 92985
    },
    {
        "firstName": "LISA",
        "lastName": "HOLDEN.",
        "phone": "3134210260",
        "address": "16021 RUSSELL AVE",
        "city": "ALLEN PARK",
        "state": "PARK",
        "zip": "48101",
        "email": "LISAHOLDEN45@GMAIL.COM",
        "dateOfBirth": "1967-06-22T12:00:00",
        "ssn": "378824620",
        "userOrders": null,
        "isSold": false,
        "id": 93056
    },
    {
        "firstName": "TROY",
        "lastName": "MEAUX",
        "phone": "8702227513",
        "address": "1 ORLANDO DR",
        "city": "MCGEHEE",
        "state": "AR",
        "zip": "71654",
        "email": "TEMEAUX@YAHOO.COM",
        "dateOfBirth": "1967-09-10T12:00:00",
        "ssn": "433453186",
        "userOrders": null,
        "isSold": false,
        "id": 93068
    },
    {
        "firstName": "YAHIA",
        "lastName": "ABDEMHAMID",
        "phone": "2063047436",
        "address": "8600 PARK AVE S",
        "city": "ANDOVER",
        "state": "MN",
        "zip": "67002",
        "email": "YISMAIL25@GMAIL.COM",
        "dateOfBirth": "1967-09-28T12:00:00",
        "ssn": "230713545",
        "userOrders": null,
        "isSold": true,
        "id": 93165
    },
    {
        "firstName": "JUAN",
        "lastName": "CARLOS",
        "phone": "3238292923",
        "address": "2552 GASPAR AVE",
        "city": "CMRC",
        "state": "CA",
        "zip": "90040",
        "email": "DANIELJOSEPH@MY.COM",
        "dateOfBirth": "1967-07-18T12:00:00",
        "ssn": "604248288",
        "userOrders": null,
        "isSold": false,
        "id": 93172
    },
    {
        "firstName": "SHERRIE",
        "lastName": "JOHNSON.",
        "phone": "4048837266",
        "address": "335 PIEDMONT CIR",
        "city": "COVI",
        "state": "GA",
        "zip": "30016",
        "email": "BASILNEGRON@GMAIL.COM",
        "dateOfBirth": "1967-08-14T12:00:00",
        "ssn": "255416838",
        "userOrders": null,
        "isSold": false,
        "id": 93263
    },
    {
        "firstName": "BASIM",
        "lastName": "SHAMI",
        "phone": "7139660934",
        "address": "20411 IMPERIAL VALLEY DR",
        "city": "THE WOODLANDS",
        "state": "TX",
        "zip": "77380",
        "email": "AADKISON@SAROUK.COM",
        "dateOfBirth": "1967-10-07T12:00:00",
        "ssn": "457951829",
        "userOrders": null,
        "isSold": false,
        "id": 93267
    },
    {
        "firstName": "ROBERT",
        "lastName": "KEY.",
        "phone": "2147387912",
        "address": "APT 407",
        "city": "TARRANT COUNTY",
        "state": "BOAT",
        "zip": "76179",
        "email": "BOBBY.KEY40@YAHOO.COM",
        "dateOfBirth": "1967-08-29T12:00:00",
        "ssn": "462491940",
        "userOrders": null,
        "isSold": false,
        "id": 93312
    },
    {
        "firstName": "DEBRA",
        "lastName": "CUSHING",
        "phone": "7045243257",
        "address": "111 RIVER LOOP RD",
        "city": "BLMT",
        "state": "NC",
        "zip": "28012",
        "email": "DEBRACUSHING67@GMAIL.COM",
        "dateOfBirth": "1967-03-05T12:00:00",
        "ssn": "245357284",
        "userOrders": null,
        "isSold": false,
        "id": 93315
    },
    {
        "firstName": "SHANTI",
        "lastName": "KUMAR",
        "phone": "5123724143",
        "address": "6403 CERRO CV",
        "city": "AUSTIN",
        "state": "TX",
        "zip": "78731",
        "email": "SHANTIKUMAR_N@YAHOO.COM",
        "dateOfBirth": "1967-01-18T12:00:00",
        "ssn": "647124867",
        "userOrders": null,
        "isSold": false,
        "id": 93365
    },
    {
        "firstName": "CARA",
        "lastName": "ARMSTRONG",
        "phone": "8186421495",
        "address": "420 GRANITE HILLS ST",
        "city": "SIMI VLY",
        "state": "VALLEY",
        "zip": "93065",
        "email": "JACKANDCARA1@ATT.NET",
        "dateOfBirth": "1967-05-08T12:00:00",
        "ssn": "554492279",
        "userOrders": null,
        "isSold": false,
        "id": 93432
    }
]