[
    {
        "firstName": "JERRY",
        "lastName": "W",
        "phone": "8183241141",
        "address": "7132 FARRALONE AVE UNIT 206",
        "city": "C PK",
        "state": "PARK",
        "zip": "91303",
        "email": "JWCOOK27@YAHOO.COM",
        "dateOfBirth": "1967-06-11T12:00:00",
        "ssn": "386800386",
        "userOrders": null,
        "isSold": false,
        "id": 71897
    },
    {
        "firstName": "ARTHUR",
        "lastName": "DAVIS",
        "phone": "4043792554",
        "address": "3185 STONECREST DR",
        "city": "CUMG",
        "state": "GA",
        "zip": "30041",
        "email": "ADAVIS30024@GMAIL.COM",
        "dateOfBirth": "1967-11-07T12:00:00",
        "ssn": "256137044",
        "userOrders": null,
        "isSold": false,
        "id": 71980
    },
    {
        "firstName": "BOBBIE",
        "lastName": "HILLAN",
        "phone": "9522404614",
        "address": "916 LEIGH AVE",
        "city": "SJ",
        "state": "JOSE",
        "zip": "95128",
        "email": "WANTAWIN55112@YAHOO.COM",
        "dateOfBirth": "1967-03-15T12:00:00",
        "ssn": "371927852",
        "userOrders": null,
        "isSold": true,
        "id": 72040
    },
    {
        "firstName": "DANA",
        "lastName": "GADDIS",
        "phone": "8173120963",
        "address": "324 MONTANA DR",
        "city": "ARLINGTON",
        "state": "TX",
        "zip": "76002",
        "email": "DANA.GADDIS@ATT.NET",
        "dateOfBirth": "1967-05-24T12:00:00",
        "ssn": "274581339",
        "userOrders": null,
        "isSold": false,
        "id": 72091
    },
    {
        "firstName": "AMBER",
        "lastName": "PERSON",
        "phone": "5617384654",
        "address": "6399 TERRA ROSA CIR",
        "city": "BOYN BCH",
        "state": "BEACH",
        "zip": "33437",
        "email": "AMBERPERSON101@ATT.NET",
        "dateOfBirth": "1967-03-09T12:00:00",
        "ssn": "587413074",
        "userOrders": null,
        "isSold": false,
        "id": 72133
    },
    {
        "firstName": "MARC",
        "lastName": "CABASSA",
        "phone": "8505725622",
        "address": "1044 WOODLORE CIR",
        "city": "G*B",
        "state": "BREEZE",
        "zip": "32563",
        "email": "MJCABASSA@GMAIL.COM",
        "dateOfBirth": "1967-03-30T12:00:00",
        "ssn": "263997237",
        "userOrders": null,
        "isSold": false,
        "id": 72241
    },
    {
        "firstName": "DOUGLAS",
        "lastName": "WATENPOOL",
        "phone": "8312351770",
        "address": "2314 FELT ST APT A",
        "city": "S CRZ",
        "state": "CRUZ",
        "zip": "95062",
        "email": "WATENPOOL@YAHOO.COM",
        "dateOfBirth": "1967-07-02T12:00:00",
        "ssn": "330602475",
        "userOrders": null,
        "isSold": false,
        "id": 72286
    },
    {
        "firstName": "FARKAD",
        "lastName": "HIKMAT",
        "phone": "6198621031",
        "address": "223 H ST APT 15",
        "city": "CHLA VSTA",
        "state": "VISTA",
        "zip": "91910",
        "email": "FFARKADYACOUB@YAHOO.COM",
        "dateOfBirth": "1967-01-29T12:00:00",
        "ssn": "605901292",
        "userOrders": null,
        "isSold": true,
        "id": 72324
    },
    {
        "firstName": "JIM",
        "lastName": "WETWISKA",
        "phone": "7138586275",
        "address": "2417 STANMORE DR",
        "city": "HOUSTON",
        "state": "TX",
        "zip": "77019",
        "email": "JWETWISKA@GMAIL.COM",
        "dateOfBirth": "1967-01-12T12:00:00",
        "ssn": "446743832",
        "userOrders": null,
        "isSold": false,
        "id": 72398
    },
    {
        "firstName": "EDWIN",
        "lastName": "NORRIS",
        "phone": "8174561903",
        "address": "5921 HAWK CT",
        "city": "JOHNSON COUNTY",
        "state": "TX",
        "zip": "76084",
        "email": "DENISE66.DN@GMAIL.COM",
        "dateOfBirth": "1967-04-17T12:00:00",
        "ssn": "464154448",
        "userOrders": null,
        "isSold": false,
        "id": 72463
    },
    {
        "firstName": "ROBIN",
        "lastName": "BENORE",
        "phone": "7348197329",
        "address": "711 E 2ND ST",
        "city": "MONROE",
        "state": "MI",
        "zip": "48161",
        "email": "BANDWIDOW@MSN.COM",
        "dateOfBirth": "1967-12-27T12:00:00",
        "ssn": "372780678",
        "userOrders": null,
        "isSold": false,
        "id": 72497
    },
    {
        "firstName": "JERRY",
        "lastName": "DILLON",
        "phone": "5046151202",
        "address": "3841 GREENBRIAR LN",
        "city": "HARVEY",
        "state": "LA",
        "zip": "70058",
        "email": "JERRY.DILLION1967@YAHOO.COM",
        "dateOfBirth": "1967-03-02T12:00:00",
        "ssn": "436290728",
        "userOrders": null,
        "isSold": false,
        "id": 72550
    },
    {
        "firstName": "IRIS",
        "lastName": "YELDING",
        "phone": "3462569546",
        "address": "2001 OJEMAN RD APT 2030",
        "city": "HOUSTON",
        "state": "TX",
        "zip": "77080",
        "email": "YELLS4@HOTMAIL.COM",
        "dateOfBirth": "1967-09-06T12:00:00",
        "ssn": "420173480",
        "userOrders": null,
        "isSold": false,
        "id": 72652
    },
    {
        "firstName": "BOB",
        "lastName": "MAH",
        "phone": "9492804564",
        "address": "1818 S HIGHLAND AVE",
        "city": "LA",
        "state": "ANGELES",
        "zip": "90019",
        "email": "BOB@GETURTH.COM",
        "dateOfBirth": "1967-06-26T12:00:00",
        "ssn": "569437564",
        "userOrders": null,
        "isSold": false,
        "id": 72666
    },
    {
        "firstName": "KELLEY",
        "lastName": "LAVIN",
        "phone": "3027663208",
        "address": "819 NORTHEAST DR UNIT 73",
        "city": "DVSN",
        "state": "NC",
        "zip": "28036",
        "email": "KELLEYLAVIN@HOTMAIL.COM",
        "dateOfBirth": "1967-03-31T12:00:00",
        "ssn": "521312328",
        "userOrders": null,
        "isSold": false,
        "id": 72684
    }
]