[
    {
        "firstName": "CCHRISTINE",
        "lastName": "DETTMANN",
        "phone": "6303004188",
        "address": "352 HARRISON ST",
        "city": "W CHGO",
        "state": "CHICAGO",
        "zip": "60185",
        "email": "NE14VBALL@GMAIL.COM",
        "dateOfBirth": "1967-11-02T12:00:00",
        "ssn": "348708537",
        "userOrders": null,
        "isSold": false,
        "id": 21086
    },
    {
        "firstName": "ROBIN***",
        "lastName": "BRANCH",
        "phone": "6308085299",
        "address": "17W735 KIRKLAND LN",
        "city": "VIL PK",
        "state": "PARK",
        "zip": "60181",
        "email": "BRANCH_ROBIN@YAHOO.COM",
        "dateOfBirth": "1967-12-11T12:00:00",
        "ssn": "358743932",
        "userOrders": null,
        "isSold": false,
        "id": 21193
    },
    {
        "firstName": "JAIME",
        "lastName": "MORALES",
        "phone": "2095245910",
        "address": "1813 WALPOLE DR",
        "city": "MDSTO",
        "state": "CA",
        "zip": "95358",
        "email": "MARCIE_MORALES@ATT.NET",
        "dateOfBirth": "1967-03-09T12:00:00",
        "ssn": "620824506",
        "userOrders": null,
        "isSold": false,
        "id": 21270
    },
    {
        "firstName": "MATT",
        "lastName": "HOUDEN",
        "phone": "6307309806",
        "address": "3539 FAIRMONT AVE",
        "city": "NAPRVL",
        "state": "IL",
        "zip": "60564",
        "email": "MHOUDEN@ATT.NET",
        "dateOfBirth": "1967-07-12T12:00:00",
        "ssn": "399621545",
        "userOrders": null,
        "isSold": false,
        "id": 21299
    },
    {
        "firstName": "RAVI",
        "lastName": "VISHNUBHOLTLA",
        "phone": "8476745449",
        "address": "7843 TRIPP AVE",
        "city": "SKOKIE",
        "state": "IL",
        "zip": "60076",
        "email": "RAVIUMA@HOTMAIL.COM",
        "dateOfBirth": "1967-08-15T12:00:00",
        "ssn": "214617031",
        "userOrders": null,
        "isSold": false,
        "id": 21365
    },
    {
        "firstName": "HENERY",
        "lastName": "ROBERSTON",
        "phone": "9047137655",
        "address": "2604 SAM HARDWICK BLVD",
        "city": "JKVL",
        "state": "FL",
        "zip": "32246",
        "email": "NYJAX2759@GMAIL.COM",
        "dateOfBirth": "1967-12-27T12:00:00",
        "ssn": "100627196",
        "userOrders": null,
        "isSold": false,
        "id": 21471
    },
    {
        "firstName": "CHARLES",
        "lastName": "FLYNT",
        "phone": "7708939966",
        "address": "56 COOPER LAKE RD SW",
        "city": "ACW",
        "state": "GA",
        "zip": "30102",
        "email": "CJF3067@ATT.NET",
        "dateOfBirth": "1967-01-29T12:00:00",
        "ssn": "260410699",
        "userOrders": null,
        "isSold": false,
        "id": 21533
    },
    {
        "firstName": "ALONSO",
        "lastName": "MERCADO",
        "phone": "7047568662",
        "address": "11815 MUSKET LN",
        "city": "CHAR",
        "state": "NC",
        "zip": "28273",
        "email": "AMERCADOP@GMAIL.COM",
        "dateOfBirth": "1967-01-03T12:00:00",
        "ssn": "293125188",
        "userOrders": null,
        "isSold": false,
        "id": 21657
    },
    {
        "firstName": "BRIAN",
        "lastName": "BERGER",
        "phone": "2548260583",
        "address": "801 N MARABLE ST",
        "city": "WEST",
        "state": "TX",
        "zip": "76691",
        "email": "BRIAN@WOLFMFG.COM",
        "dateOfBirth": "1967-08-04T12:00:00",
        "ssn": "450574813",
        "userOrders": null,
        "isSold": false,
        "id": 21672
    },
    {
        "firstName": "JOEL",
        "lastName": "LACANE",
        "phone": "8175149907",
        "address": "5809 BLACKMON CT",
        "city": "FORT WORTH",
        "state": "WORTH",
        "zip": "76137",
        "email": "K.JOEL@ATT.NET",
        "dateOfBirth": "1967-07-05T12:00:00",
        "ssn": "627104933",
        "userOrders": null,
        "isSold": false,
        "id": 21827
    },
    {
        "firstName": "NOAH",
        "lastName": "WILLIAMS",
        "phone": "3053360448",
        "address": "15533 SW 107TH CT",
        "city": "MIA",
        "state": "FL",
        "zip": "33157",
        "email": "NJW2929@YAHOO.COM",
        "dateOfBirth": "1967-07-14T12:00:00",
        "ssn": "363476699",
        "userOrders": null,
        "isSold": false,
        "id": 21842
    },
    {
        "firstName": "RENE",
        "lastName": "GILBERT",
        "phone": "9204700372",
        "address": "1829 CEIL ST",
        "city": "LITTLE CHUTE",
        "state": "CHUTE",
        "zip": "54140",
        "email": "LAMBEAUFEVER@YAHOO.COM",
        "dateOfBirth": "1967-06-11T12:00:00",
        "ssn": "399687540",
        "userOrders": null,
        "isSold": false,
        "id": 21873
    },
    {
        "firstName": "STEVEN",
        "lastName": "BIANCO",
        "phone": "8184481676",
        "address": "27004 CERRO VERDE AVE",
        "city": "SANTA CLARITA",
        "state": "CLARITA",
        "zip": "91355",
        "email": "STEVENTBIANCO@YAHOO.COM",
        "dateOfBirth": "1967-03-09T12:00:00",
        "ssn": "562813093",
        "userOrders": null,
        "isSold": true,
        "id": 21885
    },
    {
        "firstName": "JASON",
        "lastName": "WHITE",
        "phone": "9546121105",
        "address": "4311 HIGHBORNE DR NE",
        "city": "MRETA",
        "state": "GA",
        "zip": "30066",
        "email": "BILLS@JAMJWHITE.COM",
        "dateOfBirth": "1967-07-29T12:00:00",
        "ssn": "304860238",
        "userOrders": null,
        "isSold": false,
        "id": 21932
    },
    {
        "firstName": "KEVIN",
        "lastName": "DAVIS",
        "phone": "4044682474",
        "address": "2873 KNOLLBERRY LN",
        "city": "DEC",
        "state": "GA",
        "zip": "30034",
        "email": "KEVPPI@YAHOO.COM",
        "dateOfBirth": "1967-05-22T12:00:00",
        "ssn": "252411979",
        "userOrders": null,
        "isSold": false,
        "id": 21936
    }
]