[
    {
        "firstName": "DUSTIN",
        "lastName": "HAMM",
        "phone": "2814558219",
        "address": "1401 CALUMET ST UNIT 405",
        "city": "HOUSTON",
        "state": "TX",
        "zip": "77004",
        "email": "DUSTINHAMM@GMAIL.COM",
        "dateOfBirth": "1967-11-07T12:00:00",
        "ssn": "601101138",
        "userOrders": null,
        "isSold": false,
        "id": 23178
    },
    {
        "firstName": "SIJIFREDO",
        "lastName": "GONZALEZ",
        "phone": "7732848126",
        "address": "4104 W 81ST PL",
        "city": "CHGO",
        "state": "IL",
        "zip": "60652",
        "email": "ROSA3577@SBCGLOBAL.NET",
        "dateOfBirth": "1967-05-29T12:00:00",
        "ssn": "335825705",
        "userOrders": null,
        "isSold": false,
        "id": 23190
    },
    {
        "firstName": "BRENDA",
        "lastName": "CAR",
        "phone": "1111110001",
        "address": "7406 BROWNSVILLE RD",
        "city": "MORGANTOWN",
        "state": "KY",
        "zip": "42261",
        "email": "GARY_RIOT@ME.COM",
        "dateOfBirth": "1967-10-31T12:00:00",
        "ssn": "405085529",
        "userOrders": null,
        "isSold": false,
        "id": 23280
    },
    {
        "firstName": "VINCENT",
        "lastName": "JACOBY",
        "phone": "3308444740",
        "address": "C/O MIDWEST HEALTH SERVICES, I",
        "city": "MASSILLON",
        "state": "TOMMY",
        "zip": "44647",
        "email": "JULI@MIDWESTHS.COM",
        "dateOfBirth": "1967-11-03T12:00:00",
        "ssn": "291620867",
        "userOrders": null,
        "isSold": false,
        "id": 23354
    },
    {
        "firstName": "ANDRES",
        "lastName": "PLCHER",
        "phone": "1111110001",
        "address": "436 N BELLEVUE BLVD APT 9",
        "city": "MEMPHIS",
        "state": "TN",
        "zip": "38105",
        "email": "CHARLESBURNETTE34@ATT.NET",
        "dateOfBirth": "1967-08-19T12:00:00",
        "ssn": "415137658",
        "userOrders": null,
        "isSold": false,
        "id": 23405
    },
    {
        "firstName": "DAVID",
        "lastName": "CHERSKY",
        "phone": "8058951263",
        "address": "1236 CEDARWOOD LOOP",
        "city": "SN RMN",
        "state": "RAMON",
        "zip": "94582",
        "email": "DNORMALGUY@YAHOO.COM",
        "dateOfBirth": "1967-04-21T12:00:00",
        "ssn": "136763231",
        "userOrders": null,
        "isSold": true,
        "id": 23458
    },
    {
        "firstName": "WATANA",
        "lastName": "BROWN",
        "phone": "5022028725",
        "address": "3432 BRECKENRIDGE LN APT 7",
        "city": "LOUISVILLE",
        "state": "KY",
        "zip": "40220",
        "email": "LOVEABLETANA@YAHOO.COM",
        "dateOfBirth": "1967-10-03T12:00:00",
        "ssn": "407044006",
        "userOrders": null,
        "isSold": false,
        "id": 23504
    },
    {
        "firstName": "RICHARD",
        "lastName": "SCHOEDEL",
        "phone": "7087673469",
        "address": "GENERAL DELIVERY",
        "city": "ISLD LK",
        "state": "AZ",
        "zip": "60042",
        "email": "RICHSCHOEDEL@GMAIL.COM",
        "dateOfBirth": "1967-01-16T12:00:00",
        "ssn": "345568525",
        "userOrders": null,
        "isSold": false,
        "id": 23563
    },
    {
        "firstName": "VACHE",
        "lastName": "ALEXANIAN",
        "phone": "8184291075",
        "address": "5415 NEWCASTLE AVE APT 59",
        "city": "ENC",
        "state": "CA",
        "zip": "91316",
        "email": "VACHEALEXANIAN@YAHOO.COM",
        "dateOfBirth": "1967-10-15T12:00:00",
        "ssn": "568870737",
        "userOrders": null,
        "isSold": false,
        "id": 23603
    },
    {
        "firstName": "MATHEW",
        "lastName": "ROSS",
        "phone": "7652883579",
        "address": "3208 W WOODBRIDGE DR",
        "city": "MUNCIE",
        "state": "IN",
        "zip": "47304",
        "email": "DEPUTYDOG0202@ATT.NET",
        "dateOfBirth": "1967-09-21T12:00:00",
        "ssn": "313902841",
        "userOrders": null,
        "isSold": false,
        "id": 23622
    },
    {
        "firstName": "MICHAEL",
        "lastName": "EBY",
        "phone": "1111110002",
        "address": "200 DOWNEYMEADE DR",
        "city": "NASHVILLE",
        "state": "TN",
        "zip": "37214",
        "email": "MICHAEL.EB6199@GMAIL.COM",
        "dateOfBirth": "1967-04-27T12:00:00",
        "ssn": "409418818",
        "userOrders": null,
        "isSold": false,
        "id": 23797
    },
    {
        "firstName": "ROBERT",
        "lastName": "W***",
        "phone": "8054044271",
        "address": "2437 AURORA LN",
        "city": "SIMI VLY",
        "state": "VALLEY",
        "zip": "93065",
        "email": "HEARTMEDBIZ@YAHOO.COM",
        "dateOfBirth": "1967-02-13T12:00:00",
        "ssn": "558233474",
        "userOrders": null,
        "isSold": true,
        "id": 23819
    },
    {
        "firstName": "THERESA",
        "lastName": "KAUSE",
        "phone": "5867719789",
        "address": "14535 BROHL DR",
        "city": "WARREN",
        "state": "MI",
        "zip": "48088",
        "email": "TMKNIGHT2000@YAHOO.COM",
        "dateOfBirth": "1967-02-14T12:00:00",
        "ssn": "364824736",
        "userOrders": null,
        "isSold": false,
        "id": 23843
    },
    {
        "firstName": "HUGO",
        "lastName": "H",
        "phone": "4693612191",
        "address": "5225 LAS COLINAS BLVD APT 4085",
        "city": "IRVING",
        "state": "TX",
        "zip": "75039",
        "email": "HUGOGAMBOAM@YAHOO.COM",
        "dateOfBirth": "1967-11-17T12:00:00",
        "ssn": "159557798",
        "userOrders": null,
        "isSold": false,
        "id": 23914
    },
    {
        "firstName": "JOVITA",
        "lastName": "SIDA",
        "phone": "9157605846",
        "address": "7025 ORIZABA AVE APT B",
        "city": "EL PASO",
        "state": "PASO",
        "zip": "79912",
        "email": "JOVITA24012@ATT.NET",
        "dateOfBirth": "1967-07-13T12:00:00",
        "ssn": "645264315",
        "userOrders": null,
        "isSold": false,
        "id": 23916
    }
]