[
    {
        "firstName": "KARRI",
        "lastName": "ROY",
        "phone": "6786916091",
        "address": "500 ARCARO DR",
        "city": "MILTON",
        "state": "GA",
        "zip": "30004",
        "email": "JKMMMROY@AOL.COM",
        "dateOfBirth": "1967-07-29T12:00:00",
        "ssn": "468724606",
        "userOrders": null,
        "isSold": true,
        "id": 11862
    },
    {
        "firstName": "RHONDA",
        "lastName": "CLAIR",
        "phone": "3176972263",
        "address": "6989 COTTONWOOD DR",
        "city": "PLAINFIELD",
        "state": "IN",
        "zip": "46168",
        "email": "RHONDACLAIR@ATT.NET",
        "dateOfBirth": "1967-06-30T12:00:00",
        "ssn": "308845938",
        "userOrders": null,
        "isSold": true,
        "id": 11875
    },
    {
        "firstName": "MARIAN",
        "lastName": "ANGHEL",
        "phone": "3135631874",
        "address": "14731 WAYPOINT PKWY",
        "city": "DEARBORN",
        "state": "OLIVE",
        "zip": "48128",
        "email": "MANGHEL@ATT.NET",
        "dateOfBirth": "1967-02-13T12:00:00",
        "ssn": "363132648",
        "userOrders": null,
        "isSold": true,
        "id": 11902
    },
    {
        "firstName": "ROSA",
        "lastName": "MARTINEZ",
        "phone": "1111110052",
        "address": "3162628382",
        "city": "WICHITA KS 67214-1045",
        "state": "N",
        "zip": "WICHITA",
        "email": "67214",
        "dateOfBirth": "1967-03-12T12:00:00",
        "ssn": "514965758",
        "userOrders": null,
        "isSold": true,
        "id": 11934
    },
    {
        "firstName": "MARYELLEN",
        "lastName": "MICHAELS",
        "phone": "3148522748",
        "address": "2417 DEER RUN RD",
        "city": "ST LOUIS COUNTY",
        "state": "LOUIS",
        "zip": "63136",
        "email": "JMERNIE@SBCGLOBAL.NET",
        "dateOfBirth": "1967-10-14T12:00:00",
        "ssn": "497704676",
        "userOrders": null,
        "isSold": true,
        "id": 11986
    },
    {
        "firstName": "SHARON",
        "lastName": "WEEKES",
        "phone": "7734255675",
        "address": "7363 BETHSAIDA DR",
        "city": "RVRDL",
        "state": "GA",
        "zip": "30296",
        "email": "SHARONJCLARKE@HOTMAIL.COM",
        "dateOfBirth": "1967-09-26T12:00:00",
        "ssn": "243809115",
        "userOrders": null,
        "isSold": true,
        "id": 12039
    },
    {
        "firstName": "FAITH",
        "lastName": "SLATER",
        "phone": "2163347886",
        "address": "6484 MAPLEWOOD RD APT 103",
        "city": "EUCLID",
        "state": "OH",
        "zip": "44132",
        "email": "ISHOPALOT@SBCGLOBAL.NET",
        "dateOfBirth": "1967-12-21T12:00:00",
        "ssn": "271605632",
        "userOrders": null,
        "isSold": true,
        "id": 12056
    },
    {
        "firstName": "KELLY",
        "lastName": "HERSON",
        "phone": "9206191336",
        "address": "402 RIDGEVIEW TER",
        "city": "ALLOUEZ",
        "state": "WI",
        "zip": "54301",
        "email": "KELLYHERSON@AOL.COM",
        "dateOfBirth": "1967-04-04T12:00:00",
        "ssn": "393746069",
        "userOrders": null,
        "isSold": true,
        "id": 12127
    },
    {
        "firstName": "ANGELA",
        "lastName": "FRANKO",
        "phone": "1111110001",
        "address": "PO BOX 724",
        "city": "FLORENCE",
        "state": "AL",
        "zip": "35630",
        "email": "ANGELA_FRANKO@YAHOO.COM",
        "dateOfBirth": "1967-08-13T12:00:00",
        "ssn": "426555921",
        "userOrders": null,
        "isSold": true,
        "id": 12266
    },
    {
        "firstName": "CRAIG",
        "lastName": "LUTES",
        "phone": "8184818632",
        "address": "25519 HOUSMAN PL",
        "city": "STVNSON RANCH",
        "state": "RNH",
        "zip": "91381",
        "email": "CRAIG@ORIGINPOP.COM",
        "dateOfBirth": "1967-09-10T12:00:00",
        "ssn": "364668192",
        "userOrders": null,
        "isSold": true,
        "id": 12279
    },
    {
        "firstName": "TIKA",
        "lastName": "ADHIKARI",
        "phone": "7733382202",
        "address": "APT 3",
        "city": "CHGO",
        "state": "N",
        "zip": "60626",
        "email": "DILLUREGMI@GMAIL.COM",
        "dateOfBirth": "1967-07-11T12:00:00",
        "ssn": "360084577",
        "userOrders": null,
        "isSold": true,
        "id": 12328
    },
    {
        "firstName": "DAVID",
        "lastName": "KUSIAK",
        "phone": "7345529909",
        "address": "13139 SUPERIOR ST",
        "city": "SOUTHGATE",
        "state": "MI",
        "zip": "48195",
        "email": "DJKUSIAK@YAHOO.COM",
        "dateOfBirth": "1967-04-16T12:00:00",
        "ssn": "373902630",
        "userOrders": null,
        "isSold": true,
        "id": 12411
    },
    {
        "firstName": "STACEY",
        "lastName": "CARTER",
        "phone": "9728541665",
        "address": "PMB 318",
        "city": "ELLIS COUNTY",
        "state": "HIGHWAY",
        "zip": "75165",
        "email": "KAYCARTER18@ATT.NET",
        "dateOfBirth": "1967-01-06T12:00:00",
        "ssn": "454639609",
        "userOrders": null,
        "isSold": true,
        "id": 12506
    },
    {
        "firstName": "STEVE",
        "lastName": "BOLKS",
        "phone": "6164465610",
        "address": "7052 HIGHLAND DR W",
        "city": "WYOMING",
        "state": "MI",
        "zip": "49519",
        "email": "FRANDALESUBS@GMAIL.COM",
        "dateOfBirth": "1967-04-29T12:00:00",
        "ssn": "382748014",
        "userOrders": null,
        "isSold": true,
        "id": 12514
    },
    {
        "firstName": "DEON",
        "lastName": "DUPLESSIS",
        "phone": "2107258234",
        "address": "9607 AUTUMN SOUND",
        "city": "SAN ANTONIO",
        "state": "TX",
        "zip": "78232",
        "email": "DPPRAIS@YAHOO.COM",
        "dateOfBirth": "1967-12-30T12:00:00",
        "ssn": "434433494",
        "userOrders": null,
        "isSold": true,
        "id": 12545
    }
]