[
    {
        "firstName": "KATHLEEN",
        "lastName": "PETROFF",
        "phone": "5593731275",
        "address": "APT 102",
        "city": "MDRA",
        "state": "S",
        "zip": "93637",
        "email": "PETROFF2793@GMAIL.COM",
        "dateOfBirth": "1967-09-10T12:00:00",
        "ssn": "279687583",
        "userOrders": null,
        "isSold": false,
        "id": 34434
    },
    {
        "firstName": "ED",
        "lastName": "MARTIN",
        "phone": "9162401980",
        "address": "7083 MURIETA PKWY UNIT 33",
        "city": "RNCHO MURIETA",
        "state": "MURIETA",
        "zip": "95683",
        "email": "EDJMARTIN1@YAHOO.COM",
        "dateOfBirth": "1967-05-14T12:00:00",
        "ssn": "548757969",
        "userOrders": null,
        "isSold": false,
        "id": 34511
    },
    {
        "firstName": "DAVID",
        "lastName": "SCHMOTTLACH",
        "phone": "8584490521",
        "address": "452 PROSPERITY DR",
        "city": "SN MARCOS",
        "state": "MARCOS",
        "zip": "92069",
        "email": "DAVESCHMOTTLACH@GMAIL.COM",
        "dateOfBirth": "1967-04-23T12:00:00",
        "ssn": "554025147",
        "userOrders": null,
        "isSold": false,
        "id": 34517
    },
    {
        "firstName": "TERESA",
        "lastName": "RANDEL",
        "phone": "8585685486",
        "address": "UNIT A",
        "city": "SD",
        "state": "RANCHO",
        "zip": "92128",
        "email": "KRITTIYA2512@YAHOO.COM",
        "dateOfBirth": "1967-03-06T12:00:00",
        "ssn": "411358238",
        "userOrders": null,
        "isSold": false,
        "id": 34571
    },
    {
        "firstName": "LESLIE.",
        "lastName": "SMALLS",
        "phone": "4043093258",
        "address": "6175 WATER OAKS DR",
        "city": "AUS",
        "state": "GA",
        "zip": "30106",
        "email": "KUTIEPIE703@GMAIL.COM",
        "dateOfBirth": "1967-02-15T12:00:00",
        "ssn": "257375209",
        "userOrders": null,
        "isSold": false,
        "id": 34632
    },
    {
        "firstName": "ADAM",
        "lastName": "PITTMAN",
        "phone": "6626096420",
        "address": "504 CANTERBURY DR",
        "city": "OXFORD",
        "state": "MS",
        "zip": "38655",
        "email": "APITTMANMS@GMAIL.COM",
        "dateOfBirth": "1967-05-16T12:00:00",
        "ssn": "595053879",
        "userOrders": null,
        "isSold": false,
        "id": 34711
    },
    {
        "firstName": "SEAN",
        "lastName": "PENNA",
        "phone": "2095137160",
        "address": "208 MARENGO AVE",
        "city": "STKN",
        "state": "CA",
        "zip": "95207",
        "email": "ZORBIT5000@GMAIL.COM",
        "dateOfBirth": "1967-06-27T12:00:00",
        "ssn": "559794900",
        "userOrders": null,
        "isSold": false,
        "id": 34828
    },
    {
        "firstName": "LINDA",
        "lastName": "TREVINO",
        "phone": "8325910605",
        "address": "2005 S MASON RD APT 602",
        "city": "KATY",
        "state": "TX",
        "zip": "77450",
        "email": "LINDA.TREVINO@ATT.NET",
        "dateOfBirth": "1967-09-02T12:00:00",
        "ssn": "455539161",
        "userOrders": null,
        "isSold": false,
        "id": 34829
    },
    {
        "firstName": "LAURI",
        "lastName": "SALBERG.",
        "phone": "8477101653",
        "address": "1045 HOHLFELDER RD",
        "city": "GLENCO",
        "state": "IL",
        "zip": "60022",
        "email": "LAURL25@COMCAST.NET",
        "dateOfBirth": "1967-05-25T12:00:00",
        "ssn": "332461833",
        "userOrders": null,
        "isSold": false,
        "id": 34953
    },
    {
        "firstName": "SANTIAGO",
        "lastName": "FERRER",
        "phone": "8642754617",
        "address": "17 WOODSIDE AVE",
        "city": "GNVL",
        "state": "SC",
        "zip": "29611",
        "email": "EMILIOFERRER4@AOL.COM",
        "dateOfBirth": "1967-07-25T12:00:00",
        "ssn": "964745569",
        "userOrders": null,
        "isSold": false,
        "id": 35106
    },
    {
        "firstName": "DAN",
        "lastName": "BOTEA",
        "phone": "9258266086",
        "address": "110 SHORELINE CIR APT 427",
        "city": "SN RMN",
        "state": "RAMON",
        "zip": "94582",
        "email": "DANBSF@HOTMAIL.COM",
        "dateOfBirth": "1967-08-07T12:00:00",
        "ssn": "603273538",
        "userOrders": null,
        "isSold": true,
        "id": 35129
    },
    {
        "firstName": "MIKE",
        "lastName": "KLASSEN",
        "phone": "5807615651",
        "address": "11505 FAIRWAYS AVE",
        "city": "OKLAHOMA CITY",
        "state": "OK",
        "zip": "73099",
        "email": "MK186005@GMAIL.COM",
        "dateOfBirth": "1967-01-28T12:00:00",
        "ssn": "515563604",
        "userOrders": null,
        "isSold": false,
        "id": 35130
    },
    {
        "firstName": "PAMELA",
        "lastName": "COURMIER",
        "phone": "3375154761",
        "address": "1920 COUNTY ROAD 4191",
        "city": "NEWTON COUNTY",
        "state": "TX",
        "zip": "77632",
        "email": "PAMELACOURMIER@YAHOO.COM",
        "dateOfBirth": "1967-07-27T12:00:00",
        "ssn": "437318944",
        "userOrders": null,
        "isSold": false,
        "id": 35147
    },
    {
        "firstName": "DEBRA",
        "lastName": "STRUKE",
        "phone": "3145501718",
        "address": "11012 BAYWOOD TER",
        "city": "ST LOUIS COUNTY",
        "state": "LOUIS",
        "zip": "63126",
        "email": "DEBBYSTRUKE@YAHOO.COM",
        "dateOfBirth": "1967-12-26T12:00:00",
        "ssn": "494765955",
        "userOrders": null,
        "isSold": false,
        "id": 35189
    },
    {
        "firstName": "PERSIO",
        "lastName": "MOREL",
        "phone": "7139479596",
        "address": "1301 AVENUE K",
        "city": "SOUTH HOUSTON",
        "state": "HOUSTON",
        "zip": "77587",
        "email": "RINGSTERKID@SBCGLOBAL.NET",
        "dateOfBirth": "1967-11-06T12:00:00",
        "ssn": "158601656",
        "userOrders": null,
        "isSold": false,
        "id": 35191
    }
]