[
    {
        "firstName": "JEFF",
        "lastName": "LOSH",
        "phone": "6364956544",
        "address": "2518 ALCAROL DR",
        "city": "JEFFERSON COUNTY",
        "state": "MO",
        "zip": "63049",
        "email": "NONE@NONE.COM",
        "dateOfBirth": "1967-12-09T12:00:00",
        "ssn": "418921967",
        "userOrders": null,
        "isSold": false,
        "id": 89152
    },
    {
        "firstName": "RONNY",
        "lastName": "JOHNS",
        "phone": "2146094046",
        "address": "517 VIA SEVILLA",
        "city": "MESQUITE",
        "state": "TX",
        "zip": "75150",
        "email": "DJRONJ@HOTMAIL.COM",
        "dateOfBirth": "1967-07-14T12:00:00",
        "ssn": "455577833",
        "userOrders": null,
        "isSold": false,
        "id": 89179
    },
    {
        "firstName": "JOHN",
        "lastName": "LIPERA",
        "phone": "8187672363",
        "address": "9322 TAMARACK AVE",
        "city": "SUN VLY",
        "state": "VALLEY",
        "zip": "91352",
        "email": "BOOKS7773@YAHOO.COM",
        "dateOfBirth": "1967-12-14T12:00:00",
        "ssn": "567351937",
        "userOrders": null,
        "isSold": false,
        "id": 89241
    },
    {
        "firstName": "TONETTE",
        "lastName": "MCINTYRE",
        "phone": "9725899851",
        "address": "APT 1217",
        "city": "DALLAS",
        "state": "CHESTERFIELD",
        "zip": "75237",
        "email": "MCINTYRETONETTE@YAHOO.COM",
        "dateOfBirth": "1967-11-05T12:00:00",
        "ssn": "467297426",
        "userOrders": null,
        "isSold": false,
        "id": 89313
    },
    {
        "firstName": "RAYMOND",
        "lastName": "VINCE",
        "phone": "9494006148",
        "address": "2208 S LYON ST",
        "city": "SA",
        "state": "ANA",
        "zip": "92705",
        "email": "RVINCE12@ME.COM",
        "dateOfBirth": "1967-07-16T12:00:00",
        "ssn": "564756990",
        "userOrders": null,
        "isSold": true,
        "id": 89380
    },
    {
        "firstName": "MARIA",
        "lastName": "SANTANA",
        "phone": "6502388283",
        "address": "24 UNION SQ APT 452",
        "city": "UC",
        "state": "CITY",
        "zip": "94587",
        "email": "HAPPYSANTANA@YAHOO.COM",
        "dateOfBirth": "1967-08-06T12:00:00",
        "ssn": "603105903",
        "userOrders": null,
        "isSold": false,
        "id": 89431
    },
    {
        "firstName": "MR.",
        "lastName": "UBALDO",
        "phone": "8472360582",
        "address": "1358 BARCLAY LN UNIT 3",
        "city": "DERFLD",
        "state": "IL",
        "zip": "60015",
        "email": "BIGUBEE@AMERITECH.NET",
        "dateOfBirth": "1967-03-25T12:00:00",
        "ssn": "336702193",
        "userOrders": null,
        "isSold": false,
        "id": 89596
    },
    {
        "firstName": "VIVIAN",
        "lastName": "PRIMELLE",
        "phone": "7863571844",
        "address": "15312 SW 52ND TER",
        "city": "MIA",
        "state": "FL",
        "zip": "33185",
        "email": "VIVIANPRIMELLE0112@YAHOO.COM",
        "dateOfBirth": "1967-01-12T12:00:00",
        "ssn": "589856203",
        "userOrders": null,
        "isSold": false,
        "id": 89598
    },
    {
        "firstName": "GERALD",
        "lastName": "ELLIS",
        "phone": "4042851844",
        "address": "387 VISTA CREEK DR",
        "city": "STKBRDG",
        "state": "GA",
        "zip": "30281",
        "email": "GERALDELLIS@BELLSOUTH.NET",
        "dateOfBirth": "1967-06-10T12:00:00",
        "ssn": "257298256",
        "userOrders": null,
        "isSold": false,
        "id": 89746
    },
    {
        "firstName": "STEVE",
        "lastName": "HILL",
        "phone": "6143735324",
        "address": "93 BUCKEYE CIR",
        "city": "COLUMBUS",
        "state": "OH",
        "zip": "43217",
        "email": "HILLSTEVENW@YAHOO.COM",
        "dateOfBirth": "1967-08-14T12:00:00",
        "ssn": "442840373",
        "userOrders": null,
        "isSold": false,
        "id": 89969
    },
    {
        "firstName": "PRIMA",
        "lastName": "BERNABE",
        "phone": "8583533800",
        "address": "5745 FRIARS RD UNIT 106",
        "city": "SD",
        "state": "DIEGO",
        "zip": "92131",
        "email": "PRIMA@SAN.RR.COM",
        "dateOfBirth": "1967-08-12T12:00:00",
        "ssn": "555230442",
        "userOrders": null,
        "isSold": false,
        "id": 90025
    },
    {
        "firstName": "DOROTHY.",
        "lastName": "ORLANDO",
        "phone": "2816840538",
        "address": "1807 WITTE RD",
        "city": "HOUSTON",
        "state": "TX",
        "zip": "77080",
        "email": "DOROTHYOFFICIAL@GMAIL.COM",
        "dateOfBirth": "1967-09-07T12:00:00",
        "ssn": "467537392",
        "userOrders": null,
        "isSold": false,
        "id": 90211
    },
    {
        "firstName": "DEBBIE",
        "lastName": "HAMPTON*",
        "phone": "4043131801",
        "address": "1525 FARMLAKE DR SE",
        "city": "MBLTN",
        "state": "GA",
        "zip": "30126",
        "email": "MAHOGANY92@YAHOO.COM",
        "dateOfBirth": "1967-01-23T12:00:00",
        "ssn": "244175370",
        "userOrders": null,
        "isSold": false,
        "id": 90252
    },
    {
        "firstName": "KIM",
        "lastName": "FOSTER",
        "phone": "9519050097",
        "address": "3572 BANBURY DR APT 85",
        "city": "RIV",
        "state": "CA",
        "zip": "92505",
        "email": "KJAZZED@GMAIL.COM",
        "dateOfBirth": "1967-04-27T12:00:00",
        "ssn": "549152586",
        "userOrders": null,
        "isSold": false,
        "id": 90348
    },
    {
        "firstName": "LUIS",
        "lastName": "V",
        "phone": "8328595699",
        "address": "4102 YOUNG ST APT 1011",
        "city": "PASADENA",
        "state": "TX",
        "zip": "77504",
        "email": "MARTINEZLUISV22@GMAIL.COM",
        "dateOfBirth": "1967-03-03T12:00:00",
        "ssn": "452299758",
        "userOrders": null,
        "isSold": false,
        "id": 90370
    }
]