[
    {
        "firstName": "ELIZABETH",
        "lastName": "HOLMES",
        "phone": "6789654255",
        "address": "6010 ETTINGTON DR",
        "city": "SUWANEE",
        "state": "GA",
        "zip": "30024",
        "email": "ELIZABETH.HOLMES@ELAVON.COM",
        "dateOfBirth": "1967-07-24T12:00:00",
        "ssn": "257459062",
        "userOrders": null,
        "isSold": false,
        "id": 16125
    },
    {
        "firstName": "ANNMARIE",
        "lastName": "PIETTE",
        "phone": "5104653190",
        "address": "3950 EDGEMOOR PL",
        "city": "OAK",
        "state": "CA",
        "zip": "94605",
        "email": "THEGUTTERSNIPE@YAHOO.COM",
        "dateOfBirth": "1967-03-10T12:00:00",
        "ssn": "393623565",
        "userOrders": null,
        "isSold": false,
        "id": 16144
    },
    {
        "firstName": "BETH",
        "lastName": "RUSKAUFF",
        "phone": "9166606040",
        "address": "4325 DIAS LN",
        "city": "LMS",
        "state": "CA",
        "zip": "95650",
        "email": "BETHIEWILLIAMS@HOTMAIL.COM",
        "dateOfBirth": "1967-04-09T12:00:00",
        "ssn": "572315954",
        "userOrders": null,
        "isSold": false,
        "id": 16188
    },
    {
        "firstName": "EVELYN",
        "lastName": "ARRIOLA",
        "phone": "6504556418",
        "address": "61 ROCKRIDGE AVE",
        "city": "DALY CITY",
        "state": "CITY",
        "zip": "94015",
        "email": "AROLANDMD_EVELYN@YAHOO.COM",
        "dateOfBirth": "1967-04-01T12:00:00",
        "ssn": "336684767",
        "userOrders": null,
        "isSold": false,
        "id": 16200
    },
    {
        "firstName": "NOEL",
        "lastName": "VILLEGAS",
        "phone": "7147730342",
        "address": "1430 S MARKEV ST",
        "city": "ANH",
        "state": "CA",
        "zip": "92804",
        "email": "NOELVILLEGAS@ATT.NET",
        "dateOfBirth": "1967-12-02T12:00:00",
        "ssn": "620017538",
        "userOrders": null,
        "isSold": false,
        "id": 16403
    },
    {
        "firstName": "JOSEPH",
        "lastName": "GUERRA",
        "phone": "1111110002",
        "address": "3125 NORMINGTON DR",
        "city": "SAC",
        "state": "CA",
        "zip": "95833",
        "email": "JOSEPH_GRR@YAHOO.COM",
        "dateOfBirth": "1967-01-12T12:00:00",
        "ssn": "551155581",
        "userOrders": null,
        "isSold": false,
        "id": 16544
    },
    {
        "firstName": "DENNIS",
        "lastName": "BESHEAR",
        "phone": "8179019340",
        "address": "401 E PEARL ST APT 2302",
        "city": "TARRANT COUNTY",
        "state": "TX",
        "zip": "76126",
        "email": "TBESHEAR0808@GMAIL.COM",
        "dateOfBirth": "1967-05-18T12:00:00",
        "ssn": "463590107",
        "userOrders": null,
        "isSold": false,
        "id": 16559
    },
    {
        "firstName": "KIMBERLY",
        "lastName": "RICE-FARR",
        "phone": "2626768445",
        "address": "3114 NORTHWESTERN AVE APT 4",
        "city": "RACINE",
        "state": "WI",
        "zip": "53404",
        "email": "KRICEFARR12@YAHOO.COM",
        "dateOfBirth": "1967-08-01T12:00:00",
        "ssn": "486823246",
        "userOrders": null,
        "isSold": false,
        "id": 16761
    },
    {
        "firstName": "LISA",
        "lastName": "LISK-EKSTROM",
        "phone": "6303371271",
        "address": "727 KISKATOM LN",
        "city": "ROSEL",
        "state": "LA",
        "zip": "60172",
        "email": "KLMEE@SBCGLOBAL.NET",
        "dateOfBirth": "1967-07-31T12:00:00",
        "ssn": "344705135",
        "userOrders": null,
        "isSold": false,
        "id": 16776
    },
    {
        "firstName": "YVONNE",
        "lastName": "HARRIS",
        "phone": "3135302101",
        "address": "5314 DUSKYWING DR",
        "city": "COLUMBUS",
        "state": "WNCHSTR",
        "zip": "43110",
        "email": "YHARRISE@GMAIL.COM",
        "dateOfBirth": "1967-03-06T12:00:00",
        "ssn": "371800189",
        "userOrders": null,
        "isSold": false,
        "id": 16946
    },
    {
        "firstName": "SCOTT",
        "lastName": "TOONE",
        "phone": "8123066578",
        "address": "2429 LONG POINT DR",
        "city": "EVANSVILLE",
        "state": "IN",
        "zip": "47714",
        "email": "SCOTTTOONE@YAHOO.COM",
        "dateOfBirth": "1967-10-04T12:00:00",
        "ssn": "305723996",
        "userOrders": null,
        "isSold": false,
        "id": 17012
    },
    {
        "firstName": "MELISSA",
        "lastName": "PARKER",
        "phone": "1111110004",
        "address": "PO BOX 9368",
        "city": "NEW IBERIA",
        "state": "IBERIA",
        "zip": "70563",
        "email": "MELISSA0544@ATT.NET",
        "dateOfBirth": "1967-09-12T12:00:00",
        "ssn": "439552935",
        "userOrders": null,
        "isSold": false,
        "id": 17029
    },
    {
        "firstName": "MICHELLE",
        "lastName": "NOA",
        "phone": "3146309375",
        "address": "3146309375",
        "city": "BRENTWOOD MO 63144-1750",
        "state": "PATTON",
        "zip": "BRENTWOOD",
        "email": "63144",
        "dateOfBirth": "1967-01-01T12:00:00",
        "ssn": "498705570",
        "userOrders": null,
        "isSold": false,
        "id": 17121
    },
    {
        "firstName": "MARIA",
        "lastName": "ALCALA",
        "phone": "1111111111",
        "address": "1530 E DUDLEY AVE",
        "city": "INDIANAPOLIS",
        "state": "IN",
        "zip": "46227",
        "email": "HAZE9420@YAHOO.COM",
        "dateOfBirth": "1967-10-19T12:00:00",
        "ssn": "634693746",
        "userOrders": null,
        "isSold": false,
        "id": 17139
    },
    {
        "firstName": "MARK",
        "lastName": "A",
        "phone": "7086750089",
        "address": "13033 PENNSYLVANIA PL",
        "city": "CROWN POINT",
        "state": "POINT",
        "zip": "46307",
        "email": "MARKKRZEMINSKI@ATT.NET",
        "dateOfBirth": "1967-12-25T12:00:00",
        "ssn": "320748009",
        "userOrders": null,
        "isSold": false,
        "id": 17168
    }
]