[
    {
        "firstName": "FRANCISCO",
        "lastName": "PEREZ",
        "phone": "3232082468",
        "address": "3636 MONON ST APT 7",
        "city": "LA",
        "state": "ANGELES",
        "zip": "90027",
        "email": "FRANKP67@SBCGLOBAL.NET",
        "dateOfBirth": "1967-10-31T12:00:00",
        "ssn": "604703080",
        "userOrders": null,
        "isSold": false,
        "id": 62091
    },
    {
        "firstName": "YOLANDA",
        "lastName": "WATSON",
        "phone": "7733684244",
        "address": "FL 2",
        "city": "CAL CTY",
        "state": "159TH",
        "zip": "60409",
        "email": "NIK_PU2@YAHOO.COM",
        "dateOfBirth": "1967-07-24T12:00:00",
        "ssn": "344686110",
        "userOrders": null,
        "isSold": false,
        "id": 62174
    },
    {
        "firstName": "GRACIE",
        "lastName": "GUTIERREZ",
        "phone": "7134500980",
        "address": "14618 MAISEMORE RD",
        "city": "HOUSTON",
        "state": "TX",
        "zip": "77015",
        "email": "GRACIE.GUTIERREZ@AGLIFE.COM",
        "dateOfBirth": "1967-04-03T12:00:00",
        "ssn": "460558006",
        "userOrders": null,
        "isSold": false,
        "id": 62193
    },
    {
        "firstName": "ALMA",
        "lastName": "ROMO",
        "phone": "4146499140",
        "address": "2472 S 28TH ST",
        "city": "MILWAUKEE",
        "state": "WI",
        "zip": "53215",
        "email": "ALMA_ROMO@ATT.NET",
        "dateOfBirth": "1967-02-03T12:00:00",
        "ssn": "387801317",
        "userOrders": null,
        "isSold": false,
        "id": 62223
    },
    {
        "firstName": "RENE",
        "lastName": "BENNETT",
        "phone": "9725339719",
        "address": "1710 ASHCROFT DR",
        "city": "FAIRVIEW",
        "state": "TX",
        "zip": "75069",
        "email": "PAULBENNETT1@SBCGLOBAL.NET",
        "dateOfBirth": "1967-08-30T12:00:00",
        "ssn": "455299384",
        "userOrders": null,
        "isSold": false,
        "id": 62256
    },
    {
        "firstName": "JILL",
        "lastName": "DUDEK",
        "phone": "6143703780",
        "address": "3230 INDIANOLA AVE APT D",
        "city": "COLUMBUS",
        "state": "OH",
        "zip": "43202",
        "email": "JULIAD370@GMAIL.COM",
        "dateOfBirth": "1967-02-11T12:00:00",
        "ssn": "295743788",
        "userOrders": null,
        "isSold": false,
        "id": 62260
    },
    {
        "firstName": "MARTINIA",
        "lastName": "WISHERD",
        "phone": "8599131367",
        "address": "6925 SANDSHELL BLVD",
        "city": "FORT WORTH",
        "state": "WORTH",
        "zip": "76137",
        "email": "MARTINAW1967@OUTLOOK.COM",
        "dateOfBirth": "1967-07-16T12:00:00",
        "ssn": "254452027",
        "userOrders": null,
        "isSold": false,
        "id": 62274
    },
    {
        "firstName": "JOSE",
        "lastName": "CLARK",
        "phone": "3052311000",
        "address": "8861 SW 124TH ST",
        "city": "MIA",
        "state": "FL",
        "zip": "33176",
        "email": "CLARKJJR@YAHOO.COM",
        "dateOfBirth": "1967-08-01T12:00:00",
        "ssn": "590071314",
        "userOrders": null,
        "isSold": false,
        "id": 62280
    },
    {
        "firstName": "FRANCISCO",
        "lastName": "FLORES",
        "phone": "8585317722",
        "address": "APT 26",
        "city": "SD",
        "state": "BEADNELL",
        "zip": "92117",
        "email": "FRANCISCO5264@SBCGLOBAL.NET",
        "dateOfBirth": "1967-09-24T12:00:00",
        "ssn": "621167538",
        "userOrders": null,
        "isSold": false,
        "id": 62360
    },
    {
        "firstName": "LISA",
        "lastName": "BOUSQUET",
        "phone": "9046725956",
        "address": "3809 LAVISTA CIR APT 205",
        "city": "JKVL",
        "state": "FL",
        "zip": "32217",
        "email": "LISABOUSQUET@YAHOO.COM",
        "dateOfBirth": "1967-12-14T12:00:00",
        "ssn": "173625496",
        "userOrders": null,
        "isSold": false,
        "id": 62372
    },
    {
        "firstName": "DARLENE",
        "lastName": "BARRIOS",
        "phone": "5045830085",
        "address": "3302 YALE DR",
        "city": "KENNER",
        "state": "LA",
        "zip": "70065",
        "email": "DARLENE0085@ATT.NET",
        "dateOfBirth": "1967-09-13T12:00:00",
        "ssn": "434118177",
        "userOrders": null,
        "isSold": false,
        "id": 62415
    },
    {
        "firstName": "MAUREEN",
        "lastName": "DEPAUL",
        "phone": "7203944002",
        "address": "APT 1137",
        "city": "FRISCO",
        "state": "PANTHER",
        "zip": "75035",
        "email": "MTDEPAUL@HOTMAIL.COM",
        "dateOfBirth": "1967-11-04T12:00:00",
        "ssn": "209561619",
        "userOrders": null,
        "isSold": false,
        "id": 62440
    },
    {
        "firstName": "CYNTHIA",
        "lastName": "MOBLEY",
        "phone": "7704693625",
        "address": "APT 40",
        "city": "ST MT",
        "state": "S",
        "zip": "30088",
        "email": "EMBRACECINDY@HOTMAIL.COM",
        "dateOfBirth": "1967-08-26T12:00:00",
        "ssn": "421113045",
        "userOrders": null,
        "isSold": false,
        "id": 62451
    },
    {
        "firstName": "MARIA",
        "lastName": "DUNBAR.",
        "phone": "8435320345",
        "address": "1419 OAKLANDING RD",
        "city": "MT PL",
        "state": "PLEASANT",
        "zip": "29464",
        "email": "MARIADUNBAR@COMCAST.NET",
        "dateOfBirth": "1967-07-27T12:00:00",
        "ssn": "250174844",
        "userOrders": null,
        "isSold": false,
        "id": 62707
    },
    {
        "firstName": "STEPHANIE",
        "lastName": "BRIGLE",
        "phone": "6167851967",
        "address": "303 STOWELL ST NW",
        "city": "ALPINE TWP",
        "state": "PARK",
        "zip": "49321",
        "email": "STEPHANIEBRIGLE.@ATT.NET",
        "dateOfBirth": "1967-09-16T12:00:00",
        "ssn": "381560364",
        "userOrders": null,
        "isSold": false,
        "id": 62715
    }
]