[
    {
        "firstName": "CHRISTOPH",
        "lastName": "J",
        "phone": "4407850816",
        "address": "3207 INGLESIDE DR",
        "city": "PARMA",
        "state": "OH",
        "zip": "44134",
        "email": "CHRISTOPHER.DEPENTI@GMAIL.COM",
        "dateOfBirth": "1967-09-25T12:00:00",
        "ssn": "276783728",
        "userOrders": null,
        "isSold": false,
        "id": 70374
    },
    {
        "firstName": "THEOPHILE",
        "lastName": "KHOUR",
        "phone": "7142006657",
        "address": "287 SHIELDS RD",
        "city": "BOARDMAN TWP",
        "state": "OH",
        "zip": "44512",
        "email": "THEOKHOURY@HOTMAIL.COM",
        "dateOfBirth": "1967-07-08T12:00:00",
        "ssn": "616888939",
        "userOrders": null,
        "isSold": false,
        "id": 70433
    },
    {
        "firstName": "MICHAEL",
        "lastName": "LASTOVICH",
        "phone": "1111110001",
        "address": "3136 HARVEY AVE",
        "city": "AURORA",
        "state": "IL",
        "zip": "60503",
        "email": "LASTOMIKE@AOL.COM",
        "dateOfBirth": "1967-05-20T12:00:00",
        "ssn": "330721947",
        "userOrders": null,
        "isSold": false,
        "id": 70487
    },
    {
        "firstName": "THOMAS",
        "lastName": "ALLEN",
        "phone": "1111110022",
        "address": "125 JELLICO DR",
        "city": "BARDSTOWN",
        "state": "CREEK",
        "zip": "40004",
        "email": "TOMALLEN1967@YAHOO.COM",
        "dateOfBirth": "1967-04-09T12:00:00",
        "ssn": "403197349",
        "userOrders": null,
        "isSold": false,
        "id": 70522
    },
    {
        "firstName": "JULIO",
        "lastName": "BUEN",
        "phone": "3232708011",
        "address": "14526 CROSSDALE AVE",
        "city": "LA",
        "state": "CA",
        "zip": "90043",
        "email": "JULBUENDIA@HOTMAIL.COM",
        "dateOfBirth": "1967-09-18T12:00:00",
        "ssn": "615988853",
        "userOrders": null,
        "isSold": false,
        "id": 70533
    },
    {
        "firstName": "EFRIAN",
        "lastName": "MEDRANO",
        "phone": "2102162768",
        "address": "550 CONGRESS AVE",
        "city": "SAN ANTONIO",
        "state": "ANTONIO",
        "zip": "78254",
        "email": "ENMEDRANO34@ATT.NET",
        "dateOfBirth": "1967-10-24T12:00:00",
        "ssn": "453452190",
        "userOrders": null,
        "isSold": false,
        "id": 70535
    },
    {
        "firstName": "LENORA",
        "lastName": "TRANSPORT",
        "phone": "6614018805",
        "address": "3120 BROOKFIELD LOOP APT A",
        "city": "BKFD",
        "state": "CA",
        "zip": "93311",
        "email": "LEROYP3120@ATT.NET",
        "dateOfBirth": "1967-05-22T12:00:00",
        "ssn": "563150128",
        "userOrders": null,
        "isSold": false,
        "id": 70542
    },
    {
        "firstName": "AMAR",
        "lastName": "SHAH",
        "phone": "9196017505",
        "address": "801 RONI CT",
        "city": "CARY",
        "state": "NC",
        "zip": "27511",
        "email": "TECHNUT@GMAIL.COM",
        "dateOfBirth": "1967-02-28T12:00:00",
        "ssn": "204643420",
        "userOrders": null,
        "isSold": false,
        "id": 70561
    },
    {
        "firstName": "EDWARD",
        "lastName": "SANFORD",
        "phone": "6083324631",
        "address": "312 N 5TH ST",
        "city": "MADISON",
        "state": "WI",
        "zip": "53704",
        "email": "AGITPROP23@GMAIL.COM",
        "dateOfBirth": "1967-08-20T12:00:00",
        "ssn": "399867917",
        "userOrders": null,
        "isSold": false,
        "id": 70620
    },
    {
        "firstName": "ROBERT",
        "lastName": "J",
        "phone": "4152354540",
        "address": "8061 MARCHES WAY",
        "city": "EL DRDO HLS",
        "state": "DORADO",
        "zip": "95762",
        "email": "ROB@ZIN.COM",
        "dateOfBirth": "1967-03-06T12:00:00",
        "ssn": "562252639",
        "userOrders": null,
        "isSold": false,
        "id": 70670
    },
    {
        "firstName": "JORGE",
        "lastName": "AGUIRRE",
        "phone": "4702132413",
        "address": "3252 OAKWOOD VILLAGE LN APT D",
        "city": "CHAM",
        "state": "GA",
        "zip": "30341",
        "email": "JANSYMARIEL1980@GMAIL.COM",
        "dateOfBirth": "1967-01-27T12:00:00",
        "ssn": "587445896",
        "userOrders": null,
        "isSold": false,
        "id": 70724
    },
    {
        "firstName": "BETH",
        "lastName": "MCFALL",
        "phone": "3306515066",
        "address": "3775 MERCEDES PL UNIT 4",
        "city": "CANFIELD",
        "state": "OH",
        "zip": "44406",
        "email": "BETH3MCFALL@HOTMAIL.COM",
        "dateOfBirth": "1967-04-25T12:00:00",
        "ssn": "275805912",
        "userOrders": null,
        "isSold": false,
        "id": 70854
    },
    {
        "firstName": "RAYMUNDO",
        "lastName": "ROMERO",
        "phone": "6617091096",
        "address": "1101 PISTACHIO ST",
        "city": "WASCO",
        "state": "CA",
        "zip": "93280",
        "email": "ALEXHRR@MSN.COM",
        "dateOfBirth": "1967-01-26T12:00:00",
        "ssn": "604222883",
        "userOrders": null,
        "isSold": false,
        "id": 71236
    },
    {
        "firstName": "ALEX",
        "lastName": "TOBAR",
        "phone": "9088215833",
        "address": "618 GREENBROOK RD",
        "city": "NORTH PLAINFIELD",
        "state": "PLAINFIELD",
        "zip": "07060",
        "email": "ALEX_TOBAR1215@MSN.COM",
        "dateOfBirth": "1967-12-14T12:00:00",
        "ssn": "149190624",
        "userOrders": null,
        "isSold": false,
        "id": 71249
    },
    {
        "firstName": "PAMELA",
        "lastName": "SCHLEY",
        "phone": "9253377158",
        "address": "15099 HERRING AVE",
        "city": "SJ",
        "state": "JOSE",
        "zip": "95124",
        "email": "KOMBUCHA67@YAHOO.COM",
        "dateOfBirth": "1967-08-17T12:00:00",
        "ssn": "545211577",
        "userOrders": null,
        "isSold": true,
        "id": 71254
    }
]