[
    {
        "firstName": "CHARLES",
        "lastName": "KIMBERLY",
        "phone": "5614343713",
        "address": "14196 ASTER AVE",
        "city": "W*P*B",
        "state": "WELLINGTN",
        "zip": "33415",
        "email": "PMKEV@MSN.COM",
        "dateOfBirth": "1967-07-04T12:00:00",
        "ssn": "591017443",
        "userOrders": null,
        "isSold": false,
        "id": 57743
    },
    {
        "firstName": "CHARLES",
        "lastName": "EZIGBO",
        "phone": "3523329896",
        "address": "PO BOX 140056",
        "city": "GAINESVL",
        "state": "FL",
        "zip": "32607",
        "email": "EZTENNIS03@GMAIL.COM",
        "dateOfBirth": "1967-01-13T12:00:00",
        "ssn": "437352291",
        "userOrders": null,
        "isSold": false,
        "id": 57791
    },
    {
        "firstName": "CYNTHIA",
        "lastName": "RANSIL",
        "phone": "4126061873",
        "address": "972 VENETIA RD",
        "city": "VENETIA",
        "state": "PA",
        "zip": "15367",
        "email": "CINDYRANSIL@GMAIL.COM",
        "dateOfBirth": "1967-09-15T12:00:00",
        "ssn": "164648701",
        "userOrders": null,
        "isSold": false,
        "id": 57917
    },
    {
        "firstName": "JOHN",
        "lastName": "RYAN",
        "phone": "4153613568",
        "address": "5 LAUREL AVE",
        "city": "BELV",
        "state": "TIBURON",
        "zip": "94920",
        "email": "JOHN_J_RYAN@YAHOO.COM",
        "dateOfBirth": "1967-11-02T12:00:00",
        "ssn": "899680467",
        "userOrders": null,
        "isSold": false,
        "id": 57936
    },
    {
        "firstName": "DEBORAH",
        "lastName": "PIOTROWSKI",
        "phone": "7344161969",
        "address": "6964 HARVARD LN",
        "city": "CANTON TWP",
        "state": "MI",
        "zip": "48187",
        "email": "DEBBIEPIO3@YAHOO.COM",
        "dateOfBirth": "1967-03-12T12:00:00",
        "ssn": "363926750",
        "userOrders": null,
        "isSold": false,
        "id": 57954
    },
    {
        "firstName": "CATALINA",
        "lastName": "MENDOZA",
        "phone": "7145370036",
        "address": "11151 PALOMA AVE",
        "city": "GG",
        "state": "GROVE",
        "zip": "92843",
        "email": "CATALINA5236@SBCGLOBAL.NET",
        "dateOfBirth": "1967-04-30T12:00:00",
        "ssn": "625264437",
        "userOrders": null,
        "isSold": true,
        "id": 57961
    },
    {
        "firstName": "ANNETTE",
        "lastName": "BARNETT",
        "phone": "5103355222",
        "address": "PO BOX 3891",
        "city": "S CRZ",
        "state": "CRUZ",
        "zip": "95060",
        "email": "VISIONARYAMAZONLEADER@GMAIL.COM",
        "dateOfBirth": "1967-10-09T12:00:00",
        "ssn": "550259085",
        "userOrders": null,
        "isSold": false,
        "id": 57995
    },
    {
        "firstName": "MAYA",
        "lastName": "SIBAL",
        "phone": "3102512160",
        "address": "3102512161",
        "city": "GARDENA CA 90247-4983",
        "state": "W",
        "zip": "GRD",
        "email": "90247",
        "dateOfBirth": "1967-02-03T12:00:00",
        "ssn": "602247200",
        "userOrders": null,
        "isSold": false,
        "id": 58023
    },
    {
        "firstName": "ALAN",
        "lastName": "COSTANZA",
        "phone": "5306509660",
        "address": "912 OAK AVE",
        "city": "WDLND",
        "state": "CA",
        "zip": "95695",
        "email": "LNCOSTANZA7@GMAIL.COM",
        "dateOfBirth": "1967-11-04T12:00:00",
        "ssn": "548905151",
        "userOrders": null,
        "isSold": false,
        "id": 58156
    },
    {
        "firstName": "ANTHONY",
        "lastName": "JOHNIGAN",
        "phone": "5102452801",
        "address": "2425 LANCASTER DR APT 18",
        "city": "RICH",
        "state": "PABLO",
        "zip": "94806",
        "email": "JEBUFORD@SBCGLOBAL.NET",
        "dateOfBirth": "1967-09-19T12:00:00",
        "ssn": "488707908",
        "userOrders": null,
        "isSold": false,
        "id": 58230
    },
    {
        "firstName": "WALTER",
        "lastName": "DRAKE",
        "phone": "8585318968",
        "address": "10407 CROSSCREEK TER",
        "city": "SD",
        "state": "DIEGO",
        "zip": "92131",
        "email": "WALTERJOHNDRAKE@HOTMAIL.COM",
        "dateOfBirth": "1967-10-04T12:00:00",
        "ssn": "379866400",
        "userOrders": null,
        "isSold": false,
        "id": 58258
    },
    {
        "firstName": "CRAIG",
        "lastName": "WALKER",
        "phone": "2195950603",
        "address": "936 N WHEELER ST",
        "city": "GRIFFITH",
        "state": "IN",
        "zip": "46319",
        "email": "NACDAT41@YAHOO.COM",
        "dateOfBirth": "1967-05-12T12:00:00",
        "ssn": "189628677",
        "userOrders": null,
        "isSold": false,
        "id": 58328
    },
    {
        "firstName": "MICHAEL",
        "lastName": "OFFEN",
        "phone": "2489674051",
        "address": "15075 LINCOLN ST APT 211",
        "city": "OAK PARK",
        "state": "PARK",
        "zip": "48237",
        "email": "MICHAEL67@GMAIL.COM",
        "dateOfBirth": "1967-05-06T12:00:00",
        "ssn": "385865273",
        "userOrders": null,
        "isSold": false,
        "id": 58336
    },
    {
        "firstName": "TOM",
        "lastName": "JODZIO",
        "phone": "7722144422",
        "address": "753 NW WATERLILY PL",
        "city": "STU",
        "state": "BEACH",
        "zip": "34996",
        "email": "TOM@SITEDESIGNZ.COM",
        "dateOfBirth": "1967-10-31T12:00:00",
        "ssn": "589260277",
        "userOrders": null,
        "isSold": false,
        "id": 58409
    },
    {
        "firstName": "DONALD",
        "lastName": "COLLINS",
        "phone": "7735628107",
        "address": "8205 CROSSING DR",
        "city": "INDIANAPOLIS",
        "state": "IN",
        "zip": "46227",
        "email": "DONALDCOLL50@GMAIL.COM",
        "dateOfBirth": "1967-03-22T12:00:00",
        "ssn": "356622067",
        "userOrders": null,
        "isSold": false,
        "id": 58422
    }
]