[
    {
        "firstName": "ALFREDO",
        "lastName": "FUENTES",
        "phone": "7864449992",
        "address": "PO BOX 352613",
        "city": "MIA",
        "state": "FL",
        "zip": "33125",
        "email": "YANEBATINF@GMAIL.COM",
        "dateOfBirth": "1967-04-17T12:00:00",
        "ssn": "771782043",
        "userOrders": null,
        "isSold": false,
        "id": 31970
    },
    {
        "firstName": "DEBRORAH",
        "lastName": "WILSON",
        "phone": "4078601314",
        "address": "2020 HALEY ST",
        "city": "BKFD",
        "state": "CA",
        "zip": "93305",
        "email": "DW03005@GMAIL.COM",
        "dateOfBirth": "1967-11-17T12:00:00",
        "ssn": "262517300",
        "userOrders": null,
        "isSold": false,
        "id": 31980
    },
    {
        "firstName": "KAREN",
        "lastName": "STOTT",
        "phone": "2174142068",
        "address": "14543 FRONTIER DR",
        "city": "ATHNS",
        "state": "IL",
        "zip": "62613",
        "email": "KLSTOTT@AOL.COM",
        "dateOfBirth": "1967-04-05T12:00:00",
        "ssn": "324723925",
        "userOrders": null,
        "isSold": false,
        "id": 32085
    },
    {
        "firstName": "JULIE",
        "lastName": "HALPERN",
        "phone": "3054953715",
        "address": "APT 104",
        "city": "DANIA",
        "state": "STIRLING",
        "zip": "33314",
        "email": "HALPERN3@AOL.COM",
        "dateOfBirth": "1967-11-17T12:00:00",
        "ssn": "591206811",
        "userOrders": null,
        "isSold": false,
        "id": 32094
    },
    {
        "firstName": "REGINALD",
        "lastName": "TREADWELL",
        "phone": "2283431420",
        "address": "25 PEMBROOK CIR",
        "city": "GULFPORT",
        "state": "MS",
        "zip": "39503",
        "email": "4STARGATOR@ATT.NET",
        "dateOfBirth": "1967-08-14T12:00:00",
        "ssn": "426232295",
        "userOrders": null,
        "isSold": false,
        "id": 32124
    },
    {
        "firstName": "DARRELL",
        "lastName": "MITCHELL",
        "phone": "8434421413",
        "address": "96 CREEK BEND DR",
        "city": "SUMV",
        "state": "SC",
        "zip": "29485",
        "email": "LAKERS.DM@GMAIL.COM",
        "dateOfBirth": "1967-05-14T12:00:00",
        "ssn": "109568109",
        "userOrders": null,
        "isSold": false,
        "id": 32195
    },
    {
        "firstName": "RODOLFO",
        "lastName": "HINOJOSA",
        "phone": "5612941104",
        "address": "771 ORCHID DR",
        "city": "ROYL P BCH",
        "state": "PLM",
        "zip": "33411",
        "email": "HRODOLFOJ@YAHOO.ES",
        "dateOfBirth": "1967-04-08T12:00:00",
        "ssn": "768627768",
        "userOrders": null,
        "isSold": false,
        "id": 32237
    },
    {
        "firstName": "MICHAEL",
        "lastName": "EADS",
        "phone": "7148783269",
        "address": "22644 LIGHTHOUSE DR",
        "city": "GG",
        "state": "LAKE",
        "zip": "92843",
        "email": "STERLING-03@HOTMAIL.COM",
        "dateOfBirth": "1967-03-05T12:00:00",
        "ssn": "548652153",
        "userOrders": null,
        "isSold": false,
        "id": 32255
    },
    {
        "firstName": "MARSHA",
        "lastName": "BLACKBURN",
        "phone": "3303322471",
        "address": "775 PROSPECT ST",
        "city": "SALEM",
        "state": "OH",
        "zip": "44460",
        "email": "MARBLK60@HOTMAIL.COM",
        "dateOfBirth": "1967-08-28T12:00:00",
        "ssn": "283581286",
        "userOrders": null,
        "isSold": false,
        "id": 32279
    },
    {
        "firstName": "CHRIS",
        "lastName": "MALOTT",
        "phone": "2104081553",
        "address": "PO BOX 269",
        "city": "HELOTES",
        "state": "CAMPO",
        "zip": "78023",
        "email": "CHRISTOPHER.MALOTT@MERCK.COM",
        "dateOfBirth": "1967-03-10T12:00:00",
        "ssn": "524848405",
        "userOrders": null,
        "isSold": false,
        "id": 32324
    },
    {
        "firstName": "DARRYL",
        "lastName": "SINGLETARY",
        "phone": "6783409126",
        "address": "20 CORN CRIB CT",
        "city": "NWN",
        "state": "GA",
        "zip": "30263",
        "email": "DARRYLSINGLETARY@ATT.NET",
        "dateOfBirth": "1967-07-22T12:00:00",
        "ssn": "257498790",
        "userOrders": null,
        "isSold": false,
        "id": 32367
    },
    {
        "firstName": "MARIANA",
        "lastName": "OLIVO",
        "phone": "8156006721",
        "address": "6134 AUTUMN RIDGE DR",
        "city": "JOLIET",
        "state": "IL",
        "zip": "60586",
        "email": "OLIVOMARIANA92@GMAIL.COM",
        "dateOfBirth": "1967-04-28T12:00:00",
        "ssn": "625206116",
        "userOrders": null,
        "isSold": false,
        "id": 32369
    },
    {
        "firstName": "TODD",
        "lastName": "PAPORA",
        "phone": "7046205935",
        "address": "14330 HARVINGTON DR",
        "city": "HSVL",
        "state": "NC",
        "zip": "28078",
        "email": "TODD_NOVI_MI@YAHOO.COM",
        "dateOfBirth": "1967-11-04T12:00:00",
        "ssn": "365582554",
        "userOrders": null,
        "isSold": false,
        "id": 32389
    },
    {
        "firstName": "MERCEDALIA",
        "lastName": "SALDIERNA",
        "phone": "9183790403",
        "address": "8055 TIMS LN",
        "city": "VERDIGRIS",
        "state": "OK",
        "zip": "74017",
        "email": "DALIAS128@ATT.NET",
        "dateOfBirth": "1967-01-27T12:00:00",
        "ssn": "456977484",
        "userOrders": null,
        "isSold": false,
        "id": 32397
    },
    {
        "firstName": "RUSTY",
        "lastName": "LEE",
        "phone": "7655205052",
        "address": "2603853294",
        "city": "NEW CASTLE IN 47362-3157",
        "state": "WALNUT",
        "zip": "NEW CASTLE",
        "email": "47362",
        "dateOfBirth": "1967-06-25T12:00:00",
        "ssn": "314664713",
        "userOrders": null,
        "isSold": false,
        "id": 32419
    }
]