[
    {
        "firstName": "JOHN",
        "lastName": "BREITENBACH",
        "phone": "9195979386",
        "address": "104 MAPLE HILL DR",
        "city": "CARY",
        "state": "NC",
        "zip": "27519",
        "email": "BBACH100@GMAIL.COM",
        "dateOfBirth": "1967-04-07T12:00:00",
        "ssn": "148662261",
        "userOrders": null,
        "isSold": false,
        "id": 103077
    },
    {
        "firstName": "AURORA.",
        "lastName": "VARGAS.",
        "phone": "3109732710",
        "address": "APT C1",
        "city": "LAWNDL",
        "state": "W",
        "zip": "90260",
        "email": "AURORA_VARGAS@ATT.NET",
        "dateOfBirth": "1967-08-01T12:00:00",
        "ssn": "651276791",
        "userOrders": null,
        "isSold": false,
        "id": 103162
    },
    {
        "firstName": "PEARL",
        "lastName": "MCKEE",
        "phone": "2818896818",
        "address": "APT 601",
        "city": "HOUSTON",
        "state": "BLUE",
        "zip": "77090",
        "email": "CANADA67PM@YAHOO.COM",
        "dateOfBirth": "1967-02-18T12:00:00",
        "ssn": "453574898",
        "userOrders": null,
        "isSold": false,
        "id": 103413
    },
    {
        "firstName": "TODD",
        "lastName": "LOOMIS",
        "phone": "4083525890",
        "address": "1150 PEDRO ST APT A9",
        "city": "SJ",
        "state": "JOSE",
        "zip": "95126",
        "email": "TRLOOMIS@YAHOO.COM",
        "dateOfBirth": "1967-03-08T12:00:00",
        "ssn": "564316131",
        "userOrders": null,
        "isSold": false,
        "id": 103414
    },
    {
        "firstName": "CYNTHIA",
        "lastName": "ROBERTS",
        "phone": "9186987970",
        "address": "2616 E 88TH ST APT 1",
        "city": "TULSA",
        "state": "OK",
        "zip": "74137",
        "email": "CD81067@YAHOO.COM",
        "dateOfBirth": "1967-08-09T12:00:00",
        "ssn": "445803492",
        "userOrders": null,
        "isSold": false,
        "id": 103588
    },
    {
        "firstName": "JARC",
        "lastName": "MITCHELL",
        "phone": "7048907054",
        "address": "8507 LAWYERS RD APT 5",
        "city": "CHAR",
        "state": "NC",
        "zip": "28227",
        "email": "LINDAJOGLENN51@GMAIL.COM",
        "dateOfBirth": "1967-03-07T12:00:00",
        "ssn": "241906075",
        "userOrders": null,
        "isSold": false,
        "id": 103700
    },
    {
        "firstName": "JAMES",
        "lastName": "WHITE",
        "phone": "2106301606",
        "address": "356 WAGON WHEEL WAY",
        "city": "CIBOLO",
        "state": "TX",
        "zip": "78108",
        "email": "JSWHITE67@YAHOO.COM",
        "dateOfBirth": "1967-01-11T12:00:00",
        "ssn": "460575756",
        "userOrders": null,
        "isSold": false,
        "id": 103723
    },
    {
        "firstName": "DIANE",
        "lastName": "CARPENTER",
        "phone": "9253393571",
        "address": "5677 FIRESTONE RD",
        "city": "LVRMR",
        "state": "CA",
        "zip": "94551",
        "email": "5150GDOG@GMAIL.COM",
        "dateOfBirth": "1967-08-17T12:00:00",
        "ssn": "573275759",
        "userOrders": null,
        "isSold": false,
        "id": 104056
    },
    {
        "firstName": "MITCHELL",
        "lastName": "MORRIS",
        "phone": "4256775352",
        "address": "600 SEMINOLE CANYON DR",
        "city": "GEORGETOWN",
        "state": "TX",
        "zip": "78628",
        "email": "MITCHELL@MORRISLAND.COM",
        "dateOfBirth": "1967-01-16T12:00:00",
        "ssn": "247190550",
        "userOrders": null,
        "isSold": false,
        "id": 104096
    },
    {
        "firstName": "ROSS*",
        "lastName": "BANNATYNE",
        "phone": "5129641282",
        "address": "101 LARGO CV",
        "city": "DBLN",
        "state": "TX",
        "zip": "94568",
        "email": "AUSTINAMY2006@YAHOO.COM",
        "dateOfBirth": "1967-04-25T12:00:00",
        "ssn": "631483727",
        "userOrders": null,
        "isSold": false,
        "id": 104117
    },
    {
        "firstName": "SENATOBIA",
        "lastName": "SPIRITS",
        "phone": "9014858180",
        "address": "4673 HIGHWAY 51 N",
        "city": "SENATOBIA",
        "state": "MS",
        "zip": "38668",
        "email": "SENATOBIASPIRITS@ATT.NET",
        "dateOfBirth": "1967-11-24T12:00:00",
        "ssn": "587431872",
        "userOrders": null,
        "isSold": false,
        "id": 104135
    },
    {
        "firstName": "BART",
        "lastName": "ALVAREZ",
        "phone": "9493519150",
        "address": "6008 S 36TH ST",
        "city": "FRISCO",
        "state": "AR",
        "zip": "75034",
        "email": "BARTALVAREZ@HOTMAIL.COM",
        "dateOfBirth": "1967-09-12T12:00:00",
        "ssn": "569737051",
        "userOrders": null,
        "isSold": false,
        "id": 104147
    },
    {
        "firstName": "IOAN",
        "lastName": "FLOREA",
        "phone": "7735750573",
        "address": "2227 W FOSTER AVE",
        "city": "CHGO",
        "state": "IL",
        "zip": "60625",
        "email": "MINADIANACAMPBELL@SBCGLOBAL.NET",
        "dateOfBirth": "1967-06-26T12:00:00",
        "ssn": "348929930",
        "userOrders": null,
        "isSold": false,
        "id": 104209
    },
    {
        "firstName": "MICHELLE",
        "lastName": "HURST",
        "phone": "9542520709",
        "address": "% CYNTHIA MURPHY",
        "city": "SOUTHWEST RANCHES",
        "state": "BOX",
        "zip": "33331",
        "email": "BELIEVER411@AOL.COM",
        "dateOfBirth": "1967-07-17T12:00:00",
        "ssn": "293527469",
        "userOrders": null,
        "isSold": false,
        "id": 104234
    },
    {
        "firstName": "LISA",
        "lastName": "FRYER",
        "phone": "6154382926",
        "address": "2120 LEBANON PIKE APT 21",
        "city": "NASHVILLE",
        "state": "TN",
        "zip": "37210",
        "email": "JOHNB6403@YAHOO.COM",
        "dateOfBirth": "1967-02-20T12:00:00",
        "ssn": "592582065",
        "userOrders": null,
        "isSold": false,
        "id": 104432
    }
]