[
    {
        "firstName": "DARREL",
        "lastName": "BUCCILLI",
        "phone": "4409533466",
        "address": "APT 2",
        "city": "EASTLAKE",
        "state": "E",
        "zip": "44095",
        "email": "DARTHDARREL@SBCGLOBAL.NET",
        "dateOfBirth": "1967-07-05T12:00:00",
        "ssn": "272782939",
        "userOrders": null,
        "isSold": false,
        "id": 33570
    },
    {
        "firstName": "JIMMY",
        "lastName": "WALKER",
        "phone": "7069935912",
        "address": "247 BROOKS DR",
        "city": "MARTINEZ",
        "state": "GA",
        "zip": "30907",
        "email": "JGWALKER@MILTENRUEBEN.COM",
        "dateOfBirth": "1967-12-15T12:00:00",
        "ssn": "438494305",
        "userOrders": null,
        "isSold": false,
        "id": 33588
    },
    {
        "firstName": "MICHAEL",
        "lastName": "KNOWLTON",
        "phone": "5014146643",
        "address": "8132 N HAVEN DR",
        "city": "BENTON",
        "state": "AR",
        "zip": "72015",
        "email": "MICHAELK8132@ATT.NET",
        "dateOfBirth": "1967-10-31T12:00:00",
        "ssn": "430415255",
        "userOrders": null,
        "isSold": true,
        "id": 33781
    },
    {
        "firstName": "LATANIA",
        "lastName": "ANDERSON",
        "phone": "6195814934",
        "address": "460 CASSELMAN ST",
        "city": "CHLA VSTA",
        "state": "VISTA",
        "zip": "91910",
        "email": "LATANIA6889@ATT.NET",
        "dateOfBirth": "1967-08-24T12:00:00",
        "ssn": "557333012",
        "userOrders": null,
        "isSold": false,
        "id": 33857
    },
    {
        "firstName": "JACKIE",
        "lastName": "CANEDO",
        "phone": "8189983751",
        "address": "7952 LARAMIE AVE",
        "city": "C PK",
        "state": "CA",
        "zip": "91306",
        "email": "EJNMAX07@ATT.NET",
        "dateOfBirth": "1967-07-29T12:00:00",
        "ssn": "562733227",
        "userOrders": null,
        "isSold": false,
        "id": 33883
    },
    {
        "firstName": "MARILYN",
        "lastName": "PITCHFORD",
        "phone": "7732924131",
        "address": "FL 2",
        "city": "CHGO",
        "state": "N",
        "zip": "60622",
        "email": "MARILYNP6214@SBCGLOBAL.NET",
        "dateOfBirth": "1967-11-04T12:00:00",
        "ssn": "337642638",
        "userOrders": null,
        "isSold": true,
        "id": 33887
    },
    {
        "firstName": "DANIEL",
        "lastName": "MUN",
        "phone": "3179661335",
        "address": "4636 WHITHAM LN",
        "city": "INDIANAPOLIS",
        "state": "IN",
        "zip": "46237",
        "email": "DANIEL.MUN@ATT.NET",
        "dateOfBirth": "1967-01-04T12:00:00",
        "ssn": "310190127",
        "userOrders": null,
        "isSold": false,
        "id": 34010
    },
    {
        "firstName": "TRACEY",
        "lastName": "HUMAN",
        "phone": "2283134147",
        "address": "552 GERANIUM AVE",
        "city": "KAFB",
        "state": "OK",
        "zip": "39531",
        "email": "TNT214@EARTHLINK.NET",
        "dateOfBirth": "1967-06-13T12:00:00",
        "ssn": "590140877",
        "userOrders": null,
        "isSold": false,
        "id": 34063
    },
    {
        "firstName": "LISA",
        "lastName": "L",
        "phone": "8185431626",
        "address": "358 W LEXINGTON DR",
        "city": "GLN",
        "state": "CA",
        "zip": "91203",
        "email": "CRLIBUSCH@ATT.NET",
        "dateOfBirth": "1967-09-25T12:00:00",
        "ssn": "566773849",
        "userOrders": null,
        "isSold": false,
        "id": 34068
    },
    {
        "firstName": "MARK",
        "lastName": "DEGEORGE",
        "phone": "9726580401",
        "address": "3505 FOXFIELD TRL",
        "city": "MCKINNEY",
        "state": "TX",
        "zip": "75071",
        "email": "LITTLE01JD@YAHOO.COM",
        "dateOfBirth": "1967-04-27T12:00:00",
        "ssn": "299664035",
        "userOrders": null,
        "isSold": false,
        "id": 34095
    },
    {
        "firstName": "ELIZABETH",
        "lastName": "MCGREGOR",
        "phone": "5803011648",
        "address": "309 E MAIN",
        "city": "BLAIR",
        "state": "OK",
        "zip": "73526",
        "email": "LIZMCGREGOR2135@GMAIL.COM",
        "dateOfBirth": "1967-08-29T12:00:00",
        "ssn": "442686329",
        "userOrders": null,
        "isSold": false,
        "id": 34108
    },
    {
        "firstName": "JIM",
        "lastName": "JUMP",
        "phone": "7077039000",
        "address": "2127 SOPRANO WAY",
        "city": "S RS",
        "state": "ROSA",
        "zip": "95404",
        "email": "JIMJUMP24@GMAIL.COM",
        "dateOfBirth": "1967-08-05T12:00:00",
        "ssn": "573450538",
        "userOrders": null,
        "isSold": false,
        "id": 34250
    },
    {
        "firstName": "JERRY",
        "lastName": "ELLISON",
        "phone": "4234377583",
        "address": "106 N INDIANA AVE",
        "city": "LAFOLLETTE",
        "state": "FOLLETTE",
        "zip": "37766",
        "email": "none@none.com",
        "dateOfBirth": "1967-05-14T12:00:00",
        "ssn": "409029190",
        "userOrders": null,
        "isSold": false,
        "id": 34254
    },
    {
        "firstName": "ANITA",
        "lastName": "PREZZEMOLO",
        "phone": "9548687248",
        "address": "4671 SW BIMINI CIR N",
        "city": "PALM CITY",
        "state": "CITY",
        "zip": "34990",
        "email": "APREZZ19@GMAIL.COM",
        "dateOfBirth": "1967-06-08T12:00:00",
        "ssn": "595109635",
        "userOrders": null,
        "isSold": false,
        "id": 34350
    },
    {
        "firstName": "BARBARA",
        "lastName": "MANARDO",
        "phone": "5862631363",
        "address": "16043 BAYHAM CT",
        "city": "CLINTON TWP",
        "state": "TWP",
        "zip": "48038",
        "email": "BARBARAMANARDO@SBCGLOBAL.NET",
        "dateOfBirth": "1967-07-15T12:00:00",
        "ssn": "370924554",
        "userOrders": null,
        "isSold": false,
        "id": 34422
    }
]