[
    {
        "firstName": "JOAN",
        "lastName": "LOCKWOOD",
        "phone": "3144221441",
        "address": "336 N WOODLAWN AVE",
        "city": "KIRKWOOD",
        "state": "MO",
        "zip": "63122",
        "email": "JLOCKWOOD@GRGPC.COM",
        "dateOfBirth": "1967-10-11T12:00:00",
        "ssn": "494867895",
        "userOrders": null,
        "isSold": false,
        "id": 86781
    },
    {
        "firstName": "PETE",
        "lastName": "TRAINER",
        "phone": "3108971294",
        "address": "1211 AMETHYST ST APT D",
        "city": "EL SEG",
        "state": "BEACH",
        "zip": "90245",
        "email": "JAZZYOURPIPES@ATT.NET",
        "dateOfBirth": "1967-09-26T12:00:00",
        "ssn": "557192912",
        "userOrders": null,
        "isSold": false,
        "id": 86803
    },
    {
        "firstName": "MARIBEL",
        "lastName": "SOLERO",
        "phone": "4075359490",
        "address": "3338 MATTSON DR",
        "city": "ORL",
        "state": "FL",
        "zip": "32825",
        "email": "MARIBEL.SOLERO@YAHOO.COM",
        "dateOfBirth": "1967-09-27T12:00:00",
        "ssn": "328669773",
        "userOrders": null,
        "isSold": false,
        "id": 86834
    },
    {
        "firstName": "WENDELIN",
        "lastName": "SWANSON",
        "phone": "7088704367",
        "address": "7108 166TH ST APT 1C",
        "city": "TINLY PK",
        "state": "PARK",
        "zip": "60477",
        "email": "WENDELIN_SWANSON@HOTMAIL.COM",
        "dateOfBirth": "1967-12-21T12:00:00",
        "ssn": "348667519",
        "userOrders": null,
        "isSold": false,
        "id": 86932
    },
    {
        "firstName": "GREGORY",
        "lastName": "WEIS",
        "phone": "7759979733",
        "address": "17568 W COYOTE TRAIL DR",
        "city": "SPANISH SPGS",
        "state": "AZ",
        "zip": "89436",
        "email": "SMOKEY49@GMAIL.COM",
        "dateOfBirth": "1967-05-23T12:00:00",
        "ssn": "132582645",
        "userOrders": null,
        "isSold": false,
        "id": 86952
    },
    {
        "firstName": "JENNIFER",
        "lastName": "FREELAND",
        "phone": "7727663569",
        "address": "230 KEEN TER APT B",
        "city": "SEBASTIAN",
        "state": "FL",
        "zip": "32958",
        "email": "EVEVIX@ME.COM",
        "dateOfBirth": "1967-04-18T12:00:00",
        "ssn": "393906409",
        "userOrders": null,
        "isSold": false,
        "id": 87014
    },
    {
        "firstName": "MARVIN",
        "lastName": "PRYOR",
        "phone": "2149247477",
        "address": "3430 POINT EAST DR",
        "city": "MESQUITE",
        "state": "TX",
        "zip": "75150",
        "email": "ROBROBIN215@AOL.COM",
        "dateOfBirth": "1967-03-14T12:00:00",
        "ssn": "467632584",
        "userOrders": null,
        "isSold": false,
        "id": 87038
    },
    {
        "firstName": "BRENDA",
        "lastName": "JANSEN",
        "phone": "5804831307",
        "address": "330 W WYOMING ST",
        "city": "WALTERS",
        "state": "OK",
        "zip": "73572",
        "email": "JANSENBRENDA@YAHOO.COM",
        "dateOfBirth": "1967-12-21T12:00:00",
        "ssn": "399725987",
        "userOrders": null,
        "isSold": false,
        "id": 87095
    },
    {
        "firstName": "THERESA",
        "lastName": "LARSON",
        "phone": "2103940704",
        "address": "19069 E LOW CIR",
        "city": "AURORA",
        "state": "CO",
        "zip": "80015",
        "email": "SNTLARSON@HOTMAIL.COM",
        "dateOfBirth": "1967-08-09T12:00:00",
        "ssn": "502131939",
        "userOrders": null,
        "isSold": true,
        "id": 87101
    },
    {
        "firstName": "KENNETH",
        "lastName": "HOLMES",
        "phone": "3182071790",
        "address": "6990 141ST ST",
        "city": "OVERLAND PARK",
        "state": "KS",
        "zip": "66213",
        "email": "RHOLMES66@AOL.COM",
        "dateOfBirth": "1967-09-16T12:00:00",
        "ssn": "439454868",
        "userOrders": null,
        "isSold": false,
        "id": 87109
    },
    {
        "firstName": "CARLOS",
        "lastName": "ESTRADA",
        "phone": "6825214205",
        "address": "109 N EASTERN ST APT 2",
        "city": "KEENE",
        "state": "TX",
        "zip": "76059",
        "email": "EFICIO417@YAHHO.COM",
        "dateOfBirth": "1967-03-13T12:00:00",
        "ssn": "414953103",
        "userOrders": null,
        "isSold": false,
        "id": 87125
    },
    {
        "firstName": "FRANCES",
        "lastName": "SIFUENTES",
        "phone": "6625457055",
        "address": "212 N BOLIVAR AVE",
        "city": "CLEVELAND",
        "state": "MS",
        "zip": "38732",
        "email": "FANNYLEV40@YAHOO.COM",
        "dateOfBirth": "1967-04-11T12:00:00",
        "ssn": "587376455",
        "userOrders": null,
        "isSold": false,
        "id": 87177
    },
    {
        "firstName": "MOSHE",
        "lastName": "HEIMOWITZ",
        "phone": "2163716274",
        "address": "1210 MILLBROOK DR",
        "city": "CLEVELAND HTS",
        "state": "NY",
        "zip": "44118",
        "email": "SARA.HEIMOWITZ@GMAIL.COM",
        "dateOfBirth": "1967-10-16T12:00:00",
        "ssn": "210363054",
        "userOrders": null,
        "isSold": true,
        "id": 87228
    },
    {
        "firstName": "TONY",
        "lastName": "MENDEZ",
        "phone": "3212101093",
        "address": "2380 WOODWIND TRL APT 212",
        "city": "SANF",
        "state": "FL",
        "zip": "32771",
        "email": "TONY.MENDEZ@DIGNITYMEMORIAL.COM",
        "dateOfBirth": "1967-08-04T12:00:00",
        "ssn": "119562655",
        "userOrders": null,
        "isSold": false,
        "id": 87230
    },
    {
        "firstName": "JOSEPH",
        "lastName": "A",
        "phone": "7046617562",
        "address": "8217 STRAWBERRY LN",
        "city": "CHAR",
        "state": "NC",
        "zip": "28277",
        "email": "FUSARO.JOE@GMAIL.COM",
        "dateOfBirth": "1967-09-21T12:00:00",
        "ssn": "109685061",
        "userOrders": null,
        "isSold": false,
        "id": 87255
    }
]