[
    {
        "firstName": "CHRIS",
        "lastName": "BAKER",
        "phone": "7608030151",
        "address": "3103 BURNET DR",
        "city": "ESC",
        "state": "CA",
        "zip": "92027",
        "email": "CKBSURFS@YAHOO.COM",
        "dateOfBirth": "1967-10-30T12:00:00",
        "ssn": "552296090",
        "userOrders": null,
        "isSold": false,
        "id": 63322
    },
    {
        "firstName": "JOSEPH",
        "lastName": "IVICSICS",
        "phone": "8642028328",
        "address": "902 CLAY DR",
        "city": "GAST",
        "state": "NC",
        "zip": "28056",
        "email": "JIVICSICS@HOTMAIL.COM",
        "dateOfBirth": "1967-11-08T12:00:00",
        "ssn": "494703305",
        "userOrders": null,
        "isSold": false,
        "id": 63334
    },
    {
        "firstName": "JIM",
        "lastName": "WYATT",
        "phone": "5018317228",
        "address": "2908 TIMBER CREEK CT",
        "city": "NLR",
        "state": "LITTLE",
        "zip": "72116",
        "email": "JWYATT@MAWPLC.COM",
        "dateOfBirth": "1967-11-14T12:00:00",
        "ssn": "430530886",
        "userOrders": null,
        "isSold": false,
        "id": 63434
    },
    {
        "firstName": "VERONICA",
        "lastName": "LAMAR",
        "phone": "2167730844",
        "address": "10015 S HIGHLAND AVE",
        "city": "GARFIELD HTS",
        "state": "HTS",
        "zip": "44125",
        "email": "RONILAMAR307@GMAIL.COM",
        "dateOfBirth": "1967-03-07T12:00:00",
        "ssn": "297769785",
        "userOrders": null,
        "isSold": false,
        "id": 63539
    },
    {
        "firstName": "SCOTT",
        "lastName": "WILLETTE",
        "phone": "8165164018",
        "address": "4413 SW LYNDSIE CT",
        "city": "LEE'S SUMMIT",
        "state": "SUMMIT",
        "zip": "64082",
        "email": "SWILLPAR@YAHOO.COM",
        "dateOfBirth": "1967-09-29T12:00:00",
        "ssn": "495867636",
        "userOrders": null,
        "isSold": false,
        "id": 63569
    },
    {
        "firstName": "NANCY",
        "lastName": "BOWEN",
        "phone": "8048399410",
        "address": "1310 N WALNUT ST",
        "city": "DANVL",
        "state": "IL",
        "zip": "61832",
        "email": "NANCYMBOWEN@YAHOO.COM",
        "dateOfBirth": "1967-09-15T12:00:00",
        "ssn": "227253147",
        "userOrders": null,
        "isSold": false,
        "id": 63576
    },
    {
        "firstName": "GUADALUPE",
        "lastName": "ORTIZ",
        "phone": "1111110006",
        "address": "227 SOUTHRIDGE RD",
        "city": "RICHLAND",
        "state": "MS",
        "zip": "39218",
        "email": "EDGARIVAN305@HOTMAIL.COM",
        "dateOfBirth": "1967-07-09T12:00:00",
        "ssn": "594582789",
        "userOrders": null,
        "isSold": false,
        "id": 63601
    },
    {
        "firstName": "DARALL",
        "lastName": "BASQUIN",
        "phone": "2162155068",
        "address": "6417 E PLEASANT VALLEY RD",
        "city": "INDEPENDENCE",
        "state": "OH",
        "zip": "44131",
        "email": "RUBYSLUV4ALL@YAHOO.COM",
        "dateOfBirth": "1967-04-03T12:00:00",
        "ssn": "384760803",
        "userOrders": null,
        "isSold": false,
        "id": 63616
    },
    {
        "firstName": "JAMES",
        "lastName": "P",
        "phone": "3123178025",
        "address": "10639 S RIDGEWAY AVE",
        "city": "CHGO",
        "state": "IL",
        "zip": "60655",
        "email": "OHARABOX@GMAIL.COM",
        "dateOfBirth": "1967-07-15T12:00:00",
        "ssn": "116827934",
        "userOrders": null,
        "isSold": false,
        "id": 63635
    },
    {
        "firstName": "LINDA",
        "lastName": "CRAIG-ELLIS",
        "phone": "8156701838",
        "address": "1048 N ROCKTON AVE",
        "city": "RCFR",
        "state": "IL",
        "zip": "61103",
        "email": "LINDACRAIG-ELLIS@ATT.NET",
        "dateOfBirth": "1967-09-30T12:00:00",
        "ssn": "326624179",
        "userOrders": null,
        "isSold": false,
        "id": 63646
    },
    {
        "firstName": "MICHAEL",
        "lastName": "RIOS",
        "phone": "8326512970",
        "address": "7907 SUMMERDALE DR",
        "city": "ROSENBERG",
        "state": "TX",
        "zip": "77469",
        "email": "MIC_RIO1@YAHOO.COM",
        "dateOfBirth": "1967-05-24T12:00:00",
        "ssn": "449353036",
        "userOrders": null,
        "isSold": false,
        "id": 63673
    },
    {
        "firstName": "JAIME",
        "lastName": "PRATS",
        "phone": "3053314537",
        "address": "7973 NW 188TH TER",
        "city": "MIA",
        "state": "FL",
        "zip": "33015",
        "email": "JAIMEPRATS@HOTMAIL.COM",
        "dateOfBirth": "1967-08-23T12:00:00",
        "ssn": "766057972",
        "userOrders": null,
        "isSold": false,
        "id": 63718
    },
    {
        "firstName": "SAMIR",
        "lastName": "MARIKA",
        "phone": "8173914947",
        "address": "811 ENGLESIDE DR",
        "city": "ARLINGTON",
        "state": "TX",
        "zip": "76018",
        "email": "SAMIRMARIKH@MSN.COM",
        "dateOfBirth": "1967-12-20T12:00:00",
        "ssn": "153848747",
        "userOrders": null,
        "isSold": false,
        "id": 63774
    },
    {
        "firstName": "HUI",
        "lastName": "LIUU",
        "phone": "8586639475",
        "address": "9 BLUE SPRUCE",
        "city": "IRV",
        "state": "CA",
        "zip": "92620",
        "email": "LIUHUI640@YAHOO.COM",
        "dateOfBirth": "1967-11-27T12:00:00",
        "ssn": "363155053",
        "userOrders": null,
        "isSold": false,
        "id": 63827
    },
    {
        "firstName": "ARTUSH",
        "lastName": "DALLAKYAN",
        "phone": "9163643492",
        "address": "9559 HARVEST VIEW WAY",
        "city": "SAC",
        "state": "CA",
        "zip": "95827",
        "email": "ARMINE08@YAHOO.COM",
        "dateOfBirth": "1967-06-05T12:00:00",
        "ssn": "611961352",
        "userOrders": null,
        "isSold": false,
        "id": 63856
    }
]