[
    {
        "firstName": "JERELLE",
        "lastName": "SPRUELL",
        "phone": "8319170917",
        "address": "366 RESERVATION RD APT B7",
        "city": "MARINA",
        "state": "CA",
        "zip": "93933",
        "email": "BLITZBURGHJ@YAHOO.COM",
        "dateOfBirth": "1967-06-06T12:00:00",
        "ssn": "547458813",
        "userOrders": null,
        "isSold": false,
        "id": 21940
    },
    {
        "firstName": "MARTHA",
        "lastName": "DOLLOFF",
        "phone": "4326992103",
        "address": "4613 KIOWA DR",
        "city": "MIDLAND",
        "state": "TX",
        "zip": "79703",
        "email": "MARTHADIANN@LIVE.COM",
        "dateOfBirth": "1967-02-16T12:00:00",
        "ssn": "462533269",
        "userOrders": null,
        "isSold": false,
        "id": 21953
    },
    {
        "firstName": "HEIDI",
        "lastName": "BENSE",
        "phone": "7078224771",
        "address": "712 VILLA WAY",
        "city": "ARCATA",
        "state": "CA",
        "zip": "95521",
        "email": "HEIDIBENSE@ATT.NET",
        "dateOfBirth": "1967-05-12T12:00:00",
        "ssn": "562557169",
        "userOrders": null,
        "isSold": false,
        "id": 21974
    },
    {
        "firstName": "TIMOTHY",
        "lastName": "MESSER",
        "phone": "1111110001",
        "address": "11750 MCKINLEY HWY",
        "city": "MISHAWAKA",
        "state": "IN",
        "zip": "46545",
        "email": "TRUS20@ATT.NET",
        "dateOfBirth": "1967-01-01T12:00:00",
        "ssn": "400767895",
        "userOrders": null,
        "isSold": false,
        "id": 22026
    },
    {
        "firstName": "THOMAS",
        "lastName": "KELY",
        "phone": "8438728420",
        "address": "2494 ETIWAN AVE APT B4",
        "city": "CHAS",
        "state": "SC",
        "zip": "29414",
        "email": "TJK5967@AOL.COM",
        "dateOfBirth": "1967-05-09T12:00:00",
        "ssn": "225903614",
        "userOrders": null,
        "isSold": false,
        "id": 22030
    },
    {
        "firstName": "COLLET",
        "lastName": "OLOO",
        "phone": "5125076604",
        "address": "4026 CARGILL DR",
        "city": "ROUND ROCK",
        "state": "ROCK",
        "zip": "78681",
        "email": "EJCHEP07@GMAIL.COM",
        "dateOfBirth": "1967-03-10T12:00:00",
        "ssn": "592556420",
        "userOrders": null,
        "isSold": true,
        "id": 22050
    },
    {
        "firstName": "KIM",
        "lastName": "VEENIS",
        "phone": "5122469443",
        "address": "10045 LACHLAN DR",
        "city": "AUSTIN",
        "state": "TX",
        "zip": "78717",
        "email": "VEEZ4@SBCGLOBAL.NET",
        "dateOfBirth": "1967-09-15T12:00:00",
        "ssn": "180645613",
        "userOrders": null,
        "isSold": false,
        "id": 22126
    },
    {
        "firstName": "JANAL",
        "lastName": "EARLY",
        "phone": "9175831520",
        "address": "7115 COPPERFIELD CT",
        "city": "WILM",
        "state": "NC",
        "zip": "28412",
        "email": "EARLY_J@MSN.COM",
        "dateOfBirth": "1967-03-27T12:00:00",
        "ssn": "100588119",
        "userOrders": null,
        "isSold": false,
        "id": 22145
    },
    {
        "firstName": "SIGNE",
        "lastName": "DUPUY",
        "phone": "2132108035",
        "address": "2807 FRANCIS AVE",
        "city": "LA",
        "state": "ANGELES",
        "zip": "90005",
        "email": "SIGNESAYSHI101@YAHOO.COM",
        "dateOfBirth": "1967-11-04T12:00:00",
        "ssn": "228378571",
        "userOrders": null,
        "isSold": false,
        "id": 22183
    },
    {
        "firstName": "KRISS",
        "lastName": "CARNER",
        "phone": "2317750658",
        "address": "255 GRANITE ST",
        "city": "CADILLAC",
        "state": "MI",
        "zip": "49601",
        "email": "HONEYBUGS01@GMAIL.COM",
        "dateOfBirth": "1967-04-02T12:00:00",
        "ssn": "384787916",
        "userOrders": null,
        "isSold": false,
        "id": 22241
    },
    {
        "firstName": "ROY",
        "lastName": "GLASCOCK",
        "phone": "2105604474",
        "address": "11402 FOREST RAIN",
        "city": "LIVE OAK",
        "state": "OAK",
        "zip": "78233",
        "email": "EAGLE.GLASCOCK@GMAIL.COM",
        "dateOfBirth": "1967-04-06T12:00:00",
        "ssn": "525393992",
        "userOrders": null,
        "isSold": false,
        "id": 22254
    },
    {
        "firstName": "KELLY",
        "lastName": "MCBRIDE",
        "phone": "9168723505",
        "address": "8608 QUAIL OAK WAY",
        "city": "ORGVLE",
        "state": "CA",
        "zip": "95662",
        "email": "KEMAC284@GMAIL.COM",
        "dateOfBirth": "1967-03-03T12:00:00",
        "ssn": "563813148",
        "userOrders": null,
        "isSold": false,
        "id": 22277
    },
    {
        "firstName": "WENDY",
        "lastName": "M",
        "phone": "7753385479",
        "address": "6975 PEPPERMINT DR",
        "city": "STEAD",
        "state": "NV",
        "zip": "89506",
        "email": "WENDYCORNFORD@YMAIL.COM",
        "dateOfBirth": "1967-04-25T12:00:00",
        "ssn": "530905644",
        "userOrders": null,
        "isSold": true,
        "id": 22306
    },
    {
        "firstName": "THOMAS",
        "lastName": "RICKS",
        "phone": "5044918384",
        "address": "742 HANCOCK ST",
        "city": "GRETNA",
        "state": "LA",
        "zip": "70053",
        "email": "TRICKS1983@ATT.NET",
        "dateOfBirth": "1967-01-09T12:00:00",
        "ssn": "433410274",
        "userOrders": null,
        "isSold": false,
        "id": 22373
    },
    {
        "firstName": "AUGOSTINO",
        "lastName": "RICUPATI",
        "phone": "9729082623",
        "address": "13629 MORLEY DR",
        "city": "PLANO",
        "state": "TX",
        "zip": "75025",
        "email": "RICUPATI01@ATT.NET",
        "dateOfBirth": "1967-01-18T12:00:00",
        "ssn": "347765594",
        "userOrders": null,
        "isSold": false,
        "id": 22496
    }
]