[
    {
        "firstName": "MICHAEL",
        "lastName": "PERKINS",
        "phone": "2149345598",
        "address": "9734 WINDLEDGE DR",
        "city": "DALLAS",
        "state": "TX",
        "zip": "75238",
        "email": "MCPERKINS123@GMAIL.COM",
        "dateOfBirth": "1967-12-13T12:00:00",
        "ssn": "521046634",
        "userOrders": null,
        "isSold": false,
        "id": 40882
    },
    {
        "firstName": "LEONARD",
        "lastName": "MARIN",
        "phone": "6266265672",
        "address": "515 N RURAL DR",
        "city": "M PK",
        "state": "PARK",
        "zip": "91755",
        "email": "EMILYLEO7@YAHOO.COM",
        "dateOfBirth": "1967-07-01T12:00:00",
        "ssn": "570196371",
        "userOrders": null,
        "isSold": false,
        "id": 40921
    },
    {
        "firstName": "DAVID",
        "lastName": "STOUBMIRE",
        "phone": "2055727287",
        "address": "1337 RAYFIELD DR",
        "city": "MIDFIELD",
        "state": "AL",
        "zip": "35228",
        "email": "DAVIDSTOUBMIRE1337@ATT.NET",
        "dateOfBirth": "1967-07-28T12:00:00",
        "ssn": "423172211",
        "userOrders": null,
        "isSold": false,
        "id": 41028
    },
    {
        "firstName": "JASON",
        "lastName": "JONES",
        "phone": "6157136860",
        "address": "1403 RHONDA DR",
        "city": "SMYRNA",
        "state": "TN",
        "zip": "37167",
        "email": "JASON.JONES22.JKJ@GMAIL.COM",
        "dateOfBirth": "1967-07-28T12:00:00",
        "ssn": "313768623",
        "userOrders": null,
        "isSold": false,
        "id": 41047
    },
    {
        "firstName": "VICKI",
        "lastName": "SCHUMACHER",
        "phone": "9203668630",
        "address": "3281 NORMANDY LN",
        "city": "ALLOUEZ",
        "state": "BAY",
        "zip": "54301",
        "email": "VICKI8630@ATT.NET",
        "dateOfBirth": "1967-08-16T12:00:00",
        "ssn": "391747027",
        "userOrders": null,
        "isSold": false,
        "id": 41094
    },
    {
        "firstName": "ERIK",
        "lastName": "ADAMS",
        "phone": "3058492706",
        "address": "17217 BONITA LN E",
        "city": "SGRLF",
        "state": "KEY",
        "zip": "33042",
        "email": "KEYWESTERIK@YAHOO.COM",
        "dateOfBirth": "1967-04-13T12:00:00",
        "ssn": "120761648",
        "userOrders": null,
        "isSold": false,
        "id": 41116
    },
    {
        "firstName": "ELIZABETH",
        "lastName": "KAISER",
        "phone": "5305037582",
        "address": "250 MCADOO DR APT 121",
        "city": "FLSM",
        "state": "CA",
        "zip": "95630",
        "email": "EMK_DESIGN@YAHOO.COM",
        "dateOfBirth": "1967-04-27T12:00:00",
        "ssn": "769056555",
        "userOrders": null,
        "isSold": false,
        "id": 41196
    },
    {
        "firstName": "LORI",
        "lastName": "HILL",
        "phone": "6144398310",
        "address": "478 DOVER POND DR",
        "city": "COLUMBUS",
        "state": "OH",
        "zip": "43229",
        "email": "LORIHILL67@YAHOO.COM",
        "dateOfBirth": "1967-08-22T12:00:00",
        "ssn": "278785160",
        "userOrders": null,
        "isSold": false,
        "id": 41220
    },
    {
        "firstName": "CAROL",
        "lastName": "WHEELER",
        "phone": "2709295057",
        "address": "6610 WEISS RD",
        "city": "OWENSBORO",
        "state": "IN",
        "zip": "42301",
        "email": "CAROLANNRN@YMAIL.COM",
        "dateOfBirth": "1967-05-26T12:00:00",
        "ssn": "404192480",
        "userOrders": null,
        "isSold": false,
        "id": 41234
    },
    {
        "firstName": "THOMAS",
        "lastName": "LADD",
        "phone": "2148745644",
        "address": "1817 OATES DR APT 513",
        "city": "MESQUITE",
        "state": "TX",
        "zip": "75150",
        "email": "TAMMIECONNER77@GMAIL.COM",
        "dateOfBirth": "1967-10-20T12:00:00",
        "ssn": "275808412",
        "userOrders": null,
        "isSold": false,
        "id": 41402
    },
    {
        "firstName": "KIMBERLY",
        "lastName": "SMITH",
        "phone": "5175459999",
        "address": "1660 E COON LAKE RD",
        "city": "MARION TWP",
        "state": "MI",
        "zip": "48843",
        "email": "SMICH42@YAHOO.COM",
        "dateOfBirth": "1967-02-05T12:00:00",
        "ssn": "383744639",
        "userOrders": null,
        "isSold": false,
        "id": 41410
    },
    {
        "firstName": "FOUAD",
        "lastName": "ABI",
        "phone": "7036067145",
        "address": "5718 HERITAGE CROSSING CT",
        "city": "CENTREVILLE",
        "state": "VA",
        "zip": "20120",
        "email": "FAJROVER@HOTMAIL.COM",
        "dateOfBirth": "1967-05-28T12:00:00",
        "ssn": "124783485",
        "userOrders": null,
        "isSold": false,
        "id": 41456
    },
    {
        "firstName": "ISABEL",
        "lastName": "AZEVEDO",
        "phone": "3058158585",
        "address": "2204 IDLE HOUR DR",
        "city": "BOYN BCH",
        "state": "NC",
        "zip": "33426",
        "email": "IAZEVEDO2002@YAHOO.COM",
        "dateOfBirth": "1967-02-08T12:00:00",
        "ssn": "592784829",
        "userOrders": null,
        "isSold": false,
        "id": 41505
    },
    {
        "firstName": "WILLIAM",
        "lastName": "CRAWFORD",
        "phone": "1111110003",
        "address": "1204 VULTEE BLVD",
        "city": "NASHVILLE",
        "state": "TN",
        "zip": "37217",
        "email": "TINCKERLUV@YAHOO.COM",
        "dateOfBirth": "1967-12-28T12:00:00",
        "ssn": "408591311",
        "userOrders": null,
        "isSold": false,
        "id": 41572
    },
    {
        "firstName": "MARIA",
        "lastName": "VERGARA",
        "phone": "3236985122",
        "address": "10105 ORANGE AVE",
        "city": "S GT",
        "state": "GATE",
        "zip": "90280",
        "email": "VERGARAINSURANCE@SBCGLOBAL.NET",
        "dateOfBirth": "1967-12-08T12:00:00",
        "ssn": "615158637",
        "userOrders": null,
        "isSold": false,
        "id": 41694
    }
]