[
    {
        "firstName": "CELESTE",
        "lastName": "PORTER",
        "phone": "3364531395",
        "address": "238 MCCRANFORD RD",
        "city": "GNBO",
        "state": "NC",
        "zip": "27405",
        "email": "SRPORTER06@YAHOO.COM",
        "dateOfBirth": "1967-05-03T12:00:00",
        "ssn": "237410894",
        "userOrders": null,
        "isSold": false,
        "id": 25090
    },
    {
        "firstName": "MICHAEL",
        "lastName": "LABRANCHE",
        "phone": "6103227317",
        "address": "4582 W DEER RUN DR APT 101",
        "city": "WAUWATOSA",
        "state": "DEER",
        "zip": "53213",
        "email": "MICHAELLABRANCHE@YMAIL.COM",
        "dateOfBirth": "1967-10-02T12:00:00",
        "ssn": "590189649",
        "userOrders": null,
        "isSold": false,
        "id": 25195
    },
    {
        "firstName": "JULIUS",
        "lastName": "FABULAR",
        "phone": "1111110001",
        "address": "PO BOX 531753",
        "city": "CHLA VSTA",
        "state": "DIEGO",
        "zip": "91910",
        "email": "JULIUS.FABULAR@ATT.NET",
        "dateOfBirth": "1967-04-12T12:00:00",
        "ssn": "608787251",
        "userOrders": null,
        "isSold": false,
        "id": 25213
    },
    {
        "firstName": "RACHAEL",
        "lastName": "ROSS",
        "phone": "1111110001",
        "address": "212 CRENSHAW DR",
        "city": "ARLINGTON",
        "state": "TX",
        "zip": "76014",
        "email": "KEVRACHAEL@YAHOO.COM",
        "dateOfBirth": "1967-09-14T12:00:00",
        "ssn": "456190588",
        "userOrders": null,
        "isSold": false,
        "id": 25218
    },
    {
        "firstName": "ROSA",
        "lastName": "ORTEGA",
        "phone": "9254275022",
        "address": "315 W 10TH ST",
        "city": "PIT",
        "state": "CA",
        "zip": "94565",
        "email": "RICARDOMUNOZ925@YAHOO.COM",
        "dateOfBirth": "1967-12-15T12:00:00",
        "ssn": "608140126",
        "userOrders": null,
        "isSold": false,
        "id": 25241
    },
    {
        "firstName": "DAWN",
        "lastName": "FREDERIKSEN",
        "phone": "8189126793",
        "address": "23809 TIARA ST",
        "city": "W HLS",
        "state": "HLS",
        "zip": "91367",
        "email": "DAWNVANDERCREEK@GMAIL.COM",
        "dateOfBirth": "1967-08-11T12:00:00",
        "ssn": "545792453",
        "userOrders": null,
        "isSold": true,
        "id": 25368
    },
    {
        "firstName": "SHERRYE",
        "lastName": "SMITH",
        "phone": "3308656128",
        "address": "2752 GLENHAVEN AVE APT H",
        "city": "COPLEY TWP",
        "state": "OH",
        "zip": "44320",
        "email": "SHERRYES3@YAHOO.COM",
        "dateOfBirth": "1967-05-04T12:00:00",
        "ssn": "277766041",
        "userOrders": null,
        "isSold": false,
        "id": 25370
    },
    {
        "firstName": "LESLIE",
        "lastName": "TARDY",
        "phone": "8174049539",
        "address": "1409 BEAUMONT ST",
        "city": "FORT WORTH",
        "state": "WORTH",
        "zip": "76106",
        "email": "LTARDY@YAHOO.COM",
        "dateOfBirth": "1967-11-11T12:00:00",
        "ssn": "463572966",
        "userOrders": null,
        "isSold": false,
        "id": 25371
    },
    {
        "firstName": "MICHAEL",
        "lastName": "KENDRICK",
        "phone": "3255753095",
        "address": "2300 37TH ST",
        "city": "SNYDER",
        "state": "TX",
        "zip": "79549",
        "email": "JODI.KENDRICK@YAHOO.COM",
        "dateOfBirth": "1967-04-09T12:00:00",
        "ssn": "553232812",
        "userOrders": null,
        "isSold": false,
        "id": 25377
    },
    {
        "firstName": "HILDA",
        "lastName": "DIAZ",
        "phone": "1111110002",
        "address": "1200 GRAND AVE UNIT SP1",
        "city": "SP VLY",
        "state": "VALLEY",
        "zip": "91977",
        "email": "HILDADIAZ91977@ATT.NET",
        "dateOfBirth": "1967-01-22T12:00:00",
        "ssn": "618686297",
        "userOrders": null,
        "isSold": true,
        "id": 25465
    },
    {
        "firstName": "STEVE",
        "lastName": "ROSSMAN",
        "phone": "9547526901",
        "address": "5954 NW 75TH CT",
        "city": "PKLND",
        "state": "FL",
        "zip": "33067",
        "email": "JENNARBEAR0831@AOL.COM",
        "dateOfBirth": "1967-08-10T12:00:00",
        "ssn": "266379625",
        "userOrders": null,
        "isSold": false,
        "id": 25510
    },
    {
        "firstName": "DAVE",
        "lastName": "ANDERSON",
        "phone": "6502437957",
        "address": "3530 MAGNOLIA DR",
        "city": "ALMDA",
        "state": "CA",
        "zip": "94502",
        "email": "NU2BAY@YAHOO.COM",
        "dateOfBirth": "1967-08-07T12:00:00",
        "ssn": "350465161",
        "userOrders": null,
        "isSold": false,
        "id": 25570
    },
    {
        "firstName": "JINA",
        "lastName": "STODDART",
        "phone": "4056008445",
        "address": "2304 POWDERHORN",
        "city": "LOGAN COUNTY",
        "state": "OK",
        "zip": "73025",
        "email": "JINASTODDART@GMAIL.COM",
        "dateOfBirth": "1967-01-21T12:00:00",
        "ssn": "440742198",
        "userOrders": null,
        "isSold": false,
        "id": 25584
    },
    {
        "firstName": "CHRIS",
        "lastName": "GILLIAM",
        "phone": "4058186791",
        "address": "12917 SAINT CHRISTOPHER DR",
        "city": "OKLAHOMA CITY",
        "state": "CITY",
        "zip": "73120",
        "email": "GILLIAM921@YAHOO.COM",
        "dateOfBirth": "1967-09-21T12:00:00",
        "ssn": "445786885",
        "userOrders": null,
        "isSold": false,
        "id": 25718
    },
    {
        "firstName": "LINDA",
        "lastName": "BALLADARES",
        "phone": "5618607080",
        "address": "5135 FOXHALL DR N",
        "city": "ROYL P BCH",
        "state": "PALM",
        "zip": "33411",
        "email": "CHAVICA17@AOL.COM",
        "dateOfBirth": "1967-04-24T12:00:00",
        "ssn": "590917506",
        "userOrders": null,
        "isSold": false,
        "id": 25799
    }
]