[
    {
        "firstName": "LUDMILLA",
        "lastName": "SHAPOSHNIK",
        "phone": "8186458558",
        "address": "22927 KESWICK ST",
        "city": "WEST HLS",
        "state": "HILLS",
        "zip": "91304",
        "email": "ARKADI@SHAPOSHNIK.COM",
        "dateOfBirth": "1967-06-07T12:00:00",
        "ssn": "489841599",
        "userOrders": null,
        "isSold": false,
        "id": 19918
    },
    {
        "firstName": "LUIS",
        "lastName": "LOPEZ",
        "phone": "3052183775",
        "address": "3071 NW 3RD ST",
        "city": "MIA",
        "state": "FL",
        "zip": "33125",
        "email": "LUISLOPEZ28@HOTMAIL.COM",
        "dateOfBirth": "1967-08-14T12:00:00",
        "ssn": "266994550",
        "userOrders": null,
        "isSold": false,
        "id": 19927
    },
    {
        "firstName": "MICHAEL",
        "lastName": "BROWN",
        "phone": "2486365958",
        "address": "12001 KLINGER ST UNIT F-1",
        "city": "HAMTRAMCK",
        "state": "MI",
        "zip": "48212",
        "email": "MIKEYBROWNDETROIT@GMAIL.COM",
        "dateOfBirth": "1967-12-31T12:00:00",
        "ssn": "477883336",
        "userOrders": null,
        "isSold": false,
        "id": 19928
    },
    {
        "firstName": "JOY",
        "lastName": "KING",
        "phone": "2105919001",
        "address": "137 BRAHMA WAY",
        "city": "CIBOLO",
        "state": "TX",
        "zip": "78108",
        "email": "KING_JOY@ATT.NET",
        "dateOfBirth": "1967-01-21T12:00:00",
        "ssn": "430418810",
        "userOrders": null,
        "isSold": false,
        "id": 19985
    },
    {
        "firstName": "PAMELA",
        "lastName": "JOHNSON",
        "phone": "7063996946",
        "address": "4722 BILLIE J DR",
        "city": "AUG",
        "state": "GA",
        "zip": "30909",
        "email": "DECTRICKJOHNSON@YAHOO.COM",
        "dateOfBirth": "1967-05-03T12:00:00",
        "ssn": "450478365",
        "userOrders": null,
        "isSold": false,
        "id": 20141
    },
    {
        "firstName": "MEDINA",
        "lastName": "GUADALUPE",
        "phone": "9152342200",
        "address": "5211 SANTA ELENA CIR",
        "city": "EL PASO",
        "state": "PASO",
        "zip": "79932",
        "email": "JORTIZ5@OUTLOOK.COM",
        "dateOfBirth": "1967-12-05T12:00:00",
        "ssn": "638701539",
        "userOrders": null,
        "isSold": false,
        "id": 20231
    },
    {
        "firstName": "TIFFANY",
        "lastName": "RICE",
        "phone": "1111110003",
        "address": "6020 PORTICO DR APT 1510",
        "city": "FORT WORTH",
        "state": "WORTH",
        "zip": "76132",
        "email": "JB6254@YAHOO.COM",
        "dateOfBirth": "1967-04-10T12:00:00",
        "ssn": "578048567",
        "userOrders": null,
        "isSold": false,
        "id": 20245
    },
    {
        "firstName": "MARTIN",
        "lastName": "RIVERA",
        "phone": "3314426356",
        "address": "419 WESTON AVE FL 2",
        "city": "AURORA",
        "state": "IL",
        "zip": "60505",
        "email": "MARTIN0638@ATT.NET",
        "dateOfBirth": "1967-10-02T12:00:00",
        "ssn": "591803030",
        "userOrders": null,
        "isSold": false,
        "id": 20352
    },
    {
        "firstName": "MARK",
        "lastName": "BURKLEY",
        "phone": "3172552965",
        "address": "4659 14TH ST",
        "city": "INDIANAPOLIS",
        "state": "CO",
        "zip": "46208",
        "email": "M_BURKLEY@ATT.NET",
        "dateOfBirth": "1967-08-28T12:00:00",
        "ssn": "565373763",
        "userOrders": null,
        "isSold": true,
        "id": 20427
    },
    {
        "firstName": "MARINA",
        "lastName": "HEATZIG",
        "phone": "9192180068",
        "address": "101 WRENN PL",
        "city": "CARRBRO",
        "state": "HILL",
        "zip": "27516",
        "email": "MHEATZIG@GMAIL.COM",
        "dateOfBirth": "1967-03-07T12:00:00",
        "ssn": "217985123",
        "userOrders": null,
        "isSold": true,
        "id": 20523
    },
    {
        "firstName": "SA",
        "lastName": "CHEN",
        "phone": "2064599499",
        "address": "722 S BIXEL ST APT A804",
        "city": "LA",
        "state": "ANGELES",
        "zip": "90017",
        "email": "DOMINIC.MARTINI@OUTLOOK.COM",
        "dateOfBirth": "1967-03-24T12:00:00",
        "ssn": "176792246",
        "userOrders": null,
        "isSold": true,
        "id": 20705
    },
    {
        "firstName": "THOMAS",
        "lastName": "FONVILLE",
        "phone": "5595930303",
        "address": "5761 E SUSSEX WAY",
        "city": "FRS",
        "state": "CA",
        "zip": "93727",
        "email": "TFONVILLEUSA@NETSCAPE.NET",
        "dateOfBirth": "1967-08-02T12:00:00",
        "ssn": "553060840",
        "userOrders": null,
        "isSold": false,
        "id": 20788
    },
    {
        "firstName": "CARRIE",
        "lastName": "VINSON",
        "phone": "2564290411",
        "address": "LOT 12",
        "city": "TOWN CREEK",
        "state": "CHURCH",
        "zip": "35672",
        "email": "CVINSON501@GMAIL.COM",
        "dateOfBirth": "1967-09-08T12:00:00",
        "ssn": "569292601",
        "userOrders": null,
        "isSold": false,
        "id": 20890
    },
    {
        "firstName": "LORENA",
        "lastName": "ULLOA",
        "phone": "1111110001",
        "address": "1045 W SAN YSIDRO BLVD APT 6",
        "city": "SD",
        "state": "YSIDRO",
        "zip": "92173",
        "email": "ELSYLUNA@ATT.NET",
        "dateOfBirth": "1967-10-23T12:00:00",
        "ssn": "602013106",
        "userOrders": null,
        "isSold": false,
        "id": 20951
    },
    {
        "firstName": "ENRIQUE",
        "lastName": "REYES",
        "phone": "2148301535",
        "address": "8629 MCNABB DR",
        "city": "DALLAS",
        "state": "TX",
        "zip": "75217",
        "email": "ANTONIO.REYES123@ATT.NET",
        "dateOfBirth": "1967-06-16T12:00:00",
        "ssn": "321886916",
        "userOrders": null,
        "isSold": false,
        "id": 21072
    }
]