[
    {
        "firstName": "ROGER",
        "lastName": "WOLKINS",
        "phone": "9897086042",
        "address": "313 PRINCETON CT",
        "city": "MIDLAND",
        "state": "MI",
        "zip": "48640",
        "email": "DRDEW1967@YAHOO.COM",
        "dateOfBirth": "1967-12-02T12:00:00",
        "ssn": "374888194",
        "userOrders": null,
        "isSold": false,
        "id": 87330
    },
    {
        "firstName": "GEORGIA",
        "lastName": "LYNN",
        "phone": "8327820655",
        "address": "10601 SABO RD APT 62",
        "city": "HOUSTON",
        "state": "TX",
        "zip": "77089",
        "email": "CSINNETTE1@YAHOO.COM",
        "dateOfBirth": "1967-11-30T12:00:00",
        "ssn": "452273004",
        "userOrders": null,
        "isSold": false,
        "id": 87336
    },
    {
        "firstName": "RACHEL",
        "lastName": "MATHEWS",
        "phone": "9499162657",
        "address": "26161 SUNNYGLEN AVE",
        "city": "LAG HLS",
        "state": "HILLS",
        "zip": "92653",
        "email": "RAM47@EARTHLINK.NET",
        "dateOfBirth": "1967-03-15T12:00:00",
        "ssn": "556456040",
        "userOrders": null,
        "isSold": false,
        "id": 87431
    },
    {
        "firstName": "EDUARDO",
        "lastName": "GARCIA",
        "phone": "3237525982",
        "address": "124 E 75TH ST",
        "city": "LA",
        "state": "ANGELES",
        "zip": "90003",
        "email": "GUAYO0915@SBCGLOBAL.NET",
        "dateOfBirth": "1967-09-15T12:00:00",
        "ssn": "603144891",
        "userOrders": null,
        "isSold": false,
        "id": 87502
    },
    {
        "firstName": "DEBORAH",
        "lastName": "HICKS",
        "phone": "1111110003",
        "address": "1035 SCALES RD APT 4303",
        "city": "SUWANEE",
        "state": "GA",
        "zip": "30024",
        "email": "DEBORAH_HICKS0428@ATT.NET",
        "dateOfBirth": "1967-03-11T12:00:00",
        "ssn": "225843805",
        "userOrders": null,
        "isSold": false,
        "id": 87552
    },
    {
        "firstName": "DEMETRA",
        "lastName": "PANAGAKIS",
        "phone": "7732051096",
        "address": "5659 W EDDY ST",
        "city": "CHGO",
        "state": "IL",
        "zip": "60634",
        "email": "DYMYTRA@AOL.COM",
        "dateOfBirth": "1967-01-22T12:00:00",
        "ssn": "356681326",
        "userOrders": null,
        "isSold": false,
        "id": 87719
    },
    {
        "firstName": "MARIA",
        "lastName": "Y",
        "phone": "7148155716",
        "address": "2545 W BROADWAY APT 102",
        "city": "ANH",
        "state": "CA",
        "zip": "92804",
        "email": "SANCHJO50@YAHOO.COM",
        "dateOfBirth": "1967-07-25T12:00:00",
        "ssn": "591326706",
        "userOrders": null,
        "isSold": false,
        "id": 87729
    },
    {
        "firstName": "CYNTHIA",
        "lastName": "D",
        "phone": "9016286793",
        "address": "2867 BRIARWOOD DR",
        "city": "HORN LAKE",
        "state": "LAKE",
        "zip": "38637",
        "email": "MSCINDYLOO@YAHOO.COM",
        "dateOfBirth": "1967-09-26T12:00:00",
        "ssn": "412372397",
        "userOrders": null,
        "isSold": false,
        "id": 87810
    },
    {
        "firstName": "MARK",
        "lastName": "TRULUCK",
        "phone": "7706661177",
        "address": "427 W LEE ST",
        "city": "PENSACOLA",
        "state": "FL",
        "zip": "32501",
        "email": "ANDY.TRULUCK@GMAIL.COM",
        "dateOfBirth": "1967-11-06T12:00:00",
        "ssn": "257357756",
        "userOrders": null,
        "isSold": false,
        "id": 87982
    },
    {
        "firstName": "BRIAN",
        "lastName": "MILNAMOW",
        "phone": "5742923131",
        "address": "51764 RIDGETOP DR",
        "city": "GRANGER",
        "state": "IN",
        "zip": "46530",
        "email": "MILNAMOW4@SBCGLOBAL.NET",
        "dateOfBirth": "1967-05-21T12:00:00",
        "ssn": "371804267",
        "userOrders": null,
        "isSold": false,
        "id": 88010
    },
    {
        "firstName": "JOHNNA",
        "lastName": "HILLSTEAD",
        "phone": "3145518470",
        "address": "3464 CHARLACK AVE",
        "city": "ST PETERS",
        "state": "LOUIS",
        "zip": "63376",
        "email": "BRITESIDE_HPYGRL@YAHOO.COM",
        "dateOfBirth": "1967-05-26T12:00:00",
        "ssn": "490888757",
        "userOrders": null,
        "isSold": false,
        "id": 88090
    },
    {
        "firstName": "CHRISTINA",
        "lastName": "LAURSEN",
        "phone": "2163244322",
        "address": "8156 BOAT HOOK LOOP APT 105",
        "city": "LAKEWOOD",
        "state": "FL",
        "zip": "44107",
        "email": "THEREALLAURSENS@YAHOO.COM",
        "dateOfBirth": "1967-07-28T12:00:00",
        "ssn": "270762106",
        "userOrders": null,
        "isSold": false,
        "id": 88210
    },
    {
        "firstName": "CHRISTINA",
        "lastName": "GALVAN",
        "phone": "1111110001",
        "address": "2855 W GRANGER ST",
        "city": "CRTHRS",
        "state": "CA",
        "zip": "93609",
        "email": "LUPE.LUPE@AOL.COM",
        "dateOfBirth": "1967-09-06T12:00:00",
        "ssn": "570413199",
        "userOrders": null,
        "isSold": false,
        "id": 88263
    },
    {
        "firstName": "HAN",
        "lastName": "TRAN",
        "phone": "4083471260",
        "address": "220 CHALET AVE",
        "city": "SJ",
        "state": "JOSE",
        "zip": "95127",
        "email": "HATRAN99@ATT.NET",
        "dateOfBirth": "1967-09-07T12:00:00",
        "ssn": "606465897",
        "userOrders": null,
        "isSold": false,
        "id": 88273
    },
    {
        "firstName": "CARMEN",
        "lastName": "VALENZUELA",
        "phone": "2097564892",
        "address": "3015 POPLAR DR",
        "city": "MRCD",
        "state": "CA",
        "zip": "95348",
        "email": "MIMISNAVI@GMAIL.COM",
        "dateOfBirth": "1967-09-24T12:00:00",
        "ssn": "624158286",
        "userOrders": null,
        "isSold": false,
        "id": 88321
    }
]