[
    {
        "firstName": "SEAN",
        "lastName": "PEART",
        "phone": "3053314641",
        "address": "2090 NE 206TH ST",
        "city": "MIA",
        "state": "FL",
        "zip": "33179",
        "email": "ESTI5@AOL.COM",
        "dateOfBirth": "1967-01-18T12:00:00",
        "ssn": "589038504",
        "userOrders": null,
        "isSold": false,
        "id": 82142
    },
    {
        "firstName": "RICKEY",
        "lastName": "GARRETT*",
        "phone": "7139277792",
        "address": "5334 GLEN RIO ST",
        "city": "HOUSTON",
        "state": "TX",
        "zip": "77045",
        "email": "VONRAG@GMAIL.COM",
        "dateOfBirth": "1967-10-22T12:00:00",
        "ssn": "461613834",
        "userOrders": null,
        "isSold": false,
        "id": 82263
    },
    {
        "firstName": "DANIEL",
        "lastName": "MENDOZA",
        "phone": "5102609088",
        "address": "520 LIBERTY ST APT A",
        "city": "EC",
        "state": "CERRITO",
        "zip": "94530",
        "email": "MAVERICKSDOC@GMAIL.COM",
        "dateOfBirth": "1967-05-16T12:00:00",
        "ssn": "552793400",
        "userOrders": null,
        "isSold": false,
        "id": 82272
    },
    {
        "firstName": "KAREN",
        "lastName": "SHRIDE",
        "phone": "8643609098",
        "address": "903 STRANGE RD",
        "city": "TYLRS",
        "state": "SC",
        "zip": "29687",
        "email": "SLK397@GMAIL.COM",
        "dateOfBirth": "1967-09-07T12:00:00",
        "ssn": "382786192",
        "userOrders": null,
        "isSold": true,
        "id": 82333
    },
    {
        "firstName": "MARY",
        "lastName": "FINDEISEN",
        "phone": "7606137576",
        "address": "342 F ST",
        "city": "RAM",
        "state": "CA",
        "zip": "92065",
        "email": "MFINDEISEN@ATT.NET",
        "dateOfBirth": "1967-05-24T12:00:00",
        "ssn": "457632410",
        "userOrders": null,
        "isSold": false,
        "id": 82430
    },
    {
        "firstName": "RICHARD",
        "lastName": "MIHALUS",
        "phone": "3302126600",
        "address": "4131 SPRINGDALE RD",
        "city": "STOW",
        "state": "OH",
        "zip": "44224",
        "email": "RJMIHALUS@AMERITECH.NET",
        "dateOfBirth": "1967-11-06T12:00:00",
        "ssn": "296845622",
        "userOrders": null,
        "isSold": false,
        "id": 82466
    },
    {
        "firstName": "ELIE",
        "lastName": "PROSPERIE",
        "phone": "9852267704",
        "address": "266 WALLACE JOSEPH DR",
        "city": "GRAY",
        "state": "LA",
        "zip": "70359",
        "email": "PPROSPERIE@YAHOO.COM",
        "dateOfBirth": "1967-09-30T12:00:00",
        "ssn": "433969711",
        "userOrders": null,
        "isSold": false,
        "id": 82650
    },
    {
        "firstName": "ERIC",
        "lastName": "COLLINS",
        "phone": "1111110010",
        "address": "440 N MAIN ST APT 1A",
        "city": "LIBERTY",
        "state": "MO",
        "zip": "64068",
        "email": "LRC1177@YAHOO.COM",
        "dateOfBirth": "1967-12-03T12:00:00",
        "ssn": "513685499",
        "userOrders": null,
        "isSold": false,
        "id": 82703
    },
    {
        "firstName": "BLANCHE",
        "lastName": "VARGO",
        "phone": "2163865837",
        "address": "9716 DENISON AVE",
        "city": "PARMA",
        "state": "OH",
        "zip": "44129",
        "email": "BMERAVARGO@YAHOO.COM",
        "dateOfBirth": "1967-10-21T12:00:00",
        "ssn": "184543279",
        "userOrders": null,
        "isSold": false,
        "id": 82781
    },
    {
        "firstName": "FERNANDO",
        "lastName": "CASILLAS",
        "phone": "2107881839",
        "address": "7100 DUBIES DR STE B",
        "city": "SAN ANTONIO",
        "state": "ANTONIO",
        "zip": "78216",
        "email": "FERNANDO.CASILLAS.JR@GMAIL.COM",
        "dateOfBirth": "1967-03-15T12:00:00",
        "ssn": "457699885",
        "userOrders": null,
        "isSold": false,
        "id": 82792
    },
    {
        "firstName": "ELBA",
        "lastName": "DEL",
        "phone": "6308493586",
        "address": "BLDG FRT FLR 1ST",
        "city": "MELROS PK",
        "state": "N",
        "zip": "60160",
        "email": "NONE@ATT.NET",
        "dateOfBirth": "1967-01-19T12:00:00",
        "ssn": "322983886",
        "userOrders": null,
        "isSold": false,
        "id": 82796
    },
    {
        "firstName": "ALMA.",
        "lastName": "CALDERON",
        "phone": "4072272376",
        "address": "156 NATHAN LN",
        "city": "ORL",
        "state": "FL",
        "zip": "32811",
        "email": "AMYCALDERON1507@GMAIL.COM",
        "dateOfBirth": "1967-11-26T12:00:00",
        "ssn": "559667287",
        "userOrders": null,
        "isSold": false,
        "id": 82912
    },
    {
        "firstName": "JAMES",
        "lastName": "HINDMAN",
        "phone": "1111111111",
        "address": "1114 ALSDORF ST",
        "city": "OKEMOS",
        "state": "MI",
        "zip": "48864",
        "email": "HINDMANJNC@GMAIL.COM",
        "dateOfBirth": "1967-09-23T12:00:00",
        "ssn": "377925967",
        "userOrders": null,
        "isSold": false,
        "id": 83044
    },
    {
        "firstName": "MICHELLE",
        "lastName": "DUNGY",
        "phone": "5743608083",
        "address": "5743608082",
        "city": "SOUTH BEND IN 46614-1539",
        "state": "SOUTHRIDGE",
        "zip": "SOUTH BEND",
        "email": "46614",
        "dateOfBirth": "1967-08-29T12:00:00",
        "ssn": "305888415",
        "userOrders": null,
        "isSold": false,
        "id": 83074
    },
    {
        "firstName": "WAVERLY",
        "lastName": "HYLA",
        "phone": "2816913600",
        "address": "APT 1111B",
        "city": "FRIENDSWOOD",
        "state": "E",
        "zip": "77546",
        "email": "DAVE_HYLA@ATT.NET",
        "dateOfBirth": "1967-08-25T12:00:00",
        "ssn": "450635144",
        "userOrders": null,
        "isSold": false,
        "id": 83131
    }
]