[
    {
        "firstName": "TED",
        "lastName": "GLOVER",
        "phone": "9254210342",
        "address": "315 GARDEN CREEK PL",
        "city": "DAN",
        "state": "CA",
        "zip": "94526",
        "email": "TGLOVER9085@GMAIL.COM",
        "dateOfBirth": "1967-02-24T12:00:00",
        "ssn": "540643386",
        "userOrders": null,
        "isSold": true,
        "id": 11479
    },
    {
        "firstName": "RON",
        "lastName": "SCHWEITZER",
        "phone": "5027778468",
        "address": "10907 OLD BRIDGE PL",
        "city": "LOUISVILLE",
        "state": "KY",
        "zip": "40223",
        "email": "RON.J.SCHWEITZER@MEDTRONIC.COM",
        "dateOfBirth": "1967-10-29T12:00:00",
        "ssn": "407112685",
        "userOrders": null,
        "isSold": true,
        "id": 11499
    },
    {
        "firstName": "VERONICA",
        "lastName": "GONZALEZ",
        "phone": "4327704973",
        "address": "1338 S WASHINGTON AVE",
        "city": "ODESSA",
        "state": "TX",
        "zip": "79762",
        "email": "VGGONZALEZ2010@GMAIL.COM",
        "dateOfBirth": "1967-06-05T12:00:00",
        "ssn": "451579274",
        "userOrders": null,
        "isSold": true,
        "id": 11501
    },
    {
        "firstName": "ANN",
        "lastName": "HOFFMEIER",
        "phone": "5133256909",
        "address": "2940 ATCHISON CIR",
        "city": "LAWRENCE",
        "state": "KS",
        "zip": "66047",
        "email": "AHOFFMEIER@FMMAFCO.COM",
        "dateOfBirth": "1967-12-03T12:00:00",
        "ssn": "511767625",
        "userOrders": null,
        "isSold": true,
        "id": 11514
    },
    {
        "firstName": "ANNALISSA",
        "lastName": "GREEN",
        "phone": "2248299800",
        "address": "2907 TALAGA DR",
        "city": "ALGONQN",
        "state": "IL",
        "zip": "60102",
        "email": "CSI_COOK@YAHOO.COM",
        "dateOfBirth": "1967-12-15T12:00:00",
        "ssn": "557838307",
        "userOrders": null,
        "isSold": true,
        "id": 11524
    },
    {
        "firstName": "ANGELA",
        "lastName": "GRECO",
        "phone": "9372719632",
        "address": "8521 LYONS GATE WAY APT G",
        "city": "MIAMI TWP",
        "state": "OH",
        "zip": "45342",
        "email": "GRECOAL@AOL.COM",
        "dateOfBirth": "1967-07-29T12:00:00",
        "ssn": "276781972",
        "userOrders": null,
        "isSold": true,
        "id": 11526
    },
    {
        "firstName": "MANISH",
        "lastName": "SHAH",
        "phone": "5127621690",
        "address": "10109 TULAROSA PASS",
        "city": "AUSTIN",
        "state": "TX",
        "zip": "78726",
        "email": "MANISHX86@YAHOO.COM",
        "dateOfBirth": "1967-02-25T12:00:00",
        "ssn": "443983667",
        "userOrders": null,
        "isSold": true,
        "id": 11531
    },
    {
        "firstName": "PAMELA",
        "lastName": "DUNN",
        "phone": "3178624504",
        "address": "7919 BAYARD DR",
        "city": "INDIANAPOLIS",
        "state": "IN",
        "zip": "46259",
        "email": "PAMELA2393@ATT.NET",
        "dateOfBirth": "1967-08-28T12:00:00",
        "ssn": "307823911",
        "userOrders": null,
        "isSold": true,
        "id": 11538
    },
    {
        "firstName": "HEIDI",
        "lastName": "THIXTON",
        "phone": "3214363037",
        "address": "7822 VILLA DR",
        "city": "ORL",
        "state": "FL",
        "zip": "32819",
        "email": "HEIDIBURNETT@MAC.COM",
        "dateOfBirth": "1967-07-26T12:00:00",
        "ssn": "529411440",
        "userOrders": null,
        "isSold": true,
        "id": 11558
    },
    {
        "firstName": "YVONNE",
        "lastName": "TAPIA",
        "phone": "6612045758",
        "address": "9912 KENMORE AVE",
        "city": "LMNT",
        "state": "CA",
        "zip": "93241",
        "email": "TROOP507LDR@YAHOO.COM",
        "dateOfBirth": "1967-06-29T12:00:00",
        "ssn": "569339687",
        "userOrders": null,
        "isSold": true,
        "id": 11622
    },
    {
        "firstName": "DIANA",
        "lastName": "TAPANES.",
        "phone": "6619935418",
        "address": "30000 SAND CANYON RD SPC 2",
        "city": "SANTA CLARITA",
        "state": "CLARITA",
        "zip": "91387",
        "email": "DIANATAPANES@YAHOO.COM",
        "dateOfBirth": "1967-10-21T12:00:00",
        "ssn": "572193408",
        "userOrders": null,
        "isSold": true,
        "id": 11674
    },
    {
        "firstName": "JULIANA",
        "lastName": "EGWIEKHOR",
        "phone": "3127197792",
        "address": "641 E PERSHING RD UNIT 103",
        "city": "CHGO",
        "state": "IL",
        "zip": "60653",
        "email": "JEGWIEKHOR@YAHOO.COM",
        "dateOfBirth": "1967-04-21T12:00:00",
        "ssn": "352029356",
        "userOrders": null,
        "isSold": true,
        "id": 11694
    },
    {
        "firstName": "RUSSELL",
        "lastName": "DORAN",
        "phone": "3175380781",
        "address": "2002 CROWN PLAZA BLVD",
        "city": "PLAINFIELD",
        "state": "IN",
        "zip": "46168",
        "email": "RUSSELIDORAN@GMAIL.COM",
        "dateOfBirth": "1967-07-07T12:00:00",
        "ssn": "307846511",
        "userOrders": null,
        "isSold": true,
        "id": 11715
    },
    {
        "firstName": "DANIEL",
        "lastName": "KNOPP",
        "phone": "7313459762",
        "address": "52 JAYCEE DR",
        "city": "BELLS",
        "state": "TN",
        "zip": "38006",
        "email": "DANNYLEEKNOPP@GMAIL.COM",
        "dateOfBirth": "1967-07-02T12:00:00",
        "ssn": "408359249",
        "userOrders": null,
        "isSold": true,
        "id": 11814
    },
    {
        "firstName": "JAYME",
        "lastName": "LINT",
        "phone": "7853411564",
        "address": "803 N PRAIRIE DUNES ST",
        "city": "NAPRVL",
        "state": "KS",
        "zip": "60563",
        "email": "JAYME.LINT01@GMAIL.COM",
        "dateOfBirth": "1967-12-01T12:00:00",
        "ssn": "480986094",
        "userOrders": null,
        "isSold": true,
        "id": 11861
    }
]