[
    {
        "firstName": "VINCE",
        "lastName": "ROGERS",
        "phone": "4059215170",
        "address": "5112 SE 84TH ST",
        "city": "OKLAHOMA CITY",
        "state": "CITY",
        "zip": "73135",
        "email": "DADDYV22@YAHOO.COM",
        "dateOfBirth": "1967-05-22T12:00:00",
        "ssn": "237371279",
        "userOrders": null,
        "isSold": false,
        "id": 35226
    },
    {
        "firstName": "KIMO",
        "lastName": "JACKSON",
        "phone": "5105516153",
        "address": "7999 PEPPERTREE RD",
        "city": "DBLN",
        "state": "CA",
        "zip": "94568",
        "email": "HOOPZFANATIC@YAHOO.COM",
        "dateOfBirth": "1967-06-29T12:00:00",
        "ssn": "557277046",
        "userOrders": null,
        "isSold": false,
        "id": 35230
    },
    {
        "firstName": "MELINDA",
        "lastName": "FIELDS",
        "phone": "2052427299",
        "address": "11881 TIDEWATER DR",
        "city": "COTTONDALE",
        "state": "AL",
        "zip": "35453",
        "email": "FIELDS.MELINDA@GMAIL.COM",
        "dateOfBirth": "1967-09-26T12:00:00",
        "ssn": "418138467",
        "userOrders": null,
        "isSold": false,
        "id": 35254
    },
    {
        "firstName": "JOSE",
        "lastName": "ANDRES",
        "phone": "4402311479",
        "address": "243 LIBERTY ST",
        "city": "PAINESVILLE",
        "state": "OH",
        "zip": "44077",
        "email": "CONTRERAS0327@ATT.NET",
        "dateOfBirth": "1967-05-16T12:00:00",
        "ssn": "299888464",
        "userOrders": null,
        "isSold": false,
        "id": 35301
    },
    {
        "firstName": "EL",
        "lastName": "CAMPESINO",
        "phone": "3057988638",
        "address": "2001 NW 36TH ST",
        "city": "MIA",
        "state": "FL",
        "zip": "33142",
        "email": "THEIMPERIALPARADISE@YAHOO.COM",
        "dateOfBirth": "1967-07-27T12:00:00",
        "ssn": "589256678",
        "userOrders": null,
        "isSold": false,
        "id": 35305
    },
    {
        "firstName": "DANIEL",
        "lastName": "BUTTS",
        "phone": "2138191275",
        "address": "590 N BEACHWOOD DR",
        "city": "LA",
        "state": "ANGELES",
        "zip": "90004",
        "email": "DAN_BUTTS@MAC.COM",
        "dateOfBirth": "1967-05-22T12:00:00",
        "ssn": "567352056",
        "userOrders": null,
        "isSold": false,
        "id": 35312
    },
    {
        "firstName": "NATASHA",
        "lastName": "LYKINS",
        "phone": "2813733224",
        "address": "18207 JUNIPER CREEK LN",
        "city": "CYPRESS",
        "state": "TX",
        "zip": "77429",
        "email": "NLYKINS26@YAHOO.COM",
        "dateOfBirth": "1967-10-26T12:00:00",
        "ssn": "632329722",
        "userOrders": null,
        "isSold": false,
        "id": 35337
    },
    {
        "firstName": "AMY",
        "lastName": "HOLBROOK",
        "phone": "3136106127",
        "address": "627 HUDSON ST APT 1",
        "city": "DEARBORN HEIGHTS",
        "state": "MI",
        "zip": "48127",
        "email": "AMY_ASIA@HOTMAIL.COM",
        "dateOfBirth": "1967-10-30T12:00:00",
        "ssn": "386802439",
        "userOrders": null,
        "isSold": false,
        "id": 35386
    },
    {
        "firstName": "JULIA",
        "lastName": "BALTAZAR",
        "phone": "3232532438",
        "address": "12261 ELMENDORF PL",
        "city": "S GT",
        "state": "CO",
        "zip": "90280",
        "email": "BALTAZARTRUCKING@YAHOO.COM",
        "dateOfBirth": "1967-04-12T12:00:00",
        "ssn": "623275544",
        "userOrders": null,
        "isSold": true,
        "id": 35391
    },
    {
        "firstName": "WILLIAM",
        "lastName": "MCGEE",
        "phone": "6162722614",
        "address": "4355 WIMBLEDON DR SW APT 6",
        "city": "GRANDVILLE",
        "state": "MI",
        "zip": "49418",
        "email": "WMCGEE3167@GMAIL.COM",
        "dateOfBirth": "1967-03-01T12:00:00",
        "ssn": "372788786",
        "userOrders": null,
        "isSold": false,
        "id": 35400
    },
    {
        "firstName": "J",
        "lastName": "KEVIN",
        "phone": "9803296108",
        "address": "205 CURRENCE RD",
        "city": "CLOVER",
        "state": "SC",
        "zip": "29710",
        "email": "SMITTYJK67@GMAIL.COM",
        "dateOfBirth": "1967-07-13T12:00:00",
        "ssn": "246177264",
        "userOrders": null,
        "isSold": false,
        "id": 35468
    },
    {
        "firstName": "LON*",
        "lastName": "RATCLIFF",
        "phone": "8173238275",
        "address": "APT 903",
        "city": "FORT WORTH",
        "state": "S",
        "zip": "76112",
        "email": "RATCLIFF7@ATT.NET",
        "dateOfBirth": "1967-02-14T12:00:00",
        "ssn": "455290170",
        "userOrders": null,
        "isSold": false,
        "id": 35536
    },
    {
        "firstName": "PATRICIA",
        "lastName": "HAUERWAAS",
        "phone": "7145337581",
        "address": "2305 E PURITAN LN",
        "city": "ANH",
        "state": "CA",
        "zip": "92806",
        "email": "CASAHAUERWAAS@SBCGLOBAL.NET",
        "dateOfBirth": "1967-10-06T12:00:00",
        "ssn": "551418015",
        "userOrders": null,
        "isSold": false,
        "id": 35575
    },
    {
        "firstName": "NOEMI",
        "lastName": "PEREZ",
        "phone": "5049089153",
        "address": "400 20TH ST APT 7",
        "city": "GRETNA",
        "state": "LA",
        "zip": "70053",
        "email": "NOEMIM920@GMAIL.COM",
        "dateOfBirth": "1967-09-20T12:00:00",
        "ssn": "437479033",
        "userOrders": null,
        "isSold": false,
        "id": 35596
    },
    {
        "firstName": "GARY",
        "lastName": "HORNING",
        "phone": "3162045808",
        "address": "9192 SW LOIS RD",
        "city": "WICHITA",
        "state": "KS",
        "zip": "67206",
        "email": "GARYOKIE24@YAHOO.COM",
        "dateOfBirth": "1967-03-28T12:00:00",
        "ssn": "447722147",
        "userOrders": null,
        "isSold": true,
        "id": 35600
    }
]