[
    {
        "firstName": "GLEN",
        "lastName": "WRIGHT",
        "phone": "2163571542",
        "address": "1111110002",
        "city": "RELIANCE TN 37369-6212",
        "state": "KIMSEY",
        "zip": "RELIANCE",
        "email": "37369",
        "dateOfBirth": "1967-01-02T12:00:00",
        "ssn": "408028543",
        "userOrders": null,
        "isSold": false,
        "id": 32937
    },
    {
        "firstName": "ROGER",
        "lastName": "CHENG",
        "phone": "8585312806",
        "address": "12340 DEL MAR OAKS",
        "city": "SD",
        "state": "DIEGO",
        "zip": "92130",
        "email": "RCTC3690@GMAIL.COM",
        "dateOfBirth": "1967-10-07T12:00:00",
        "ssn": "568793307",
        "userOrders": null,
        "isSold": false,
        "id": 32952
    },
    {
        "firstName": "LELAND",
        "lastName": "ALLEMANG",
        "phone": "6606263035",
        "address": "UNIT REAR",
        "city": "KIRKSVILLE",
        "state": "E",
        "zip": "63501",
        "email": "LELAND3035@GMAIL.COM",
        "dateOfBirth": "1967-05-25T12:00:00",
        "ssn": "509788670",
        "userOrders": null,
        "isSold": false,
        "id": 33044
    },
    {
        "firstName": "MICHAEL",
        "lastName": "DAVIS",
        "phone": "7705486402",
        "address": "PO BOX 2534",
        "city": "CALH",
        "state": "GA",
        "zip": "30701",
        "email": "DAVISCM@CALHOUNSCHOOLS.ORG",
        "dateOfBirth": "1967-01-05T12:00:00",
        "ssn": "258419529",
        "userOrders": null,
        "isSold": false,
        "id": 33111
    },
    {
        "firstName": "ESTHER",
        "lastName": "OSHO",
        "phone": "8327540760",
        "address": "APT E104",
        "city": "KOKOMO",
        "state": "S",
        "zip": "46902",
        "email": "ESTHEROSHO@AOL.COM",
        "dateOfBirth": "1967-06-16T12:00:00",
        "ssn": "628462486",
        "userOrders": null,
        "isSold": false,
        "id": 33114
    },
    {
        "firstName": "HUI",
        "lastName": "SUNG",
        "phone": "7142228035",
        "address": "21063 CARLOS RD",
        "city": "YL",
        "state": "LINDA",
        "zip": "92887",
        "email": "CHOEGOTTS@MAC.COM",
        "dateOfBirth": "1967-05-02T12:00:00",
        "ssn": "464230457",
        "userOrders": null,
        "isSold": false,
        "id": 33116
    },
    {
        "firstName": "SHERITA",
        "lastName": "BROWN",
        "phone": "3134096978",
        "address": "16521 PARKSIDE ST",
        "city": "DETROIT",
        "state": "MI",
        "zip": "48221",
        "email": "ERICAFACE2@YAHOO.COM",
        "dateOfBirth": "1967-06-07T12:00:00",
        "ssn": "375781627",
        "userOrders": null,
        "isSold": false,
        "id": 33123
    },
    {
        "firstName": "ROBERT",
        "lastName": "HUMPHREY",
        "phone": "9404526049",
        "address": "PO BOX 276",
        "city": "LUBBOCK",
        "state": "TX",
        "zip": "79424",
        "email": "TROYHUMPHREY@ROCKETMAIL.COM",
        "dateOfBirth": "1967-09-02T12:00:00",
        "ssn": "440808962",
        "userOrders": null,
        "isSold": false,
        "id": 33236
    },
    {
        "firstName": "JOHN",
        "lastName": "GREER",
        "phone": "4098969966",
        "address": "6020 BEDFORD DR APT A",
        "city": "BEAUMONT",
        "state": "TX",
        "zip": "77708",
        "email": "JOHNGREER1218@YAHOO.COM",
        "dateOfBirth": "1967-12-18T12:00:00",
        "ssn": "459676761",
        "userOrders": null,
        "isSold": false,
        "id": 33298
    },
    {
        "firstName": "RONDA",
        "lastName": "TOON",
        "phone": "9033123335",
        "address": "5719 PERSIMMON DR",
        "city": "TYLER",
        "state": "TX",
        "zip": "75707",
        "email": "RONDATOON@GMAIL.COM",
        "dateOfBirth": "1967-10-28T12:00:00",
        "ssn": "454590322",
        "userOrders": null,
        "isSold": false,
        "id": 33357
    },
    {
        "firstName": "AARON",
        "lastName": "YOUNG",
        "phone": "4083911153",
        "address": "5010 HAVEN PL APT 206",
        "city": "DBLN",
        "state": "CA",
        "zip": "94568",
        "email": "AARONJYOUNG67@YAHOO.COM",
        "dateOfBirth": "1967-02-02T12:00:00",
        "ssn": "569157911",
        "userOrders": null,
        "isSold": false,
        "id": 33416
    },
    {
        "firstName": "BRUCE",
        "lastName": "MOBLEY",
        "phone": "9042623163",
        "address": "12171 TWAIN OAKS LN",
        "city": "JKVL",
        "state": "FL",
        "zip": "32223",
        "email": "DEBBIE.MOBLEY8588@ATT.NET",
        "dateOfBirth": "1967-12-14T12:00:00",
        "ssn": "266351084",
        "userOrders": null,
        "isSold": false,
        "id": 33471
    },
    {
        "firstName": "JANET",
        "lastName": "L",
        "phone": "8167262312",
        "address": "1212 W RUBY AVE",
        "city": "GRAIN VALLEY",
        "state": "MO",
        "zip": "64029",
        "email": "JLHODOWAINE@GMAIL.COM",
        "dateOfBirth": "1967-10-21T12:00:00",
        "ssn": "489703142",
        "userOrders": null,
        "isSold": false,
        "id": 33514
    },
    {
        "firstName": "HYON",
        "lastName": "ROTHER",
        "phone": "6189727829",
        "address": "HYON HYU ROTHER",
        "city": "SHILOH",
        "state": "RUBY",
        "zip": "62221",
        "email": "HYON5314@ATT.NET",
        "dateOfBirth": "1967-09-06T12:00:00",
        "ssn": "444887968",
        "userOrders": null,
        "isSold": false,
        "id": 33521
    },
    {
        "firstName": "TIMOTHY",
        "lastName": "TITUS",
        "phone": "1111110002",
        "address": "1055 MARIGOLD CT",
        "city": "SUNYVL",
        "state": "CA",
        "zip": "94086",
        "email": "TITUSTIM@HOTMAIL.COM",
        "dateOfBirth": "1967-06-17T12:00:00",
        "ssn": "553869787",
        "userOrders": null,
        "isSold": false,
        "id": 33536
    }
]