[
    {
        "firstName": "JEAN",
        "lastName": "A",
        "phone": "1111110001",
        "address": "1334 GRAHAM RD",
        "city": "CORPUS CHRISTI",
        "state": "CHRISTI",
        "zip": "78418",
        "email": "JEANIE1167@GMAIL.COM",
        "dateOfBirth": "1967-11-01T12:00:00",
        "ssn": "458969520",
        "userOrders": null,
        "isSold": false,
        "id": 30705
    },
    {
        "firstName": "JONEKA",
        "lastName": "HARTSFIELD",
        "phone": "9192911311",
        "address": "1036 HARVEST MILL CT",
        "city": "RAL",
        "state": "NC",
        "zip": "27610",
        "email": "JONEKA.HARTSFIELD@GMAIL.COM",
        "dateOfBirth": "1967-08-23T12:00:00",
        "ssn": "242371693",
        "userOrders": null,
        "isSold": false,
        "id": 30741
    },
    {
        "firstName": "KEVIN",
        "lastName": "COOK",
        "phone": "9516845057",
        "address": "17881 WILDWOOD CREEK RD",
        "city": "RIV",
        "state": "CA",
        "zip": "92506",
        "email": "COOK140@SBCGLOBAL.NET",
        "dateOfBirth": "1967-11-05T12:00:00",
        "ssn": "568252659",
        "userOrders": null,
        "isSold": false,
        "id": 30749
    },
    {
        "firstName": "STACY",
        "lastName": "DUNN",
        "phone": "2543153456",
        "address": "3322 VINTAGE GROVE PKWY",
        "city": "MURFREESBORO",
        "state": "TN",
        "zip": "37130",
        "email": "STACYBDUNN@GMAIL.COM",
        "dateOfBirth": "1967-06-06T12:00:00",
        "ssn": "464679079",
        "userOrders": null,
        "isSold": false,
        "id": 30816
    },
    {
        "firstName": "ANTHONY",
        "lastName": "SWIFT",
        "phone": "9013763636",
        "address": "550 EMMITT LEWIS CIR",
        "city": "TIPTONVILLE",
        "state": "TN",
        "zip": "38079",
        "email": "ACSWIFT0422@ICLOUD.COM",
        "dateOfBirth": "1967-04-22T12:00:00",
        "ssn": "410357826",
        "userOrders": null,
        "isSold": false,
        "id": 30835
    },
    {
        "firstName": "CHRISTINE",
        "lastName": "SALVADOR",
        "phone": "7147172333",
        "address": "1127 E ELM ST",
        "city": "BREA",
        "state": "CA",
        "zip": "92821",
        "email": "CRIZH23@GMAIL.COM",
        "dateOfBirth": "1967-08-23T12:00:00",
        "ssn": "604108401",
        "userOrders": null,
        "isSold": false,
        "id": 30922
    },
    {
        "firstName": "BILLY",
        "lastName": "JOE",
        "phone": "5043477388",
        "address": "3864 NATHAN KORNMAN DR",
        "city": "HARVEY",
        "state": "LA",
        "zip": "70058",
        "email": "BJCJ678@AOL.COM",
        "dateOfBirth": "1967-04-27T12:00:00",
        "ssn": "435350074",
        "userOrders": null,
        "isSold": false,
        "id": 30975
    },
    {
        "firstName": "IRENE",
        "lastName": "CARROLL",
        "phone": "6197957065",
        "address": "1649 PENTECOST WAY UNIT 7",
        "city": "SD",
        "state": "DIEGO",
        "zip": "92104",
        "email": "IRENECARROLL2010@YAHOO.COM",
        "dateOfBirth": "1967-02-11T12:00:00",
        "ssn": "549330170",
        "userOrders": null,
        "isSold": false,
        "id": 31029
    },
    {
        "firstName": "ANGELA",
        "lastName": "MOYA",
        "phone": "9094991351",
        "address": "2850 N ORANGE AVE",
        "city": "S BDO",
        "state": "CA",
        "zip": "92346",
        "email": "AMOYA3708@YAHOO.COM",
        "dateOfBirth": "1967-05-25T12:00:00",
        "ssn": "526594387",
        "userOrders": null,
        "isSold": false,
        "id": 31162
    },
    {
        "firstName": "ELLIOT",
        "lastName": "ROSENBERG",
        "phone": "3055555555",
        "address": "APT 2408",
        "city": "MIA",
        "state": "NE",
        "zip": "33181",
        "email": "COUNTRYERWIN@AOL.COM",
        "dateOfBirth": "1967-05-01T12:00:00",
        "ssn": "591249287",
        "userOrders": null,
        "isSold": true,
        "id": 31179
    },
    {
        "firstName": "CHARLES",
        "lastName": "MASON",
        "phone": "3138209214",
        "address": "5036 MARSEILLES ST",
        "city": "DETROIT",
        "state": "MI",
        "zip": "48224",
        "email": "CHUCK.ZENA@YAHOO.COM",
        "dateOfBirth": "1967-08-28T12:00:00",
        "ssn": "363701764",
        "userOrders": null,
        "isSold": false,
        "id": 31233
    },
    {
        "firstName": "ANASTASIA",
        "lastName": "GREGOIRE",
        "phone": "5126992699",
        "address": "5203 DRY WELLS RD",
        "city": "AUSTIN",
        "state": "TX",
        "zip": "78749",
        "email": "REDKURMARA@YAHOO.COM",
        "dateOfBirth": "1967-11-08T12:00:00",
        "ssn": "439272146",
        "userOrders": null,
        "isSold": false,
        "id": 31245
    },
    {
        "firstName": "TINA",
        "lastName": "PAYTON",
        "phone": "2699251385",
        "address": "548 MCALLISTER AVE",
        "city": "BENTON HARBOR",
        "state": "HARBOR",
        "zip": "49022",
        "email": "KEIRRAJONESNICOLE23@YAHOO.COM",
        "dateOfBirth": "1967-04-25T12:00:00",
        "ssn": "369788084",
        "userOrders": null,
        "isSold": true,
        "id": 31278
    },
    {
        "firstName": "CHERYL",
        "lastName": "GOFF",
        "phone": "5593091000",
        "address": "1637 LINDEN ST",
        "city": "HNFRD",
        "state": "CA",
        "zip": "93230",
        "email": "MARIARIZO23@GMAIL.COM",
        "dateOfBirth": "1967-12-06T12:00:00",
        "ssn": "571639160",
        "userOrders": null,
        "isSold": false,
        "id": 31301
    },
    {
        "firstName": "JESSICA",
        "lastName": "JAHNS",
        "phone": "5302923730",
        "address": "28299 SWEETLAND RD",
        "city": "N SN JN",
        "state": "SAN",
        "zip": "95960",
        "email": "JESSICAJAHNS@HUSHMAIL.COM",
        "dateOfBirth": "1967-01-08T12:00:00",
        "ssn": "520941035",
        "userOrders": null,
        "isSold": false,
        "id": 31342
    }
]