[
    {
        "firstName": "NELSON",
        "lastName": "MENA",
        "phone": "9097149768",
        "address": "17063 VIA DE ANZA",
        "city": "FON",
        "state": "CA",
        "zip": "92337",
        "email": "ALBAIMENA@HOTMAIL.COM",
        "dateOfBirth": "1967-09-15T12:00:00",
        "ssn": "548274889",
        "userOrders": null,
        "isSold": false,
        "id": 64560
    },
    {
        "firstName": "AIDA",
        "lastName": "ALFONZO",
        "phone": "7088340493",
        "address": "APT BASM",
        "city": "BRWYN",
        "state": "OAK",
        "zip": "60402",
        "email": "AIDAALFONSO67@YAHOO.COM",
        "dateOfBirth": "1967-07-14T12:00:00",
        "ssn": "345964023",
        "userOrders": null,
        "isSold": false,
        "id": 64632
    },
    {
        "firstName": "DAWN",
        "lastName": "JONES",
        "phone": "6147463189",
        "address": "616 DAVENTRY LN",
        "city": "GAHANNA",
        "state": "OH",
        "zip": "43230",
        "email": "DAWNJONES@WOWWAY.COM",
        "dateOfBirth": "1967-02-01T12:00:00",
        "ssn": "276689092",
        "userOrders": null,
        "isSold": false,
        "id": 64798
    },
    {
        "firstName": "MICHELLE",
        "lastName": "MANUEL",
        "phone": "7077666145",
        "address": "909 MARTIN CIR APT 107",
        "city": "PET",
        "state": "CA",
        "zip": "94952",
        "email": "DREW.R.MANUEL@HOTMAIL.COM",
        "dateOfBirth": "1967-07-27T12:00:00",
        "ssn": "552045936",
        "userOrders": null,
        "isSold": false,
        "id": 64862
    },
    {
        "firstName": "DOMINIQUE",
        "lastName": "CHUA",
        "phone": "8055203680",
        "address": "3943 STELL DR",
        "city": "SIMI VLY",
        "state": "VALLEY",
        "zip": "93063",
        "email": "BONGPCHUA@HOTMAIL.COM",
        "dateOfBirth": "1967-02-06T12:00:00",
        "ssn": "229531791",
        "userOrders": null,
        "isSold": false,
        "id": 64947
    },
    {
        "firstName": "ANNE",
        "lastName": "MARIE",
        "phone": "3178285563",
        "address": "10617 BELLA VISTA DR APT 8206",
        "city": "INDIANAPOLIS",
        "state": "IN",
        "zip": "46226",
        "email": "MICHAELRH40@AOL.COM",
        "dateOfBirth": "1967-11-27T12:00:00",
        "ssn": "311749162",
        "userOrders": null,
        "isSold": false,
        "id": 65134
    },
    {
        "firstName": "JULIA",
        "lastName": "JAVENS",
        "phone": "7406882920",
        "address": "48 CURTIS AVE",
        "city": "ZANESVILLE",
        "state": "OH",
        "zip": "43701",
        "email": "BRITEJULP@YAHOO.COM",
        "dateOfBirth": "1967-05-09T12:00:00",
        "ssn": "281544173",
        "userOrders": null,
        "isSold": false,
        "id": 65211
    },
    {
        "firstName": "MICHAEL",
        "lastName": "JONES",
        "phone": "8654141387",
        "address": "10201 BIRCH HILL LN",
        "city": "KNOXVILLE",
        "state": "TN",
        "zip": "37932",
        "email": "KONDA.JONES@ICLOUD.COM",
        "dateOfBirth": "1967-05-25T12:00:00",
        "ssn": "488824719",
        "userOrders": null,
        "isSold": false,
        "id": 65217
    },
    {
        "firstName": "MELODY",
        "lastName": "BECK",
        "phone": "3232252244",
        "address": "4260 VIA ARBOLADA UNIT 306",
        "city": "LA",
        "state": "ANGELES",
        "zip": "90042",
        "email": "MBECK2398@GMAIL.COM",
        "dateOfBirth": "1967-01-17T12:00:00",
        "ssn": "571552146",
        "userOrders": null,
        "isSold": false,
        "id": 65219
    },
    {
        "firstName": "DANNY",
        "lastName": "FREGIA",
        "phone": "8177136105",
        "address": "14282 SOUTHERN PINES DR",
        "city": "FARMERS BRANCH",
        "state": "BRNCH",
        "zip": "75234",
        "email": "FREGIAFAM5@GMAIL.COM",
        "dateOfBirth": "1967-07-27T12:00:00",
        "ssn": "467653920",
        "userOrders": null,
        "isSold": false,
        "id": 65223
    },
    {
        "firstName": "JULIUS",
        "lastName": "DAMIANI",
        "phone": "6789334968",
        "address": "14249 GREENVIEW RD",
        "city": "DETROIT",
        "state": "MI",
        "zip": "48223",
        "email": "PROHOMETECHLLC@HOTMAIL.COM",
        "dateOfBirth": "1967-04-06T12:00:00",
        "ssn": "375158544",
        "userOrders": null,
        "isSold": false,
        "id": 65466
    },
    {
        "firstName": "JOSEFA",
        "lastName": "LOPEZ",
        "phone": "3373854223",
        "address": "2107 PAUL ED DR",
        "city": "ABBEVILLE",
        "state": "LA",
        "zip": "70510",
        "email": "JOSEFA9256@ATT.NET",
        "dateOfBirth": "1967-01-03T12:00:00",
        "ssn": "659125913",
        "userOrders": null,
        "isSold": false,
        "id": 65541
    },
    {
        "firstName": "ROBERT",
        "lastName": "S",
        "phone": "4086406022",
        "address": "144 HOLLY DR",
        "city": "SLNS",
        "state": "CA",
        "zip": "93907",
        "email": "RBISHOP263@GMAIL.COM",
        "dateOfBirth": "1967-06-25T12:00:00",
        "ssn": "560614740",
        "userOrders": null,
        "isSold": false,
        "id": 65634
    },
    {
        "firstName": "DORKYS",
        "lastName": "GONZALES",
        "phone": "8329012649",
        "address": "3907 TIGRIS RIDGE DR",
        "city": "KATY",
        "state": "TX",
        "zip": "77449",
        "email": "DORKYS7079@ATT.NET",
        "dateOfBirth": "1967-09-04T12:00:00",
        "ssn": "767097460",
        "userOrders": null,
        "isSold": false,
        "id": 65637
    },
    {
        "firstName": "HONG",
        "lastName": "XU",
        "phone": "8587226429",
        "address": "13582 FALLHAVEN RD",
        "city": "SD",
        "state": "DIEGO",
        "zip": "92129",
        "email": "KEYTOMAGGIE@YAHOO.COM",
        "dateOfBirth": "1967-01-08T12:00:00",
        "ssn": "507295528",
        "userOrders": null,
        "isSold": false,
        "id": 65643
    }
]