[
    {
        "firstName": "SOLEDAD",
        "lastName": "KSHATRI",
        "phone": "7707329896",
        "address": "4290 KEATS CT",
        "city": "AUS",
        "state": "GA",
        "zip": "30106",
        "email": "MKSHATRI1993@GMAIL.COM",
        "dateOfBirth": "1967-04-08T12:00:00",
        "ssn": "258838731",
        "userOrders": null,
        "isSold": false,
        "id": 67139
    },
    {
        "firstName": "KELLY",
        "lastName": "ASHTON-REIS",
        "phone": "2565203095",
        "address": "28304 CAPSHAW RD",
        "city": "HARVEST",
        "state": "AL",
        "zip": "35749",
        "email": "KELLYASHTONREIS@MSN.COM",
        "dateOfBirth": "1967-05-15T12:00:00",
        "ssn": "238214182",
        "userOrders": null,
        "isSold": false,
        "id": 67184
    },
    {
        "firstName": "VALERIE",
        "lastName": "HYTE",
        "phone": "5864687437",
        "address": "23142 WELLINGTON CRES APT 203",
        "city": "CLINTON TWP",
        "state": "TWP",
        "zip": "48036",
        "email": "VALERIEHYTE@SBCGLOBAL.NET",
        "dateOfBirth": "1967-08-26T12:00:00",
        "ssn": "368764738",
        "userOrders": null,
        "isSold": false,
        "id": 67404
    },
    {
        "firstName": "DEBORAH",
        "lastName": "BENTZINGER",
        "phone": "2563743802",
        "address": "19576 AL HIGHWAY 99",
        "city": "ATHENS",
        "state": "AL",
        "zip": "35614",
        "email": "HHCOWBOYHAYDEN@GMAIL.COM",
        "dateOfBirth": "1967-12-11T12:00:00",
        "ssn": "426454505",
        "userOrders": null,
        "isSold": false,
        "id": 67528
    },
    {
        "firstName": "KAREN",
        "lastName": "WALTON",
        "phone": "9037672583",
        "address": "5044 FM 993",
        "city": "ARLINGTON",
        "state": "TX",
        "zip": "76006",
        "email": "KAWA67@MSN.COM",
        "dateOfBirth": "1967-12-08T12:00:00",
        "ssn": "465617788",
        "userOrders": null,
        "isSold": false,
        "id": 67594
    },
    {
        "firstName": "DAVID",
        "lastName": "MCALLISTER",
        "phone": "9178470007",
        "address": "600 OWENS FARM RD",
        "city": "MILTON",
        "state": "GA",
        "zip": "30004",
        "email": "GEORGIAMOVE2015@GMAIL.COM",
        "dateOfBirth": "1967-06-24T12:00:00",
        "ssn": "279744368",
        "userOrders": null,
        "isSold": false,
        "id": 67612
    },
    {
        "firstName": "ASHLEY",
        "lastName": "WORSHAM",
        "phone": "7077481228",
        "address": "717 KEARNEY ST",
        "city": "BEN",
        "state": "CA",
        "zip": "94510",
        "email": "BINKYWORSHAM@YAHOO.COM",
        "dateOfBirth": "1967-10-13T12:00:00",
        "ssn": "567792063",
        "userOrders": null,
        "isSold": false,
        "id": 67614
    },
    {
        "firstName": "ROBERT",
        "lastName": "IVERS",
        "phone": "5745366587",
        "address": "10 BROOKSIDE MNR",
        "city": "INDIANAPOLIS",
        "state": "IN",
        "zip": "46214",
        "email": "BOBIVERS67@GMAIL.COM",
        "dateOfBirth": "1967-01-21T12:00:00",
        "ssn": "312869129",
        "userOrders": null,
        "isSold": false,
        "id": 67747
    },
    {
        "firstName": "MARIA",
        "lastName": "CORTEZ",
        "phone": "4794616990",
        "address": "7812 S 24TH ST",
        "city": "FT SMITH",
        "state": "SMITH",
        "zip": "72908",
        "email": "KARINACORTEZ1440@YAHOO.COM",
        "dateOfBirth": "1967-10-10T12:00:00",
        "ssn": "621962006",
        "userOrders": null,
        "isSold": false,
        "id": 67754
    },
    {
        "firstName": "OMAR",
        "lastName": "MERCADO",
        "phone": "7147683354",
        "address": "9210 BLOOMFIELD AVE APT 129",
        "city": "CYP",
        "state": "CA",
        "zip": "90630",
        "email": "ADYS67@HOTMAIL.COM",
        "dateOfBirth": "1967-03-12T12:00:00",
        "ssn": "617345314",
        "userOrders": null,
        "isSold": false,
        "id": 67785
    },
    {
        "firstName": "DEREK",
        "lastName": "FIELDS",
        "phone": "3139715018",
        "address": "36613 FARMBROOK DR",
        "city": "CLINTON TWP",
        "state": "TWP",
        "zip": "48035",
        "email": "BIGD5315@ATT.NET",
        "dateOfBirth": "1967-08-12T12:00:00",
        "ssn": "377782129",
        "userOrders": null,
        "isSold": false,
        "id": 67790
    },
    {
        "firstName": "KENT",
        "lastName": "MACHATA",
        "phone": "7722150484",
        "address": "7723981212",
        "city": "STUART FL 34996-5115",
        "state": "SE",
        "zip": "STU",
        "email": "34996",
        "dateOfBirth": "1967-02-21T12:00:00",
        "ssn": "595054921",
        "userOrders": null,
        "isSold": false,
        "id": 67797
    },
    {
        "firstName": "CHRISTOPHER",
        "lastName": "WELLS",
        "phone": "5024035557",
        "address": "7502 CALVIN CT CRESTWOOD",
        "city": "CRESTWOOD",
        "state": "CALVIN",
        "zip": "40014",
        "email": "TRIPLEW2001@YAHOO.COM",
        "dateOfBirth": "1967-07-18T12:00:00",
        "ssn": "486826065",
        "userOrders": null,
        "isSold": false,
        "id": 67843
    },
    {
        "firstName": "ELGIN",
        "lastName": "ERVIN",
        "phone": "9139405465",
        "address": "8116 N SERENE AVE",
        "city": "KANSAS CITY",
        "state": "CITY",
        "zip": "64152",
        "email": "ELGIN.ERVIN@YAHOO.COM",
        "dateOfBirth": "1967-03-24T12:00:00",
        "ssn": "512687597",
        "userOrders": null,
        "isSold": false,
        "id": 67892
    },
    {
        "firstName": "LISA",
        "lastName": "MONTGOMERY",
        "phone": "6623936016",
        "address": "6975 GINWOOD CV",
        "city": "WALLS",
        "state": "MS",
        "zip": "38680",
        "email": "LPATON67@HOTMAIL.COM",
        "dateOfBirth": "1967-12-03T12:00:00",
        "ssn": "587390856",
        "userOrders": null,
        "isSold": false,
        "id": 67923
    }
]