[
    {
        "firstName": "DAVID",
        "lastName": "HARTSTEIN",
        "phone": "3149830054",
        "address": "10312 CORBEIL DR",
        "city": "ST LOUIS COUNTY",
        "state": "LOUIS",
        "zip": "63146",
        "email": "VHARTO@ATT.NET",
        "dateOfBirth": "1967-12-20T12:00:00",
        "ssn": "493804148",
        "userOrders": null,
        "isSold": false,
        "id": 84389
    },
    {
        "firstName": "DINA",
        "lastName": "LEE",
        "phone": "9137445624",
        "address": "10809 W 62ND ST",
        "city": "SHAWNEE",
        "state": "KS",
        "zip": "66203",
        "email": "DINALEE5@GMAIL.COM",
        "dateOfBirth": "1967-07-13T12:00:00",
        "ssn": "553080406",
        "userOrders": null,
        "isSold": false,
        "id": 84409
    },
    {
        "firstName": "JOSE",
        "lastName": "ROSALES",
        "phone": "6262842756",
        "address": "606 S MARGUERITA AVE",
        "city": "ALH",
        "state": "CA",
        "zip": "91803",
        "email": "NOERO23@GMAIL.COM",
        "dateOfBirth": "1967-04-24T12:00:00",
        "ssn": "618109089",
        "userOrders": null,
        "isSold": false,
        "id": 84443
    },
    {
        "firstName": "ALLEN",
        "lastName": "TULLOCH",
        "phone": "7047620251",
        "address": "45 KILBRANNON DR APT E",
        "city": "COLA",
        "state": "SC",
        "zip": "29210",
        "email": "ALRT5000@YAHOO.COM",
        "dateOfBirth": "1967-10-02T12:00:00",
        "ssn": "107744154",
        "userOrders": null,
        "isSold": true,
        "id": 84459
    },
    {
        "firstName": "REINER",
        "lastName": "WIEDENMANNOTT",
        "phone": "5743204959",
        "address": "19810 ARBOR CREEK DR",
        "city": "KATY",
        "state": "TX",
        "zip": "77449",
        "email": "REINER@PCMCONST.COM",
        "dateOfBirth": "1967-04-29T12:00:00",
        "ssn": "365742596",
        "userOrders": null,
        "isSold": false,
        "id": 84576
    },
    {
        "firstName": "CASSANDRA",
        "lastName": "MAJOR",
        "phone": "9854134197",
        "address": "260 TRIPLE OAKS DR",
        "city": "RACELAND",
        "state": "LA",
        "zip": "70394",
        "email": "BLACKANDBEAUTIFUL4REAL2002@YAHOO.COM",
        "dateOfBirth": "1967-10-20T12:00:00",
        "ssn": "439454879",
        "userOrders": null,
        "isSold": false,
        "id": 84619
    },
    {
        "firstName": "LUIGI",
        "lastName": "SELLITTO",
        "phone": "1111111111",
        "address": "701 JESTER CT",
        "city": "PENSACOLA",
        "state": "FL",
        "zip": "32506",
        "email": "ITALIONGUY6767@GMAIL.COM",
        "dateOfBirth": "1967-09-06T12:00:00",
        "ssn": "769865266",
        "userOrders": null,
        "isSold": false,
        "id": 84635
    },
    {
        "firstName": "BERT",
        "lastName": "HUNTER",
        "phone": "9723655359",
        "address": "1112 SQUAW VLY",
        "city": "ROCKWALL",
        "state": "TX",
        "zip": "75087",
        "email": "BERT.HUNTER@SBCGLOBAL.NET",
        "dateOfBirth": "1967-12-21T12:00:00",
        "ssn": "424768617",
        "userOrders": null,
        "isSold": false,
        "id": 84675
    },
    {
        "firstName": "RAFAEL",
        "lastName": "PEREZ",
        "phone": "8173234297",
        "address": "3751 MARIGOLD AVE",
        "city": "FORT WORTH",
        "state": "WORTH",
        "zip": "76111",
        "email": "MARIAPEREZ144@HOTMAIL.CON",
        "dateOfBirth": "1967-11-28T12:00:00",
        "ssn": "461993209",
        "userOrders": null,
        "isSold": false,
        "id": 84697
    },
    {
        "firstName": "GREGORY",
        "lastName": "SPANIEL",
        "phone": "9728780099",
        "address": "1309 OAK CREEK DR",
        "city": "ENNIS",
        "state": "TX",
        "zip": "75119",
        "email": "GREGORY2276@ATT.NET",
        "dateOfBirth": "1967-03-10T12:00:00",
        "ssn": "460238317",
        "userOrders": null,
        "isSold": false,
        "id": 84732
    },
    {
        "firstName": "JONATHAN",
        "lastName": "ARMSTRONG",
        "phone": "9196188172",
        "address": "2757 TOXEY DR",
        "city": "RAL",
        "state": "NC",
        "zip": "27609",
        "email": "JDA0317@GMAIL.COM",
        "dateOfBirth": "1967-06-17T12:00:00",
        "ssn": "243943962",
        "userOrders": null,
        "isSold": false,
        "id": 84734
    },
    {
        "firstName": "JULEE",
        "lastName": "CAZET",
        "phone": "9258908014",
        "address": "225 PLEASANT VIEW DR",
        "city": "PH",
        "state": "HILL",
        "zip": "94523",
        "email": "JULEECAZET@GMAIL.COM",
        "dateOfBirth": "1967-07-05T12:00:00",
        "ssn": "557772061",
        "userOrders": null,
        "isSold": true,
        "id": 84735
    },
    {
        "firstName": "ANTONIO",
        "lastName": "REYES",
        "phone": "6783567373",
        "address": "2900 LAKE COLONY DR APT 8",
        "city": "NORC",
        "state": "COR",
        "zip": "30071",
        "email": "MICHELLE247@GMAIL.COM",
        "dateOfBirth": "1967-05-10T12:00:00",
        "ssn": "259677505",
        "userOrders": null,
        "isSold": false,
        "id": 84806
    },
    {
        "firstName": "DORIS*",
        "lastName": "VIGIL",
        "phone": "8326431987",
        "address": "19622 AUTUMN GLADE PL",
        "city": "KATY",
        "state": "TX",
        "zip": "77449",
        "email": "DORIS.VIGIL@ATT.NET",
        "dateOfBirth": "1967-04-27T12:00:00",
        "ssn": "525299644",
        "userOrders": null,
        "isSold": false,
        "id": 84836
    },
    {
        "firstName": "THERESA",
        "lastName": "BROWN",
        "phone": "8436972592",
        "address": "APT E12",
        "city": "CHAS",
        "state": "ASHLEY",
        "zip": "29407",
        "email": "PRECIOUS91@MYWAY.COM",
        "dateOfBirth": "1967-03-27T12:00:00",
        "ssn": "250338079",
        "userOrders": null,
        "isSold": false,
        "id": 84885
    }
]