[
    {
        "firstName": "LYLIA",
        "lastName": "JIMENEZ",
        "phone": "3252122372",
        "address": "6452 CAROUSEL DR",
        "city": "WATAUGA",
        "state": "TX",
        "zip": "76148",
        "email": "MILLIEJIMENEZ2001@YAHOO.COM",
        "dateOfBirth": "1967-12-07T12:00:00",
        "ssn": "464699108",
        "userOrders": null,
        "isSold": false,
        "id": 41769
    },
    {
        "firstName": "DUANE",
        "lastName": "FORTENBERRY",
        "phone": "6784789383",
        "address": "902 GRIER ST APT 222",
        "city": "WDSTK",
        "state": "GA",
        "zip": "30189",
        "email": "DFORTENBERRY06@COMCAST.NET",
        "dateOfBirth": "1967-06-26T12:00:00",
        "ssn": "253941675",
        "userOrders": null,
        "isSold": false,
        "id": 41777
    },
    {
        "firstName": "LISA",
        "lastName": "WIERINGA",
        "phone": "6163406307",
        "address": "3505 WILLIAMSON AVE NE",
        "city": "GRAND RAPIDS",
        "state": "RAPIDS",
        "zip": "49525",
        "email": "LISAWIERINGA@GMAIL.COM",
        "dateOfBirth": "1967-11-03T12:00:00",
        "ssn": "381581608",
        "userOrders": null,
        "isSold": false,
        "id": 41865
    },
    {
        "firstName": "DARRELL",
        "lastName": "BURKE",
        "phone": "7132084715",
        "address": "3507 BEACON CREEK CT",
        "city": "SPRING",
        "state": "TX",
        "zip": "77386",
        "email": "RANDYBURKE67@GMAIL.COM",
        "dateOfBirth": "1967-10-10T12:00:00",
        "ssn": "464550942",
        "userOrders": null,
        "isSold": false,
        "id": 41877
    },
    {
        "firstName": "MELINDA",
        "lastName": "GASSER",
        "phone": "4146406125",
        "address": "W246S3284 INDUSTRIAL LN",
        "city": "WAUKESHA",
        "state": "WI",
        "zip": "53189",
        "email": "RONHOG1@AOL.COM",
        "dateOfBirth": "1967-09-27T12:00:00",
        "ssn": "530820843",
        "userOrders": null,
        "isSold": false,
        "id": 42038
    },
    {
        "firstName": "KEITH",
        "lastName": "SWINDLE",
        "phone": "8474568585",
        "address": "718 FRANKLIN AVE",
        "city": "WIN HBR",
        "state": "HBR",
        "zip": "60096",
        "email": "SWINDLEKEITH@ATT.NET",
        "dateOfBirth": "1967-11-30T12:00:00",
        "ssn": "333724182",
        "userOrders": null,
        "isSold": false,
        "id": 42073
    },
    {
        "firstName": "TERESA",
        "lastName": "LUNDY",
        "phone": "8186314545",
        "address": "7050 SHOUP AVE UNIT 177",
        "city": "C PK",
        "state": "PARK",
        "zip": "91303",
        "email": "TLUNDY1016@YAHOO.COM",
        "dateOfBirth": "1967-10-16T12:00:00",
        "ssn": "591164450",
        "userOrders": null,
        "isSold": false,
        "id": 42082
    },
    {
        "firstName": "REBECCA",
        "lastName": "STOCKDALE",
        "phone": "6142828835",
        "address": "111 EDGEVALE RD",
        "city": "COLUMBUS",
        "state": "OH",
        "zip": "43209",
        "email": "REBECCAMAIL@ROCKETMAIL.COM",
        "dateOfBirth": "1967-12-02T12:00:00",
        "ssn": "301625184",
        "userOrders": null,
        "isSold": false,
        "id": 42258
    },
    {
        "firstName": "MEENAKSHI",
        "lastName": "RATHKE",
        "phone": "9162202829",
        "address": "1336 PARSONS CT",
        "city": "FLSM",
        "state": "CA",
        "zip": "95630",
        "email": "SANDIPP@4LOWFARE.COM",
        "dateOfBirth": "1967-01-15T12:00:00",
        "ssn": "257830371",
        "userOrders": null,
        "isSold": false,
        "id": 42277
    },
    {
        "firstName": "GINGER",
        "lastName": "ROBICHAUX",
        "phone": "3184478793",
        "address": "10825 SWEET WATER DR",
        "city": "BATON ROUGE",
        "state": "ROUGE",
        "zip": "70810",
        "email": "GGROBICHAUX@AOL.COM",
        "dateOfBirth": "1967-11-05T12:00:00",
        "ssn": "438298233",
        "userOrders": null,
        "isSold": true,
        "id": 42282
    },
    {
        "firstName": "RAMIZ",
        "lastName": "ZAKARIA",
        "phone": "8325737258",
        "address": "25335 BUDDE RD APT 437",
        "city": "SPRING",
        "state": "TX",
        "zip": "77380",
        "email": "EMANZ_DESIGN@HOTMAIL.COM",
        "dateOfBirth": "1967-03-03T12:00:00",
        "ssn": "627216903",
        "userOrders": null,
        "isSold": false,
        "id": 42283
    },
    {
        "firstName": "SUM*",
        "lastName": "HO",
        "phone": "6267657211",
        "address": "338 N ARROYO DR",
        "city": "PAS",
        "state": "GABRIEL",
        "zip": "91106",
        "email": "FOREVEROLD7USED@YAHOO.COM",
        "dateOfBirth": "1967-05-19T12:00:00",
        "ssn": "482251919",
        "userOrders": null,
        "isSold": false,
        "id": 42297
    },
    {
        "firstName": "MARVIN",
        "lastName": "OROZCO",
        "phone": "5615750558",
        "address": "6319 MULLIN ST",
        "city": "JUP",
        "state": "FL",
        "zip": "33458",
        "email": "MARVINOROZCO@COMCAST.NET",
        "dateOfBirth": "1967-11-13T12:00:00",
        "ssn": "593922848",
        "userOrders": null,
        "isSold": false,
        "id": 42304
    },
    {
        "firstName": "SARA",
        "lastName": "VALDEZ",
        "phone": "6149620064",
        "address": "175 STEIGER CT",
        "city": "PICKERINGTON",
        "state": "OH",
        "zip": "43147",
        "email": "TOOROYAL67@YAHOO.COM",
        "dateOfBirth": "1967-07-26T12:00:00",
        "ssn": "397784451",
        "userOrders": null,
        "isSold": false,
        "id": 42321
    },
    {
        "firstName": "WANDA",
        "lastName": "LOPEZ",
        "phone": "2147637591",
        "address": "1504 DARLENE LN",
        "city": "ARLINGTON",
        "state": "TX",
        "zip": "76006",
        "email": "BIGELEWS@HOTMAIL.COM",
        "dateOfBirth": "1967-07-22T12:00:00",
        "ssn": "466359442",
        "userOrders": null,
        "isSold": false,
        "id": 42431
    }
]