[
    {
        "firstName": "ROBIN",
        "lastName": "KOERNER",
        "phone": "6307903204",
        "address": "655 DUANE ST",
        "city": "GLEN ELYN",
        "state": "ELLYN",
        "zip": "60137",
        "email": "SCHILLING.DONALD@YAHOO.COM",
        "dateOfBirth": "1967-04-13T12:00:00",
        "ssn": "300584290",
        "userOrders": null,
        "isSold": false,
        "id": 40241
    },
    {
        "firstName": "BETH",
        "lastName": "ALLISON",
        "phone": "9099690297",
        "address": "1795 ALSTON AVE",
        "city": "CLTN",
        "state": "CA",
        "zip": "92324",
        "email": "BALLISONAT@AOL.COM",
        "dateOfBirth": "1967-09-01T12:00:00",
        "ssn": "203629858",
        "userOrders": null,
        "isSold": false,
        "id": 40257
    },
    {
        "firstName": "KAREN",
        "lastName": "GOGNA",
        "phone": "2094036231",
        "address": "713 E KETTLEMAN LN",
        "city": "LODI",
        "state": "CA",
        "zip": "95240",
        "email": "PRINCESAGOGNA@YAHOO.COM",
        "dateOfBirth": "1967-06-06T12:00:00",
        "ssn": "619445364",
        "userOrders": null,
        "isSold": false,
        "id": 40271
    },
    {
        "firstName": "DONNA*",
        "lastName": "HOWARD",
        "phone": "3174329555",
        "address": "22 MYRON AVE",
        "city": "INDIANAPOLIS",
        "state": "IN",
        "zip": "46241",
        "email": "KAYE_HOWARD@YAHOO.COM",
        "dateOfBirth": "1967-04-15T12:00:00",
        "ssn": "303907676",
        "userOrders": null,
        "isSold": false,
        "id": 40330
    },
    {
        "firstName": "HELEN",
        "lastName": "TAYLOR",
        "phone": "9162574081",
        "address": "2190 RED SETTER RD",
        "city": "RKLN",
        "state": "CA",
        "zip": "95765",
        "email": "TAYLORHELEN86@YAHOO.COM",
        "dateOfBirth": "1967-04-05T12:00:00",
        "ssn": "606078930",
        "userOrders": null,
        "isSold": false,
        "id": 40430
    },
    {
        "firstName": "DANIEL",
        "lastName": "TOWNSEND",
        "phone": "5302183104",
        "address": "300 LAURELLEN RD",
        "city": "L OAK",
        "state": "CA",
        "zip": "95953",
        "email": "TOWNSENDDAN@HOTMAIL.COM",
        "dateOfBirth": "1967-05-27T12:00:00",
        "ssn": "572811927",
        "userOrders": null,
        "isSold": false,
        "id": 40476
    },
    {
        "firstName": "TONYA",
        "lastName": "PENDLEY",
        "phone": "2544330178",
        "address": "4541 WENDOVER ST",
        "city": "OVILLA",
        "state": "FALLS",
        "zip": "75154",
        "email": "TPENDLEY@YMAIL.COM",
        "dateOfBirth": "1967-08-11T12:00:00",
        "ssn": "275768826",
        "userOrders": null,
        "isSold": false,
        "id": 40490
    },
    {
        "firstName": "MIGUEL",
        "lastName": "VALENCIA",
        "phone": "1111110005",
        "address": "1184 N BROOKHURST ST",
        "city": "ANH",
        "state": "CA",
        "zip": "92801",
        "email": "JOMARC87@ATT.NET",
        "dateOfBirth": "1967-01-05T12:00:00",
        "ssn": "623888317",
        "userOrders": null,
        "isSold": false,
        "id": 40503
    },
    {
        "firstName": "HUOT",
        "lastName": "HY",
        "phone": "1111110001",
        "address": "2313 DON PEDRO RD",
        "city": "CERES",
        "state": "CA",
        "zip": "95307",
        "email": "HUOT6816@ATT.NET",
        "dateOfBirth": "1967-05-05T12:00:00",
        "ssn": "625507318",
        "userOrders": null,
        "isSold": false,
        "id": 40525
    },
    {
        "firstName": "CHRISTINE",
        "lastName": "VICKERS",
        "phone": "6506529220",
        "address": "236 BARCLAY AVE",
        "city": "MLBR",
        "state": "CA",
        "zip": "94030",
        "email": "PHILIPTUCKER@SBCGLOBAL.NET",
        "dateOfBirth": "1967-10-27T12:00:00",
        "ssn": "430339872",
        "userOrders": null,
        "isSold": false,
        "id": 40544
    },
    {
        "firstName": "MARIA",
        "lastName": "A",
        "phone": "6197880979",
        "address": "478 VAN HOUTEN AVE APT 82",
        "city": "EL CAJ",
        "state": "CAJON",
        "zip": "92020",
        "email": "ANGELICA2013RA@HOTMAIL.COM",
        "dateOfBirth": "1967-08-14T12:00:00",
        "ssn": "612114702",
        "userOrders": null,
        "isSold": false,
        "id": 40673
    },
    {
        "firstName": "ENRIQUE",
        "lastName": "OTHON",
        "phone": "5616992928",
        "address": "APT 923",
        "city": "BOYN BCH",
        "state": "W",
        "zip": "33426",
        "email": "SNIGGMAN@GMAIL.COM",
        "dateOfBirth": "1967-01-10T12:00:00",
        "ssn": "590287414",
        "userOrders": null,
        "isSold": false,
        "id": 40684
    },
    {
        "firstName": "ROBERT",
        "lastName": "KREBSBACH",
        "phone": "2144024416",
        "address": "2350 PROSPECT DR",
        "city": "FRISCO",
        "state": "TX",
        "zip": "75034",
        "email": "ROBERTK@ARDYKAY.COM",
        "dateOfBirth": "1967-10-11T12:00:00",
        "ssn": "505027090",
        "userOrders": null,
        "isSold": false,
        "id": 40795
    },
    {
        "firstName": "TANYA",
        "lastName": "CUNNINGHAM",
        "phone": "7074106811",
        "address": "7787 SURREY LN",
        "city": "OAK",
        "state": "CA",
        "zip": "94605",
        "email": "MSNORDIE14@AOL.COM",
        "dateOfBirth": "1967-04-18T12:00:00",
        "ssn": "566711933",
        "userOrders": null,
        "isSold": false,
        "id": 40811
    },
    {
        "firstName": "CHERIE",
        "lastName": "JOINER",
        "phone": "4153593410",
        "address": "2300 VERONA DR",
        "city": "PIT",
        "state": "POINT",
        "zip": "94565",
        "email": "LAMPKINS6@SBCGLOBAL.NET",
        "dateOfBirth": "1967-07-11T12:00:00",
        "ssn": "549291864",
        "userOrders": null,
        "isSold": false,
        "id": 40824
    }
]