[
    {
        "firstName": "ENRIQUE",
        "lastName": "MERCADO",
        "phone": "5623077869",
        "address": "15928 GEORGIA AVE",
        "city": "PARAMNT",
        "state": "CA",
        "zip": "90723",
        "email": "ALEGRIAIMPORTS@ATT.NET",
        "dateOfBirth": "1967-07-15T12:00:00",
        "ssn": "615886993",
        "userOrders": null,
        "isSold": false,
        "id": 104507
    },
    {
        "firstName": "DARREN",
        "lastName": "SLIGAR",
        "phone": "9723596179",
        "address": "539 S 4TH ST",
        "city": "PLANO",
        "state": "KY",
        "zip": "75025",
        "email": "DARREN.SLIGAR@ATT.NET",
        "dateOfBirth": "1967-02-01T12:00:00",
        "ssn": "511841200",
        "userOrders": null,
        "isSold": false,
        "id": 104517
    },
    {
        "firstName": "DAVID",
        "lastName": "SALAMANCA",
        "phone": "7862180748",
        "address": "1455 N TREASURE DR APT 2O",
        "city": "N BAY VLG",
        "state": "BAY",
        "zip": "33141",
        "email": "DAVIDSALUS@YAHOO.COM",
        "dateOfBirth": "1967-11-08T12:00:00",
        "ssn": "113701464",
        "userOrders": null,
        "isSold": false,
        "id": 104538
    },
    {
        "firstName": "OTTONIEL",
        "lastName": "ISAAC",
        "phone": "1111110001",
        "address": "6362 SW 139TH CT",
        "city": "MIA",
        "state": "FL",
        "zip": "33183",
        "email": "OTTONIEL1982@ATT.NET",
        "dateOfBirth": "1967-04-29T12:00:00",
        "ssn": "593090328",
        "userOrders": null,
        "isSold": false,
        "id": 104601
    },
    {
        "firstName": "KERRY",
        "lastName": "EVANS",
        "phone": "9208403701",
        "address": "1720 N MAIN ST",
        "city": "OSHKOSH",
        "state": "WI",
        "zip": "54901",
        "email": "OHEIMHIN@YAHOO.COM",
        "dateOfBirth": "1967-11-06T12:00:00",
        "ssn": "228849972",
        "userOrders": null,
        "isSold": false,
        "id": 104605
    },
    {
        "firstName": "NGOC",
        "lastName": "TRAN",
        "phone": "4049012516",
        "address": "130 ANNABERG PL",
        "city": "MC*D",
        "state": "GA",
        "zip": "30253",
        "email": "TNGOC1333@GMAIL.COM",
        "dateOfBirth": "1967-07-30T12:00:00",
        "ssn": "217435784",
        "userOrders": null,
        "isSold": false,
        "id": 104658
    },
    {
        "firstName": "ALVARO",
        "lastName": "MENDOZA",
        "phone": "6194030804",
        "address": "9249 BIRCH ST APT 45",
        "city": "SP VLY",
        "state": "VALLEY",
        "zip": "91977",
        "email": "NONE@ALLCONNECT.COM",
        "dateOfBirth": "1967-04-29T12:00:00",
        "ssn": "616146109",
        "userOrders": null,
        "isSold": false,
        "id": 104758
    },
    {
        "firstName": "CHARLES",
        "lastName": "BUCHANAN",
        "phone": "8327714570",
        "address": "250 UVALDE RD APT 127",
        "city": "HOUSTON",
        "state": "TX",
        "zip": "77015",
        "email": "ACANOFNITRO9@YAHOO.COM",
        "dateOfBirth": "1967-11-24T12:00:00",
        "ssn": "450759484",
        "userOrders": null,
        "isSold": false,
        "id": 104866
    },
    {
        "firstName": "THELENA",
        "lastName": "THOMAS",
        "phone": "4047659330",
        "address": "5645 WARFIELD CT",
        "city": "SOUTH FULTON",
        "state": "GA",
        "zip": "30349",
        "email": "THELENAL@YAHOO.COM",
        "dateOfBirth": "1967-03-09T12:00:00",
        "ssn": "252337224",
        "userOrders": null,
        "isSold": false,
        "id": 104923
    },
    {
        "firstName": "LAURENS",
        "lastName": "BLOCH",
        "phone": "9087972383",
        "address": "1724 CARTERETT AVE",
        "city": "CHAS",
        "state": "SC",
        "zip": "29407",
        "email": "LBLOCH@HOTMAIL.COM",
        "dateOfBirth": "1967-10-11T12:00:00",
        "ssn": "135609934",
        "userOrders": null,
        "isSold": false,
        "id": 104936
    },
    {
        "firstName": "BRIAN",
        "lastName": "TUNIS",
        "phone": "7652371055",
        "address": "3232 CLOUDLAND CT",
        "city": "BUF",
        "state": "GA",
        "zip": "30519",
        "email": "KIMKELLEYTUNIS@MSN.COM",
        "dateOfBirth": "1967-07-27T12:00:00",
        "ssn": "314824891",
        "userOrders": null,
        "isSold": false,
        "id": 104949
    },
    {
        "firstName": "RENEE",
        "lastName": "L",
        "phone": "9512362121",
        "address": "2702 KATHLEEN ST",
        "city": "RIV",
        "state": "CA",
        "zip": "92506",
        "email": "ACIDWASHKINGDAVE@AOL.COM",
        "dateOfBirth": "1967-12-06T12:00:00",
        "ssn": "571816466",
        "userOrders": null,
        "isSold": false,
        "id": 104978
    },
    {
        "firstName": "PETER",
        "lastName": "MANIACI",
        "phone": "1111110002",
        "address": "917 WOODS LN",
        "city": "GROSSE PTE WOODS",
        "state": "PT",
        "zip": "48236",
        "email": "PETE.COMFORTCARE@SBCGLOBAL.NET",
        "dateOfBirth": "1967-04-01T12:00:00",
        "ssn": "364922586",
        "userOrders": null,
        "isSold": false,
        "id": 105036
    },
    {
        "firstName": "REBECCA",
        "lastName": "PARDUE",
        "phone": "6017947589",
        "address": "91 WILCZEK RD",
        "city": "LUMBERTON",
        "state": "MS",
        "zip": "39455",
        "email": "REBECCA_PARDUE2000@YAHOO.COM",
        "dateOfBirth": "1967-12-02T12:00:00",
        "ssn": "427138178",
        "userOrders": null,
        "isSold": false,
        "id": 105173
    },
    {
        "firstName": "RAY",
        "lastName": "WILDER",
        "phone": "5024175050",
        "address": "6519 BILSIM LN",
        "city": "LOUISVILLE",
        "state": "KY",
        "zip": "40291",
        "email": "WILDER6519@INSIGHTBB.COM",
        "dateOfBirth": "1967-03-19T12:00:00",
        "ssn": "407086655",
        "userOrders": null,
        "isSold": false,
        "id": 105365
    }
]