[
    {
        "firstName": "DEBORAH",
        "lastName": "ANDERSON",
        "phone": "4054121530",
        "address": "1331 VERNA MARIE DR",
        "city": "MIDWEST CITY",
        "state": "CITY",
        "zip": "73110",
        "email": "DKAYE67@YAHOO.COM",
        "dateOfBirth": "1967-08-04T12:00:00",
        "ssn": "444787181",
        "userOrders": null,
        "isSold": false,
        "id": 100161
    },
    {
        "firstName": "MARK",
        "lastName": "LOITZ",
        "phone": "8013768293",
        "address": "354 W 625 N",
        "city": "LINDON",
        "state": "UT",
        "zip": "84042",
        "email": "MARK.LOITZ@GMAIL.COM",
        "dateOfBirth": "1967-07-02T12:00:00",
        "ssn": "432475302",
        "userOrders": null,
        "isSold": true,
        "id": 100180
    },
    {
        "firstName": "VERONICA",
        "lastName": "GOWAN",
        "phone": "8122642807",
        "address": "PO BOX 264",
        "city": "CLINTON",
        "state": "IN",
        "zip": "47842",
        "email": "GLYNN067@GMAIL.COM",
        "dateOfBirth": "1967-01-16T12:00:00",
        "ssn": "308803652",
        "userOrders": null,
        "isSold": false,
        "id": 100217
    },
    {
        "firstName": "JARED",
        "lastName": "BOWCUTT",
        "phone": "8016315182",
        "address": "4509 DARTFORD CT",
        "city": "MCKINNEY",
        "state": "TX",
        "zip": "75070",
        "email": "JJBOWCUTT@YAHOO.COM",
        "dateOfBirth": "1967-05-10T12:00:00",
        "ssn": "529434550",
        "userOrders": null,
        "isSold": false,
        "id": 100288
    },
    {
        "firstName": "WILLIAM",
        "lastName": "QUACH",
        "phone": "6263150328",
        "address": "2300 FULTON AVE",
        "city": "M PK",
        "state": "PARK",
        "zip": "91755",
        "email": "WILLIAMQCH88@YAHOO.COM",
        "dateOfBirth": "1967-11-12T12:00:00",
        "ssn": "566733026",
        "userOrders": null,
        "isSold": false,
        "id": 100376
    },
    {
        "firstName": "KATHRYN",
        "lastName": "OSBORN",
        "phone": "6147835107",
        "address": "2620 FISHER RD",
        "city": "FRANKLIN TWP",
        "state": "OH",
        "zip": "43204",
        "email": "KOSBORN@LIBERTYHORSEFARM.COM",
        "dateOfBirth": "1967-01-06T12:00:00",
        "ssn": "299745720",
        "userOrders": null,
        "isSold": false,
        "id": 100393
    },
    {
        "firstName": "FRED",
        "lastName": "ZIPP",
        "phone": "7654805644",
        "address": "1810 MAIN ST APT 3",
        "city": "ELWOOD",
        "state": "IN",
        "zip": "46036",
        "email": "FREDZIPP67@YAHOO.COM",
        "dateOfBirth": "1967-04-11T12:00:00",
        "ssn": "188588864",
        "userOrders": null,
        "isSold": false,
        "id": 100396
    },
    {
        "firstName": "EDITA",
        "lastName": "BANITES",
        "phone": "7734896088",
        "address": "APT BASM",
        "city": "CHGO",
        "state": "W",
        "zip": "60622",
        "email": "EDITA5357@ATT.NET",
        "dateOfBirth": "1967-01-19T12:00:00",
        "ssn": "317941185",
        "userOrders": null,
        "isSold": false,
        "id": 100404
    },
    {
        "firstName": "ROBERTA",
        "lastName": "ABRAMS",
        "phone": "8055740893",
        "address": "9090 TELEPHONE RD",
        "city": "VENTURA",
        "state": "CA",
        "zip": "93004",
        "email": "ROBERTANABRAMS@GMAIL.COM",
        "dateOfBirth": "1967-05-17T12:00:00",
        "ssn": "546590490",
        "userOrders": null,
        "isSold": false,
        "id": 100417
    },
    {
        "firstName": "SAMANTHA",
        "lastName": "HAMILTON",
        "phone": "5107179744",
        "address": "4885 DANDELION LOOP",
        "city": "TRACY",
        "state": "CA",
        "zip": "95377",
        "email": "BUDAMAE@GMAIL.COM",
        "dateOfBirth": "1967-11-17T12:00:00",
        "ssn": "549471445",
        "userOrders": null,
        "isSold": false,
        "id": 100439
    },
    {
        "firstName": "SHERRY",
        "lastName": "WHITT",
        "phone": "2053050955",
        "address": "1655 MARALYN DR",
        "city": "BIRMINGHAM",
        "state": "AL",
        "zip": "35235",
        "email": "SHERRYWHITT01@GMAIL.COM",
        "dateOfBirth": "1967-06-26T12:00:00",
        "ssn": "421905823",
        "userOrders": null,
        "isSold": false,
        "id": 100550
    },
    {
        "firstName": "RAUL",
        "lastName": "LUEVANO",
        "phone": "1111110001",
        "address": "321 WOODHOLLOW LN",
        "city": "HARLINGEN",
        "state": "TX",
        "zip": "78550",
        "email": "RAUL99701@GMAIL.COM",
        "dateOfBirth": "1967-12-25T12:00:00",
        "ssn": "463415733",
        "userOrders": null,
        "isSold": false,
        "id": 100582
    },
    {
        "firstName": "CONSTANCE",
        "lastName": "CANNON",
        "phone": "1111110001",
        "address": "9704 JORDAN VIEW DR",
        "city": "RAL",
        "state": "NC",
        "zip": "27603",
        "email": "PAINGWENN@AOL.COM",
        "dateOfBirth": "1967-05-23T12:00:00",
        "ssn": "372947709",
        "userOrders": null,
        "isSold": false,
        "id": 100618
    },
    {
        "firstName": "EVELIA",
        "lastName": "MENDOZA",
        "phone": "4085612377",
        "address": "609 SANDERS AVE",
        "city": "SJ",
        "state": "JOSE",
        "zip": "95125",
        "email": "EVELIA1967@ATT.NET",
        "dateOfBirth": "1967-12-05T12:00:00",
        "ssn": "610120824",
        "userOrders": null,
        "isSold": false,
        "id": 100631
    },
    {
        "firstName": "ARNULFO",
        "lastName": "MIRANDA",
        "phone": "7133919598",
        "address": "UNIT DPLX 2",
        "city": "HOUSTON",
        "state": "INDUSTRY",
        "zip": "77053",
        "email": "DAVEMIRANDA78@GMAIL.COM",
        "dateOfBirth": "1967-12-06T12:00:00",
        "ssn": "628269493",
        "userOrders": null,
        "isSold": false,
        "id": 100637
    }
]