[
    {
        "firstName": "OLGA",
        "lastName": "IGLESIAS",
        "phone": "3055080516",
        "address": "19800 SW 180TH AVE LOT 272",
        "city": "MIA",
        "state": "FL",
        "zip": "33144",
        "email": "IUISGMONTORO25@GMAIL.COM",
        "dateOfBirth": "1967-07-23T12:00:00",
        "ssn": "770429047",
        "userOrders": null,
        "isSold": false,
        "id": 59009
    },
    {
        "firstName": "STACY",
        "lastName": "HALL",
        "phone": "4049512575",
        "address": "3174 PLAINSMAN DR",
        "city": "POWDR S",
        "state": "SPGS",
        "zip": "30127",
        "email": "SEEVONH@YAHOO.COM",
        "dateOfBirth": "1967-09-15T12:00:00",
        "ssn": "426130382",
        "userOrders": null,
        "isSold": true,
        "id": 59121
    },
    {
        "firstName": "DAVID",
        "lastName": "MUENCHOW",
        "phone": "9202965166",
        "address": "667 E OAK ST",
        "city": "JUNEAU",
        "state": "WI",
        "zip": "53039",
        "email": "MOOCHOW@ATT.NET",
        "dateOfBirth": "1967-10-25T12:00:00",
        "ssn": "387742490",
        "userOrders": null,
        "isSold": false,
        "id": 59122
    },
    {
        "firstName": "MIEN",
        "lastName": "CHA",
        "phone": "2246228998",
        "address": "2721 ODLUM DR",
        "city": "SCHMBRG",
        "state": "IL",
        "zip": "60194",
        "email": "MINCHAKIM@GMAIL.COM",
        "dateOfBirth": "1967-11-06T12:00:00",
        "ssn": "411591226",
        "userOrders": null,
        "isSold": false,
        "id": 59136
    },
    {
        "firstName": "LYNETTE",
        "lastName": "HENNESSY",
        "phone": "6606544106",
        "address": "710 KUMLER ST",
        "city": "TRENTON",
        "state": "MO",
        "zip": "64683",
        "email": "LYNETTEHENNESSY@YAHOO.COM",
        "dateOfBirth": "1967-03-16T12:00:00",
        "ssn": "561432207",
        "userOrders": null,
        "isSold": false,
        "id": 59138
    },
    {
        "firstName": "MARIA",
        "lastName": "DE",
        "phone": "8313850709",
        "address": "515 N VANDERHURST AVE APT 16",
        "city": "KC",
        "state": "CITY",
        "zip": "93930",
        "email": "M_MTRUJILLO@ATT.NET",
        "dateOfBirth": "1967-02-10T12:00:00",
        "ssn": "619241605",
        "userOrders": null,
        "isSold": false,
        "id": 59154
    },
    {
        "firstName": "MELISSA",
        "lastName": "JENKINS",
        "phone": "2485869926",
        "address": "3908 GARDNER AVE",
        "city": "BERKLEY",
        "state": "MI",
        "zip": "48072",
        "email": "THNX4WRITINGUS@SBCGLOBAL.NET",
        "dateOfBirth": "1967-08-21T12:00:00",
        "ssn": "381841951",
        "userOrders": null,
        "isSold": false,
        "id": 59215
    },
    {
        "firstName": "ERIC",
        "lastName": "FIER",
        "phone": "4046101901",
        "address": "1180 EMPIRE RD NE",
        "city": "SANDY SPRINGS",
        "state": "GA",
        "zip": "30342",
        "email": "FIERMD@GMAIL.COM",
        "dateOfBirth": "1967-10-16T12:00:00",
        "ssn": "215902668",
        "userOrders": null,
        "isSold": false,
        "id": 59237
    },
    {
        "firstName": "DON",
        "lastName": "HARRIS",
        "phone": "5122974206",
        "address": "307B W MONROE ST",
        "city": "AUSTIN",
        "state": "TX",
        "zip": "78704",
        "email": "DONHARRISARCH@GMAIL.COM",
        "dateOfBirth": "1967-04-05T12:00:00",
        "ssn": "466511160",
        "userOrders": null,
        "isSold": false,
        "id": 59335
    },
    {
        "firstName": "JIMMIE",
        "lastName": "JONES",
        "phone": "8157914270",
        "address": "1307 1/2 FAIRVIEW AVE",
        "city": "JOLIET",
        "state": "IL",
        "zip": "60432",
        "email": "JIMMIEJR312@YAHOO.COM",
        "dateOfBirth": "1967-03-12T12:00:00",
        "ssn": "345726154",
        "userOrders": null,
        "isSold": false,
        "id": 59452
    },
    {
        "firstName": "REBECA",
        "lastName": "URQUIZA",
        "phone": "5108688589",
        "address": "607 FOOTHILL BLVD",
        "city": "OAK",
        "state": "CA",
        "zip": "94606",
        "email": "REBECA.URQUIZA@YAHOO.COM",
        "dateOfBirth": "1967-11-12T12:00:00",
        "ssn": "874729402",
        "userOrders": null,
        "isSold": false,
        "id": 59473
    },
    {
        "firstName": "LINDSEY",
        "lastName": "TAORMINA",
        "phone": "5867704740",
        "address": "815 HARRINGTON ST",
        "city": "MT CLEMENS",
        "state": "CLEMENS",
        "zip": "48043",
        "email": "LT219@LIVE.COM",
        "dateOfBirth": "1967-02-19T12:00:00",
        "ssn": "384902724",
        "userOrders": null,
        "isSold": false,
        "id": 59601
    },
    {
        "firstName": "RACHEL",
        "lastName": "CASTELLANOS",
        "phone": "1111110001",
        "address": "374 E SCHOOL ST",
        "city": "COTATI",
        "state": "CA",
        "zip": "94931",
        "email": "RACHEL.CASTELLANOS@YAHOO.COM",
        "dateOfBirth": "1967-04-09T12:00:00",
        "ssn": "545498575",
        "userOrders": null,
        "isSold": false,
        "id": 59663
    },
    {
        "firstName": "JESUS",
        "lastName": "CORTEZ",
        "phone": "1111110004",
        "address": "8925 BRYSON AVE APT D",
        "city": "S GT",
        "state": "GATE",
        "zip": "90280",
        "email": "XIMENACORTEZ17@HOTMAIL.COM",
        "dateOfBirth": "1967-10-16T12:00:00",
        "ssn": "615221427",
        "userOrders": null,
        "isSold": false,
        "id": 59664
    },
    {
        "firstName": "MIKE",
        "lastName": "PIGEON",
        "phone": "9203735555",
        "address": "2236 IVES LN",
        "city": "SUAMICO",
        "state": "WI",
        "zip": "54173",
        "email": "MIKEPIGEON@SBCGLOBAL.NET",
        "dateOfBirth": "1967-05-23T12:00:00",
        "ssn": "394709655",
        "userOrders": null,
        "isSold": false,
        "id": 59715
    }
]