[
    {
        "firstName": "TINA",
        "lastName": "BAUM",
        "phone": "3864050945",
        "address": "760 SANTA FE AVE",
        "city": "ORM BCH",
        "state": "BEACH",
        "zip": "32174",
        "email": "TINAANDKIMBALL@YAHOO.COM",
        "dateOfBirth": "1967-04-23T12:00:00",
        "ssn": "263590607",
        "userOrders": null,
        "isSold": false,
        "id": 43387
    },
    {
        "firstName": "SANDRA",
        "lastName": "BEECH",
        "phone": "3146307557",
        "address": "273 WHITE TREE LN",
        "city": "CHESTERFIELD",
        "state": "MO",
        "zip": "63017",
        "email": "SENDMESCOOP@AOL.COM",
        "dateOfBirth": "1967-05-05T12:00:00",
        "ssn": "500763477",
        "userOrders": null,
        "isSold": false,
        "id": 43474
    },
    {
        "firstName": "JAIME",
        "lastName": "JEMMOTT",
        "phone": "2816176226",
        "address": "10171 BEEKMAN PLACE DR",
        "city": "HOUSTON",
        "state": "TX",
        "zip": "77043",
        "email": "JAIME.JEMMOTT@ATT.NET",
        "dateOfBirth": "1967-12-24T12:00:00",
        "ssn": "638300895",
        "userOrders": null,
        "isSold": false,
        "id": 43501
    },
    {
        "firstName": "VICTORIA",
        "lastName": "PRIVATT",
        "phone": "6183354978",
        "address": "1430 S LOCUST ST",
        "city": "CENTRLA",
        "state": "IL",
        "zip": "62801",
        "email": "MACK686@GMAIL.COM",
        "dateOfBirth": "1967-11-22T12:00:00",
        "ssn": "330624232",
        "userOrders": null,
        "isSold": false,
        "id": 43529
    },
    {
        "firstName": "BRAD",
        "lastName": "JONES",
        "phone": "9016249584",
        "address": "3163 HIGHGATE DR",
        "city": "GERMANTOWN",
        "state": "TN",
        "zip": "38138",
        "email": "BKJ222@ATT.NET",
        "dateOfBirth": "1967-06-11T12:00:00",
        "ssn": "411372191",
        "userOrders": null,
        "isSold": false,
        "id": 43665
    },
    {
        "firstName": "CHANDER",
        "lastName": "JOSHI",
        "phone": "9165053508",
        "address": "7501 SCARLET RIVER DR APT 14A",
        "city": "BKFD",
        "state": "CA",
        "zip": "93308",
        "email": "CHANDERJOSHI88@GMAIL.COM",
        "dateOfBirth": "1967-03-08T12:00:00",
        "ssn": "548614651",
        "userOrders": null,
        "isSold": false,
        "id": 43725
    },
    {
        "firstName": "PATRICK",
        "lastName": "GRAY",
        "phone": "2166591493",
        "address": "3684 SEVERN RD",
        "city": "CLEVELAND HTS",
        "state": "HTS",
        "zip": "44118",
        "email": "STACERAN@YAHOO.COM",
        "dateOfBirth": "1967-10-26T12:00:00",
        "ssn": "798222626",
        "userOrders": null,
        "isSold": false,
        "id": 43773
    },
    {
        "firstName": "TODD",
        "lastName": "TREVATHAN",
        "phone": "5177954494",
        "address": "1877 OUTER LN DR",
        "city": "PITTSFIELD TWP",
        "state": "MI",
        "zip": "48108",
        "email": "TTREVATHAN5@GMAIL.COM",
        "dateOfBirth": "1967-10-27T12:00:00",
        "ssn": "385763766",
        "userOrders": null,
        "isSold": false,
        "id": 43817
    },
    {
        "firstName": "DARRIN",
        "lastName": "FLYNN",
        "phone": "7736821276",
        "address": "530 FREMONT ST",
        "city": "WOODSTK",
        "state": "IL",
        "zip": "60098",
        "email": "DARRINFLYNN@GMAIL.COM",
        "dateOfBirth": "1967-09-25T12:00:00",
        "ssn": "368927772",
        "userOrders": null,
        "isSold": false,
        "id": 43995
    },
    {
        "firstName": "REY",
        "lastName": "OLEA",
        "phone": "5204408928",
        "address": "23 BILLYDAY AVE",
        "city": "KENNER",
        "state": "LA",
        "zip": "70065",
        "email": "REYVEN69@HOTMAIL.COM",
        "dateOfBirth": "1967-05-10T12:00:00",
        "ssn": "527976590",
        "userOrders": null,
        "isSold": false,
        "id": 44034
    },
    {
        "firstName": "BEATRICE",
        "lastName": "DIAZ",
        "phone": "6612855428",
        "address": "6758 PATTERSON WAY",
        "city": "PLM",
        "state": "CA",
        "zip": "93552",
        "email": "BTRZ_DZ@YAHOO.COM",
        "dateOfBirth": "1967-03-01T12:00:00",
        "ssn": "553815039",
        "userOrders": null,
        "isSold": false,
        "id": 44108
    },
    {
        "firstName": "TYRONE",
        "lastName": "MCCONN",
        "phone": "9544678219",
        "address": "2208 S CYPRESS BEND DR APT 305",
        "city": "POMP",
        "state": "BEACH",
        "zip": "33069",
        "email": "TYRONEMCCONN@YMAIL.COM",
        "dateOfBirth": "1967-06-05T12:00:00",
        "ssn": "266537245",
        "userOrders": null,
        "isSold": false,
        "id": 44207
    },
    {
        "firstName": "STELLA",
        "lastName": "OTA",
        "phone": "6502450298",
        "address": "100 W EL CAMINO REAL APT 31",
        "city": "M VW",
        "state": "VIEW",
        "zip": "94040",
        "email": "STELLA_OTA@YAHOO.COM",
        "dateOfBirth": "1967-06-04T12:00:00",
        "ssn": "555776542",
        "userOrders": null,
        "isSold": false,
        "id": 44216
    },
    {
        "firstName": "VALERIE",
        "lastName": "FORBES",
        "phone": "8175770018",
        "address": "5005 BLUEBONNET DR",
        "city": "COLLEYVILLE",
        "state": "TX",
        "zip": "76034",
        "email": "VAFORBES1@ATT.NET",
        "dateOfBirth": "1967-03-11T12:00:00",
        "ssn": "461738028",
        "userOrders": null,
        "isSold": false,
        "id": 44261
    },
    {
        "firstName": "BOBBY",
        "lastName": "OWENS",
        "phone": "4797391356",
        "address": "9505 CHAD COLLEY BLVD APT 1707",
        "city": "NLR",
        "state": "SMITH",
        "zip": "72114",
        "email": "B_OWE@YAHOO.COM",
        "dateOfBirth": "1967-05-15T12:00:00",
        "ssn": "444800871",
        "userOrders": null,
        "isSold": false,
        "id": 44307
    }
]