[
    {
        "firstName": "KAROLINE",
        "lastName": "SHARP",
        "phone": "7733789553",
        "address": "4916 W KAMERLING AVE",
        "city": "CHGO",
        "state": "IL",
        "zip": "60651",
        "email": "KSHARP7563@SBCGLOBAL.NET",
        "dateOfBirth": "1967-11-08T12:00:00",
        "ssn": "344641306",
        "userOrders": null,
        "isSold": false,
        "id": 77608
    },
    {
        "firstName": "MODESTO",
        "lastName": "NOCON",
        "phone": "5023335631",
        "address": "6213 RIVERDALE RD",
        "city": "LOUISVILLE",
        "state": "KY",
        "zip": "40272",
        "email": "ORANGEPAD9@YAHOO.COM",
        "dateOfBirth": "1967-07-07T12:00:00",
        "ssn": "586800657",
        "userOrders": null,
        "isSold": false,
        "id": 77727
    },
    {
        "firstName": "ANN",
        "lastName": "BROWN",
        "phone": "4043494263",
        "address": "2793 PALMVIEW CT SW",
        "city": "SOUTH FULTON",
        "state": "GA",
        "zip": "30331",
        "email": "BROWN@YAHOO.COM",
        "dateOfBirth": "1967-06-30T12:00:00",
        "ssn": "591236293",
        "userOrders": null,
        "isSold": false,
        "id": 77770
    },
    {
        "firstName": "MIRTHA",
        "lastName": "BELLO",
        "phone": "3059863221",
        "address": "480 NW 25TH AVE",
        "city": "MIA",
        "state": "FL",
        "zip": "33125",
        "email": "JCPONCE6@YAHOO.COM",
        "dateOfBirth": "1967-11-09T12:00:00",
        "ssn": "261654402",
        "userOrders": null,
        "isSold": false,
        "id": 77791
    },
    {
        "firstName": "OGECHI",
        "lastName": "MBANU",
        "phone": "3234401010",
        "address": "11037 1/2 S TRURO AVE",
        "city": "LNNOX",
        "state": "CA",
        "zip": "90304",
        "email": "PAULMBANU@YAHOO.COM",
        "dateOfBirth": "1967-12-28T12:00:00",
        "ssn": "626568398",
        "userOrders": null,
        "isSold": false,
        "id": 77806
    },
    {
        "firstName": "BRENDA",
        "lastName": "BOOKER",
        "phone": "2514590963",
        "address": "107 SPANISH MAIN",
        "city": "DAPHNE",
        "state": "FORT",
        "zip": "36526",
        "email": "BRENDA_BOOKER2000@YAHOO.COM",
        "dateOfBirth": "1967-02-07T12:00:00",
        "ssn": "307909373",
        "userOrders": null,
        "isSold": false,
        "id": 77936
    },
    {
        "firstName": "AURORA",
        "lastName": "ZAVALA",
        "phone": "8312230413",
        "address": "PO BOX 1111",
        "city": "GRNFLD",
        "state": "CA",
        "zip": "93927",
        "email": "STEPHAINEZGHS@YAHOO.COM",
        "dateOfBirth": "1967-07-01T12:00:00",
        "ssn": "612338601",
        "userOrders": null,
        "isSold": false,
        "id": 77969
    },
    {
        "firstName": "ALFREDO/JENNILYN",
        "lastName": "ALANZALON",
        "phone": "8582227145",
        "address": "3623 PUTTER DR",
        "city": "BONITA",
        "state": "CA",
        "zip": "91902",
        "email": "JEN_1783@YAHOO.COM",
        "dateOfBirth": "1967-05-12T12:00:00",
        "ssn": "613884247",
        "userOrders": null,
        "isSold": false,
        "id": 78067
    },
    {
        "firstName": "TAMMY",
        "lastName": "BAKER",
        "phone": "1111110004",
        "address": "4056317799",
        "city": "OKLAHOMA CITY OK 73129-2403",
        "state": "SE",
        "zip": "OKLAHOMA CITY",
        "email": "73129",
        "dateOfBirth": "1967-07-22T12:00:00",
        "ssn": "445641859",
        "userOrders": null,
        "isSold": false,
        "id": 78084
    },
    {
        "firstName": "JORGE",
        "lastName": "BARRERA",
        "phone": "7147838737",
        "address": "240 N OAK ST APT E",
        "city": "ORG",
        "state": "CA",
        "zip": "92867",
        "email": "JORGEBARRERAGB@ATT.NET",
        "dateOfBirth": "1967-01-25T12:00:00",
        "ssn": "608561385",
        "userOrders": null,
        "isSold": false,
        "id": 78141
    },
    {
        "firstName": "OSCAR",
        "lastName": "GALLEGOS",
        "phone": "9569052931",
        "address": "9569052399",
        "city": "MCALLEN TX 78501-6728",
        "state": "ORANGE",
        "zip": "MCALLEN",
        "email": "78501",
        "dateOfBirth": "1967-01-29T12:00:00",
        "ssn": "638841823",
        "userOrders": null,
        "isSold": false,
        "id": 78194
    },
    {
        "firstName": "JOSE",
        "lastName": "LUIS",
        "phone": "3233380833",
        "address": "3237436467",
        "city": "4539 FISHER ST",
        "state": "REAR",
        "zip": "LA",
        "email": "90022",
        "dateOfBirth": "1967-06-30T12:00:00",
        "ssn": "603262355",
        "userOrders": null,
        "isSold": false,
        "id": 78241
    },
    {
        "firstName": "TIMOTHY",
        "lastName": "CROCKETT",
        "phone": "2165518032",
        "address": "PO BOX 46407",
        "city": "BEDFORD",
        "state": "OH",
        "zip": "44146",
        "email": "TIM_CROCKETT2003@YAHOO.COM",
        "dateOfBirth": "1967-04-03T12:00:00",
        "ssn": "280785567",
        "userOrders": null,
        "isSold": false,
        "id": 78246
    },
    {
        "firstName": "MARIA",
        "lastName": "FELICITA",
        "phone": "7132983208",
        "address": "2726 ALDERLEAF PL",
        "city": "SPRING",
        "state": "TX",
        "zip": "77388",
        "email": "NOEMAIL@ATT.COM",
        "dateOfBirth": "1967-03-06T12:00:00",
        "ssn": "630724988",
        "userOrders": null,
        "isSold": false,
        "id": 78249
    },
    {
        "firstName": "WILLIE",
        "lastName": "BEANS",
        "phone": "1111110001",
        "address": "514 BOIS D ARC CIR",
        "city": "MESQUITE",
        "state": "TX",
        "zip": "75149",
        "email": "BEANWILLIE88@GMAIL.COM",
        "dateOfBirth": "1967-02-23T12:00:00",
        "ssn": "454335312",
        "userOrders": null,
        "isSold": false,
        "id": 78297
    }
]