[
    {
        "firstName": "SHANE",
        "lastName": "VINCENT",
        "phone": "6018509014",
        "address": "211 ADAMS ST",
        "city": "RICHLAND",
        "state": "MS",
        "zip": "39218",
        "email": "XPRESSTECHRICHLAND@GMAIL.COM",
        "dateOfBirth": "1967-09-23T12:00:00",
        "ssn": "587453867",
        "userOrders": null,
        "isSold": false,
        "id": 32426
    },
    {
        "firstName": "SUSAN",
        "lastName": "PALING",
        "phone": "2144756603",
        "address": "400 NORTHCLIFF RIDGE LN",
        "city": "FRIENDSWOOD",
        "state": "TX",
        "zip": "77546",
        "email": "MPALING@YAHOO.COM",
        "dateOfBirth": "1967-07-08T12:00:00",
        "ssn": "155767957",
        "userOrders": null,
        "isSold": false,
        "id": 32434
    },
    {
        "firstName": "DEBORAH",
        "lastName": "MISCOLL",
        "phone": "8172396530",
        "address": "PO BOX 96191",
        "city": "ROANOKE",
        "state": "TX",
        "zip": "76262",
        "email": "DEBMISCOL@AOL.COM",
        "dateOfBirth": "1967-03-17T12:00:00",
        "ssn": "466434774",
        "userOrders": null,
        "isSold": false,
        "id": 32472
    },
    {
        "firstName": "AIMEE",
        "lastName": "WILDS",
        "phone": "2484446679",
        "address": "3135105327",
        "city": "NOVI MI 48374-3799",
        "state": "ARDEN",
        "zip": "NOVI",
        "email": "48374",
        "dateOfBirth": "1967-03-31T12:00:00",
        "ssn": "377866629",
        "userOrders": null,
        "isSold": false,
        "id": 32489
    },
    {
        "firstName": "OLIVIA",
        "lastName": "HERNANDEZ",
        "phone": "5622776255",
        "address": "3912 JOSEPHINE ST",
        "city": "LYN",
        "state": "CA",
        "zip": "90262",
        "email": "CHDZYYY@AOL.COM",
        "dateOfBirth": "1967-08-16T12:00:00",
        "ssn": "608621635",
        "userOrders": null,
        "isSold": false,
        "id": 32498
    },
    {
        "firstName": "JOHN",
        "lastName": "N",
        "phone": "7142602346",
        "address": "13352 GILBERT ST",
        "city": "GG",
        "state": "GROVE",
        "zip": "92844",
        "email": "NGUYENKIMBERLY11@YAHOO.COM",
        "dateOfBirth": "1967-03-23T12:00:00",
        "ssn": "625405523",
        "userOrders": null,
        "isSold": true,
        "id": 32546
    },
    {
        "firstName": "JOSE",
        "lastName": "RODRIGUEZ",
        "phone": "3235199702",
        "address": "6419 E OLYMPIC BLVD",
        "city": "LA",
        "state": "ANGELES",
        "zip": "90022",
        "email": "JOSERODRIGUEZ_2011@ATT.NET",
        "dateOfBirth": "1967-03-19T12:00:00",
        "ssn": "602327184",
        "userOrders": null,
        "isSold": false,
        "id": 32599
    },
    {
        "firstName": "MARIE",
        "lastName": "TENBROECK",
        "phone": "7088998640",
        "address": "16732 FOREST AVE",
        "city": "TINLY PK",
        "state": "FOREST",
        "zip": "60477",
        "email": "MARIETENBROECK@GMAIL.COM",
        "dateOfBirth": "1967-01-04T12:00:00",
        "ssn": "338728533",
        "userOrders": null,
        "isSold": false,
        "id": 32721
    },
    {
        "firstName": "ANDRES",
        "lastName": "TRUJILLO",
        "phone": "7865585937",
        "address": "11774 SW 137TH PATH",
        "city": "MIA",
        "state": "FL",
        "zip": "33193",
        "email": "FLTRUJILLOUTU@AOL.COM",
        "dateOfBirth": "1967-08-24T12:00:00",
        "ssn": "592285674",
        "userOrders": null,
        "isSold": false,
        "id": 32727
    },
    {
        "firstName": "JAY",
        "lastName": "RABILAIS",
        "phone": "2257535510",
        "address": "18413 FERRY LANE AVE",
        "city": "BATON ROUGE",
        "state": "ROUGE",
        "zip": "70816",
        "email": "JAY.RABALAIS@CDICORP.COM",
        "dateOfBirth": "1967-07-18T12:00:00",
        "ssn": "433458718",
        "userOrders": null,
        "isSold": true,
        "id": 32728
    },
    {
        "firstName": "ADAM",
        "lastName": "FARMER",
        "phone": "9515440721",
        "address": "18280 HIBISCUS AVE",
        "city": "RIV",
        "state": "CA",
        "zip": "92508",
        "email": "PLAYERSNMV@AOL.COM",
        "dateOfBirth": "1967-12-07T12:00:00",
        "ssn": "568297006",
        "userOrders": null,
        "isSold": false,
        "id": 32752
    },
    {
        "firstName": "RAHSHEEDA",
        "lastName": "BRINSON",
        "phone": "6197671397",
        "address": "1847 WEDGEWOOD PL",
        "city": "CHLA VSTA",
        "state": "VISTA",
        "zip": "91910",
        "email": "SHESHEDOLL@YAHOO.COM",
        "dateOfBirth": "1967-08-21T12:00:00",
        "ssn": "367922392",
        "userOrders": null,
        "isSold": true,
        "id": 32804
    },
    {
        "firstName": "SHEBEKCA",
        "lastName": "*HINKLE",
        "phone": "7343078213",
        "address": "27595 BURNHAM BLVD UNIT 119",
        "city": "WOODHAVEN",
        "state": "MI",
        "zip": "48183",
        "email": "JASMINEHINKLE51@GMAIL.COM",
        "dateOfBirth": "1967-12-02T12:00:00",
        "ssn": "362803441",
        "userOrders": null,
        "isSold": false,
        "id": 32917
    },
    {
        "firstName": "MICHAEL",
        "lastName": "BECKMAN",
        "phone": "5802227923",
        "address": "1007 WOLVERTON ST",
        "city": "ARDMORE",
        "state": "OK",
        "zip": "73401",
        "email": "BECKMAN67@ATT.NET",
        "dateOfBirth": "1967-01-11T12:00:00",
        "ssn": "362781713",
        "userOrders": null,
        "isSold": false,
        "id": 32919
    },
    {
        "firstName": "HEIDI",
        "lastName": "BLANK",
        "phone": "4142488880",
        "address": "5715 N 56TH ST",
        "city": "MILWAUKEE",
        "state": "WI",
        "zip": "53218",
        "email": "HEIDIBLANK@YMAIL.COM",
        "dateOfBirth": "1967-05-30T12:00:00",
        "ssn": "395803343",
        "userOrders": null,
        "isSold": false,
        "id": 32925
    }
]