[
    {
        "firstName": "KEVIN",
        "lastName": "CONGER",
        "phone": "8065701005",
        "address": "2108 1ST AVE",
        "city": "CANYON",
        "state": "TX",
        "zip": "79015",
        "email": "KEVIN.CONGER@ATT.NET",
        "dateOfBirth": "1967-04-13T12:00:00",
        "ssn": "449510226",
        "userOrders": null,
        "isSold": false,
        "id": 51746
    },
    {
        "firstName": "JAMES",
        "lastName": "TAYLOR",
        "phone": "2146166671",
        "address": "415 S PARKS DR",
        "city": "DESOTO",
        "state": "TX",
        "zip": "75115",
        "email": "JCTAYLOR3@SBCGLOBAL.NET",
        "dateOfBirth": "1967-03-21T12:00:00",
        "ssn": "252450936",
        "userOrders": null,
        "isSold": false,
        "id": 51757
    },
    {
        "firstName": "ANGELA",
        "lastName": "DEVITA",
        "phone": "7703313269",
        "address": "1406 CRUMBLEY RD",
        "city": "MC*D",
        "state": "GA",
        "zip": "30252",
        "email": "ANGELA67DEVITA@GMAIL.COM",
        "dateOfBirth": "1967-06-05T12:00:00",
        "ssn": "260874463",
        "userOrders": null,
        "isSold": false,
        "id": 51785
    },
    {
        "firstName": "IRMA",
        "lastName": "SANTOS",
        "phone": "7863024949",
        "address": "4045 LINKWOOD DR APT 729",
        "city": "HOUSTON",
        "state": "TX",
        "zip": "77025",
        "email": "IRMAE36@HOTMAIL.COM",
        "dateOfBirth": "1967-12-01T12:00:00",
        "ssn": "766661523",
        "userOrders": null,
        "isSold": false,
        "id": 51795
    },
    {
        "firstName": "TIA",
        "lastName": "CRAIG",
        "phone": "6152004727",
        "address": "3634 GEORGIA CT",
        "city": "NASHVILLE",
        "state": "TN",
        "zip": "37209",
        "email": "TIACRAIG0482@GMAIL.COM",
        "dateOfBirth": "1967-08-26T12:00:00",
        "ssn": "409350462",
        "userOrders": null,
        "isSold": false,
        "id": 51802
    },
    {
        "firstName": "JAMES",
        "lastName": "KUAN",
        "phone": "7142344330",
        "address": "1402 W JAMES WAY",
        "city": "ANH",
        "state": "CA",
        "zip": "92801",
        "email": "JAMESJKUAN@GMAIL.COM",
        "dateOfBirth": "1967-11-09T12:00:00",
        "ssn": "561294504",
        "userOrders": null,
        "isSold": false,
        "id": 51820
    },
    {
        "firstName": "CHAD",
        "lastName": "RYAN",
        "phone": "6503020023",
        "address": "103 GREENWOOD DR",
        "city": "SSF",
        "state": "SAN",
        "zip": "94080",
        "email": "CHAD@RYAN-RYANCONSTRUCTION.COM",
        "dateOfBirth": "1967-05-19T12:00:00",
        "ssn": "560338066",
        "userOrders": null,
        "isSold": false,
        "id": 52068
    },
    {
        "firstName": "FLORIVIC",
        "lastName": "ABUEG",
        "phone": "8186426444",
        "address": "21022 BURTON ST",
        "city": "C PK",
        "state": "PARK",
        "zip": "91304",
        "email": "FLORIVIC@SBCGLOBAL.NET",
        "dateOfBirth": "1967-01-08T12:00:00",
        "ssn": "616393120",
        "userOrders": null,
        "isSold": false,
        "id": 52082
    },
    {
        "firstName": "RAEMINA",
        "lastName": "NEAL",
        "phone": "3176059770",
        "address": "2110 OAK RUN CT",
        "city": "INDIANAPOLIS",
        "state": "IN",
        "zip": "46260",
        "email": "RAEMINA1@GMAIL.COM",
        "dateOfBirth": "1967-05-31T12:00:00",
        "ssn": "315869202",
        "userOrders": null,
        "isSold": false,
        "id": 52121
    },
    {
        "firstName": "RICK",
        "lastName": "WALLS",
        "phone": "7342167238",
        "address": "1374 COBBLESTONE CT",
        "city": "PITSFLD TWP",
        "state": "ARBOR",
        "zip": "48108",
        "email": "RICKWALLS2007@COMCAST.NET",
        "dateOfBirth": "1967-05-15T12:00:00",
        "ssn": "365922830",
        "userOrders": null,
        "isSold": false,
        "id": 52130
    },
    {
        "firstName": "TERRY",
        "lastName": "SCHOOLMASTER",
        "phone": "7135420376",
        "address": "745 TRACY LN UNIT 133",
        "city": "HOUSTON",
        "state": "TN",
        "zip": "77546",
        "email": "SCUOLO@GMAIL.COM",
        "dateOfBirth": "1967-03-24T12:00:00",
        "ssn": "384801872",
        "userOrders": null,
        "isSold": false,
        "id": 52203
    },
    {
        "firstName": "ANGIE",
        "lastName": "ARVIZU",
        "phone": "4256980674",
        "address": "40W447 TAYLOR CALDWELL ST",
        "city": "ST CHAS",
        "state": "CHARLES",
        "zip": "60175",
        "email": "ANGIE.ARVIZU@ATT.NET",
        "dateOfBirth": "1967-04-12T12:00:00",
        "ssn": "269647530",
        "userOrders": null,
        "isSold": false,
        "id": 52278
    },
    {
        "firstName": "GEORGIA",
        "lastName": "GRUNER",
        "phone": "8473520176",
        "address": "1219 KNOTTINGHAM CT APT 1B",
        "city": "ELK GRV VLG",
        "state": "IL",
        "zip": "60007",
        "email": "GEORGIA.GRUNER@ATT.NET",
        "dateOfBirth": "1967-11-29T12:00:00",
        "ssn": "360560839",
        "userOrders": null,
        "isSold": false,
        "id": 52286
    },
    {
        "firstName": "PATTY",
        "lastName": "CURRY",
        "phone": "6166624533",
        "address": "3782 BLACK CREEK DR",
        "city": "GEORGETOWN TWP",
        "state": "MI",
        "zip": "49426",
        "email": "PATTIACURRY@ATT.NET",
        "dateOfBirth": "1967-04-18T12:00:00",
        "ssn": "386867961",
        "userOrders": null,
        "isSold": false,
        "id": 52295
    },
    {
        "firstName": "JOY",
        "lastName": "IVERSEN",
        "phone": "5865674778",
        "address": "39384 DURAND DR",
        "city": "STERLING HEIGHTS",
        "state": "HTS",
        "zip": "48310",
        "email": "JOYIVERSEN@AOL.COM",
        "dateOfBirth": "1967-06-05T12:00:00",
        "ssn": "376827354",
        "userOrders": null,
        "isSold": false,
        "id": 52314
    }
]