[
    {
        "firstName": "GREGORY",
        "lastName": "RAYMOND",
        "phone": "3175095814",
        "address": "4335 BLUE SPRUCE CT",
        "city": "GREENWOOD",
        "state": "IN",
        "zip": "46143",
        "email": "GSCOTT29@MSN.COM",
        "dateOfBirth": "1967-12-30T12:00:00",
        "ssn": "310603441",
        "userOrders": null,
        "isSold": false,
        "id": 78323
    },
    {
        "firstName": "THOMAS",
        "lastName": "OLIVER",
        "phone": "2819171588",
        "address": "1214 MARCONI ST",
        "city": "HOUSTON",
        "state": "TX",
        "zip": "77019",
        "email": "THOMASOLIVER@MAC.COM",
        "dateOfBirth": "1967-05-31T12:00:00",
        "ssn": "633061293",
        "userOrders": null,
        "isSold": false,
        "id": 78367
    },
    {
        "firstName": "JOSHS",
        "lastName": "PLACE",
        "phone": "9208419659",
        "address": "246 MISTY MEADOWS LN",
        "city": "APPLETON",
        "state": "WI",
        "zip": "54915",
        "email": "JOTTO54952@YAHOO.COM",
        "dateOfBirth": "1967-02-07T12:00:00",
        "ssn": "391110791",
        "userOrders": null,
        "isSold": false,
        "id": 78446
    },
    {
        "firstName": "MIA",
        "lastName": "REID",
        "phone": "3136468653",
        "address": "21874 WHITTINGTON ST",
        "city": "SOUTHFIELD",
        "state": "HLS",
        "zip": "48076",
        "email": "MRREID@OAKLANDCC.EDU",
        "dateOfBirth": "1967-10-05T12:00:00",
        "ssn": "385824243",
        "userOrders": null,
        "isSold": true,
        "id": 78467
    },
    {
        "firstName": "ALVIN",
        "lastName": "GRIFFIN",
        "phone": "9852558118",
        "address": "669 OREGON ST",
        "city": "BERWICK",
        "state": "LA",
        "zip": "70342",
        "email": "VIRGINIAGRIFFIN9@AOL.COM",
        "dateOfBirth": "1967-06-30T12:00:00",
        "ssn": "433470539",
        "userOrders": null,
        "isSold": false,
        "id": 78519
    },
    {
        "firstName": "TWANNA",
        "lastName": "LAYMON",
        "phone": "2564530251",
        "address": "1813 CHEAHA DR LOT 4",
        "city": "OXFORD",
        "state": "AL",
        "zip": "36203",
        "email": "TWANNALAYMON@ATT.NET",
        "dateOfBirth": "1967-12-01T12:00:00",
        "ssn": "418081394",
        "userOrders": null,
        "isSold": false,
        "id": 78577
    },
    {
        "firstName": "MARIA",
        "lastName": "DOVALINA",
        "phone": "9165090994",
        "address": "8295 CARLIN AVE",
        "city": "SAC",
        "state": "CA",
        "zip": "95823",
        "email": "DOVALINA_MARIA@ATT.NET",
        "dateOfBirth": "1967-12-04T12:00:00",
        "ssn": "458856651",
        "userOrders": null,
        "isSold": false,
        "id": 78677
    },
    {
        "firstName": "CLAUDIA",
        "lastName": "FLETCHER",
        "phone": "1111110001",
        "address": "2928 CONCORD AVE",
        "city": "ALH",
        "state": "CA",
        "zip": "91803",
        "email": "CLAUDIA_FLETCHER@YAHOO.COM",
        "dateOfBirth": "1967-11-01T12:00:00",
        "ssn": "459757527",
        "userOrders": null,
        "isSold": false,
        "id": 78690
    },
    {
        "firstName": "GUSTAVO",
        "lastName": "PLANCARTE",
        "phone": "2053897711",
        "address": "1300 LONGCREEK DR APT 1811",
        "city": "COLA",
        "state": "SC",
        "zip": "29210",
        "email": "GUSTAVOP148@GMAIL.COM",
        "dateOfBirth": "1967-04-29T12:00:00",
        "ssn": "559811824",
        "userOrders": null,
        "isSold": true,
        "id": 78701
    },
    {
        "firstName": "JAY",
        "lastName": "GROWNEY",
        "phone": "6169549363",
        "address": "1288 STONESHIRE DR SE",
        "city": "CASCADE TWP",
        "state": "RAPIDS",
        "zip": "49546",
        "email": "JAY.GROWNEY@YAHOO.COM",
        "dateOfBirth": "1967-12-22T12:00:00",
        "ssn": "379808321",
        "userOrders": null,
        "isSold": false,
        "id": 78812
    },
    {
        "firstName": "SANDRA",
        "lastName": "MEDINA",
        "phone": "5128228865",
        "address": "9200 NORTH PLAZA APT 107",
        "city": "AUSTIN",
        "state": "TX",
        "zip": "78728",
        "email": "SANDRA.MEDINA51@YAHOO.COM",
        "dateOfBirth": "1967-04-04T12:00:00",
        "ssn": "616984315",
        "userOrders": null,
        "isSold": false,
        "id": 78886
    },
    {
        "firstName": "PRICILLA",
        "lastName": "PELAYO",
        "phone": "7148519430",
        "address": "420 W PATWOOD DR",
        "city": "LH",
        "state": "HABRA",
        "zip": "90631",
        "email": "PRSILLA@AOL.COM",
        "dateOfBirth": "1967-04-20T12:00:00",
        "ssn": "572271193",
        "userOrders": null,
        "isSold": false,
        "id": 78904
    },
    {
        "firstName": "DION",
        "lastName": "KENTNER",
        "phone": "8585362899",
        "address": "8585225888",
        "city": "SAN DIEGO CA 92126-6096",
        "state": "DENNIG",
        "zip": "SD",
        "email": "92126",
        "dateOfBirth": "1967-02-20T12:00:00",
        "ssn": "536863951",
        "userOrders": null,
        "isSold": false,
        "id": 78924
    },
    {
        "firstName": "MICHAEL",
        "lastName": "BARNEY",
        "phone": "2162456239",
        "address": "2168940193",
        "city": "CLEVELAND OH 44128-5125",
        "state": "WALFORD",
        "zip": "WARRENSVILLE HTS",
        "email": "44128",
        "dateOfBirth": "1967-04-02T12:00:00",
        "ssn": "276808340",
        "userOrders": null,
        "isSold": false,
        "id": 78933
    },
    {
        "firstName": "PAULA",
        "lastName": "WILLIAMS",
        "phone": "8104233050",
        "address": "4029 JENNIE LN",
        "city": "FLINT TWP",
        "state": "CREEK",
        "zip": "48532",
        "email": "SMPERRY52476@YAHOO.COM",
        "dateOfBirth": "1967-03-06T12:00:00",
        "ssn": "371942934",
        "userOrders": null,
        "isSold": false,
        "id": 79013
    }
]