[
    {
        "firstName": "LAURA",
        "lastName": "GIBSON",
        "phone": "4234648825",
        "address": "11310 MELODY DR APT 4-30",
        "city": "PRYOR",
        "state": "CO",
        "zip": "74361",
        "email": "SLGIBSON295@GMAIL.COM",
        "dateOfBirth": "1968-07-14T12:00:00",
        "ssn": "306802093",
        "userOrders": null,
        "isSold": true,
        "id": 99240
    },
    {
        "firstName": "KATHY",
        "lastName": "ROLES",
        "phone": "4794265374",
        "address": "2709 W MARGARET ST",
        "city": "ROGERS",
        "state": "AR",
        "zip": "72756",
        "email": "GROLES68@GMAIL.COM",
        "dateOfBirth": "1968-01-07T12:00:00",
        "ssn": "430574366",
        "userOrders": null,
        "isSold": false,
        "id": 99309
    },
    {
        "firstName": "JENNY",
        "lastName": "WEST",
        "phone": "2142887471",
        "address": "11002 HUNTERS PARK DR",
        "city": "HIGHLAND PARK",
        "state": "TX",
        "zip": "75205",
        "email": "JENNYHWEST@ATT.NET",
        "dateOfBirth": "1968-04-11T12:00:00",
        "ssn": "431318902",
        "userOrders": null,
        "isSold": false,
        "id": 99381
    },
    {
        "firstName": "RUBEN",
        "lastName": "BERNARDINO",
        "phone": "2487678610",
        "address": "APT 206",
        "city": "NORTHVILLE TWP",
        "state": "NORFOLK",
        "zip": "48167",
        "email": "RUBEN222@ATT.NET",
        "dateOfBirth": "1968-10-29T12:00:00",
        "ssn": "592965895",
        "userOrders": null,
        "isSold": false,
        "id": 99418
    },
    {
        "firstName": "VESTA",
        "lastName": "GOULD",
        "phone": "8153022143",
        "address": "PO BOX 566",
        "city": "JOLIET",
        "state": "IL",
        "zip": "60435",
        "email": "VESTA.GOULD@PROVINA.ORG",
        "dateOfBirth": "1968-11-12T12:00:00",
        "ssn": "326620348",
        "userOrders": null,
        "isSold": false,
        "id": 99456
    },
    {
        "firstName": "JOSE",
        "lastName": "LUIS",
        "phone": "2134475950",
        "address": "11439 DANUBE AVE",
        "city": "LA",
        "state": "HILLS",
        "zip": "90004",
        "email": "LUISLUISCUENCA@YAHOO.COM",
        "dateOfBirth": "1968-01-26T12:00:00",
        "ssn": "604169299",
        "userOrders": null,
        "isSold": false,
        "id": 99459
    },
    {
        "firstName": "TINA",
        "lastName": "HONEYCUTT",
        "phone": "8642700164",
        "address": "102 SPENCER JOSH CT",
        "city": "FINN",
        "state": "INN",
        "zip": "29644",
        "email": "TINA.HONEYCUTT@SEALEDAIR.COM",
        "dateOfBirth": "1968-03-02T12:00:00",
        "ssn": "248472159",
        "userOrders": null,
        "isSold": false,
        "id": 99463
    },
    {
        "firstName": "TIEN",
        "lastName": "NGUYEN",
        "phone": "7752235432",
        "address": "1111110002",
        "city": "RENO NV 89503-2924",
        "state": "W",
        "zip": "RENO",
        "email": "89503",
        "dateOfBirth": "1968-06-17T12:00:00",
        "ssn": "680227808",
        "userOrders": null,
        "isSold": false,
        "id": 99480
    },
    {
        "firstName": "PIPERE",
        "lastName": "BRETTELL",
        "phone": "5015417302",
        "address": "4905 N LOOKOUT ST",
        "city": "LITTLE ROCK",
        "state": "ROCK",
        "zip": "72205",
        "email": "PIPERE12@GMAIL.COM",
        "dateOfBirth": "1968-07-23T12:00:00",
        "ssn": "455517015",
        "userOrders": null,
        "isSold": true,
        "id": 99500
    },
    {
        "firstName": "SABRINA",
        "lastName": "FINK",
        "phone": "9186173648",
        "address": "921 MATHEWS AVE",
        "city": "PAWHUSKA",
        "state": "OK",
        "zip": "74056",
        "email": "SABRINAFINK143@YAHOO.COM",
        "dateOfBirth": "1968-01-20T12:00:00",
        "ssn": "441827321",
        "userOrders": null,
        "isSold": false,
        "id": 99617
    },
    {
        "firstName": "MARIA",
        "lastName": "CRUZ",
        "phone": "8179485071",
        "address": "201 CLINTON DR",
        "city": "WEATHERFORD",
        "state": "TX",
        "zip": "76086",
        "email": "INGRID_CRUZ2003@YAHOO.COM",
        "dateOfBirth": "1968-05-03T12:00:00",
        "ssn": "612061795",
        "userOrders": null,
        "isSold": false,
        "id": 99686
    },
    {
        "firstName": "MATTHEW",
        "lastName": "GRANDI",
        "phone": "8584054512",
        "address": "9901 WASHINGTON BLVD APT 607",
        "city": "LA",
        "state": "CITY",
        "zip": "90232",
        "email": "BTNYF1@GMAIL.COM",
        "dateOfBirth": "1968-11-17T12:00:00",
        "ssn": "566815968",
        "userOrders": null,
        "isSold": false,
        "id": 99946
    },
    {
        "firstName": "DELIA",
        "lastName": "CAMARERO",
        "phone": "6197877332",
        "address": "13553 JULIAN AVE",
        "city": "LKSDE",
        "state": "CA",
        "zip": "92040",
        "email": "YECAMARERO@ATT.NET",
        "dateOfBirth": "1968-02-24T12:00:00",
        "ssn": "550754947",
        "userOrders": null,
        "isSold": false,
        "id": 100068
    },
    {
        "firstName": "JIAN",
        "lastName": "LI*",
        "phone": "8646502944",
        "address": "15350 58TH RD FL 1",
        "city": "CLEMSON",
        "state": "NY",
        "zip": "29631",
        "email": "JIANXLI82@GMAIL.COM",
        "dateOfBirth": "1968-08-17T12:00:00",
        "ssn": "131809224",
        "userOrders": null,
        "isSold": true,
        "id": 100111
    },
    {
        "firstName": "CHARLES",
        "lastName": "CRAWFORD",
        "phone": "3146620649",
        "address": "164 HICKORY DALE DR",
        "city": "ST CHARLES COUNTY",
        "state": "CHARLES",
        "zip": "63304",
        "email": "SCRAWFORD8025@GMAIL.COM",
        "dateOfBirth": "1968-10-29T12:00:00",
        "ssn": "493904158",
        "userOrders": null,
        "isSold": false,
        "id": 100160
    }
]