[
    {
        "firstName": "JOSE",
        "lastName": "ROMO",
        "phone": "2098291783",
        "address": "PO BOX 2281",
        "city": "LOS BANOS",
        "state": "BANOS",
        "zip": "93635",
        "email": "JOSECROMO@ATT.NET",
        "dateOfBirth": "1968-03-10T12:00:00",
        "ssn": "608904561",
        "userOrders": null,
        "isSold": false,
        "id": 56498
    },
    {
        "firstName": "JESUS",
        "lastName": "CONTRERAS",
        "phone": "2192182648",
        "address": "4621 TOWLE AVE",
        "city": "HAMMOND",
        "state": "IN",
        "zip": "46327",
        "email": "CONTRERAS6@ATT.NET",
        "dateOfBirth": "1968-12-24T12:00:00",
        "ssn": "351801683",
        "userOrders": null,
        "isSold": false,
        "id": 56529
    },
    {
        "firstName": "DOMINIC",
        "lastName": "ARCAROLI",
        "phone": "4044238668",
        "address": "13055 CRABAPPLE LAKE DR",
        "city": "RSWL",
        "state": "GA",
        "zip": "30076",
        "email": "DARCAROL@GMAIL.COM",
        "dateOfBirth": "1968-11-15T12:00:00",
        "ssn": "155465232",
        "userOrders": null,
        "isSold": false,
        "id": 56531
    },
    {
        "firstName": "DELORIS",
        "lastName": "FIELDS",
        "phone": "1111110001",
        "address": "4044801276",
        "city": "6925 70TH CT",
        "state": "206",
        "zip": "KENOSHA",
        "email": "53142",
        "dateOfBirth": "1968-10-28T12:00:00",
        "ssn": "377720441",
        "userOrders": null,
        "isSold": false,
        "id": 56532
    },
    {
        "firstName": "ROCHELLE",
        "lastName": "J",
        "phone": "7653183128",
        "address": "301 E HARRISON",
        "city": "PARAGON",
        "state": "IN",
        "zip": "46166",
        "email": "SCHELLY42_1968@HOTMAIL.COM",
        "dateOfBirth": "1968-04-11T12:00:00",
        "ssn": "308785915",
        "userOrders": null,
        "isSold": false,
        "id": 56715
    },
    {
        "firstName": "MICHEAL",
        "lastName": "BECNEL",
        "phone": "8322496160",
        "address": "16742 VILLAGE VIEW TRL",
        "city": "HOUSTON",
        "state": "LAND",
        "zip": "77068",
        "email": "MBEC99@YAHOO.COM",
        "dateOfBirth": "1968-08-21T12:00:00",
        "ssn": "435538148",
        "userOrders": null,
        "isSold": true,
        "id": 56727
    },
    {
        "firstName": "RAMONA",
        "lastName": "JORDAN",
        "phone": "9728140406",
        "address": "6503 JEPSON CT",
        "city": "CHAR",
        "state": "NC",
        "zip": "28214",
        "email": "RPJBUS08@YAHOO.COM",
        "dateOfBirth": "1968-08-08T12:00:00",
        "ssn": "237312216",
        "userOrders": null,
        "isSold": false,
        "id": 56750
    },
    {
        "firstName": "RUTH",
        "lastName": "SMITH",
        "phone": "5306355565",
        "address": "10590 OAK ST",
        "city": "GV",
        "state": "VALLEY",
        "zip": "95945",
        "email": "CAKID21@GMAIL.COM",
        "dateOfBirth": "1968-02-07T12:00:00",
        "ssn": "610338637",
        "userOrders": null,
        "isSold": false,
        "id": 56847
    },
    {
        "firstName": "ROBERT",
        "lastName": "HUDSON",
        "phone": "9172838377",
        "address": "512 CARLYLE LK",
        "city": "DEC",
        "state": "GA",
        "zip": "30033",
        "email": "BOBBY0912@YAHOO.COM",
        "dateOfBirth": "1968-08-18T12:00:00",
        "ssn": "119642050",
        "userOrders": null,
        "isSold": false,
        "id": 56856
    },
    {
        "firstName": "JOHN",
        "lastName": "WARE",
        "phone": "6146702890",
        "address": "6061 GRANT RUN PL",
        "city": "GROVE CITY",
        "state": "CITY",
        "zip": "43123",
        "email": "JPWARE@GMAIL.COM",
        "dateOfBirth": "1968-07-09T12:00:00",
        "ssn": "272820179",
        "userOrders": null,
        "isSold": false,
        "id": 57135
    },
    {
        "firstName": "SCOTT",
        "lastName": "WOODRUFF",
        "phone": "8157359320",
        "address": "139 ZAPATA LN",
        "city": "MINOKA",
        "state": "IL",
        "zip": "60447",
        "email": "SCOTTWOODRUFF68@ATT.NET",
        "dateOfBirth": "1968-07-01T12:00:00",
        "ssn": "323586270",
        "userOrders": null,
        "isSold": false,
        "id": 57271
    },
    {
        "firstName": "MICHAEL",
        "lastName": "TAYLOR",
        "phone": "1111110036",
        "address": "1307 MORROW ST",
        "city": "AUSTIN",
        "state": "TX",
        "zip": "78757",
        "email": "MICWILTAY@GMAIL.COM",
        "dateOfBirth": "1968-10-15T12:00:00",
        "ssn": "463492784",
        "userOrders": null,
        "isSold": false,
        "id": 57417
    },
    {
        "firstName": "VILMA",
        "lastName": "MEJIA",
        "phone": "2145639676",
        "address": "909 GROSS RD STE 420",
        "city": "MESQUITE",
        "state": "TX",
        "zip": "75149",
        "email": "VILMAM1201@YAHOO.COM",
        "dateOfBirth": "1968-01-12T12:00:00",
        "ssn": "972765208",
        "userOrders": null,
        "isSold": false,
        "id": 57424
    },
    {
        "firstName": "TERRY",
        "lastName": "GRAHAM",
        "phone": "1111110003",
        "address": "3020 W WILSON RD",
        "city": "VIENNA TWP",
        "state": "MI",
        "zip": "48420",
        "email": "TERRYKIM60@AOL.COM",
        "dateOfBirth": "1968-05-23T12:00:00",
        "ssn": "364965547",
        "userOrders": null,
        "isSold": false,
        "id": 57435
    },
    {
        "firstName": "TODD",
        "lastName": "LEMMON",
        "phone": "8325478553",
        "address": "6707 BROCK MEADOW DR",
        "city": "SPRING",
        "state": "TX",
        "zip": "77389",
        "email": "JTLEMMON@GMAIL.COM",
        "dateOfBirth": "1968-04-09T12:00:00",
        "ssn": "528357528",
        "userOrders": null,
        "isSold": false,
        "id": 57541
    }
]