[
    {
        "firstName": "MARISELA",
        "lastName": "LOERA",
        "phone": "3109992641",
        "address": "2118 N SALINAS AVE",
        "city": "CPT",
        "state": "ANGELES",
        "zip": "90059",
        "email": "MARISELA.LOERA@ATT.NET",
        "dateOfBirth": "1968-05-13T12:00:00",
        "ssn": "624019723",
        "userOrders": null,
        "isSold": false,
        "id": 58482
    },
    {
        "firstName": "SANTIAGO",
        "lastName": "RAMIREZ",
        "phone": "5617979130",
        "address": "13043 ANTHORNE LN",
        "city": "BOYN BCH",
        "state": "BEACH",
        "zip": "33436",
        "email": "SANTYR68@HOTMAIL.COM",
        "dateOfBirth": "1968-04-22T12:00:00",
        "ssn": "591041378",
        "userOrders": null,
        "isSold": false,
        "id": 58540
    },
    {
        "firstName": "NURIA",
        "lastName": "HARRALSON",
        "phone": "9512174833",
        "address": "3007 BROCKTON AVE",
        "city": "RIV",
        "state": "CA",
        "zip": "92501",
        "email": "RVALLEN2@AOL.COM",
        "dateOfBirth": "1968-02-29T12:00:00",
        "ssn": "611234046",
        "userOrders": null,
        "isSold": false,
        "id": 58576
    },
    {
        "firstName": "ALBERTA",
        "lastName": "FRAUSTO",
        "phone": "7134848105",
        "address": "7700 CORPORATE DR APT 1201",
        "city": "HOUSTON",
        "state": "TX",
        "zip": "77036",
        "email": "DORAFRAUSTO77036@SBCGLOBAL.NET",
        "dateOfBirth": "1968-04-08T12:00:00",
        "ssn": "645608078",
        "userOrders": null,
        "isSold": false,
        "id": 58613
    },
    {
        "firstName": "MICHAEL",
        "lastName": "FONTANILLA",
        "phone": "9192444909",
        "address": "217 LANSBROOKE LN",
        "city": "APEX",
        "state": "NC",
        "zip": "27502",
        "email": "MFONT0217@GMAIL.COM",
        "dateOfBirth": "1968-10-01T12:00:00",
        "ssn": "229376383",
        "userOrders": null,
        "isSold": false,
        "id": 58650
    },
    {
        "firstName": "CARLA",
        "lastName": "TOMMASETTI",
        "phone": "4074551396",
        "address": "10836 FERN ROCK RD",
        "city": "ORL",
        "state": "FL",
        "zip": "32825",
        "email": "CARLA586@YAHOO.COM",
        "dateOfBirth": "1968-03-17T12:00:00",
        "ssn": "232216483",
        "userOrders": null,
        "isSold": false,
        "id": 58667
    },
    {
        "firstName": "IKEDA",
        "lastName": "TSUYOSHI",
        "phone": "6153479469",
        "address": "8000 PACIFIC DR APT 8204",
        "city": "FRANKLIN",
        "state": "TN",
        "zip": "37067",
        "email": "TSUYOSHI.IKEDA2@NISSAN-USA.COM",
        "dateOfBirth": "1968-01-27T12:00:00",
        "ssn": "687797822",
        "userOrders": null,
        "isSold": false,
        "id": 58682
    },
    {
        "firstName": "VICKY",
        "lastName": "MORALES",
        "phone": "5597233734",
        "address": "211 S LOVERS LN",
        "city": "VIS",
        "state": "CA",
        "zip": "93292",
        "email": "VICKYBARAJAS95@GMAIL.COM",
        "dateOfBirth": "1968-09-10T12:00:00",
        "ssn": "558062454",
        "userOrders": null,
        "isSold": false,
        "id": 58741
    },
    {
        "firstName": "JULIA",
        "lastName": "ORTIZ",
        "phone": "4793657197",
        "address": "3653 SERENE ST",
        "city": "SPRINGDALE",
        "state": "AR",
        "zip": "72764",
        "email": "JULIA.ORTIZ2011@YAHOO.COM",
        "dateOfBirth": "1968-05-15T12:00:00",
        "ssn": "551153844",
        "userOrders": null,
        "isSold": true,
        "id": 58837
    },
    {
        "firstName": "KEITH",
        "lastName": "CONLEY",
        "phone": "3302246200",
        "address": "404 SHAW AVE NE",
        "city": "MASSILLON",
        "state": "OH",
        "zip": "44646",
        "email": "KEITH.CONLEY@ATT.NET",
        "dateOfBirth": "1968-02-15T12:00:00",
        "ssn": "302045798",
        "userOrders": null,
        "isSold": false,
        "id": 58938
    },
    {
        "firstName": "LISA",
        "lastName": "MULLINS",
        "phone": "7862276194",
        "address": "8701 SW 185TH ST",
        "city": "CUTLER BAY",
        "state": "BAY",
        "zip": "33157",
        "email": "MULLINS.LISA@ATT.NET",
        "dateOfBirth": "1968-10-14T12:00:00",
        "ssn": "265515478",
        "userOrders": null,
        "isSold": false,
        "id": 59216
    },
    {
        "firstName": "STEPHANIE",
        "lastName": "HENRY",
        "phone": "7149708948",
        "address": "18731 ORIENTE DR",
        "city": "YL",
        "state": "LINDA",
        "zip": "92886",
        "email": "REDSASH@SBCGLOBAL.NET",
        "dateOfBirth": "1968-09-02T12:00:00",
        "ssn": "547813906",
        "userOrders": null,
        "isSold": false,
        "id": 59227
    },
    {
        "firstName": "RICHARD",
        "lastName": "PORTO",
        "phone": "9546807970",
        "address": "6522 CHAMPLAIN TER",
        "city": "DAVIE",
        "state": "FL",
        "zip": "33331",
        "email": "RICHARDWPORTO@GMAIL.COM",
        "dateOfBirth": "1968-09-09T12:00:00",
        "ssn": "595100041",
        "userOrders": null,
        "isSold": false,
        "id": 59265
    },
    {
        "firstName": "MICHELE",
        "lastName": "WHALEN",
        "phone": "3148099335",
        "address": "430 BENTON ST",
        "city": "VALLEY PARK",
        "state": "PARK",
        "zip": "63088",
        "email": "SHELLY2CRAZY@YAHOO.COM",
        "dateOfBirth": "1968-12-31T12:00:00",
        "ssn": "488843585",
        "userOrders": null,
        "isSold": false,
        "id": 59269
    },
    {
        "firstName": "NIMMY",
        "lastName": "ZACHARIAH",
        "phone": "1111110001",
        "address": "14911 ROCHE ROCK DR",
        "city": "HUMBLE",
        "state": "TX",
        "zip": "77396",
        "email": "NIMEZACH@YAHOO.COM",
        "dateOfBirth": "1968-03-04T12:00:00",
        "ssn": "100689106",
        "userOrders": null,
        "isSold": false,
        "id": 59342
    }
]