[
    {
        "firstName": "ERINN",
        "lastName": "QUINN",
        "phone": "8507765366",
        "address": "8185 EXCELSIOR DR",
        "city": "PENSACOLA",
        "state": "FL",
        "zip": "32514",
        "email": "DAWNQUINN7@YAHOO.COM",
        "dateOfBirth": "1968-04-08T12:00:00",
        "ssn": "594347692",
        "userOrders": null,
        "isSold": false,
        "id": 50885
    },
    {
        "firstName": "STEVEN",
        "lastName": "VERZI",
        "phone": "1111110001",
        "address": "622 SE VOLTAIR TER",
        "city": "P*S*L",
        "state": "ST",
        "zip": "34983",
        "email": "JAKEWASHERE@BELLSOUTH.NET",
        "dateOfBirth": "1968-06-07T12:00:00",
        "ssn": "115662987",
        "userOrders": null,
        "isSold": true,
        "id": 50936
    },
    {
        "firstName": "BRYSON",
        "lastName": "VADDER",
        "phone": "8067943264",
        "address": "6301 COUNTY ROAD 7425",
        "city": "LUBBOCK COUNTY",
        "state": "TX",
        "zip": "79424",
        "email": "EBV@AGRI-TECH.COM",
        "dateOfBirth": "1968-06-01T12:00:00",
        "ssn": "460061728",
        "userOrders": null,
        "isSold": false,
        "id": 50946
    },
    {
        "firstName": "ROBB",
        "lastName": "J",
        "phone": "8055284262",
        "address": "1221 15TH ST",
        "city": "LO",
        "state": "OSOS",
        "zip": "93402",
        "email": "ROBBALBRECHT@GMAIL.COM",
        "dateOfBirth": "1968-04-29T12:00:00",
        "ssn": "549812333",
        "userOrders": null,
        "isSold": false,
        "id": 50959
    },
    {
        "firstName": "ADORACION",
        "lastName": "ARNETTE",
        "phone": "3363837537",
        "address": "545 SANDS CIR",
        "city": "REIDSVL",
        "state": "NC",
        "zip": "27320",
        "email": "ARNETTEDORI@GMAIL.COM",
        "dateOfBirth": "1968-05-15T12:00:00",
        "ssn": "619664006",
        "userOrders": null,
        "isSold": false,
        "id": 51004
    },
    {
        "firstName": "STEPHANIE",
        "lastName": "SCHMIDT",
        "phone": "7073723812",
        "address": "4832 BIRKDALE CIR",
        "city": "FRFLD",
        "state": "CA",
        "zip": "94534",
        "email": "KIDART1@AOL.COM",
        "dateOfBirth": "1968-09-05T12:00:00",
        "ssn": "549499879",
        "userOrders": null,
        "isSold": false,
        "id": 51040
    },
    {
        "firstName": "ELENA",
        "lastName": "MARTINEZ",
        "phone": "3239316254",
        "address": "1723 HAUSER BLVD",
        "city": "LA",
        "state": "ANGELES",
        "zip": "90019",
        "email": "ELENA9923@SBCGLOBAL.NET",
        "dateOfBirth": "1968-04-23T12:00:00",
        "ssn": "614036082",
        "userOrders": null,
        "isSold": false,
        "id": 51053
    },
    {
        "firstName": "SHANDINE",
        "lastName": "MAINES",
        "phone": "4792830439",
        "address": "1954 E CANTERBURY ST",
        "city": "FAYETTEVILLE",
        "state": "MO",
        "zip": "72701",
        "email": "SHANDINE.MAINES@GMAIL.COM",
        "dateOfBirth": "1968-04-03T12:00:00",
        "ssn": "527895649",
        "userOrders": null,
        "isSold": false,
        "id": 51131
    },
    {
        "firstName": "AMANDA",
        "lastName": "PENNY",
        "phone": "5404783858",
        "address": "8217 RIDGE CLIFF DR",
        "city": "CHAR",
        "state": "NC",
        "zip": "28269",
        "email": "APENNY@TRINERES.COM",
        "dateOfBirth": "1968-08-27T12:00:00",
        "ssn": "575675950",
        "userOrders": null,
        "isSold": false,
        "id": 51168
    },
    {
        "firstName": "SHERRY",
        "lastName": "D",
        "phone": "6783579936",
        "address": "298 ASH TRACE LN",
        "city": "GRYSN",
        "state": "GA",
        "zip": "30017",
        "email": "SHERRY8575@ATT.NET",
        "dateOfBirth": "1968-10-17T12:00:00",
        "ssn": "402983042",
        "userOrders": null,
        "isSold": false,
        "id": 51176
    },
    {
        "firstName": "CLAUDIO",
        "lastName": "GUILLEN",
        "phone": "8126773054",
        "address": "11415 LOUDON LN",
        "city": "INDIANAPOLIS",
        "state": "IN",
        "zip": "46235",
        "email": "CLAUDIO.TORRES@LIVE.COM",
        "dateOfBirth": "1968-11-08T12:00:00",
        "ssn": "306296140",
        "userOrders": null,
        "isSold": false,
        "id": 51199
    },
    {
        "firstName": "MONICA",
        "lastName": "ALFONSO",
        "phone": "2107223488",
        "address": "4611 MONTROSE WOOD",
        "city": "SAN ANTONIO",
        "state": "ANTONIO",
        "zip": "78259",
        "email": "MONNSO13@GMAIL.COM",
        "dateOfBirth": "1968-10-13T12:00:00",
        "ssn": "521298123",
        "userOrders": null,
        "isSold": false,
        "id": 51213
    },
    {
        "firstName": "ELNA",
        "lastName": "HALL",
        "phone": "5104797389",
        "address": "180 SANDRINGHAM RD",
        "city": "OAK",
        "state": "CA",
        "zip": "94618",
        "email": "ELNA.HALL@GMAIL.COM",
        "dateOfBirth": "1968-06-06T12:00:00",
        "ssn": "332723753",
        "userOrders": null,
        "isSold": false,
        "id": 51363
    },
    {
        "firstName": "KINA",
        "lastName": "BASSETTE",
        "phone": "7606586494",
        "address": "APT 6",
        "city": "ESC",
        "state": "IDAHO",
        "zip": "92025",
        "email": "KINAB@YAHOO.COM",
        "dateOfBirth": "1968-11-11T12:00:00",
        "ssn": "568593558",
        "userOrders": null,
        "isSold": false,
        "id": 51513
    },
    {
        "firstName": "PATRICIA",
        "lastName": "RUSSELL",
        "phone": "6012187710",
        "address": "109 SHERWOOD DR",
        "city": "VICKSBURG",
        "state": "MS",
        "zip": "39180",
        "email": "NONE@ATT.COM",
        "dateOfBirth": "1968-01-14T12:00:00",
        "ssn": "426298403",
        "userOrders": null,
        "isSold": false,
        "id": 51588
    }
]