[
    {
        "firstName": "TINA",
        "lastName": "CARR",
        "phone": "2099817459",
        "address": "3430 WEBSTER AVE",
        "city": "STKN",
        "state": "CA",
        "zip": "95204",
        "email": "BOB.CARR75@GMAIL.COM",
        "dateOfBirth": "1968-11-25T12:00:00",
        "ssn": "572257899",
        "userOrders": null,
        "isSold": false,
        "id": 49100
    },
    {
        "firstName": "MATT",
        "lastName": "BELL",
        "phone": "7705926203",
        "address": "208 MAYACA CT",
        "city": "WDSTK",
        "state": "GA",
        "zip": "30188",
        "email": "BELLXFOUR@ATT.NET",
        "dateOfBirth": "1968-09-21T12:00:00",
        "ssn": "474741662",
        "userOrders": null,
        "isSold": false,
        "id": 49124
    },
    {
        "firstName": "GEORGE",
        "lastName": "KENHAN",
        "phone": "7862958989",
        "address": "12650 NW 102ND CT",
        "city": "HLH GARDNS",
        "state": "GDNS",
        "zip": "33018",
        "email": "GAK9459@GMAIL.COM",
        "dateOfBirth": "1968-07-09T12:00:00",
        "ssn": "262916161",
        "userOrders": null,
        "isSold": false,
        "id": 49134
    },
    {
        "firstName": "LUZ",
        "lastName": "ISAZA",
        "phone": "7044935267",
        "address": "13807 QUEENSWATER LN",
        "city": "CHAR",
        "state": "NC",
        "zip": "28273",
        "email": "LUZMERYISAZA@YAHOO.COM",
        "dateOfBirth": "1968-02-05T12:00:00",
        "ssn": "241999384",
        "userOrders": null,
        "isSold": false,
        "id": 49173
    },
    {
        "firstName": "RICH",
        "lastName": "SHARPLES",
        "phone": "9192659099",
        "address": "105 POPPLEFORD PL",
        "city": "CARY",
        "state": "NC",
        "zip": "27518",
        "email": "RICH.SHARPLES@GMAIL.COM",
        "dateOfBirth": "1968-02-03T12:00:00",
        "ssn": "620291626",
        "userOrders": null,
        "isSold": false,
        "id": 49188
    },
    {
        "firstName": "KRISTEN",
        "lastName": "BRANSON",
        "phone": "8164551864",
        "address": "1604 NE 63RD ST",
        "city": "GLADSTONE",
        "state": "MO",
        "zip": "64118",
        "email": "KBRANSON1968@YAHOO.COM",
        "dateOfBirth": "1968-04-11T12:00:00",
        "ssn": "484701994",
        "userOrders": null,
        "isSold": false,
        "id": 49294
    },
    {
        "firstName": "JEFFREY",
        "lastName": "SIMS",
        "phone": "7083469779",
        "address": "9550 S TROY AVE",
        "city": "EVRGRN PK",
        "state": "PK",
        "zip": "60805",
        "email": "EUPHRAXIA@ATT.NET",
        "dateOfBirth": "1968-05-07T12:00:00",
        "ssn": "322743473",
        "userOrders": null,
        "isSold": false,
        "id": 49478
    },
    {
        "firstName": "TOM",
        "lastName": "KRUSE",
        "phone": "9547714606",
        "address": "4520 NW 12TH TER",
        "city": "FT L",
        "state": "LAUDERDALE",
        "zip": "33309",
        "email": "KRUSES@BELLSOUTH.NET",
        "dateOfBirth": "1968-09-17T12:00:00",
        "ssn": "475720019",
        "userOrders": null,
        "isSold": false,
        "id": 49713
    },
    {
        "firstName": "SHAVON",
        "lastName": "HARDIN",
        "phone": "8125681312",
        "address": "4504 SWEETSER AVE",
        "city": "EVANSVILLE",
        "state": "IN",
        "zip": "47714",
        "email": "CHASECHEVY68@GMAIL.COM",
        "dateOfBirth": "1968-03-03T12:00:00",
        "ssn": "313803230",
        "userOrders": null,
        "isSold": false,
        "id": 49735
    },
    {
        "firstName": "KIMBERLY",
        "lastName": "CRAWFORD",
        "phone": "6015901742",
        "address": "45 LYNNE DR",
        "city": "PICAYUNE",
        "state": "MS",
        "zip": "39426",
        "email": "KIMNLANE@ATT.NET",
        "dateOfBirth": "1968-06-09T12:00:00",
        "ssn": "427472815",
        "userOrders": null,
        "isSold": false,
        "id": 49869
    },
    {
        "firstName": "VIVIAN",
        "lastName": "HUDMAN",
        "phone": "4155713844",
        "address": "935 VISITACION AVE UNIT C",
        "city": "SF",
        "state": "FRANCISCO",
        "zip": "94134",
        "email": "VIVIANHUDMAN@GMAII.COM",
        "dateOfBirth": "1968-11-22T12:00:00",
        "ssn": "625724872",
        "userOrders": null,
        "isSold": true,
        "id": 49931
    },
    {
        "firstName": "BRAD",
        "lastName": "DARBYSHIRE",
        "phone": "8178768512",
        "address": "PO BOX 820806",
        "city": "COLLEYVILLE",
        "state": "RICHLND",
        "zip": "76034",
        "email": "BRADDARBYSHIRE@ATT.NET",
        "dateOfBirth": "1968-09-17T12:00:00",
        "ssn": "515662454",
        "userOrders": null,
        "isSold": true,
        "id": 49939
    },
    {
        "firstName": "LISA",
        "lastName": "ABRAHAM",
        "phone": "1111110002",
        "address": "815 S UNIVERSITY DR",
        "city": "WAUKESHA",
        "state": "WI",
        "zip": "53188",
        "email": "LABRAHAM060@GMAIL.COM",
        "dateOfBirth": "1968-06-04T12:00:00",
        "ssn": "343725890",
        "userOrders": null,
        "isSold": false,
        "id": 50097
    },
    {
        "firstName": "LYNN",
        "lastName": "DARDEN",
        "phone": "7707144667",
        "address": "1123 ROWANSHYRE CIR",
        "city": "MC*D",
        "state": "GA",
        "zip": "30253",
        "email": "LDARDEN@COCA-COLA.COM",
        "dateOfBirth": "1968-06-14T12:00:00",
        "ssn": "326602830",
        "userOrders": null,
        "isSold": false,
        "id": 50121
    },
    {
        "firstName": "KIM",
        "lastName": "LAMAR",
        "phone": "5124154378",
        "address": "8701 W PARMER LN APT 11113",
        "city": "AUSTIN",
        "state": "TX",
        "zip": "78729",
        "email": "KIM_LAMAR@ATT.NET",
        "dateOfBirth": "1968-01-12T12:00:00",
        "ssn": "156666329",
        "userOrders": null,
        "isSold": false,
        "id": 50128
    }
]