[
    {
        "firstName": "CAROLYN",
        "lastName": "SABO",
        "phone": "2163758678",
        "address": "7307 TREVOR LN",
        "city": "PARMA",
        "state": "OH",
        "zip": "44129",
        "email": "CARMIKS@ATT.NET",
        "dateOfBirth": "1968-12-20T12:00:00",
        "ssn": "273689614",
        "userOrders": null,
        "isSold": false,
        "id": 53936
    },
    {
        "firstName": "ANGELIA",
        "lastName": "TURNER",
        "phone": "4042139849",
        "address": "4199 ARAPAHO DR",
        "city": "POWDR S",
        "state": "SPGS",
        "zip": "30127",
        "email": "ANGIE@DIAMONDROOFINGCO.COM",
        "dateOfBirth": "1968-06-21T12:00:00",
        "ssn": "252159129",
        "userOrders": null,
        "isSold": true,
        "id": 53955
    },
    {
        "firstName": "MARK",
        "lastName": "FERRIS",
        "phone": "4143120361",
        "address": "6630 N ELM TREE RD",
        "city": "GLENDALE",
        "state": "WI",
        "zip": "53217",
        "email": "MAF53223@GMAIL.COM",
        "dateOfBirth": "1968-12-10T12:00:00",
        "ssn": "369884687",
        "userOrders": null,
        "isSold": false,
        "id": 54022
    },
    {
        "firstName": "GUSTAVO",
        "lastName": "PADILLA",
        "phone": "7735932411",
        "address": "12829 S ESCANABA AVE",
        "city": "CHGO",
        "state": "IL",
        "zip": "60633",
        "email": "EAIDEP29@SBCGLOBAL.NET",
        "dateOfBirth": "1968-05-04T12:00:00",
        "ssn": "342687302",
        "userOrders": null,
        "isSold": false,
        "id": 54040
    },
    {
        "firstName": "JOHN",
        "lastName": "HOLLMER",
        "phone": "4045691798",
        "address": "3515 CHARTWELL DR",
        "city": "SUWANEE",
        "state": "GA",
        "zip": "30024",
        "email": "JOHNHOLLMER.JH@GMAIL.COM",
        "dateOfBirth": "1968-07-09T12:00:00",
        "ssn": "254310711",
        "userOrders": null,
        "isSold": false,
        "id": 54049
    },
    {
        "firstName": "STEVEN",
        "lastName": "DORFAGNO",
        "phone": "4074893771",
        "address": "8621 SAN TOCCOA DR",
        "city": "ORL",
        "state": "FL",
        "zip": "32825",
        "email": "STEVENANTHONY68@AOL.COM",
        "dateOfBirth": "1968-09-07T12:00:00",
        "ssn": "121566936",
        "userOrders": null,
        "isSold": false,
        "id": 54077
    },
    {
        "firstName": "JOHN",
        "lastName": "TOMLINSON",
        "phone": "3366016151",
        "address": "4 TALLOWOOD CT",
        "city": "GNBO",
        "state": "NC",
        "zip": "27455",
        "email": "JTOMLINSON@BELLPARTNERSINC.COM",
        "dateOfBirth": "1968-09-04T12:00:00",
        "ssn": "425470692",
        "userOrders": null,
        "isSold": false,
        "id": 54080
    },
    {
        "firstName": "DENNIS",
        "lastName": "PAYTON",
        "phone": "9543469317",
        "address": "UNIT C-202",
        "city": "CRL SPRNGS",
        "state": "RIVERSIDE",
        "zip": "33065",
        "email": "THEDMAN68@HOTMAIL.COM",
        "dateOfBirth": "1968-02-24T12:00:00",
        "ssn": "426277037",
        "userOrders": null,
        "isSold": false,
        "id": 54094
    },
    {
        "firstName": "MALCOLM",
        "lastName": "HERRON",
        "phone": "9013181223",
        "address": "322 MALONE RD N",
        "city": "HERNANDO",
        "state": "MS",
        "zip": "38632",
        "email": "MALCOLM.HERRON@YAHOO.COM",
        "dateOfBirth": "1968-09-22T12:00:00",
        "ssn": "587238236",
        "userOrders": null,
        "isSold": false,
        "id": 54142
    },
    {
        "firstName": "JAMES",
        "lastName": "ABRAHAM",
        "phone": "7065930096",
        "address": "9046 SEEDLING DR",
        "city": "COLS",
        "state": "GA",
        "zip": "31820",
        "email": "HON450CRF@GMAIL.COM",
        "dateOfBirth": "1968-04-01T12:00:00",
        "ssn": "393689344",
        "userOrders": null,
        "isSold": false,
        "id": 54186
    },
    {
        "firstName": "JOHN",
        "lastName": "CLEMENT",
        "phone": "9855187587",
        "address": "6287 W MAIN ST",
        "city": "MORGAN CITY",
        "state": "LA",
        "zip": "70380",
        "email": "JECLEMENT68@GMAIL.COM",
        "dateOfBirth": "1968-04-29T12:00:00",
        "ssn": "439069344",
        "userOrders": null,
        "isSold": false,
        "id": 54195
    },
    {
        "firstName": "MODESTY",
        "lastName": "PALMER",
        "phone": "4707238838",
        "address": "45 FARM ST",
        "city": "DGLSVL",
        "state": "GA",
        "zip": "30135",
        "email": "MODESTYPALMER@LIVE.COM",
        "dateOfBirth": "1968-02-06T12:00:00",
        "ssn": "255086626",
        "userOrders": null,
        "isSold": false,
        "id": 54241
    },
    {
        "firstName": "CARLESIA",
        "lastName": "ROBINSON",
        "phone": "7854086824",
        "address": "504 SE 35TH TER",
        "city": "TOPEKA",
        "state": "KS",
        "zip": "66605",
        "email": "CARLESIA4689@ATT.NET",
        "dateOfBirth": "1968-03-23T12:00:00",
        "ssn": "514685217",
        "userOrders": null,
        "isSold": true,
        "id": 54266
    },
    {
        "firstName": "ANTONIO",
        "lastName": "ALMANZA",
        "phone": "9806432020",
        "address": "7044938143",
        "city": "CHARLOTTE NC 28213-6590",
        "state": "ORCHARD",
        "zip": "CHAR",
        "email": "28213",
        "dateOfBirth": "1968-05-22T12:00:00",
        "ssn": "604209496",
        "userOrders": null,
        "isSold": false,
        "id": 54271
    },
    {
        "firstName": "MIMI",
        "lastName": "GIAMMARINO",
        "phone": "7732375474",
        "address": "FL 2",
        "city": "CHGO",
        "state": "N",
        "zip": "60639",
        "email": "MGIAMMARINO@SBCGLOBAL.NET",
        "dateOfBirth": "1968-12-05T12:00:00",
        "ssn": "326604085",
        "userOrders": null,
        "isSold": true,
        "id": 54320
    }
]