[
    {
        "firstName": "LAURA",
        "lastName": "HAUG",
        "phone": "2817400735",
        "address": "1002 VICTORIAN CT",
        "city": "SEABROOK",
        "state": "TX",
        "zip": "77586",
        "email": "SHAUNTX@GMAIL.COM",
        "dateOfBirth": "1968-09-09T12:00:00",
        "ssn": "454734705",
        "userOrders": null,
        "isSold": false,
        "id": 90588
    },
    {
        "firstName": "DEWAYNE",
        "lastName": "FRANSON",
        "phone": "4403172083",
        "address": "19070 LORAIN RD APT 12",
        "city": "FAIRVIEW PARK",
        "state": "PARK",
        "zip": "44126",
        "email": "DUANE_FRANSON@YAHOO.COM",
        "dateOfBirth": "1968-07-23T12:00:00",
        "ssn": "566174418",
        "userOrders": null,
        "isSold": false,
        "id": 90593
    },
    {
        "firstName": "KEITH",
        "lastName": "BROCE",
        "phone": "9726581489",
        "address": "413 ALLENWOOD DR",
        "city": "ALLEN",
        "state": "TX",
        "zip": "75002",
        "email": "KEBFRED@SBCGLOBAL.NET",
        "dateOfBirth": "1968-09-28T12:00:00",
        "ssn": "455313314",
        "userOrders": null,
        "isSold": false,
        "id": 90612
    },
    {
        "firstName": "FERNANDO",
        "lastName": "ORTIZ",
        "phone": "6192801399",
        "address": "4130 38TH ST APT 6",
        "city": "SD",
        "state": "DIEGO",
        "zip": "92105",
        "email": "F.ORTIZ@YAHOO.COM",
        "dateOfBirth": "1968-05-06T12:00:00",
        "ssn": "618441604",
        "userOrders": null,
        "isSold": false,
        "id": 90704
    },
    {
        "firstName": "PATRICIA",
        "lastName": "MONTOYA",
        "phone": "6825617296",
        "address": "1226 GREEN HILL DR",
        "city": "ARLINGTON",
        "state": "TX",
        "zip": "76014",
        "email": "PATHDZ@ATT.NET",
        "dateOfBirth": "1968-09-09T12:00:00",
        "ssn": "627505305",
        "userOrders": null,
        "isSold": false,
        "id": 90764
    },
    {
        "firstName": "EFRAIN",
        "lastName": "ROBLES",
        "phone": "9095255383",
        "address": "10387 COOK AVE",
        "city": "RIV",
        "state": "CA",
        "zip": "92505",
        "email": "RECROBLES@HOTMAIL.COM",
        "dateOfBirth": "1968-10-04T12:00:00",
        "ssn": "605427041",
        "userOrders": null,
        "isSold": false,
        "id": 90782
    },
    {
        "firstName": "ROXIE",
        "lastName": "TURNER",
        "phone": "6145712785",
        "address": "1898 BIRKDALE DR",
        "city": "COLUMBUS",
        "state": "OH",
        "zip": "43227",
        "email": "ISTRUTTOO@AOL.COM",
        "dateOfBirth": "1968-02-22T12:00:00",
        "ssn": "305788745",
        "userOrders": null,
        "isSold": false,
        "id": 90886
    },
    {
        "firstName": "RANDALL",
        "lastName": "FULWIDER",
        "phone": "4324130066",
        "address": "5303 HALF MOON CIR",
        "city": "MIDLAND",
        "state": "TX",
        "zip": "79707",
        "email": "ARFULWIDER06@GMAIL.COM",
        "dateOfBirth": "1968-10-27T12:00:00",
        "ssn": "467336192",
        "userOrders": null,
        "isSold": false,
        "id": 90910
    },
    {
        "firstName": "MAUREEN",
        "lastName": "TURK",
        "phone": "5029338917",
        "address": "9616 COMBS LN",
        "city": "LOUISVILLE",
        "state": "KY",
        "zip": "40258",
        "email": "MAUREEN_TURK@ATT.NET",
        "dateOfBirth": "1968-06-12T12:00:00",
        "ssn": "402258290",
        "userOrders": null,
        "isSold": false,
        "id": 90952
    },
    {
        "firstName": "LAURA",
        "lastName": "ENGLANDER",
        "phone": "7033899274",
        "address": "2001 E HILLSIDE DR LOT 5",
        "city": "BLOOMINGTON",
        "state": "IN",
        "zip": "47401",
        "email": "ENGLANDER.LAURA@YAHOO.COM",
        "dateOfBirth": "1968-11-03T12:00:00",
        "ssn": "477741105",
        "userOrders": null,
        "isSold": false,
        "id": 90956
    },
    {
        "firstName": "CAROLYN",
        "lastName": "LEWIS",
        "phone": "3102026134",
        "address": "3061 S ROBERTSON BLVD APT 20",
        "city": "LA",
        "state": "ANGELES",
        "zip": "90034",
        "email": "CAROLYN.LEWIS@GMAIL.COM",
        "dateOfBirth": "1968-07-02T12:00:00",
        "ssn": "556597190",
        "userOrders": null,
        "isSold": false,
        "id": 91014
    },
    {
        "firstName": "EDDIE",
        "lastName": "SANCHEZ",
        "phone": "9184026755",
        "address": "APT 1524",
        "city": "TULSA",
        "state": "W",
        "zip": "74119",
        "email": "FASTEDSANCHEZ@YAHOO.COM",
        "dateOfBirth": "1968-09-24T12:00:00",
        "ssn": "440867584",
        "userOrders": null,
        "isSold": false,
        "id": 91080
    },
    {
        "firstName": "KATHERIA",
        "lastName": "KOTSOMBAT",
        "phone": "1111110001",
        "address": "977 E COMMERCIAL BLVD",
        "city": "OKLND PK",
        "state": "PARK",
        "zip": "33334",
        "email": "MIKADO0128@ATT.NET",
        "dateOfBirth": "1968-09-12T12:00:00",
        "ssn": "594204653",
        "userOrders": null,
        "isSold": false,
        "id": 91249
    },
    {
        "firstName": "RICHARD",
        "lastName": "SYKES",
        "phone": "5124511555",
        "address": "5129172914",
        "city": "AUSTIN TX 78731-4224",
        "state": "TIMBER",
        "zip": "AUSTIN",
        "email": "78731",
        "dateOfBirth": "1968-08-03T12:00:00",
        "ssn": "456454347",
        "userOrders": null,
        "isSold": false,
        "id": 91415
    },
    {
        "firstName": "PAPA",
        "lastName": "COULIBALY",
        "phone": "6142645363",
        "address": "3071 BAKER HILL RD",
        "city": "COLUMBUS",
        "state": "OH",
        "zip": "43207",
        "email": "FORTCOUL@HOTMAIL.COM",
        "dateOfBirth": "1968-09-28T12:00:00",
        "ssn": "271067217",
        "userOrders": null,
        "isSold": false,
        "id": 91429
    }
]