[
    {
        "firstName": "MARTHA",
        "lastName": "RUBALCAVA",
        "phone": "6194107330",
        "address": "1171 CORTE DE CERA",
        "city": "CHLA VSTA",
        "state": "VISTA",
        "zip": "91910",
        "email": "MAR2005RR@YAHOO.COM",
        "dateOfBirth": "1968-10-02T12:00:00",
        "ssn": "571792548",
        "userOrders": null,
        "isSold": true,
        "id": 72335
    },
    {
        "firstName": "JUAN",
        "lastName": "AVILA",
        "phone": "8323526439",
        "address": "1210 WATERMOON",
        "city": "HOUSTON",
        "state": "TX",
        "zip": "77020",
        "email": "JUANAVILA2012@ATT.NET",
        "dateOfBirth": "1968-01-24T12:00:00",
        "ssn": "718713802",
        "userOrders": null,
        "isSold": false,
        "id": 72387
    },
    {
        "firstName": "CHHOV",
        "lastName": "SANG",
        "phone": "4076688079",
        "address": "12929 LOWER RIVER BLVD",
        "city": "ORL",
        "state": "FL",
        "zip": "32828",
        "email": "HAONGWOLF@ATT.NET",
        "dateOfBirth": "1968-09-19T12:00:00",
        "ssn": "772925338",
        "userOrders": null,
        "isSold": false,
        "id": 72522
    },
    {
        "firstName": "WILLIAM",
        "lastName": "JOYNER",
        "phone": "1111110002",
        "address": "227 SANDY CIR",
        "city": "DBRY",
        "state": "DAYTONA",
        "zip": "32713",
        "email": "ALOHANUBI@GMAIL.COM",
        "dateOfBirth": "1968-02-03T12:00:00",
        "ssn": "592121147",
        "userOrders": null,
        "isSold": false,
        "id": 72542
    },
    {
        "firstName": "NASIR",
        "lastName": "UDDIN",
        "phone": "2812090563",
        "address": "303 SILKY LEAF DR",
        "city": "HOUSTON",
        "state": "TX",
        "zip": "77073",
        "email": "NASIRDIN618@GMAIL.COM",
        "dateOfBirth": "1968-08-19T12:00:00",
        "ssn": "120768448",
        "userOrders": null,
        "isSold": false,
        "id": 72600
    },
    {
        "firstName": "JON",
        "lastName": "HOWELL",
        "phone": "6615138909",
        "address": "25765 COVALA CT",
        "city": "STVNSON RANCH",
        "state": "CA",
        "zip": "91381",
        "email": "DADDYHOWELL1@YAHOO.COM",
        "dateOfBirth": "1968-08-30T12:00:00",
        "ssn": "529457025",
        "userOrders": null,
        "isSold": false,
        "id": 72624
    },
    {
        "firstName": "ART",
        "lastName": "OCHOA",
        "phone": "8324199770",
        "address": "12333 RAMPART ST",
        "city": "HOUSTON",
        "state": "TX",
        "zip": "77035",
        "email": "AOCHOA2005@YAHOOL.COM",
        "dateOfBirth": "1968-08-18T12:00:00",
        "ssn": "645363746",
        "userOrders": null,
        "isSold": false,
        "id": 72673
    },
    {
        "firstName": "MANOJ",
        "lastName": "BUNDHOO",
        "phone": "7085437395",
        "address": "104 WOODLAND HILLS WAY",
        "city": "SAINT JOHNS",
        "state": "JOHNS",
        "zip": "32259",
        "email": "MBUNDHOO@ATT.NET",
        "dateOfBirth": "1968-08-25T12:00:00",
        "ssn": "310214963",
        "userOrders": null,
        "isSold": false,
        "id": 72708
    },
    {
        "firstName": "LUIS",
        "lastName": "RIVERA",
        "phone": "4145104885",
        "address": "809 W MORGAN AVE",
        "city": "MILWAUKEE",
        "state": "WI",
        "zip": "53221",
        "email": "LSH_RVR@YAHOO.COM",
        "dateOfBirth": "1968-12-21T12:00:00",
        "ssn": "582373120",
        "userOrders": null,
        "isSold": false,
        "id": 72920
    },
    {
        "firstName": "SHANNON",
        "lastName": "KILLIAN",
        "phone": "7655861798",
        "address": "109 W PLUM ST",
        "city": "OXFORD",
        "state": "IN",
        "zip": "47971",
        "email": "SHANNONJOKILLIAN@GMAIL.COM",
        "dateOfBirth": "1968-04-01T12:00:00",
        "ssn": "312842394",
        "userOrders": null,
        "isSold": false,
        "id": 72961
    },
    {
        "firstName": "JESUS",
        "lastName": "CAMPOS",
        "phone": "7608900202",
        "address": "1217 PRIMAVERA DR",
        "city": "CALX",
        "state": "CA",
        "zip": "92231",
        "email": "JESUSCAMPSON356@GMAIL.COM",
        "dateOfBirth": "1968-10-03T12:00:00",
        "ssn": "619125135",
        "userOrders": null,
        "isSold": false,
        "id": 73038
    },
    {
        "firstName": "TERESA",
        "lastName": "VILLALOBOS",
        "phone": "7739835602",
        "address": "4712 W GRACE ST",
        "city": "CHGO",
        "state": "IL",
        "zip": "60641",
        "email": "TERESAV713@AOL.COM",
        "dateOfBirth": "1968-05-21T12:00:00",
        "ssn": "331749050",
        "userOrders": null,
        "isSold": false,
        "id": 73041
    },
    {
        "firstName": "PABLO",
        "lastName": "HERNANDEZ",
        "phone": "7072723943",
        "address": "213 IRVINGTON DR",
        "city": "UKIAH",
        "state": "CA",
        "zip": "95482",
        "email": "F12@ICLOUD.COM",
        "dateOfBirth": "1968-06-28T12:00:00",
        "ssn": "552735123",
        "userOrders": null,
        "isSold": false,
        "id": 73082
    },
    {
        "firstName": "ENRIQUE",
        "lastName": "RODRIGUEZ",
        "phone": "7863568124",
        "address": "2045 SE 17TH CT",
        "city": "HMSD",
        "state": "FL",
        "zip": "33035",
        "email": "TAYMICABRERA5@YAHOO.COM",
        "dateOfBirth": "1968-08-20T12:00:00",
        "ssn": "590672148",
        "userOrders": null,
        "isSold": false,
        "id": 73251
    },
    {
        "firstName": "JAMES",
        "lastName": "DAVIS",
        "phone": "7043615502",
        "address": "5 CRYSTAL SPRINGS RD APT 110",
        "city": "GNVL",
        "state": "SC",
        "zip": "29615",
        "email": "JMATT.DAVIS2016@GMAIL.COM",
        "dateOfBirth": "1968-09-08T12:00:00",
        "ssn": "265990972",
        "userOrders": null,
        "isSold": true,
        "id": 73252
    }
]