[
    {
        "firstName": "DAVID",
        "lastName": "MARTIN",
        "phone": "6152230333",
        "address": "512 DECHERD LN",
        "city": "SMYRNA",
        "state": "TN",
        "zip": "37167",
        "email": "JDMARTIN95@BELLSOUTH.NET",
        "dateOfBirth": "1968-02-07T12:00:00",
        "ssn": "412376789",
        "userOrders": null,
        "isSold": false,
        "id": 35313
    },
    {
        "firstName": "SEUNGHOON",
        "lastName": "CHA",
        "phone": "9034682475",
        "address": "970 W YELLOWJACKET LN APT 323",
        "city": "ROCKWALL",
        "state": "TX",
        "zip": "75087",
        "email": "SEUNGHOON.CHA@GMAIL.COM",
        "dateOfBirth": "1968-01-07T12:00:00",
        "ssn": "751745810",
        "userOrders": null,
        "isSold": false,
        "id": 35462
    },
    {
        "firstName": "CORY",
        "lastName": "BEARD",
        "phone": "9133079838",
        "address": "10231 HAUSER ST",
        "city": "LENEXA",
        "state": "KS",
        "zip": "66215",
        "email": "BEARDC@UMKC.EDU",
        "dateOfBirth": "1968-04-18T12:00:00",
        "ssn": "499607208",
        "userOrders": null,
        "isSold": true,
        "id": 35487
    },
    {
        "firstName": "LAMAR",
        "lastName": "SPAKE",
        "phone": "2143242995",
        "address": "2511 NORSWORTHY DR",
        "city": "DALLAS",
        "state": "TX",
        "zip": "75228",
        "email": "MARTY_SPAKE@SBCGLOBAL.NET",
        "dateOfBirth": "1968-06-12T12:00:00",
        "ssn": "305901389",
        "userOrders": null,
        "isSold": false,
        "id": 35540
    },
    {
        "firstName": "JANNA",
        "lastName": "CLARK",
        "phone": "5599350000",
        "address": "1849 BUENA VISTA DR",
        "city": "CLNGA",
        "state": "CA",
        "zip": "93210",
        "email": "JANNACLARK@SBCGLOBAL.NET",
        "dateOfBirth": "1968-03-17T12:00:00",
        "ssn": "563558366",
        "userOrders": null,
        "isSold": false,
        "id": 35680
    },
    {
        "firstName": "LISA",
        "lastName": "CHANEY",
        "phone": "9158455165",
        "address": "5226 HANOVER WAY",
        "city": "EL PASO",
        "state": "CA",
        "zip": "79912",
        "email": "LISA.CHANEY@PENSKE.COM",
        "dateOfBirth": "1968-02-07T12:00:00",
        "ssn": "568797341",
        "userOrders": null,
        "isSold": false,
        "id": 35692
    },
    {
        "firstName": "DALLAS",
        "lastName": "MCCLANAHAN",
        "phone": "9852011807",
        "address": "236 MARINA DR",
        "city": "SLIDELL",
        "state": "LA",
        "zip": "70458",
        "email": "DALLAS.MCCLANAHAN@YAHOO.COM",
        "dateOfBirth": "1968-08-15T12:00:00",
        "ssn": "435590257",
        "userOrders": null,
        "isSold": false,
        "id": 35697
    },
    {
        "firstName": "BRENT",
        "lastName": "NEPHEW",
        "phone": "6306737007",
        "address": "6834 HEMLOCK ST APT 1",
        "city": "HANOVR PK",
        "state": "PARK",
        "zip": "60133",
        "email": "ALUCKYFEW@AOL.COM",
        "dateOfBirth": "1968-07-08T12:00:00",
        "ssn": "307927195",
        "userOrders": null,
        "isSold": false,
        "id": 35727
    },
    {
        "firstName": "TOM",
        "lastName": "RUBADUE",
        "phone": "6148938239",
        "address": "1135 SEA SHELL DR",
        "city": "WESTERVILLE",
        "state": "OH",
        "zip": "43082",
        "email": "JORUBADUE@HOTMAIL.COM",
        "dateOfBirth": "1968-07-19T12:00:00",
        "ssn": "275820932",
        "userOrders": null,
        "isSold": false,
        "id": 35736
    },
    {
        "firstName": "ISMAEL",
        "lastName": "GARCIA",
        "phone": "9563220465",
        "address": "921 E SPRAGUE ST",
        "city": "EDINBURG",
        "state": "TX",
        "zip": "78539",
        "email": "SMILEYG2122@GMAIL.COM",
        "dateOfBirth": "1968-10-20T12:00:00",
        "ssn": "462716021",
        "userOrders": null,
        "isSold": false,
        "id": 35782
    },
    {
        "firstName": "THOMAS",
        "lastName": "GABRIEL",
        "phone": "4143582426",
        "address": "1032 E QUEENS WAY",
        "city": "MILWAUKEE",
        "state": "WI",
        "zip": "53225",
        "email": "TG5317@ATT.NET",
        "dateOfBirth": "1968-08-19T12:00:00",
        "ssn": "394587029",
        "userOrders": null,
        "isSold": false,
        "id": 35791
    },
    {
        "firstName": "DAVID",
        "lastName": "MOLLETT",
        "phone": "6185944845",
        "address": "1090 KANE ST",
        "city": "CARLYL",
        "state": "IL",
        "zip": "62231",
        "email": "DLMOLLETT@AOL.COM",
        "dateOfBirth": "1968-02-21T12:00:00",
        "ssn": "330701414",
        "userOrders": null,
        "isSold": false,
        "id": 35843
    },
    {
        "firstName": "GEORGE",
        "lastName": "CARROLL*",
        "phone": "4042711151",
        "address": "5430 MAYFAIR CROSSING DR",
        "city": "STONECREST",
        "state": "GA",
        "zip": "30038",
        "email": "KATRINA_CARROLL@HOTMAIL.COM",
        "dateOfBirth": "1968-12-28T12:00:00",
        "ssn": "255086662",
        "userOrders": null,
        "isSold": false,
        "id": 35898
    },
    {
        "firstName": "RANA",
        "lastName": "LUTFI",
        "phone": "7143567961",
        "address": "14605 ERMITA AVE",
        "city": "LM",
        "state": "MIRADA",
        "zip": "90638",
        "email": "SULTANRL500@AOL.COM",
        "dateOfBirth": "1968-01-23T12:00:00",
        "ssn": "572813785",
        "userOrders": null,
        "isSold": false,
        "id": 35968
    },
    {
        "firstName": "MATTHEW",
        "lastName": "FOLTZ",
        "phone": "7702417688",
        "address": "5605 SHEPHERDS POND",
        "city": "ALPH",
        "state": "GA",
        "zip": "30004",
        "email": "DEBBIEFOLTZ@BELLSOUTH.NET",
        "dateOfBirth": "1968-04-10T12:00:00",
        "ssn": "256413708",
        "userOrders": null,
        "isSold": false,
        "id": 36061
    }
]