[
    {
        "firstName": "KRISTI",
        "lastName": "HOMISTON",
        "phone": "3056065835",
        "address": "8519 E BELGIAN TRL",
        "city": "KOHLER",
        "state": "AZ",
        "zip": "53044",
        "email": "KHOMISTON@GMAIL.COM",
        "dateOfBirth": "1968-03-03T12:00:00",
        "ssn": "394808494",
        "userOrders": null,
        "isSold": false,
        "id": 102198
    },
    {
        "firstName": "DODI",
        "lastName": "MOORE",
        "phone": "7145854119",
        "address": "713 S ORCHARD AVE",
        "city": "FUL",
        "state": "CA",
        "zip": "92833",
        "email": "DRMDOLPHIN37@YAHOO.COM",
        "dateOfBirth": "1968-09-03T12:00:00",
        "ssn": "548398641",
        "userOrders": null,
        "isSold": false,
        "id": 102293
    },
    {
        "firstName": "TOYA",
        "lastName": "HARRIS",
        "phone": "1111110001",
        "address": "2775 LORRAINE ST",
        "city": "BATON ROUGE",
        "state": "ROUGE",
        "zip": "70805",
        "email": "TOYA_WRIGHT@ATT.NET",
        "dateOfBirth": "1968-10-21T12:00:00",
        "ssn": "438291061",
        "userOrders": null,
        "isSold": true,
        "id": 102345
    },
    {
        "firstName": "TAMI",
        "lastName": "L",
        "phone": "6303720693",
        "address": "219 WHITENACK CT",
        "city": "BARTLT",
        "state": "WI",
        "zip": "60103",
        "email": "T.BENISH@SBCGLOBAL.NET",
        "dateOfBirth": "1968-06-07T12:00:00",
        "ssn": "396640881",
        "userOrders": null,
        "isSold": false,
        "id": 102368
    },
    {
        "firstName": "PATRICIA",
        "lastName": "L",
        "phone": "6307786787",
        "address": "1520 MEADOWLAND DR",
        "city": "NAPRVL",
        "state": "IL",
        "zip": "60540",
        "email": "PATTY.CUSHING@ATT.NET",
        "dateOfBirth": "1968-02-07T12:00:00",
        "ssn": "321600629",
        "userOrders": null,
        "isSold": false,
        "id": 102472
    },
    {
        "firstName": "BERTHA",
        "lastName": "GARRIDO",
        "phone": "8645253468",
        "address": "4307 EDWARDS RD APT 19D",
        "city": "TYLRS",
        "state": "SC",
        "zip": "29687",
        "email": "BERTHA.GARRIDO@YAHOO.COM",
        "dateOfBirth": "1968-06-13T12:00:00",
        "ssn": "658109936",
        "userOrders": null,
        "isSold": false,
        "id": 102475
    },
    {
        "firstName": "YANG",
        "lastName": "XIONG",
        "phone": "5592850509",
        "address": "4505 E BELMONT AVE",
        "city": "FRS",
        "state": "CA",
        "zip": "93727",
        "email": "ZILLIONXIONG@HOTMAIL.COM",
        "dateOfBirth": "1968-02-15T12:00:00",
        "ssn": "540985466",
        "userOrders": null,
        "isSold": false,
        "id": 102550
    },
    {
        "firstName": "JENNIFER",
        "lastName": "ZOLPER",
        "phone": "2095293163",
        "address": "1007 MAGNOLIA AVE",
        "city": "WTRFD",
        "state": "CA",
        "zip": "95386",
        "email": "JENNIFERZOLPER@ATT.NET",
        "dateOfBirth": "1968-09-24T12:00:00",
        "ssn": "555518775",
        "userOrders": null,
        "isSold": false,
        "id": 102616
    },
    {
        "firstName": "ERIC",
        "lastName": "HOYLE",
        "phone": "1111110001",
        "address": "2004 VARIATIONS DR NE",
        "city": "BROOKHAVEN",
        "state": "GA",
        "zip": "30329",
        "email": "BARRYSCHOTT@YMAIL.COM",
        "dateOfBirth": "1968-05-06T12:00:00",
        "ssn": "242397359",
        "userOrders": null,
        "isSold": false,
        "id": 102649
    },
    {
        "firstName": "DEREK",
        "lastName": "THOMPSON",
        "phone": "5019523495",
        "address": "207 BRIARPATCH LN",
        "city": "SHERWOOD",
        "state": "AR",
        "zip": "72076",
        "email": "DEREK.THOMSON1968@YAHOO.COM",
        "dateOfBirth": "1968-10-18T12:00:00",
        "ssn": "429436515",
        "userOrders": null,
        "isSold": false,
        "id": 102657
    },
    {
        "firstName": "SONJA",
        "lastName": "JUZANG",
        "phone": "7087204560",
        "address": "318 HIGHLAND RD",
        "city": "MTSN",
        "state": "IL",
        "zip": "60443",
        "email": "JUZANG4@YAHOO.COM",
        "dateOfBirth": "1968-03-29T12:00:00",
        "ssn": "338727705",
        "userOrders": null,
        "isSold": false,
        "id": 102664
    },
    {
        "firstName": "YING",
        "lastName": "HE",
        "phone": "9495016898",
        "address": "156 ACUNA",
        "city": "IRV",
        "state": "CA",
        "zip": "92620",
        "email": "WADEUNI@GMAIL.COM",
        "dateOfBirth": "1968-09-16T12:00:00",
        "ssn": "776072384",
        "userOrders": null,
        "isSold": false,
        "id": 102715
    },
    {
        "firstName": "DAVE",
        "lastName": "LYNCH",
        "phone": "9178464362",
        "address": "15569 SW 151ST TER",
        "city": "MIA",
        "state": "FL",
        "zip": "33196",
        "email": "DAVELYNCHMOB@AOL.COM",
        "dateOfBirth": "1968-02-29T12:00:00",
        "ssn": "112684231",
        "userOrders": null,
        "isSold": false,
        "id": 102718
    },
    {
        "firstName": "SUNNY",
        "lastName": "AFSHARI",
        "phone": "9727331819",
        "address": "110 CORAL ROSE",
        "city": "DALLAS",
        "state": "CA",
        "zip": "75287",
        "email": "SUNNY_AFSHARI@YAHOO.COM",
        "dateOfBirth": "1968-05-04T12:00:00",
        "ssn": "467790473",
        "userOrders": null,
        "isSold": false,
        "id": 102810
    },
    {
        "firstName": "THOMAS",
        "lastName": "KAMANDA",
        "phone": "6177569657",
        "address": "7711 OCONNOR DR APT 2214",
        "city": "ROUND ROCK",
        "state": "ROCK",
        "zip": "78681",
        "email": "THOMAS5762@ATT.NET",
        "dateOfBirth": "1968-01-01T12:00:00",
        "ssn": "212675059",
        "userOrders": null,
        "isSold": true,
        "id": 102955
    }
]