[
    {
        "firstName": "TIMOTHY",
        "lastName": "LANNING",
        "phone": "7249940554",
        "address": "543 WALNUT ST",
        "city": "SPARTANBG",
        "state": "PA",
        "zip": "29302",
        "email": "TIMOTHYP816@HOTMAIL.COM",
        "dateOfBirth": "1968-10-18T12:00:00",
        "ssn": "195626043",
        "userOrders": null,
        "isSold": false,
        "id": 25597
    },
    {
        "firstName": "MATTHEW",
        "lastName": "JOHNSON",
        "phone": "8173575231",
        "address": "1415 NATCHES DR",
        "city": "ARLINGTON",
        "state": "TX",
        "zip": "76014",
        "email": "SKITTLE0_2@YAHOO.COM",
        "dateOfBirth": "1968-10-23T12:00:00",
        "ssn": "466674647",
        "userOrders": null,
        "isSold": false,
        "id": 25671
    },
    {
        "firstName": "LYNN",
        "lastName": "DEPRIEST",
        "phone": "6153996650",
        "address": "APT 601",
        "city": "NASHVILLE",
        "state": "OLD",
        "zip": "37217",
        "email": "TASTEE32@ATT.NET",
        "dateOfBirth": "1968-05-15T12:00:00",
        "ssn": "587459220",
        "userOrders": null,
        "isSold": false,
        "id": 25761
    },
    {
        "firstName": "PIRTHY",
        "lastName": "JASSI",
        "phone": "4082181230",
        "address": "6334 PEARLROTH DR",
        "city": "SJ",
        "state": "JOSE",
        "zip": "95123",
        "email": "PJASSI33@GMAIL.COM",
        "dateOfBirth": "1968-08-02T12:00:00",
        "ssn": "608205653",
        "userOrders": null,
        "isSold": true,
        "id": 25768
    },
    {
        "firstName": "ARVELLE",
        "lastName": "ROSS",
        "phone": "7086063492",
        "address": "10927 BARRY AVE",
        "city": "MELROS PK",
        "state": "PARK",
        "zip": "60164",
        "email": "AROSS4FAM@YAHOO.COM",
        "dateOfBirth": "1968-12-18T12:00:00",
        "ssn": "352643775",
        "userOrders": null,
        "isSold": false,
        "id": 25821
    },
    {
        "firstName": "DAVID",
        "lastName": "WOLFE*",
        "phone": "8166233408",
        "address": "324 SW ASCOT DR",
        "city": "LEE'S SUMMIT",
        "state": "SUMMIT",
        "zip": "64082",
        "email": "XLTAD831@SBCGLOBAL.NET",
        "dateOfBirth": "1968-06-09T12:00:00",
        "ssn": "122609698",
        "userOrders": null,
        "isSold": false,
        "id": 25838
    },
    {
        "firstName": "ANGELA",
        "lastName": "CAMPBELL",
        "phone": "8452429791",
        "address": "9165 RUBY RIDGE ST NW",
        "city": "JACKSON TWP",
        "state": "FULTON",
        "zip": "44614",
        "email": "ANGCAMPBELL68@GMAIL.COM",
        "dateOfBirth": "1968-03-17T12:00:00",
        "ssn": "311606328",
        "userOrders": null,
        "isSold": false,
        "id": 25953
    },
    {
        "firstName": "HONERA",
        "lastName": "MINOR",
        "phone": "3134243191",
        "address": "24532 CASHMERE CT",
        "city": "SOUTHFIELD",
        "state": "MI",
        "zip": "48033",
        "email": "HONREAMINOR@YAHOO.COM",
        "dateOfBirth": "1968-06-08T12:00:00",
        "ssn": "367807208",
        "userOrders": null,
        "isSold": false,
        "id": 26070
    },
    {
        "firstName": "LETICIA",
        "lastName": "JOHNSON",
        "phone": "6303971165",
        "address": "441 N HIGHLAND AVE",
        "city": "AURORA",
        "state": "IL",
        "zip": "60506",
        "email": "GEORGEEJOHNSON511@YAHOO.COM",
        "dateOfBirth": "1968-03-11T12:00:00",
        "ssn": "354600177",
        "userOrders": null,
        "isSold": false,
        "id": 26078
    },
    {
        "firstName": "RACHEL",
        "lastName": "ADAMS",
        "phone": "5024424643",
        "address": "6118 SWEETBAY DR",
        "city": "CRESTWOOD",
        "state": "KY",
        "zip": "40014",
        "email": "RACHEL@MAVERICKWINEGROUP.COM",
        "dateOfBirth": "1968-09-22T12:00:00",
        "ssn": "263811101",
        "userOrders": null,
        "isSold": false,
        "id": 26121
    },
    {
        "firstName": "PATRICK",
        "lastName": "DUNCAN",
        "phone": "3145462649",
        "address": "3121 IOWA AVE",
        "city": "ST LOUIS",
        "state": "LOUIS",
        "zip": "63118",
        "email": "PATRICKMDUNCAN@GMAIL.COM",
        "dateOfBirth": "1968-03-03T12:00:00",
        "ssn": "487786514",
        "userOrders": null,
        "isSold": false,
        "id": 26125
    },
    {
        "firstName": "JANICE",
        "lastName": "SMITH",
        "phone": "2819227863",
        "address": "12801 ROYDON DR APT 912",
        "city": "HOUSTON",
        "state": "TX",
        "zip": "77034",
        "email": "PRIVATELADY_59@YAHOO.COM",
        "dateOfBirth": "1968-06-15T12:00:00",
        "ssn": "459416669",
        "userOrders": null,
        "isSold": false,
        "id": 26251
    },
    {
        "firstName": "GERALD",
        "lastName": "SADLOWSKI",
        "phone": "4409226020",
        "address": "13842 LAKE AVE",
        "city": "LAKEWOOD",
        "state": "OH",
        "zip": "44107",
        "email": "GERALDSADLOWSKI@YAHOO.COM",
        "dateOfBirth": "1968-12-31T12:00:00",
        "ssn": "295684938",
        "userOrders": null,
        "isSold": false,
        "id": 26357
    },
    {
        "firstName": "MARIA",
        "lastName": "GUADALUPE",
        "phone": "9493370244",
        "address": "1904 E FAIRWAY DR APT 3",
        "city": "ORG",
        "state": "CA",
        "zip": "92866",
        "email": "BARJAS949330244@ATT.NET",
        "dateOfBirth": "1968-12-12T12:00:00",
        "ssn": "606851452",
        "userOrders": null,
        "isSold": false,
        "id": 26431
    },
    {
        "firstName": "ELIZABETH",
        "lastName": "PADILLA",
        "phone": "6618891438",
        "address": "3501 MALL VIEW RD APT 115-171",
        "city": "BKFD",
        "state": "CA",
        "zip": "93306",
        "email": "RUIZ2623@ATT.NET",
        "dateOfBirth": "1968-10-04T12:00:00",
        "ssn": "618015022",
        "userOrders": null,
        "isSold": false,
        "id": 26653
    }
]