[
    {
        "firstName": "DAVID",
        "lastName": "COOPER",
        "phone": "6613694684",
        "address": "2207 SANDY LN",
        "city": "BKFD",
        "state": "CA",
        "zip": "93306",
        "email": "DONNAJEANRAY@ATT.NET",
        "dateOfBirth": "1968-07-27T12:00:00",
        "ssn": "554598335",
        "userOrders": null,
        "isSold": false,
        "id": 53141
    },
    {
        "firstName": "SABRINA",
        "lastName": "SANDERS",
        "phone": "7705089617",
        "address": "APT 2004",
        "city": "MRETA",
        "state": "CUNNINGHAM",
        "zip": "30008",
        "email": "FAREAL1968@ATT.NET",
        "dateOfBirth": "1968-06-11T12:00:00",
        "ssn": "253338625",
        "userOrders": null,
        "isSold": false,
        "id": 53152
    },
    {
        "firstName": "STEPHEN",
        "lastName": "GOSS",
        "phone": "5125730489",
        "address": "1400 WATERLOO TRL APT A",
        "city": "AUSTIN",
        "state": "TX",
        "zip": "78704",
        "email": "STEPHENGOSS57@YAHOO.COM",
        "dateOfBirth": "1968-08-02T12:00:00",
        "ssn": "452671573",
        "userOrders": null,
        "isSold": false,
        "id": 53203
    },
    {
        "firstName": "BRIAN",
        "lastName": "COOK",
        "phone": "1111110003",
        "address": "1416 MIAMI ST APT 3",
        "city": "SOUTH BEND",
        "state": "BEND",
        "zip": "46613",
        "email": "DAVIDBRIANCOOK.1987@GMAIL.COM",
        "dateOfBirth": "1968-10-09T12:00:00",
        "ssn": "311766367",
        "userOrders": null,
        "isSold": false,
        "id": 53264
    },
    {
        "firstName": "PA*",
        "lastName": "VANG",
        "phone": "5595797953",
        "address": "5622 W ACACIA AVE",
        "city": "FRS",
        "state": "CA",
        "zip": "93722",
        "email": "FLASH_XONG@LIVE.COM",
        "dateOfBirth": "1968-06-15T12:00:00",
        "ssn": "621481006",
        "userOrders": null,
        "isSold": false,
        "id": 53362
    },
    {
        "firstName": "MARIA",
        "lastName": "ACEVEDO",
        "phone": "5596229294",
        "address": "1505 W NOBLE AVE",
        "city": "VIS",
        "state": "CA",
        "zip": "93277",
        "email": "MARIAPACEVEDO@YAHOO.COM",
        "dateOfBirth": "1968-10-12T12:00:00",
        "ssn": "547293330",
        "userOrders": null,
        "isSold": false,
        "id": 53523
    },
    {
        "firstName": "DOMENICA",
        "lastName": "KRAYEWSKI",
        "phone": "7346782740",
        "address": "161 EMERALD CIR",
        "city": "WHITMORE LAKE",
        "state": "LAKE",
        "zip": "48189",
        "email": "TAKENAWAY666@OUTLOOK.COM",
        "dateOfBirth": "1968-02-02T12:00:00",
        "ssn": "379660514",
        "userOrders": null,
        "isSold": false,
        "id": 53561
    },
    {
        "firstName": "AUDREY",
        "lastName": "MARTIN",
        "phone": "5043391858",
        "address": "742 IBERVILLE ST",
        "city": "LAPLACE",
        "state": "PLACE",
        "zip": "70068",
        "email": "AMARTIN742@COMCAST.NET",
        "dateOfBirth": "1968-04-05T12:00:00",
        "ssn": "428277423",
        "userOrders": null,
        "isSold": false,
        "id": 53569
    },
    {
        "firstName": "TAMAS",
        "lastName": "RASCH",
        "phone": "9198028366",
        "address": "397 NEODAK RD",
        "city": "CARY",
        "state": "NC",
        "zip": "27518",
        "email": "MONI.RASCH@YAHOO.COM",
        "dateOfBirth": "1968-05-31T12:00:00",
        "ssn": "625325906",
        "userOrders": null,
        "isSold": false,
        "id": 53659
    },
    {
        "firstName": "JAMIE",
        "lastName": "RICHARSON",
        "phone": "3236177049",
        "address": "APT 206",
        "city": "LA",
        "state": "W",
        "zip": "90026",
        "email": "RAWHEAD39@YAHOO.COM",
        "dateOfBirth": "1968-01-30T12:00:00",
        "ssn": "145720803",
        "userOrders": null,
        "isSold": false,
        "id": 53704
    },
    {
        "firstName": "MARIA",
        "lastName": "MAGANA",
        "phone": "6194541774",
        "address": "2386 TOCAYO AVE UNIT 118",
        "city": "SD",
        "state": "DIEGO",
        "zip": "92154",
        "email": "MAGANALPT@GMAIL.COM",
        "dateOfBirth": "1968-10-06T12:00:00",
        "ssn": "626085932",
        "userOrders": null,
        "isSold": false,
        "id": 53761
    },
    {
        "firstName": "ELAINE",
        "lastName": "CHETISTER",
        "phone": "7604025749",
        "address": "7552 GIBRALTAR ST APT 204",
        "city": "CSBD",
        "state": "CA",
        "zip": "92009",
        "email": "ECHETISTER@YAHOO.COM",
        "dateOfBirth": "1968-11-07T12:00:00",
        "ssn": "534889021",
        "userOrders": null,
        "isSold": false,
        "id": 53825
    },
    {
        "firstName": "ANAMARIA",
        "lastName": "CARDONA",
        "phone": "2108657171",
        "address": "6760 SPRING FRONT DR",
        "city": "SAN ANTONIO",
        "state": "ANTONIO",
        "zip": "78230",
        "email": "ANAMARIA.CARDONA@ATT.NET",
        "dateOfBirth": "1968-10-22T12:00:00",
        "ssn": "467773549",
        "userOrders": null,
        "isSold": false,
        "id": 53827
    },
    {
        "firstName": "WILLIAM",
        "lastName": "ROGGE",
        "phone": "7088399701",
        "address": "608 S OAKWOOD AVE",
        "city": "WILO SPGS",
        "state": "SPGS",
        "zip": "60480",
        "email": "BILL68KID@ATT.NET",
        "dateOfBirth": "1968-01-29T12:00:00",
        "ssn": "345489369",
        "userOrders": null,
        "isSold": true,
        "id": 53839
    },
    {
        "firstName": "MERI",
        "lastName": "FRAHM",
        "phone": "4146408483",
        "address": "9839 W PALMETTO AVE",
        "city": "WAUWATOSA",
        "state": "WI",
        "zip": "53222",
        "email": "MERIFRAHM@GMAIL.COM",
        "dateOfBirth": "1968-07-11T12:00:00",
        "ssn": "387741387",
        "userOrders": null,
        "isSold": false,
        "id": 53917
    }
]