[
    {
        "firstName": "LEEANN",
        "lastName": "PECK",
        "phone": "9048135774",
        "address": "1630 BIG BRANCH RD",
        "city": "MDBG",
        "state": "FL",
        "zip": "32068",
        "email": "RLRRSINC@YAHOO.COM",
        "dateOfBirth": "1968-12-21T12:00:00",
        "ssn": "589409998",
        "userOrders": null,
        "isSold": false,
        "id": 41587
    },
    {
        "firstName": "LLANILA",
        "lastName": "LLEVA",
        "phone": "1111110001",
        "address": "1473 EDGEHILL DR",
        "city": "CHLA VSTA",
        "state": "VISTA",
        "zip": "91913",
        "email": "LLANILLA@COX.NET",
        "dateOfBirth": "1968-05-17T12:00:00",
        "ssn": "625901498",
        "userOrders": null,
        "isSold": true,
        "id": 41605
    },
    {
        "firstName": "JASON",
        "lastName": "HALLEY",
        "phone": "3183760425",
        "address": "716 HIGHWAY 549",
        "city": "DAPHNE",
        "state": "LA",
        "zip": "36526",
        "email": "ALGAREEHALLEY@GMAIL.COM",
        "dateOfBirth": "1968-11-05T12:00:00",
        "ssn": "433276871",
        "userOrders": null,
        "isSold": false,
        "id": 41670
    },
    {
        "firstName": "MARIA",
        "lastName": "VILLAGRANA",
        "phone": "2134401076",
        "address": "1004 N ADOBE AVE",
        "city": "MTB",
        "state": "CA",
        "zip": "90640",
        "email": "MLVILLAGRANA@YAHOO.COM",
        "dateOfBirth": "1968-05-08T12:00:00",
        "ssn": "559912144",
        "userOrders": null,
        "isSold": false,
        "id": 41671
    },
    {
        "firstName": "MICHELE",
        "lastName": "ANDREWS",
        "phone": "6787913281",
        "address": "PO BOX 724",
        "city": "KENNSW",
        "state": "GA",
        "zip": "30144",
        "email": "NBMANDREWS@YAHOO.COM",
        "dateOfBirth": "1968-01-22T12:00:00",
        "ssn": "558451032",
        "userOrders": null,
        "isSold": false,
        "id": 41681
    },
    {
        "firstName": "BENIE",
        "lastName": "SOTTO",
        "phone": "7607305131",
        "address": "3586 MESA DR APT 54",
        "city": "OCNSD",
        "state": "CA",
        "zip": "92054",
        "email": "BENIE.SOTTO@YAHOO.COM",
        "dateOfBirth": "1968-06-17T12:00:00",
        "ssn": "733057603",
        "userOrders": null,
        "isSold": false,
        "id": 41765
    },
    {
        "firstName": "KEN",
        "lastName": "JOHNSON",
        "phone": "5012469088",
        "address": "218 TAYLOR PARK DR",
        "city": "LITTLE ROCK",
        "state": "ROCK",
        "zip": "72211",
        "email": "KJOHNSON@BARBERLAWFIRM.COM",
        "dateOfBirth": "1968-04-14T12:00:00",
        "ssn": "431535511",
        "userOrders": null,
        "isSold": true,
        "id": 41782
    },
    {
        "firstName": "DANIEL",
        "lastName": "WORLINE",
        "phone": "6149066288",
        "address": "494 W JOHNSTOWN RD",
        "city": "GAHANNA",
        "state": "OH",
        "zip": "43230",
        "email": "LW3145@ATT.COM",
        "dateOfBirth": "1968-10-23T12:00:00",
        "ssn": "269702792",
        "userOrders": null,
        "isSold": false,
        "id": 41866
    },
    {
        "firstName": "BIN",
        "lastName": "CHIN",
        "phone": "9193231049",
        "address": "6611 TANGLEWOOD CT APT 2B",
        "city": "HAMMOND",
        "state": "IN",
        "zip": "46323",
        "email": "JIELI11@YAHOO.COM",
        "dateOfBirth": "1968-06-26T12:00:00",
        "ssn": "302040655",
        "userOrders": null,
        "isSold": false,
        "id": 41869
    },
    {
        "firstName": "EDUARDO",
        "lastName": "CABA",
        "phone": "3059920883",
        "address": "1410 NW 32ND AVE",
        "city": "MIA",
        "state": "FL",
        "zip": "33125",
        "email": "CABAE@BELLSOUTH.NET",
        "dateOfBirth": "1968-06-21T12:00:00",
        "ssn": "591180155",
        "userOrders": null,
        "isSold": false,
        "id": 41944
    },
    {
        "firstName": "TINA",
        "lastName": "VILLENEUVE",
        "phone": "7343537550",
        "address": "3006 S WAYNE RD",
        "city": "WAYNE",
        "state": "MI",
        "zip": "48184",
        "email": "TGURK86@GMAIL.COM",
        "dateOfBirth": "1968-07-06T12:00:00",
        "ssn": "374900637",
        "userOrders": null,
        "isSold": false,
        "id": 42127
    },
    {
        "firstName": "ANGELA",
        "lastName": "DISHER",
        "phone": "1111110001",
        "address": "9190 US HIGHWAY 62",
        "city": "CTSVL",
        "state": "OH",
        "zip": "30120",
        "email": "DISHER2009@YAHOO.COM",
        "dateOfBirth": "1968-09-27T12:00:00",
        "ssn": "274826026",
        "userOrders": null,
        "isSold": false,
        "id": 42348
    },
    {
        "firstName": "ERNESTO",
        "lastName": "MOLINA",
        "phone": "9099947964",
        "address": "3167 LYNWOOD RD",
        "city": "LYN",
        "state": "CA",
        "zip": "90262",
        "email": "ESTRELLADEJALISCO@SBCGLOBAL.NET",
        "dateOfBirth": "1968-05-21T12:00:00",
        "ssn": "610684560",
        "userOrders": null,
        "isSold": false,
        "id": 42368
    },
    {
        "firstName": "KAY",
        "lastName": "CHRISTOPHER",
        "phone": "3308013919",
        "address": "402 LAMONT ST",
        "city": "STOW",
        "state": "OH",
        "zip": "44224",
        "email": "RHONDA_MCQUILLEN@YAHOO.COM",
        "dateOfBirth": "1968-12-03T12:00:00",
        "ssn": "269728280",
        "userOrders": null,
        "isSold": false,
        "id": 42407
    },
    {
        "firstName": "JINO",
        "lastName": "MEJIA",
        "phone": "2107923597",
        "address": "1511 EDISON DR",
        "city": "SAN ANTONIO",
        "state": "ANTONIO",
        "zip": "78251",
        "email": "XAME68@GMAIL.COM",
        "dateOfBirth": "1968-07-05T12:00:00",
        "ssn": "461595147",
        "userOrders": null,
        "isSold": false,
        "id": 42449
    }
]