[
    {
        "firstName": "PAUL",
        "lastName": "HEIDEMANN",
        "phone": "6199809479",
        "address": "716 RAWL PL",
        "city": "SOL B",
        "state": "BEACH",
        "zip": "92075",
        "email": "PHEIDEMANN@BARNEYANDBARNEY.COM",
        "dateOfBirth": "1968-05-23T12:00:00",
        "ssn": "564359951",
        "userOrders": null,
        "isSold": false,
        "id": 40451
    },
    {
        "firstName": "MARLER",
        "lastName": "ASHLEY",
        "phone": "9723130563",
        "address": "6511 BROADVIEW BLVD",
        "city": "N LDLE",
        "state": "BEACH",
        "zip": "33068",
        "email": "ASHLEY.MARLER@MAVS.UTA.EDU",
        "dateOfBirth": "1968-08-21T12:00:00",
        "ssn": "464157996",
        "userOrders": null,
        "isSold": false,
        "id": 40533
    },
    {
        "firstName": "JAY",
        "lastName": "THERIOT",
        "phone": "9858040075",
        "address": "34 TEXAS AVE",
        "city": "HOUMA",
        "state": "LA",
        "zip": "70360",
        "email": "JAYCTHERIOT@GMAIL.COM",
        "dateOfBirth": "1968-09-06T12:00:00",
        "ssn": "436459848",
        "userOrders": null,
        "isSold": false,
        "id": 40852
    },
    {
        "firstName": "KENNETH",
        "lastName": "HOZAK",
        "phone": "2485222550",
        "address": "20001 PARKVILLE ST",
        "city": "LIVONIA",
        "state": "MI",
        "zip": "48152",
        "email": "HOZAKKG@GMAIL.COM",
        "dateOfBirth": "1968-03-07T12:00:00",
        "ssn": "370764187",
        "userOrders": null,
        "isSold": false,
        "id": 40863
    },
    {
        "firstName": "SHERRY",
        "lastName": "PIERI",
        "phone": "2819070582",
        "address": "TRLR 7",
        "city": "SPRING",
        "state": "SPRING",
        "zip": "77388",
        "email": "SHERRYPIERI@YAHOO.COM",
        "dateOfBirth": "1968-10-21T12:00:00",
        "ssn": "464711064",
        "userOrders": null,
        "isSold": false,
        "id": 40910
    },
    {
        "firstName": "MICHELLE",
        "lastName": "DULAY",
        "phone": "8327294124",
        "address": "APT 3204",
        "city": "HOUSTON",
        "state": "CHASEWOOD",
        "zip": "77070",
        "email": "EDMICHELLE3756@ATT.NET",
        "dateOfBirth": "1968-09-28T12:00:00",
        "ssn": "633860006",
        "userOrders": null,
        "isSold": false,
        "id": 40987
    },
    {
        "firstName": "JACQUI",
        "lastName": "BURGE",
        "phone": "8052208184",
        "address": "220 MOUNTAIN VIEW ST",
        "city": "OAK VW",
        "state": "VIEW",
        "zip": "93022",
        "email": "JACQUI.BURGE@GMAIL.COM",
        "dateOfBirth": "1968-05-03T12:00:00",
        "ssn": "559536540",
        "userOrders": null,
        "isSold": false,
        "id": 41008
    },
    {
        "firstName": "JACQUELINE",
        "lastName": "PENNINGTON",
        "phone": "7708230507",
        "address": "1260 AMELIA ST APT 1107",
        "city": "KILLEN",
        "state": "IN",
        "zip": "35645",
        "email": "PENNINGTONJACQUE@BELLSOUTH.NET",
        "dateOfBirth": "1968-04-08T12:00:00",
        "ssn": "306783644",
        "userOrders": null,
        "isSold": false,
        "id": 41020
    },
    {
        "firstName": "JAMES",
        "lastName": "PICKETT",
        "phone": "2288062324",
        "address": "918 BROWN ST",
        "city": "GULFPORT",
        "state": "MS",
        "zip": "39507",
        "email": "JTPICKETT68@AOL.COM",
        "dateOfBirth": "1968-02-17T12:00:00",
        "ssn": "571579212",
        "userOrders": null,
        "isSold": false,
        "id": 41024
    },
    {
        "firstName": "RAFAEL",
        "lastName": "L",
        "phone": "5597520910",
        "address": "PO BOX 702",
        "city": "TIPT",
        "state": "CA",
        "zip": "93272",
        "email": "RAFAEL4995@ATT.NET",
        "dateOfBirth": "1968-11-02T12:00:00",
        "ssn": "602188580",
        "userOrders": null,
        "isSold": false,
        "id": 41233
    },
    {
        "firstName": "FLORENTINO",
        "lastName": "LUNA",
        "phone": "8156034354",
        "address": "1411 BROWN AVE",
        "city": "JOLIET",
        "state": "IL",
        "zip": "60432",
        "email": "FLORENTINLUNA@SBCGLOBAL.NET",
        "dateOfBirth": "1968-10-04T12:00:00",
        "ssn": "935734547",
        "userOrders": null,
        "isSold": false,
        "id": 41372
    },
    {
        "firstName": "KRISTIN",
        "lastName": "GEORGI",
        "phone": "4088327117",
        "address": "6607 COLINA PUESTA",
        "city": "S CL",
        "state": "CLEMENTE",
        "zip": "92673",
        "email": "KSGEORGI5@GMAIL.COM",
        "dateOfBirth": "1968-06-11T12:00:00",
        "ssn": "563315273",
        "userOrders": null,
        "isSold": false,
        "id": 41375
    },
    {
        "firstName": "MICHAEL",
        "lastName": "HILL",
        "phone": "8168357134",
        "address": "9305 MOODY PARK DR",
        "city": "OVERLAND PARK",
        "state": "PARK",
        "zip": "66212",
        "email": "MHILLFAMILY1@HOTMAIL.COM",
        "dateOfBirth": "1968-12-28T12:00:00",
        "ssn": "513805287",
        "userOrders": null,
        "isSold": false,
        "id": 41445
    },
    {
        "firstName": "RUTH",
        "lastName": "CALLANTA",
        "phone": "2242149880",
        "address": "107 E DUNDEE RD APT 2N",
        "city": "WHEELING",
        "state": "IL",
        "zip": "60090",
        "email": "JOJI1526@YAHOO.COM",
        "dateOfBirth": "1968-08-26T12:00:00",
        "ssn": "346942775",
        "userOrders": null,
        "isSold": false,
        "id": 41539
    },
    {
        "firstName": "JEFFREY",
        "lastName": "SLEPICKA",
        "phone": "6785210125",
        "address": "102 PADDOCK TRL",
        "city": "PCHTREE CY",
        "state": "CTY",
        "zip": "30269",
        "email": "SLEPICKA@GMAIL.COM",
        "dateOfBirth": "1968-10-09T12:00:00",
        "ssn": "260377421",
        "userOrders": null,
        "isSold": false,
        "id": 41546
    }
]