[
    {
        "firstName": "ANYINEY",
        "lastName": "PAREJO",
        "phone": "5108309640",
        "address": "5116 BANCROFT AVE",
        "city": "OAK",
        "state": "CA",
        "zip": "94601",
        "email": "ANYINEY_ALFE@HOTMAIL.COM",
        "dateOfBirth": "1968-01-25T12:00:00",
        "ssn": "639117763",
        "userOrders": null,
        "isSold": false,
        "id": 45246
    },
    {
        "firstName": "TOM",
        "lastName": "HAROLD",
        "phone": "2198848304",
        "address": "5436 MARY ANN LN",
        "city": "MERRILLVILLE",
        "state": "IN",
        "zip": "46410",
        "email": "TOM2293@ATT.NET",
        "dateOfBirth": "1968-09-03T12:00:00",
        "ssn": "313924436",
        "userOrders": null,
        "isSold": false,
        "id": 45258
    },
    {
        "firstName": "JOSE",
        "lastName": "ALFARO",
        "phone": "6782679507",
        "address": "7225 PLUM CREEK DR",
        "city": "GANV",
        "state": "GA",
        "zip": "30507",
        "email": "EVELIO1231697@YAHOO.COM",
        "dateOfBirth": "1968-01-15T12:00:00",
        "ssn": "615168016",
        "userOrders": null,
        "isSold": false,
        "id": 45260
    },
    {
        "firstName": "VENKAT",
        "lastName": "R",
        "phone": "8642970426",
        "address": "831 DONELSON CT",
        "city": "NAPRVL",
        "state": "IL",
        "zip": "60563",
        "email": "PVENKATR@HOTMAIL.COM",
        "dateOfBirth": "1968-08-15T12:00:00",
        "ssn": "592738221",
        "userOrders": null,
        "isSold": false,
        "id": 45272
    },
    {
        "firstName": "STEFANIE",
        "lastName": "WALTMAN",
        "phone": "2514224174",
        "address": "7051 CHARMINGDALE DR S",
        "city": "MOBILE",
        "state": "AL",
        "zip": "36695",
        "email": "STEFANIE.WALTMAN1@GMAIL.COM",
        "dateOfBirth": "1968-07-01T12:00:00",
        "ssn": "421063950",
        "userOrders": null,
        "isSold": false,
        "id": 45302
    },
    {
        "firstName": "CRISTY",
        "lastName": "CLEMONS",
        "phone": "2147255116",
        "address": "514 OAK RIDGE PL",
        "city": "GRAND PRAIRIE",
        "state": "PRAIRIE",
        "zip": "75052",
        "email": "CRISTYCLEMONS3691@GMAIL.COM",
        "dateOfBirth": "1968-12-13T12:00:00",
        "ssn": "457593071",
        "userOrders": null,
        "isSold": false,
        "id": 45308
    },
    {
        "firstName": "EMMA",
        "lastName": "MALLARD",
        "phone": "7703309086",
        "address": "6974 BONNES BLVD",
        "city": "AUS",
        "state": "GA",
        "zip": "30168",
        "email": "EMMA.MALLARD16@YAHOO.COM",
        "dateOfBirth": "1968-06-11T12:00:00",
        "ssn": "260255751",
        "userOrders": null,
        "isSold": false,
        "id": 45427
    },
    {
        "firstName": "ANGELA",
        "lastName": "SHILOH",
        "phone": "2252235778",
        "address": "1603 LICHESTER DR",
        "city": "BATON ROUGE",
        "state": "ROUGE",
        "zip": "70810",
        "email": "SHI23@BELLSOUTH.NET",
        "dateOfBirth": "1968-07-19T12:00:00",
        "ssn": "438293145",
        "userOrders": null,
        "isSold": true,
        "id": 45451
    },
    {
        "firstName": "STEVEN",
        "lastName": "REAVIS",
        "phone": "8286966975",
        "address": "1700 KENSINGTON PL",
        "city": "ASHE",
        "state": "NC",
        "zip": "28704",
        "email": "MARINE4_ETERNITY@ATT.NET",
        "dateOfBirth": "1968-11-11T12:00:00",
        "ssn": "571359282",
        "userOrders": null,
        "isSold": false,
        "id": 45579
    },
    {
        "firstName": "EVERADO",
        "lastName": "ROJAS",
        "phone": "9498591539",
        "address": "21472 LAKE FOREST DR APT A",
        "city": "LAKE FOREST",
        "state": "FOREST",
        "zip": "92630",
        "email": "EVERARDO1968@ATT.NET",
        "dateOfBirth": "1968-08-24T12:00:00",
        "ssn": "602886715",
        "userOrders": null,
        "isSold": false,
        "id": 45738
    },
    {
        "firstName": "CAROLINE",
        "lastName": "KITTS",
        "phone": "9497288929",
        "address": "120 CALLE AMISTAD UNIT 6305",
        "city": "S CL",
        "state": "CLEMENTE",
        "zip": "92673",
        "email": "NICU2013@YAHOO.COM",
        "dateOfBirth": "1968-04-13T12:00:00",
        "ssn": "576631146",
        "userOrders": null,
        "isSold": false,
        "id": 45752
    },
    {
        "firstName": "ALEXIA",
        "lastName": "JACKSON",
        "phone": "2143300555",
        "address": "4665 WESTERN OAKS DR",
        "city": "DALLAS",
        "state": "TX",
        "zip": "75211",
        "email": "WILDHORSEWAY@YAHOO.COM",
        "dateOfBirth": "1968-10-03T12:00:00",
        "ssn": "263915492",
        "userOrders": null,
        "isSold": false,
        "id": 45754
    },
    {
        "firstName": "MICHELE",
        "lastName": "SEYMOUR",
        "phone": "7405059834",
        "address": "PO BOX 342",
        "city": "NEW HOLLAND",
        "state": "HOLLAND",
        "zip": "43145",
        "email": "SEYMOURSHELLI@YAHOO.COM",
        "dateOfBirth": "1968-01-29T12:00:00",
        "ssn": "270803544",
        "userOrders": null,
        "isSold": false,
        "id": 45931
    },
    {
        "firstName": "TAMATHA",
        "lastName": "ALLISON",
        "phone": "4054280315",
        "address": "1226 RIDGEWOOD DR",
        "city": "OKLAHOMA CITY",
        "state": "OK",
        "zip": "73142",
        "email": "TAMATHAALLISON@YAHOO.COM",
        "dateOfBirth": "1968-11-03T12:00:00",
        "ssn": "444681672",
        "userOrders": null,
        "isSold": false,
        "id": 45978
    },
    {
        "firstName": "PEDRO",
        "lastName": "SANTIGO",
        "phone": "2248042973",
        "address": "APT BASM",
        "city": "CHGO",
        "state": "N",
        "zip": "60647",
        "email": "SANTIAGOPEDRO1225@GMAIL.COM",
        "dateOfBirth": "1968-12-25T12:00:00",
        "ssn": "325623409",
        "userOrders": null,
        "isSold": true,
        "id": 46021
    }
]