[
    {
        "firstName": "ROSEMARIE",
        "lastName": "LETTIERE",
        "phone": "6197193261",
        "address": "2220 CAMINO DE LA REINA",
        "city": "SD",
        "state": "DIEGO",
        "zip": "92108",
        "email": "ROSEMARIELETT@YAHOO.COM",
        "dateOfBirth": "1968-06-28T12:00:00",
        "ssn": "592261322",
        "userOrders": null,
        "isSold": false,
        "id": 87555
    },
    {
        "firstName": "BRYAN",
        "lastName": "TRAN",
        "phone": "7072362206",
        "address": "1145 EMILY AVE",
        "city": "HERCULES",
        "state": "PARK",
        "zip": "94547",
        "email": "TAYLOR-NGUYEN@ATT.NET",
        "dateOfBirth": "1968-12-03T12:00:00",
        "ssn": "616287966",
        "userOrders": null,
        "isSold": false,
        "id": 87622
    },
    {
        "firstName": "MARTHA",
        "lastName": "LEMOS",
        "phone": "3054316782",
        "address": "10500 SW 155TH CT APT 10110",
        "city": "MIA",
        "state": "FL",
        "zip": "33196",
        "email": "MARCELEGUE@HOTMAIL.COM",
        "dateOfBirth": "1968-04-30T12:00:00",
        "ssn": "593065052",
        "userOrders": null,
        "isSold": false,
        "id": 87641
    },
    {
        "firstName": "MICHAEL",
        "lastName": "MORENO",
        "phone": "4193454141",
        "address": "28180 OREGON RD LOT 745",
        "city": "PERRYSBURG TWP",
        "state": "OH",
        "zip": "43551",
        "email": "MIDGETMAYOR@ATT.NET",
        "dateOfBirth": "1968-11-22T12:00:00",
        "ssn": "305901801",
        "userOrders": null,
        "isSold": false,
        "id": 87769
    },
    {
        "firstName": "CARLOS",
        "lastName": "ZUBIZERRETA",
        "phone": "7862466241",
        "address": "5908 W 26TH AVE",
        "city": "HLH",
        "state": "FL",
        "zip": "33016",
        "email": "SOBERX1692@ATT.NET",
        "dateOfBirth": "1968-07-29T12:00:00",
        "ssn": "379639443",
        "userOrders": null,
        "isSold": false,
        "id": 87776
    },
    {
        "firstName": "BEVERLY",
        "lastName": "JENKINS",
        "phone": "4147795568",
        "address": "6126 W LOCUST ST FL UPR",
        "city": "MILWAUKEE",
        "state": "WI",
        "zip": "53210",
        "email": "UNIQUE30@GMAIL.COM",
        "dateOfBirth": "1968-05-19T12:00:00",
        "ssn": "387749934",
        "userOrders": null,
        "isSold": false,
        "id": 87831
    },
    {
        "firstName": "EMEKA",
        "lastName": "ARUH",
        "phone": "6785597345",
        "address": "815 MADISON DR",
        "city": "LEBANON",
        "state": "TN",
        "zip": "37087",
        "email": "EMEKAARUH@HOTMAIL.COM",
        "dateOfBirth": "1968-02-27T12:00:00",
        "ssn": "410918109",
        "userOrders": null,
        "isSold": false,
        "id": 88029
    },
    {
        "firstName": "RAY",
        "lastName": "KIM",
        "phone": "6192273428",
        "address": "1605 HIGHLAND AVE",
        "city": "NATL CTY",
        "state": "CITY",
        "zip": "91950",
        "email": "RAYKIM47@GMAIL.COM",
        "dateOfBirth": "1968-01-14T12:00:00",
        "ssn": "622239073",
        "userOrders": null,
        "isSold": false,
        "id": 88085
    },
    {
        "firstName": "MICHELLE",
        "lastName": "SESTINA",
        "phone": "4405901825",
        "address": "6871 AMES RD APT 623",
        "city": "PARMA",
        "state": "OH",
        "zip": "44129",
        "email": "MMSESTINA@HOTMAIL.COM",
        "dateOfBirth": "1968-05-01T12:00:00",
        "ssn": "278745308",
        "userOrders": null,
        "isSold": false,
        "id": 88160
    },
    {
        "firstName": "SHARON",
        "lastName": "WHITE",
        "phone": "7044726637",
        "address": "420 CLEVELAND AVE",
        "city": "GRVR",
        "state": "NC",
        "zip": "28073",
        "email": "SWGROVER@YAHOO.COM",
        "dateOfBirth": "1968-09-04T12:00:00",
        "ssn": "243353663",
        "userOrders": null,
        "isSold": false,
        "id": 88187
    },
    {
        "firstName": "FALMATA",
        "lastName": "MATO",
        "phone": "3177097260",
        "address": "8448 BURKET WAY",
        "city": "CAMBY",
        "state": "IN",
        "zip": "46113",
        "email": "FALMATO@YMAIL.COM",
        "dateOfBirth": "1968-06-12T12:00:00",
        "ssn": "313356398",
        "userOrders": null,
        "isSold": false,
        "id": 88197
    },
    {
        "firstName": "RAUL",
        "lastName": "ESQUEDA",
        "phone": "5126382800",
        "address": "APT 27012",
        "city": "AUSTIN",
        "state": "CHAMPION",
        "zip": "78750",
        "email": "RAUL@1STCOMMERCIALCREDIT.COM",
        "dateOfBirth": "1968-11-09T12:00:00",
        "ssn": "464738669",
        "userOrders": null,
        "isSold": false,
        "id": 88199
    },
    {
        "firstName": "REGINA",
        "lastName": "HAMM",
        "phone": "2567660943",
        "address": "225 HAMPTON AVE",
        "city": "FLORENCE",
        "state": "AL",
        "zip": "35630",
        "email": "RDHAMM90@EMAIL.COM",
        "dateOfBirth": "1968-07-21T12:00:00",
        "ssn": "420236362",
        "userOrders": null,
        "isSold": false,
        "id": 88201
    },
    {
        "firstName": "LISA",
        "lastName": "FRANZ",
        "phone": "7143503525",
        "address": "1417 W SANTA CLARA AVE",
        "city": "SA",
        "state": "ANA",
        "zip": "92706",
        "email": "LISAF1968@GMAIL.COM",
        "dateOfBirth": "1968-02-01T12:00:00",
        "ssn": "533742632",
        "userOrders": null,
        "isSold": true,
        "id": 88245
    },
    {
        "firstName": "JAIME",
        "lastName": "OLAZAR",
        "phone": "7072080063",
        "address": "610 ELEANOR AVE",
        "city": "SAC",
        "state": "CA",
        "zip": "95815",
        "email": "JOLAZAR06@GMAIL.COM",
        "dateOfBirth": "1968-06-13T12:00:00",
        "ssn": "621165103",
        "userOrders": null,
        "isSold": false,
        "id": 88303
    }
]