[
    {
        "firstName": "SUSAN",
        "lastName": "SPADE",
        "phone": "4084216833",
        "address": "3558 SHAFER DR",
        "city": "S CLARA",
        "state": "CLARA",
        "zip": "95051",
        "email": "SUSAN_SPADE@YAHOO.COM",
        "dateOfBirth": "1968-09-07T12:00:00",
        "ssn": "546735149",
        "userOrders": null,
        "isSold": false,
        "id": 27223
    },
    {
        "firstName": "BOB",
        "lastName": "LEE",
        "phone": "2698082442",
        "address": "2705 UNIVERSITY AVE",
        "city": "KALAMAZOO",
        "state": "MI",
        "zip": "49008",
        "email": "ROBERTDLEE@YAHOO.COM",
        "dateOfBirth": "1968-01-10T12:00:00",
        "ssn": "373745876",
        "userOrders": null,
        "isSold": false,
        "id": 27245
    },
    {
        "firstName": "THOMAS",
        "lastName": "DALE",
        "phone": "2167722945",
        "address": "3290 STOCKHOLM RD",
        "city": "SHAKER HTS",
        "state": "HTS",
        "zip": "44120",
        "email": "TJDALE20@GMAIL.COM",
        "dateOfBirth": "1968-12-17T12:00:00",
        "ssn": "355706582",
        "userOrders": null,
        "isSold": false,
        "id": 27254
    },
    {
        "firstName": "LISA",
        "lastName": "PIGA",
        "phone": "9545757731",
        "address": "11731 ROYAL PALM BLVD APT 301",
        "city": "CRL SPRNGS",
        "state": "SPRINGS",
        "zip": "33065",
        "email": "LFSPIGA91@YAHOO.COM",
        "dateOfBirth": "1968-09-01T12:00:00",
        "ssn": "593282646",
        "userOrders": null,
        "isSold": false,
        "id": 27262
    },
    {
        "firstName": "CLAUDIA",
        "lastName": "PHILLIPS",
        "phone": "8325962439",
        "address": "1507 SLOAN ST",
        "city": "GNBO",
        "state": "NC",
        "zip": "27401",
        "email": "CLAUDIAPHILLIPS00@ATT.NET",
        "dateOfBirth": "1968-12-12T12:00:00",
        "ssn": "548174999",
        "userOrders": null,
        "isSold": false,
        "id": 27280
    },
    {
        "firstName": "MELISSA",
        "lastName": "MCFARLAND",
        "phone": "6145928598",
        "address": "280 LIVE OAK BLVD",
        "city": "NASHVILLE",
        "state": "FL",
        "zip": "37216",
        "email": "MELISSAM0168@ATT.NET",
        "dateOfBirth": "1968-01-12T12:00:00",
        "ssn": "297664802",
        "userOrders": null,
        "isSold": false,
        "id": 27329
    },
    {
        "firstName": "KAREN",
        "lastName": "ATKINS",
        "phone": "9017561210",
        "address": "4511 JUNIPER RIDGE CV",
        "city": "MEMPHIS",
        "state": "TN",
        "zip": "38125",
        "email": "ELBERTATKINS@ATT.NET",
        "dateOfBirth": "1968-02-26T12:00:00",
        "ssn": "415130103",
        "userOrders": null,
        "isSold": false,
        "id": 27360
    },
    {
        "firstName": "MARLENE",
        "lastName": "FINDLEY",
        "phone": "4044541351",
        "address": "3061 BAYVIEW CT",
        "city": "ST MT",
        "state": "MTN",
        "zip": "30087",
        "email": "ANDRECOATES23@GMAIL.COM",
        "dateOfBirth": "1968-11-19T12:00:00",
        "ssn": "326661911",
        "userOrders": null,
        "isSold": false,
        "id": 27381
    },
    {
        "firstName": "MARTIN",
        "lastName": "COTA",
        "phone": "7142312161",
        "address": "6813 DOCK DR",
        "city": "EASTVALE",
        "state": "CA",
        "zip": "92880",
        "email": "MARTINCOTA@ATT.NET",
        "dateOfBirth": "1968-12-31T12:00:00",
        "ssn": "558179027",
        "userOrders": null,
        "isSold": false,
        "id": 27409
    },
    {
        "firstName": "EVERETT",
        "lastName": "MCDONALD",
        "phone": "2704991643",
        "address": "7356 STATE ROUTE 815",
        "city": "OWENSBORO",
        "state": "KY",
        "zip": "42301",
        "email": "RETTMCDONALD@AOL.COM",
        "dateOfBirth": "1968-08-23T12:00:00",
        "ssn": "423151962",
        "userOrders": null,
        "isSold": false,
        "id": 27526
    },
    {
        "firstName": "SANJUANA",
        "lastName": "FLORES",
        "phone": "2103175621",
        "address": "303 RUSTIC STABLE",
        "city": "SAN ANTONIO",
        "state": "ANTONIO",
        "zip": "78227",
        "email": "LUPITAFLORES68@AOL.COM",
        "dateOfBirth": "1968-11-10T12:00:00",
        "ssn": "639075316",
        "userOrders": null,
        "isSold": false,
        "id": 27534
    },
    {
        "firstName": "LORILEE",
        "lastName": "BRABSON",
        "phone": "9152495921",
        "address": "2835 REDLAND TRL",
        "city": "SAN ANTONIO",
        "state": "ANTONIO",
        "zip": "78259",
        "email": "BBRABSON67@GMAIL.COM",
        "dateOfBirth": "1968-06-29T12:00:00",
        "ssn": "524969586",
        "userOrders": null,
        "isSold": false,
        "id": 27549
    },
    {
        "firstName": "DIANA",
        "lastName": "AREVALO",
        "phone": "3235178600",
        "address": "17445 ANASTASIA AVE",
        "city": "FON",
        "state": "CA",
        "zip": "92335",
        "email": "DIANAAREVALO29@ATT.NET",
        "dateOfBirth": "1968-10-06T12:00:00",
        "ssn": "615648698",
        "userOrders": null,
        "isSold": false,
        "id": 27560
    },
    {
        "firstName": "PATRIC",
        "lastName": "K",
        "phone": "2099817738",
        "address": "10270 E TARON DR",
        "city": "ELK GROVE",
        "state": "GROVE",
        "zip": "95757",
        "email": "PATRICK.JOCSON@SBCGLOBAL.NET",
        "dateOfBirth": "1968-08-21T12:00:00",
        "ssn": "559752872",
        "userOrders": null,
        "isSold": true,
        "id": 27582
    },
    {
        "firstName": "JAVIER",
        "lastName": "GARCIA",
        "phone": "8159360637",
        "address": "430 S ELM AVE",
        "city": "KNKAKE",
        "state": "IL",
        "zip": "60901",
        "email": "JAVIER8358@SBCGLOBAL.NET",
        "dateOfBirth": "1968-01-09T12:00:00",
        "ssn": "322903484",
        "userOrders": null,
        "isSold": false,
        "id": 27585
    }
]