[
    {
        "firstName": "SLAWOMIR",
        "lastName": "BALCHANOWSKI",
        "phone": "7733962945",
        "address": "5820 N NAGLE AVE APT M",
        "city": "CHGO",
        "state": "IL",
        "zip": "60646",
        "email": "SBALCHANOWSKI@YAHOO.COM",
        "dateOfBirth": "1968-08-18T12:00:00",
        "ssn": "344907161",
        "userOrders": null,
        "isSold": false,
        "id": 70359
    },
    {
        "firstName": "ROSE",
        "lastName": "WILLSON",
        "phone": "7046182539",
        "address": "21306 SPRING ST",
        "city": "CORNELIUS",
        "state": "NC",
        "zip": "28031",
        "email": "ROSEWILSONINC@GMAIL.COM",
        "dateOfBirth": "1968-10-18T12:00:00",
        "ssn": "114607913",
        "userOrders": null,
        "isSold": false,
        "id": 70467
    },
    {
        "firstName": "KAREN",
        "lastName": "JONES",
        "phone": "7573748376",
        "address": "2302 AMBER GLEN DR",
        "city": "MURFREESBORO",
        "state": "TN",
        "zip": "37128",
        "email": "RODJONES.SR@GMAIL.COM",
        "dateOfBirth": "1968-08-18T12:00:00",
        "ssn": "400195273",
        "userOrders": null,
        "isSold": false,
        "id": 70471
    },
    {
        "firstName": "BRANDON",
        "lastName": "ZERINGUE",
        "phone": "5042141671",
        "address": "134 4TH ST",
        "city": "ST ROSE",
        "state": "ROSE",
        "zip": "70087",
        "email": "BZERINGUE@HOTMAIL.COM",
        "dateOfBirth": "1968-09-07T12:00:00",
        "ssn": "439554834",
        "userOrders": null,
        "isSold": false,
        "id": 70625
    },
    {
        "firstName": "LORRE",
        "lastName": "A",
        "phone": "7736777581",
        "address": "2601 W 69TH ST",
        "city": "CHGO",
        "state": "IL",
        "zip": "60629",
        "email": "LMEEK3672@YAHOO.COM",
        "dateOfBirth": "1968-09-28T12:00:00",
        "ssn": "321645219",
        "userOrders": null,
        "isSold": false,
        "id": 70712
    },
    {
        "firstName": "RUDY",
        "lastName": "R",
        "phone": "9792150341",
        "address": "516 W ASH ST",
        "city": "ANGLETON",
        "state": "TX",
        "zip": "77515",
        "email": "RUDE212168@YAHOO.COM",
        "dateOfBirth": "1968-08-07T12:00:00",
        "ssn": "452218863",
        "userOrders": null,
        "isSold": false,
        "id": 70799
    },
    {
        "firstName": "TEDDY.",
        "lastName": "VINSON",
        "phone": "9194272809",
        "address": "1904 PEACH CREEK CT APT A",
        "city": "RAL",
        "state": "NC",
        "zip": "27603",
        "email": "TEDDYVINSON@GMAIL.COM",
        "dateOfBirth": "1968-12-13T12:00:00",
        "ssn": "245174896",
        "userOrders": null,
        "isSold": false,
        "id": 70812
    },
    {
        "firstName": "SHIRLEY",
        "lastName": "SMITH",
        "phone": "4327705419",
        "address": "6506 COLONY RD",
        "city": "MIDLAND",
        "state": "TX",
        "zip": "79706",
        "email": "KINDERTEACH2010@GMAIL.COM",
        "dateOfBirth": "1968-03-15T12:00:00",
        "ssn": "467395763",
        "userOrders": null,
        "isSold": false,
        "id": 71036
    },
    {
        "firstName": "RAFAEL",
        "lastName": "VALADE",
        "phone": "6786996386",
        "address": "5568 BRIDGE POINTE DR",
        "city": "ALPH",
        "state": "GA",
        "zip": "30005",
        "email": "ANGE240482@HOTMAIL.COM",
        "dateOfBirth": "1968-09-13T12:00:00",
        "ssn": "260933862",
        "userOrders": null,
        "isSold": false,
        "id": 71131
    },
    {
        "firstName": "APRIL",
        "lastName": "BROWN",
        "phone": "3137400508",
        "address": "43503 COLUMBIA DR",
        "city": "CLINTON TWP",
        "state": "TWP",
        "zip": "48038",
        "email": "MINISTERAPRILBROWN@YAHOO.COM",
        "dateOfBirth": "1968-04-24T12:00:00",
        "ssn": "370947207",
        "userOrders": null,
        "isSold": false,
        "id": 71146
    },
    {
        "firstName": "Jose",
        "lastName": "Gonzalez",
        "phone": "7863823526",
        "address": "9801 JAMAICA DR",
        "city": "CUTLER BAY",
        "state": "BAY",
        "zip": "33189",
        "email": "DJAGONZALEZ1982@GMAIL.COM",
        "dateOfBirth": "1968-07-14T12:00:00",
        "ssn": "767149935",
        "userOrders": null,
        "isSold": false,
        "id": 71171
    },
    {
        "firstName": "RAJEEV",
        "lastName": "DHARMAPURIKAR",
        "phone": "7816262967",
        "address": "310 MCKINLEY ST",
        "city": "DRHM",
        "state": "NC",
        "zip": "27705",
        "email": "RAJEEVDHARMAPURIKAR@YAHOO.COM",
        "dateOfBirth": "1968-12-05T12:00:00",
        "ssn": "414696995",
        "userOrders": null,
        "isSold": false,
        "id": 71248
    },
    {
        "firstName": "GUADELUPE",
        "lastName": "RODRIGUEZ",
        "phone": "3612467316",
        "address": "1313 CENTER DR",
        "city": "KINGSVILLE",
        "state": "TX",
        "zip": "78363",
        "email": "LUPITAROD3@YAHOO.COM",
        "dateOfBirth": "1968-07-24T12:00:00",
        "ssn": "462317675",
        "userOrders": null,
        "isSold": false,
        "id": 71311
    },
    {
        "firstName": "FRANCISCO",
        "lastName": "PENATE",
        "phone": "6164197394",
        "address": "4142 ILLINOIS AVE SW",
        "city": "WYOMING",
        "state": "MI",
        "zip": "49509",
        "email": "FRANCISCOPENATE02@GMAIL.COM",
        "dateOfBirth": "1968-10-16T12:00:00",
        "ssn": "379278775",
        "userOrders": null,
        "isSold": false,
        "id": 71343
    },
    {
        "firstName": "DAREEN",
        "lastName": "HAYES",
        "phone": "1111110001",
        "address": "6311 VIA ESPANA DR",
        "city": "HOUSTON",
        "state": "TX",
        "zip": "77083",
        "email": "DAREENHAYES@HOTMAIL.COM",
        "dateOfBirth": "1968-01-01T12:00:00",
        "ssn": "455082308",
        "userOrders": null,
        "isSold": false,
        "id": 71349
    }
]