[
    {
        "firstName": "ABDUL",
        "lastName": "SMITH",
        "phone": "9017949373",
        "address": "3125 REDWOOD CT APT 281",
        "city": "MEMPHIS",
        "state": "TN",
        "zip": "38115",
        "email": "JAZZYLADY_T@ATT.NET",
        "dateOfBirth": "1968-12-05T12:00:00",
        "ssn": "325949098",
        "userOrders": null,
        "isSold": false,
        "id": 48351
    },
    {
        "firstName": "REGINA",
        "lastName": "BAGWELL",
        "phone": "8172675686",
        "address": "4201 VALLEYWOOD DR",
        "city": "FORT WORTH",
        "state": "TX",
        "zip": "76155",
        "email": "BAGWELL2468@YAHOO.COM",
        "dateOfBirth": "1968-02-06T12:00:00",
        "ssn": "374808304",
        "userOrders": null,
        "isSold": false,
        "id": 48352
    },
    {
        "firstName": "JAVIER",
        "lastName": "MARRIAGA",
        "phone": "3052444121",
        "address": "10865 NW 7TH ST APT 23",
        "city": "MIA",
        "state": "FL",
        "zip": "33172",
        "email": "JAMATRU@HOTMAIL.COM",
        "dateOfBirth": "1968-04-10T12:00:00",
        "ssn": "771244725",
        "userOrders": null,
        "isSold": false,
        "id": 48388
    },
    {
        "firstName": "JOEL",
        "lastName": "MOWERY",
        "phone": "8653357350",
        "address": "1259 WOODSBORO RD",
        "city": "KNOXVILLE",
        "state": "TN",
        "zip": "37922",
        "email": "JEMOWERY@COMCAST.NET",
        "dateOfBirth": "1968-11-25T12:00:00",
        "ssn": "414411384",
        "userOrders": null,
        "isSold": false,
        "id": 48406
    },
    {
        "firstName": "VALERIE",
        "lastName": "MILNER",
        "phone": "2055271080",
        "address": "428 14TH WAY",
        "city": "PLEASANT GROVE",
        "state": "GRV",
        "zip": "35127",
        "email": "VMILNER35@GMAIL.COM",
        "dateOfBirth": "1968-12-04T12:00:00",
        "ssn": "416172449",
        "userOrders": null,
        "isSold": false,
        "id": 48447
    },
    {
        "firstName": "GEORGE",
        "lastName": "PIERPONT",
        "phone": "9518581558",
        "address": "909 WYVAL AVE",
        "city": "COR",
        "state": "CA",
        "zip": "92882",
        "email": "GEORGE_PIERPONT@YAHOO.COM",
        "dateOfBirth": "1968-07-21T12:00:00",
        "ssn": "551135843",
        "userOrders": null,
        "isSold": false,
        "id": 48567
    },
    {
        "firstName": "MARK",
        "lastName": "NAPPI",
        "phone": "7143074103",
        "address": "5871 KELLOGG DR",
        "city": "YL",
        "state": "LINDA",
        "zip": "92886",
        "email": "MNAPPI@QUALITYFIRSTWOODWORKS.COM",
        "dateOfBirth": "1968-09-15T12:00:00",
        "ssn": "551135873",
        "userOrders": null,
        "isSold": false,
        "id": 48604
    },
    {
        "firstName": "JOHN",
        "lastName": "NEWMEYER",
        "phone": "8587171501",
        "address": "15390 ANDORRA WAY",
        "city": "SD",
        "state": "DIEGO",
        "zip": "92129",
        "email": "NEWJO01@HOTMAIL.COM",
        "dateOfBirth": "1968-05-20T12:00:00",
        "ssn": "378905572",
        "userOrders": null,
        "isSold": false,
        "id": 48663
    },
    {
        "firstName": "NANCY",
        "lastName": "COBB",
        "phone": "7863385871",
        "address": "5918 SW 62ND TER",
        "city": "S*M",
        "state": "MIAMI",
        "zip": "33143",
        "email": "COBBNANCY@ATT.NET",
        "dateOfBirth": "1968-04-07T12:00:00",
        "ssn": "261655731",
        "userOrders": null,
        "isSold": false,
        "id": 48786
    },
    {
        "firstName": "MICHELLE",
        "lastName": "BAKER",
        "phone": "8035094088",
        "address": "119 WAXHAWS TRCE",
        "city": "CHPN",
        "state": "SC",
        "zip": "29036",
        "email": "SHELLBEE001@YAHOO.COM",
        "dateOfBirth": "1968-07-24T12:00:00",
        "ssn": "566258795",
        "userOrders": null,
        "isSold": false,
        "id": 48848
    },
    {
        "firstName": "TODD",
        "lastName": "HUFF",
        "phone": "8153379568",
        "address": "8707 BULL RUN TRL",
        "city": "WOODSTK",
        "state": "IL",
        "zip": "60098",
        "email": "NBHUFF@HOTMAIL.COM",
        "dateOfBirth": "1968-10-28T12:00:00",
        "ssn": "395929610",
        "userOrders": null,
        "isSold": false,
        "id": 48886
    },
    {
        "firstName": "MARK",
        "lastName": "SLOCUMB",
        "phone": "6618345002",
        "address": "2625 WESTHOLME BLVD APT A",
        "city": "BKFD",
        "state": "CA",
        "zip": "93309",
        "email": "none@none.com",
        "dateOfBirth": "1968-11-01T12:00:00",
        "ssn": "562024706",
        "userOrders": null,
        "isSold": false,
        "id": 48913
    },
    {
        "firstName": "KATRINA",
        "lastName": "THORNHILL",
        "phone": "2816479642",
        "address": "2803 MORTON COVE LN",
        "city": "KATY",
        "state": "TX",
        "zip": "77449",
        "email": "KATRINATHORNHILL@SBCGLOBAL.NET",
        "dateOfBirth": "1968-04-25T12:00:00",
        "ssn": "438211807",
        "userOrders": null,
        "isSold": false,
        "id": 48921
    },
    {
        "firstName": "DONALD",
        "lastName": "HARRIS",
        "phone": "2145867809",
        "address": "8600 BROOK HOLLOW DR",
        "city": "MCKINNEY",
        "state": "TX",
        "zip": "75070",
        "email": "DONH99@YAHOO.COM",
        "dateOfBirth": "1968-11-18T12:00:00",
        "ssn": "464488420",
        "userOrders": null,
        "isSold": false,
        "id": 48926
    },
    {
        "firstName": "LOURDES",
        "lastName": "ZERRUDO",
        "phone": "6616637431",
        "address": "11406 CALIFORNIA POPPY DR",
        "city": "BKFD",
        "state": "CA",
        "zip": "93311",
        "email": "VANBENGIAN@YAHOO.COM",
        "dateOfBirth": "1968-02-13T12:00:00",
        "ssn": "619725204",
        "userOrders": null,
        "isSold": false,
        "id": 49045
    }
]