[
    {
        "firstName": "MARIA",
        "lastName": "NINO",
        "phone": "8002882020",
        "address": "4100 BARRETT RD",
        "city": "LA",
        "state": "ANGELES",
        "zip": "90032",
        "email": "MELYNINO@YAHOO.COM",
        "dateOfBirth": "1968-01-18T12:00:00",
        "ssn": "559359418",
        "userOrders": null,
        "isSold": false,
        "id": 80152
    },
    {
        "firstName": "KERRY",
        "lastName": "OBRIST",
        "phone": "7733164336",
        "address": "120 N OAK PARK AVE APT 200",
        "city": "CHGO",
        "state": "PARK",
        "zip": "60611",
        "email": "KERRY_OBRIST@YAHOO.COM",
        "dateOfBirth": "1968-01-29T12:00:00",
        "ssn": "339685680",
        "userOrders": null,
        "isSold": false,
        "id": 80218
    },
    {
        "firstName": "BRADLEY",
        "lastName": "KELLER",
        "phone": "3106662998",
        "address": "10066 BLOOMFIELD AVE",
        "city": "CYP",
        "state": "CA",
        "zip": "90630",
        "email": "CYPRESSBRADK@YAHOO.COM",
        "dateOfBirth": "1968-02-01T12:00:00",
        "ssn": "573179331",
        "userOrders": null,
        "isSold": false,
        "id": 80238
    },
    {
        "firstName": "TREVOR",
        "lastName": "CRANDALL",
        "phone": "6784299774",
        "address": "7415 LEDGEWOOD WAY 2",
        "city": "SUWANEE",
        "state": "GA",
        "zip": "30024",
        "email": "TREVOR.CRANDALL@YAHOO.COM",
        "dateOfBirth": "1968-11-07T12:00:00",
        "ssn": "523118235",
        "userOrders": null,
        "isSold": false,
        "id": 80334
    },
    {
        "firstName": "ANZHELIKA",
        "lastName": "BELL",
        "phone": "7472502993",
        "address": "19244 MALDEN ST",
        "city": "NOR",
        "state": "CA",
        "zip": "91324",
        "email": "LIKAEDER@YAHOO.COM",
        "dateOfBirth": "1968-06-15T12:00:00",
        "ssn": "662035072",
        "userOrders": null,
        "isSold": false,
        "id": 80424
    },
    {
        "firstName": "JAMES",
        "lastName": "KONKOL",
        "phone": "4147502882",
        "address": "525 E DARLENE LN",
        "city": "OAK CREEK",
        "state": "CREEK",
        "zip": "53154",
        "email": "PRUDY1967@HOTMAIL.COM",
        "dateOfBirth": "1968-03-14T12:00:00",
        "ssn": "387869221",
        "userOrders": null,
        "isSold": false,
        "id": 80509
    },
    {
        "firstName": "ALVANO",
        "lastName": "GONZALEZ",
        "phone": "9563121744",
        "address": "32208 POST OAK",
        "city": "BROWNSVILLE",
        "state": "BENITO",
        "zip": "78521",
        "email": "ARTUROGONZALEZ137@GMAIL.COM",
        "dateOfBirth": "1968-10-17T12:00:00",
        "ssn": "249893280",
        "userOrders": null,
        "isSold": false,
        "id": 80557
    },
    {
        "firstName": "LEIGH",
        "lastName": "DIXON",
        "phone": "9047598021",
        "address": "249 CAROLINA JASMINE LN",
        "city": "SAINT JOHNS",
        "state": "JOHNS",
        "zip": "32259",
        "email": "LEIGHINJAX@GMAIL.COM",
        "dateOfBirth": "1968-11-15T12:00:00",
        "ssn": "260379111",
        "userOrders": null,
        "isSold": false,
        "id": 80608
    },
    {
        "firstName": "MATTHEW",
        "lastName": "BELVO",
        "phone": "3174122577",
        "address": "7079 W RIDGE RUN CT",
        "city": "GREENWOOD",
        "state": "IN",
        "zip": "46143",
        "email": "MDB4597@YAHOO.COM",
        "dateOfBirth": "1968-11-07T12:00:00",
        "ssn": "300684824",
        "userOrders": null,
        "isSold": false,
        "id": 80717
    },
    {
        "firstName": "SHELLEY",
        "lastName": "WOODY",
        "phone": "6195175935",
        "address": "1394 DANDELION WAY",
        "city": "SN MARCOS",
        "state": "MARCOS",
        "zip": "92078",
        "email": "SHELLEYWOODY@YAHOO.COM",
        "dateOfBirth": "1968-10-10T12:00:00",
        "ssn": "556737100",
        "userOrders": null,
        "isSold": false,
        "id": 80731
    },
    {
        "firstName": "TERRI",
        "lastName": "THIBODEAUX",
        "phone": "8327889143",
        "address": "3230 BRUCE HALL RD",
        "city": "BRAZORIA COUNTY",
        "state": "FE",
        "zip": "77578",
        "email": "JEAUXTERRI@AOL.COM",
        "dateOfBirth": "1968-02-01T12:00:00",
        "ssn": "457417389",
        "userOrders": null,
        "isSold": false,
        "id": 80758
    },
    {
        "firstName": "HILLERY",
        "lastName": "KELEMS",
        "phone": "7345581374",
        "address": "8855 FERRY RD",
        "city": "FLAT ROCK",
        "state": "ILE",
        "zip": "48134",
        "email": "HKELEMS@YAHOO.COM",
        "dateOfBirth": "1968-11-07T12:00:00",
        "ssn": "378905461",
        "userOrders": null,
        "isSold": false,
        "id": 80778
    },
    {
        "firstName": "ENRIQUETA",
        "lastName": "ANAYA",
        "phone": "1111110001",
        "address": "APT 50",
        "city": "ANH",
        "state": "N",
        "zip": "92806",
        "email": "LEYVAQUETA@YAHOO.COM",
        "dateOfBirth": "1968-07-14T12:00:00",
        "ssn": "625024730",
        "userOrders": null,
        "isSold": true,
        "id": 80779
    },
    {
        "firstName": "ALLEN",
        "lastName": "LARKINS",
        "phone": "6149285856",
        "address": "3349 PORTRUSH AVE APT F",
        "city": "HILLIARD",
        "state": "OH",
        "zip": "43026",
        "email": "GUNSHIP130@YAHOO.COM",
        "dateOfBirth": "1968-09-19T12:00:00",
        "ssn": "271709252",
        "userOrders": null,
        "isSold": false,
        "id": 80822
    },
    {
        "firstName": "ANN",
        "lastName": "SMITH",
        "phone": "9108334601",
        "address": "PO BOX 14",
        "city": "WILM",
        "state": "NC",
        "zip": "28403",
        "email": "ANNHINSONSMITH@GMAIL.COM",
        "dateOfBirth": "1968-03-20T12:00:00",
        "ssn": "244139864",
        "userOrders": null,
        "isSold": false,
        "id": 80830
    }
]