[
    {
        "firstName": "SHARON",
        "lastName": "BOYKIN",
        "phone": "1111110001",
        "address": "909 MARYLAND ST",
        "city": "MOBILE",
        "state": "AL",
        "zip": "36604",
        "email": "SY_BOYKIN@YAHOO.COM",
        "dateOfBirth": "1968-01-07T12:00:00",
        "ssn": "417984040",
        "userOrders": null,
        "isSold": false,
        "id": 57561
    },
    {
        "firstName": "VALERIE",
        "lastName": "HONAKER",
        "phone": "9194605423",
        "address": "112 TIERCEL CT",
        "city": "CARY",
        "state": "NC",
        "zip": "27518",
        "email": "VALERIEHONAKER@YAHOO.COM",
        "dateOfBirth": "1968-08-14T12:00:00",
        "ssn": "228132096",
        "userOrders": null,
        "isSold": false,
        "id": 57657
    },
    {
        "firstName": "TONY",
        "lastName": "PARKER",
        "phone": "6162934709",
        "address": "6162934709",
        "city": "COMSTOCK PARK MI 49321-9609",
        "state": "S",
        "zip": "PLAINFIELD TWP",
        "email": "49321",
        "dateOfBirth": "1968-09-15T12:00:00",
        "ssn": "370927905",
        "userOrders": null,
        "isSold": false,
        "id": 57851
    },
    {
        "firstName": "SHELLI",
        "lastName": "SLOAN",
        "phone": "6149200155",
        "address": "266 S STANWOOD RD",
        "city": "BLOOM TWP",
        "state": "OH",
        "zip": "43130",
        "email": "SASLOAN@AEP.COM",
        "dateOfBirth": "1968-02-25T12:00:00",
        "ssn": "280724752",
        "userOrders": null,
        "isSold": false,
        "id": 57886
    },
    {
        "firstName": "ROBERT",
        "lastName": "LUNA",
        "phone": "4147081292",
        "address": "402 S 66TH ST",
        "city": "MILWAUKEE",
        "state": "WI",
        "zip": "53214",
        "email": "R_J_LUNA@OUTLOOK.COM",
        "dateOfBirth": "1968-03-25T12:00:00",
        "ssn": "394907986",
        "userOrders": null,
        "isSold": false,
        "id": 57932
    },
    {
        "firstName": "ALEN",
        "lastName": "ALI",
        "phone": "1111110001",
        "address": "841 RICHARDS RD",
        "city": "ANTIOCH",
        "state": "TN",
        "zip": "37013",
        "email": "ALENALI12@ATT.NET",
        "dateOfBirth": "1968-01-01T12:00:00",
        "ssn": "228730226",
        "userOrders": null,
        "isSold": false,
        "id": 58107
    },
    {
        "firstName": "LAQUITTA",
        "lastName": "HARRIS",
        "phone": "2054825285",
        "address": "120 HIGHLANDER DR",
        "city": "HUEYTOWN",
        "state": "AL",
        "zip": "35023",
        "email": "LRHARRIS03@GMAIL.COM",
        "dateOfBirth": "1968-01-28T12:00:00",
        "ssn": "416945244",
        "userOrders": null,
        "isSold": false,
        "id": 58112
    },
    {
        "firstName": "MARILOU",
        "lastName": "JACKSON",
        "phone": "2094742944",
        "address": "PO BOX 693504",
        "city": "STKN",
        "state": "CA",
        "zip": "95207",
        "email": "MARILOUCOLINARES@YAHOO.COM",
        "dateOfBirth": "1968-04-05T12:00:00",
        "ssn": "616155406",
        "userOrders": null,
        "isSold": false,
        "id": 58141
    },
    {
        "firstName": "LISA",
        "lastName": "ROBERTS",
        "phone": "9034078914",
        "address": "PO BOX 1101",
        "city": "MARSHALL",
        "state": "TX",
        "zip": "75670",
        "email": "AUSTIN1605@YAHOO.COM",
        "dateOfBirth": "1968-12-13T12:00:00",
        "ssn": "462275728",
        "userOrders": null,
        "isSold": false,
        "id": 58150
    },
    {
        "firstName": "TODD",
        "lastName": "BLOOMBERG",
        "phone": "6182332854",
        "address": "1229 PRESWYCK DR",
        "city": "SHILOH",
        "state": "IL",
        "zip": "62221",
        "email": "WHITBLOM@SBCGLOBAL.NET",
        "dateOfBirth": "1968-12-21T12:00:00",
        "ssn": "299642283",
        "userOrders": null,
        "isSold": false,
        "id": 58259
    },
    {
        "firstName": "ANDRE",
        "lastName": "BOURGEOIS",
        "phone": "2252661862",
        "address": "17708 INVERNESS AVE",
        "city": "BATON ROUGE",
        "state": "ROUGE",
        "zip": "70810",
        "email": "AEHBOURGEOIS@GMAIL.COM",
        "dateOfBirth": "1968-12-31T12:00:00",
        "ssn": "438044304",
        "userOrders": null,
        "isSold": true,
        "id": 58270
    },
    {
        "firstName": "MARK",
        "lastName": "HUTTO",
        "phone": "9043051138",
        "address": "4730 PRINCE EDWARD RD",
        "city": "JKVL",
        "state": "FL",
        "zip": "32210",
        "email": "HUTTO_MARK@MSN.COM",
        "dateOfBirth": "1968-07-06T12:00:00",
        "ssn": "253943878",
        "userOrders": null,
        "isSold": false,
        "id": 58318
    },
    {
        "firstName": "KHOAN",
        "lastName": "DANG",
        "phone": "4158137445",
        "address": "28 LAKEVIEW AVE",
        "city": "SF",
        "state": "FRANCISCO",
        "zip": "94112",
        "email": "KHOANDANG@ATT.NET",
        "dateOfBirth": "1968-02-12T12:00:00",
        "ssn": "601789251",
        "userOrders": null,
        "isSold": true,
        "id": 58321
    },
    {
        "firstName": "MICHELLE",
        "lastName": "MARAVIGLIA",
        "phone": "1111110001",
        "address": "PO BOX 3187",
        "city": "HMB",
        "state": "MOON",
        "zip": "94019",
        "email": "MMARAVIGLIA@AOL.COM",
        "dateOfBirth": "1968-05-04T12:00:00",
        "ssn": "566358180",
        "userOrders": null,
        "isSold": false,
        "id": 58368
    },
    {
        "firstName": "JEFFREY",
        "lastName": "LACLAIRE",
        "phone": "6167235747",
        "address": "2123 CREEKSIDE DR SW",
        "city": "BYRON TWP",
        "state": "CENTER",
        "zip": "49315",
        "email": "JEFFJENL@YAHOO.COM",
        "dateOfBirth": "1968-11-17T12:00:00",
        "ssn": "381943213",
        "userOrders": null,
        "isSold": false,
        "id": 58446
    }
]