[
    {
        "firstName": "DAVID",
        "lastName": "RUBRICH.",
        "phone": "5868990548",
        "address": "49887 SALISBURY",
        "city": "CHESTERFIELD TWP",
        "state": "MI",
        "zip": "48047",
        "email": "DRUBRICH@ATT.NET",
        "dateOfBirth": "1968-10-18T12:00:00",
        "ssn": "386825139",
        "userOrders": null,
        "isSold": false,
        "id": 85310
    },
    {
        "firstName": "ULYSSES",
        "lastName": "DUNCAN",
        "phone": "3863375761",
        "address": "735 DEERFOOT RD",
        "city": "DLND",
        "state": "FL",
        "zip": "32720",
        "email": "HALCOMBM0@OUTLOOK.COM",
        "dateOfBirth": "1968-01-08T12:00:00",
        "ssn": "261559803",
        "userOrders": null,
        "isSold": false,
        "id": 85331
    },
    {
        "firstName": "SHERI",
        "lastName": "BELL",
        "phone": "9043253180",
        "address": "204A 7TH ST",
        "city": "ST AUG BCH",
        "state": "AUGUSTINE",
        "zip": "32080",
        "email": "STEVEBELL2000@HOTMAIL.COM",
        "dateOfBirth": "1968-07-04T12:00:00",
        "ssn": "589303960",
        "userOrders": null,
        "isSold": false,
        "id": 85380
    },
    {
        "firstName": "RAFAEL",
        "lastName": "GONGORA",
        "phone": "7603561561",
        "address": "835 BRENTWOOD AVE",
        "city": "HLTV",
        "state": "CA",
        "zip": "92250",
        "email": "RAFAELGONGORA@SBCGLOBAL.NET",
        "dateOfBirth": "1968-01-31T12:00:00",
        "ssn": "552650963",
        "userOrders": null,
        "isSold": false,
        "id": 85392
    },
    {
        "firstName": "JEFFERY",
        "lastName": "BRIGGS",
        "phone": "7062459638",
        "address": "216 NORTH AVE LOT 10",
        "city": "ATH",
        "state": "GA",
        "zip": "30601",
        "email": "JEFFREYJ19891996@GMAIL.COM",
        "dateOfBirth": "1968-03-02T12:00:00",
        "ssn": "472847097",
        "userOrders": null,
        "isSold": false,
        "id": 85401
    },
    {
        "firstName": "JAIME",
        "lastName": "MORENO",
        "phone": "8325189742",
        "address": "5507 HARDWOOD FOREST DR",
        "city": "HOUSTON",
        "state": "TX",
        "zip": "77088",
        "email": "MORENO0872@ATT.NET",
        "dateOfBirth": "1968-08-21T12:00:00",
        "ssn": "634058876",
        "userOrders": null,
        "isSold": false,
        "id": 85407
    },
    {
        "firstName": "JOHN",
        "lastName": "LORENZ",
        "phone": "7087126709",
        "address": "15200 HILLSIDE AVE",
        "city": "OAK FOR",
        "state": "FOREST",
        "zip": "60452",
        "email": "JOHN_LORENZ44@HOTMAIL.COM",
        "dateOfBirth": "1968-02-18T12:00:00",
        "ssn": "348605764",
        "userOrders": null,
        "isSold": false,
        "id": 85419
    },
    {
        "firstName": "MIA",
        "lastName": "C",
        "phone": "2147145471",
        "address": "1546 HIGH POINTE LN",
        "city": "CEDAR HILL",
        "state": "HILL",
        "zip": "75104",
        "email": "MIASMAIL14@GMAIL.COM",
        "dateOfBirth": "1968-10-14T12:00:00",
        "ssn": "461397642",
        "userOrders": null,
        "isSold": true,
        "id": 85453
    },
    {
        "firstName": "LUCY",
        "lastName": "ZAVALA",
        "phone": "7865141589",
        "address": "100 OCEAN LANE DR APT 204",
        "city": "KEY BISC",
        "state": "BISCAYNE",
        "zip": "33149",
        "email": "LUCYZAVALA@MSN.COM",
        "dateOfBirth": "1968-03-21T12:00:00",
        "ssn": "347648395",
        "userOrders": null,
        "isSold": false,
        "id": 85486
    },
    {
        "firstName": "TERRY",
        "lastName": "WELLS",
        "phone": "3145653436",
        "address": "257 GEREMMA CT",
        "city": "BALLWIN",
        "state": "MO",
        "zip": "63011",
        "email": "JAKEWELLS0000@ATT.NET",
        "dateOfBirth": "1968-06-01T12:00:00",
        "ssn": "496887651",
        "userOrders": null,
        "isSold": false,
        "id": 85550
    },
    {
        "firstName": "SUSAN",
        "lastName": "BRADY",
        "phone": "8479064080",
        "address": "801 CENTRAL AVE",
        "city": "WILMET",
        "state": "IL",
        "zip": "60091",
        "email": "CBRADY@INQUIRELEARNING.COM",
        "dateOfBirth": "1968-01-14T12:00:00",
        "ssn": "207441313",
        "userOrders": null,
        "isSold": false,
        "id": 85573
    },
    {
        "firstName": "CHERYL",
        "lastName": "JAMES",
        "phone": "6018269471",
        "address": "718 SIMPSON DR",
        "city": "WINONA",
        "state": "MS",
        "zip": "38967",
        "email": "CJAMES4093@ATT.NET",
        "dateOfBirth": "1968-07-23T12:00:00",
        "ssn": "428392796",
        "userOrders": null,
        "isSold": false,
        "id": 85622
    },
    {
        "firstName": "SHANNON",
        "lastName": "STANHOPE",
        "phone": "5018372484",
        "address": "21406 HIGHWAY 365 N",
        "city": "PULASKI COUNTY",
        "state": "LITTLE",
        "zip": "72113",
        "email": "SHANNON_STANHOPE@YAHOO.COM",
        "dateOfBirth": "1968-04-01T12:00:00",
        "ssn": "326640288",
        "userOrders": null,
        "isSold": false,
        "id": 85633
    },
    {
        "firstName": "SEAN",
        "lastName": "DAVIS",
        "phone": "3138610082",
        "address": "18340 WARWICK ST",
        "city": "DETROIT",
        "state": "MI",
        "zip": "48219",
        "email": "SED313@AOL.COM",
        "dateOfBirth": "1968-06-18T12:00:00",
        "ssn": "377724218",
        "userOrders": null,
        "isSold": false,
        "id": 85753
    },
    {
        "firstName": "HOLLY",
        "lastName": "CHICHESTER",
        "phone": "7727662722",
        "address": "11231 STONE MILL CT",
        "city": "VERO BCH",
        "state": "VA",
        "zip": "32960",
        "email": "VTLORAX@GMAIL.COM",
        "dateOfBirth": "1968-09-20T12:00:00",
        "ssn": "229338610",
        "userOrders": null,
        "isSold": false,
        "id": 85828
    }
]