[
    {
        "firstName": "CORINA",
        "lastName": "IGLESIAS",
        "phone": "3059843292",
        "address": "13600 SW 97TH ST",
        "city": "MIA",
        "state": "FL",
        "zip": "33186",
        "email": "CORINAF2006@YAHOO.COM",
        "dateOfBirth": "1968-07-01T12:00:00",
        "ssn": "589210043",
        "userOrders": null,
        "isSold": false,
        "id": 84186
    },
    {
        "firstName": "JOSE",
        "lastName": "RODRIGUEZ",
        "phone": "9548050500",
        "address": "7734 NW 70TH WAY",
        "city": "PKLND",
        "state": "FL",
        "zip": "33067",
        "email": "JRODRIG302@YAHOO.COM",
        "dateOfBirth": "1968-03-09T12:00:00",
        "ssn": "590263521",
        "userOrders": null,
        "isSold": false,
        "id": 84208
    },
    {
        "firstName": "SAMIR",
        "lastName": "PATEL",
        "phone": "7739731761",
        "address": "2098 GOSHEN RD",
        "city": "CHGO",
        "state": "WAYNE",
        "zip": "60659",
        "email": "SAMIR.PATEL4833@YAHOO.COM",
        "dateOfBirth": "1968-10-04T12:00:00",
        "ssn": "320025595",
        "userOrders": null,
        "isSold": false,
        "id": 84239
    },
    {
        "firstName": "BRENDA",
        "lastName": "REED",
        "phone": "4074700942",
        "address": "4910 VISTA LAGO DR",
        "city": "ORL",
        "state": "FL",
        "zip": "32811",
        "email": "BRENDA296@GMAIL.COM",
        "dateOfBirth": "1968-06-28T12:00:00",
        "ssn": "266493998",
        "userOrders": null,
        "isSold": false,
        "id": 84245
    },
    {
        "firstName": "MARY",
        "lastName": "LYONS",
        "phone": "7733399571",
        "address": "1043 HARVARD LN",
        "city": "BUFLO GRV",
        "state": "GROVE",
        "zip": "60089",
        "email": "MARYLYONS3@YAHOO.COM",
        "dateOfBirth": "1968-05-15T12:00:00",
        "ssn": "329607040",
        "userOrders": null,
        "isSold": true,
        "id": 84272
    },
    {
        "firstName": "FREDRICK",
        "lastName": "WRIGHT",
        "phone": "5622152750",
        "address": "2519 W COMPTON BLVD APT C",
        "city": "CPT",
        "state": "CA",
        "zip": "90220",
        "email": "FREDRICK0352@ATT.NET",
        "dateOfBirth": "1968-12-17T12:00:00",
        "ssn": "570088059",
        "userOrders": null,
        "isSold": false,
        "id": 84278
    },
    {
        "firstName": "DALE",
        "lastName": "WHITE",
        "phone": "5739442402",
        "address": "502 ALBERT ST",
        "city": "FREDERICKTOWN",
        "state": "MO",
        "zip": "63645",
        "email": "DALEWHITE1968@YAHOO.COM",
        "dateOfBirth": "1968-01-03T12:00:00",
        "ssn": "487662512",
        "userOrders": null,
        "isSold": false,
        "id": 84289
    },
    {
        "firstName": "ALEX",
        "lastName": "PARADA",
        "phone": "3054796039",
        "address": "2904 NE 8TH TER APT 202",
        "city": "OKLND PK",
        "state": "MANORS",
        "zip": "33334",
        "email": "APR8768@GMAIL.COM",
        "dateOfBirth": "1968-07-08T12:00:00",
        "ssn": "594498613",
        "userOrders": null,
        "isSold": false,
        "id": 84339
    },
    {
        "firstName": "JOSE",
        "lastName": "SANCHEZ*",
        "phone": "8187817190",
        "address": "7548 SEPULVEDA BLVD",
        "city": "VN",
        "state": "NUYS",
        "zip": "91405",
        "email": "DAVIDJOSE6817@YAHOO.COM",
        "dateOfBirth": "1968-06-17T12:00:00",
        "ssn": "614132499",
        "userOrders": null,
        "isSold": false,
        "id": 84397
    },
    {
        "firstName": "SCOTT",
        "lastName": "DAVIS",
        "phone": "2142808085",
        "address": "3909 BETTY ST",
        "city": "ROCKWALL",
        "state": "TX",
        "zip": "75087",
        "email": "DSCOTD@GMAIL.COM",
        "dateOfBirth": "1968-01-08T12:00:00",
        "ssn": "458980686",
        "userOrders": null,
        "isSold": false,
        "id": 84411
    },
    {
        "firstName": "LASANDRA",
        "lastName": "JOHNSON",
        "phone": "8632734916",
        "address": "1001 MCKINLEY ST",
        "city": "CLARKSDALE",
        "state": "MS",
        "zip": "38614",
        "email": "LASANDRAJ2010@GMAIL.COM",
        "dateOfBirth": "1968-06-19T12:00:00",
        "ssn": "427175323",
        "userOrders": null,
        "isSold": false,
        "id": 84480
    },
    {
        "firstName": "HIEN",
        "lastName": "CAO",
        "phone": "7606725312",
        "address": "5140 N RIVER RD UNIT D",
        "city": "OCNSD",
        "state": "CA",
        "zip": "92057",
        "email": "DIEUHIEN68@ATT.NET",
        "dateOfBirth": "1968-09-26T12:00:00",
        "ssn": "615049615",
        "userOrders": null,
        "isSold": false,
        "id": 84504
    },
    {
        "firstName": "DOUG",
        "lastName": "OWENS",
        "phone": "6362191496",
        "address": "930 BENTLEY PARK CIR",
        "city": "OFALLON",
        "state": "FALLON",
        "zip": "63368",
        "email": "DOUG_OWENS@OUTLOOK.COM",
        "dateOfBirth": "1968-07-01T12:00:00",
        "ssn": "490662581",
        "userOrders": null,
        "isSold": false,
        "id": 84634
    },
    {
        "firstName": "MISTY",
        "lastName": "SMITH",
        "phone": "2176853337",
        "address": "300 FORREST AVE TRLR 22",
        "city": "SPFD",
        "state": "IL",
        "zip": "62704",
        "email": "MISTY.LORENZO@ATT.NET",
        "dateOfBirth": "1968-01-17T12:00:00",
        "ssn": "356602704",
        "userOrders": null,
        "isSold": false,
        "id": 84677
    },
    {
        "firstName": "DARRELL",
        "lastName": "W",
        "phone": "8656798117",
        "address": "1021 STONES THROW LN",
        "city": "SEVIERVILLE",
        "state": "TN",
        "zip": "37876",
        "email": "DWAYNEGARLAND@GMAIL.COM",
        "dateOfBirth": "1968-09-12T12:00:00",
        "ssn": "589342604",
        "userOrders": null,
        "isSold": false,
        "id": 84704
    }
]