[
    {
        "firstName": "BINH",
        "lastName": "TIAN",
        "phone": "5599096176",
        "address": "1638 E DOROTHEA AVE",
        "city": "VIS",
        "state": "CA",
        "zip": "93292",
        "email": "SAMQUOC24@YAHOO.COM",
        "dateOfBirth": "1968-12-08T12:00:00",
        "ssn": "610446743",
        "userOrders": null,
        "isSold": false,
        "id": 77386
    },
    {
        "firstName": "KERRY",
        "lastName": "ROMERO",
        "phone": "9132075479",
        "address": "16124 W 143RD TER",
        "city": "OLATHE",
        "state": "KS",
        "zip": "66062",
        "email": "KSRGOLF@YAHOO.COM",
        "dateOfBirth": "1968-12-23T12:00:00",
        "ssn": "511863304",
        "userOrders": null,
        "isSold": false,
        "id": 77396
    },
    {
        "firstName": "JEFF",
        "lastName": "ROMMEL",
        "phone": "3105588062",
        "address": "3102 S DURANGO AVE APT 5",
        "city": "LA",
        "state": "ANGELES",
        "zip": "90034",
        "email": "JROMMEL413@GMAIL.COM",
        "dateOfBirth": "1968-04-13T12:00:00",
        "ssn": "553798728",
        "userOrders": null,
        "isSold": false,
        "id": 77415
    },
    {
        "firstName": "JOEL",
        "lastName": "WAIWAIOLE",
        "phone": "5123413880",
        "address": "7108 BLACK ROCK BND",
        "city": "ROUND ROCK",
        "state": "ROCK",
        "zip": "78681",
        "email": "YYOLE@YAHOO.COM",
        "dateOfBirth": "1968-05-30T12:00:00",
        "ssn": "474883699",
        "userOrders": null,
        "isSold": true,
        "id": 77462
    },
    {
        "firstName": "PAMELA",
        "lastName": "FRANKLIN",
        "phone": "8002882020",
        "address": "6200 AIRPORT BLVD APT 166",
        "city": "MOBILE",
        "state": "AL",
        "zip": "36608",
        "email": "BRITNOPATTON@YAHOO.COM",
        "dateOfBirth": "1968-10-21T12:00:00",
        "ssn": "421846711",
        "userOrders": null,
        "isSold": false,
        "id": 77515
    },
    {
        "firstName": "JAMES",
        "lastName": "TUTTLE",
        "phone": "3162531468",
        "address": "1909 N FREDERIC ST",
        "city": "WICHITA",
        "state": "KS",
        "zip": "67206",
        "email": "PTUTTLE@DELTADENTALKS.COM",
        "dateOfBirth": "1968-03-25T12:00:00",
        "ssn": "237218525",
        "userOrders": null,
        "isSold": false,
        "id": 77519
    },
    {
        "firstName": "RAUL",
        "lastName": "ROJAS",
        "phone": "5806700370",
        "address": "123 W MCKINLEY AVE APT 9",
        "city": "BLACKWELL",
        "state": "OK",
        "zip": "74631",
        "email": "MARYSUVERMENDOZA@ATT.NET",
        "dateOfBirth": "1968-09-10T12:00:00",
        "ssn": "443061608",
        "userOrders": null,
        "isSold": false,
        "id": 77535
    },
    {
        "firstName": "STACIE",
        "lastName": "BOLDEN",
        "phone": "6268407637",
        "address": "1348 MORADA PL",
        "city": "ALT",
        "state": "CA",
        "zip": "91001",
        "email": "STACIEBOLDEN@YAHOO.COM",
        "dateOfBirth": "1968-03-24T12:00:00",
        "ssn": "552297941",
        "userOrders": null,
        "isSold": false,
        "id": 77590
    },
    {
        "firstName": "NANCY",
        "lastName": "GERFIN",
        "phone": "4145889025",
        "address": "2729 S 63RD ST",
        "city": "WEST ALLIS",
        "state": "ALLIS",
        "zip": "53219",
        "email": "NGERF@ATT.NET",
        "dateOfBirth": "1968-06-24T12:00:00",
        "ssn": "392840090",
        "userOrders": null,
        "isSold": false,
        "id": 77667
    },
    {
        "firstName": "JACKIE",
        "lastName": "ALEXANDER",
        "phone": "6163349376",
        "address": "942 ARDMORE ST SE",
        "city": "GRAND RAPIDS",
        "state": "RAPIDS",
        "zip": "49507",
        "email": "DAJAADAMS3@ATT.NET",
        "dateOfBirth": "1968-09-22T12:00:00",
        "ssn": "364807230",
        "userOrders": null,
        "isSold": false,
        "id": 77682
    },
    {
        "firstName": "ALBERTO",
        "lastName": "MEJIA",
        "phone": "2134222194",
        "address": "APT 201",
        "city": "LA",
        "state": "W",
        "zip": "90017",
        "email": "EDUARDO9229@YAHOO.COM",
        "dateOfBirth": "1968-08-05T12:00:00",
        "ssn": "584349953",
        "userOrders": null,
        "isSold": true,
        "id": 77788
    },
    {
        "firstName": "THOMAS",
        "lastName": "LONG",
        "phone": "2542188592",
        "address": "194 CLEAR CREEK LN",
        "city": "MART",
        "state": "TX",
        "zip": "76664",
        "email": "DIVADIVARE@GMAIL.COM",
        "dateOfBirth": "1968-08-30T12:00:00",
        "ssn": "188548654",
        "userOrders": null,
        "isSold": false,
        "id": 77847
    },
    {
        "firstName": "TAMMY",
        "lastName": "BRAY",
        "phone": "3367071500",
        "address": "1408 HALBROOK ST",
        "city": "REIDSVL",
        "state": "NC",
        "zip": "27320",
        "email": "SERRELLTWO@AOL.COM",
        "dateOfBirth": "1968-12-27T12:00:00",
        "ssn": "244438013",
        "userOrders": null,
        "isSold": false,
        "id": 77901
    },
    {
        "firstName": "ANTHONY",
        "lastName": "WIETECHA",
        "phone": "5174046784",
        "address": "6811 FOWLERVILLE RD",
        "city": "FOWLERVILLE",
        "state": "MI",
        "zip": "48836",
        "email": "A2X4TONY@YAHOO.COM",
        "dateOfBirth": "1968-07-14T12:00:00",
        "ssn": "373703433",
        "userOrders": null,
        "isSold": false,
        "id": 77907
    },
    {
        "firstName": "MOHAMMED",
        "lastName": "ARAB-OGALI",
        "phone": "2254243430",
        "address": "2252 SAINT ANDREWS AVE",
        "city": "ZACHARY",
        "state": "LA",
        "zip": "70791",
        "email": "RADWAN@INBOX.COM",
        "dateOfBirth": "1968-09-16T12:00:00",
        "ssn": "286846118",
        "userOrders": null,
        "isSold": false,
        "id": 77932
    }
]