[
    {
        "firstName": "RICHARD",
        "lastName": "CONANT",
        "phone": "9519663180",
        "address": "1567 WHITEOAK DR",
        "city": "RIV",
        "state": "CA",
        "zip": "92508",
        "email": "CONANT50@HOTMAIL.COM",
        "dateOfBirth": "1968-11-07T12:00:00",
        "ssn": "559697956",
        "userOrders": null,
        "isSold": false,
        "id": 21518
    },
    {
        "firstName": "ZHANWEN",
        "lastName": "LI",
        "phone": "8582055236",
        "address": "13479 PEACH TREE WAY",
        "city": "SD",
        "state": "DIEGO",
        "zip": "92130",
        "email": "CARRIE66@GMAIL.COM",
        "dateOfBirth": "1968-08-27T12:00:00",
        "ssn": "600910454",
        "userOrders": null,
        "isSold": false,
        "id": 21571
    },
    {
        "firstName": "JORGE",
        "lastName": "BARRIGA",
        "phone": "6154382003",
        "address": "2505 PENNINGTON BEND RD",
        "city": "NASHVILLE",
        "state": "TN",
        "zip": "37214",
        "email": "JORGEBARRIGA2505@ATT.NET",
        "dateOfBirth": "1968-11-15T12:00:00",
        "ssn": "809891097",
        "userOrders": null,
        "isSold": false,
        "id": 21593
    },
    {
        "firstName": "LINNET",
        "lastName": "GUNTER",
        "phone": "4049245122",
        "address": "7105 JEFFERSON SQUARE CT",
        "city": "DEC",
        "state": "GA",
        "zip": "30030",
        "email": "LINSWAY86@GMAIL.COM",
        "dateOfBirth": "1968-11-26T12:00:00",
        "ssn": "372925509",
        "userOrders": null,
        "isSold": false,
        "id": 21615
    },
    {
        "firstName": "NANCY",
        "lastName": "RAMSEY",
        "phone": "8129875987",
        "address": "182 WOODBOURNE DR",
        "city": "NEW ALBANY",
        "state": "ALBANY",
        "zip": "47150",
        "email": "NSRAMSEY4@AOL.COM",
        "dateOfBirth": "1968-01-15T12:00:00",
        "ssn": "401049797",
        "userOrders": null,
        "isSold": false,
        "id": 21740
    },
    {
        "firstName": "MARY",
        "lastName": "ROMO",
        "phone": "2104994854",
        "address": "24758 GRAND HARBOR DR APT 1621",
        "city": "SAN ANTONIO",
        "state": "TX",
        "zip": "78213",
        "email": "MCAAROMO@HOTMAIL.COM",
        "dateOfBirth": "1968-09-01T12:00:00",
        "ssn": "465476844",
        "userOrders": null,
        "isSold": false,
        "id": 21751
    },
    {
        "firstName": "RACHAEL",
        "lastName": "MCKENNA",
        "phone": "3108412069",
        "address": "1449 WELLESLEY AVE APT 142",
        "city": "LA",
        "state": "ANGELES",
        "zip": "90034",
        "email": "JOHN_MCKENNA@ATT.NET",
        "dateOfBirth": "1968-09-25T12:00:00",
        "ssn": "559907027",
        "userOrders": null,
        "isSold": false,
        "id": 21815
    },
    {
        "firstName": "ERGUN",
        "lastName": "SUERKAN",
        "phone": "5125714880",
        "address": "12708 MONTEREY PATH",
        "city": "AUSTIN",
        "state": "TX",
        "zip": "78732",
        "email": "ERGUNSUERKAN@GMAIL.COM",
        "dateOfBirth": "1968-02-25T12:00:00",
        "ssn": "621720102",
        "userOrders": null,
        "isSold": false,
        "id": 21837
    },
    {
        "firstName": "DELORIS",
        "lastName": "WALTON",
        "phone": "2623591592",
        "address": "8630 82ND ST APT 201",
        "city": "PLEASANT PRAIRIE",
        "state": "PR",
        "zip": "53158",
        "email": "DELORIS.WALTON@GMAIL.COM",
        "dateOfBirth": "1968-02-08T12:00:00",
        "ssn": "436239904",
        "userOrders": null,
        "isSold": false,
        "id": 21862
    },
    {
        "firstName": "MICHAEL",
        "lastName": "MOSER",
        "phone": "6142863839",
        "address": "1393 BOSWORTH PL",
        "city": "COLUMBUS",
        "state": "OH",
        "zip": "43229",
        "email": "KNIGHTSPY8@ATT.NET",
        "dateOfBirth": "1968-07-11T12:00:00",
        "ssn": "594202323",
        "userOrders": null,
        "isSold": false,
        "id": 21887
    },
    {
        "firstName": "MARGARET",
        "lastName": "HODGENS",
        "phone": "5614143493",
        "address": "6280 WINDLASS CIR",
        "city": "BOYN BCH",
        "state": "BEACH",
        "zip": "33472",
        "email": "JUDENMEG@BELLSOUTH.NET",
        "dateOfBirth": "1968-12-21T12:00:00",
        "ssn": "218063282",
        "userOrders": null,
        "isSold": false,
        "id": 21897
    },
    {
        "firstName": "GILBERT",
        "lastName": "VASQUEZ",
        "phone": "5597082270",
        "address": "1454 PERDITA LN",
        "city": "FRS",
        "state": "CA",
        "zip": "93711",
        "email": "VASQUEZG83.GV@GMAIL.COM",
        "dateOfBirth": "1968-12-07T12:00:00",
        "ssn": "547877631",
        "userOrders": null,
        "isSold": false,
        "id": 21899
    },
    {
        "firstName": "MELISSA",
        "lastName": "SHANMUGAM",
        "phone": "6145356186",
        "address": "2348 STONELICK CT",
        "city": "COLUMBUS",
        "state": "OH",
        "zip": "43026",
        "email": "MLIZASUE@LIVE.COM",
        "dateOfBirth": "1968-07-05T12:00:00",
        "ssn": "410459918",
        "userOrders": null,
        "isSold": false,
        "id": 21902
    },
    {
        "firstName": "CAROLE",
        "lastName": "AMES",
        "phone": "4329347406",
        "address": "902 N BELMONT AVE",
        "city": "ODESSA",
        "state": "TX",
        "zip": "79763",
        "email": "CAROLE.D.AMES@GMAIL.COM",
        "dateOfBirth": "1968-04-20T12:00:00",
        "ssn": "456658504",
        "userOrders": null,
        "isSold": false,
        "id": 21926
    },
    {
        "firstName": "ELENI",
        "lastName": "LEMMA",
        "phone": "5108277464",
        "address": "4722 WEST ST APT B",
        "city": "OAK",
        "state": "CA",
        "zip": "94608",
        "email": "LEMMA.ELENI@YAHOO.COM",
        "dateOfBirth": "1968-09-11T12:00:00",
        "ssn": "612785238",
        "userOrders": null,
        "isSold": false,
        "id": 21999
    }
]