[
    {
        "firstName": "MANUEL",
        "lastName": "GARCIA",
        "phone": "2818275025",
        "address": "2200 S GESSNER RD APT 713",
        "city": "HOUSTON",
        "state": "TX",
        "zip": "77063",
        "email": "GARCMANUEL2011@YAHOO.COM",
        "dateOfBirth": "1968-05-04T12:00:00",
        "ssn": "630315177",
        "userOrders": null,
        "isSold": false,
        "id": 34596
    },
    {
        "firstName": "RICARDO",
        "lastName": "MENDEZ",
        "phone": "2134541470",
        "address": "625 S BURLINGTON AVE APT 302",
        "city": "LA",
        "state": "ANGELES",
        "zip": "90057",
        "email": "CRISCRIS4931@GMAIL.COM",
        "dateOfBirth": "1968-08-19T12:00:00",
        "ssn": "607803176",
        "userOrders": null,
        "isSold": false,
        "id": 34662
    },
    {
        "firstName": "KEITH",
        "lastName": "BUTLER",
        "phone": "6154282912",
        "address": "1033 MARGARET DR",
        "city": "HENDERSONVILLE",
        "state": "TN",
        "zip": "37075",
        "email": "CHRISTYKEITH@COMCAST.NET",
        "dateOfBirth": "1968-10-11T12:00:00",
        "ssn": "409472246",
        "userOrders": null,
        "isSold": false,
        "id": 34759
    },
    {
        "firstName": "ROHANN",
        "lastName": "SAMMS",
        "phone": "4072963222",
        "address": "3661 TRIANON DR",
        "city": "ORL",
        "state": "FL",
        "zip": "32818",
        "email": "ROHANSAMMS@BELLSOUTH.NET",
        "dateOfBirth": "1968-02-07T12:00:00",
        "ssn": "770320629",
        "userOrders": null,
        "isSold": false,
        "id": 34838
    },
    {
        "firstName": "CHELSEA",
        "lastName": "TUCK",
        "phone": "7075997522",
        "address": "2351 SHERRI CT",
        "city": "ARCATA",
        "state": "CA",
        "zip": "95521",
        "email": "CLTUCK68@YAHOO.COM",
        "dateOfBirth": "1968-11-21T12:00:00",
        "ssn": "568794012",
        "userOrders": null,
        "isSold": false,
        "id": 34964
    },
    {
        "firstName": "ANA",
        "lastName": "MEZA",
        "phone": "3234348194",
        "address": "4579 HUBBARD ST",
        "city": "LA",
        "state": "ANGELES",
        "zip": "90022",
        "email": "ANA1788@ATT.NET",
        "dateOfBirth": "1968-04-27T12:00:00",
        "ssn": "606372863",
        "userOrders": null,
        "isSold": false,
        "id": 34992
    },
    {
        "firstName": "LYNN",
        "lastName": "LUNDGREN",
        "phone": "8473094416",
        "address": "214 NAVAJO TRL",
        "city": "BUFLO GRV",
        "state": "GROVE",
        "zip": "60089",
        "email": "AC3VJ@ALLSTATE.COM",
        "dateOfBirth": "1968-01-25T12:00:00",
        "ssn": "320588648",
        "userOrders": null,
        "isSold": true,
        "id": 35006
    },
    {
        "firstName": "MARIA",
        "lastName": "G",
        "phone": "3232353466",
        "address": "1210 E 43RD PL",
        "city": "LA",
        "state": "ANGELES",
        "zip": "90011",
        "email": "BUBULANDDIAS@YAHOO.COM",
        "dateOfBirth": "1968-02-07T12:00:00",
        "ssn": "626144867",
        "userOrders": null,
        "isSold": false,
        "id": 35052
    },
    {
        "firstName": "JOHNSON",
        "lastName": "THANGASAMY",
        "phone": "8585364644",
        "address": "9644 CAPRICORN WAY",
        "city": "SD",
        "state": "DIEGO",
        "zip": "92126",
        "email": "JOHNSON.PK@GMAIL.COM",
        "dateOfBirth": "1968-05-22T12:00:00",
        "ssn": "617708226",
        "userOrders": null,
        "isSold": false,
        "id": 35071
    },
    {
        "firstName": "RACHEL",
        "lastName": "BOHNET",
        "phone": "3178884074",
        "address": "6617 SOUTHERN CROSS DR",
        "city": "INDIANAPOLIS",
        "state": "IN",
        "zip": "46237",
        "email": "EBOHNET@GMAIL.COM",
        "dateOfBirth": "1968-07-23T12:00:00",
        "ssn": "305889514",
        "userOrders": null,
        "isSold": false,
        "id": 35144
    },
    {
        "firstName": "JOHN",
        "lastName": "SWINDEMAN",
        "phone": "8656022376",
        "address": "PO BOX 6957",
        "city": "KNOXVILLE",
        "state": "RIDGE",
        "zip": "37921",
        "email": "JSWINDEM@BELLSOUTH.NET",
        "dateOfBirth": "1968-07-26T12:00:00",
        "ssn": "412255476",
        "userOrders": null,
        "isSold": false,
        "id": 35154
    },
    {
        "firstName": "JOSHUA",
        "lastName": "HILEWITZ",
        "phone": "5126945126",
        "address": "PO BOX 18866",
        "city": "LEANDER",
        "state": "TX",
        "zip": "78641",
        "email": "JOSHUAHILEWITZ@HOTMAIL.COM",
        "dateOfBirth": "1968-04-11T12:00:00",
        "ssn": "465853958",
        "userOrders": null,
        "isSold": false,
        "id": 35181
    },
    {
        "firstName": "JUANA",
        "lastName": "CARDENAS",
        "phone": "9158385060",
        "address": "639 ACHIM DR",
        "city": "EL PASO",
        "state": "PASO",
        "zip": "79928",
        "email": "JUANA5498@ATT.NET",
        "dateOfBirth": "1968-02-18T12:00:00",
        "ssn": "467970229",
        "userOrders": null,
        "isSold": false,
        "id": 35278
    },
    {
        "firstName": "LEONARD",
        "lastName": "HUMBLE",
        "phone": "1111110001",
        "address": "126 OAKHILL DR",
        "city": "HUNTINGDON",
        "state": "TN",
        "zip": "38344",
        "email": "LEOPHUM@YAHOO.COM",
        "dateOfBirth": "1968-01-11T12:00:00",
        "ssn": "415210402",
        "userOrders": null,
        "isSold": false,
        "id": 35292
    },
    {
        "firstName": "NICK",
        "lastName": "LAYMON",
        "phone": "3135166561",
        "address": "678 N MAIN ST APT 104",
        "city": "ROCHESTER",
        "state": "MI",
        "zip": "48307",
        "email": "X@X.COM",
        "dateOfBirth": "1968-04-16T12:00:00",
        "ssn": "384760993",
        "userOrders": null,
        "isSold": false,
        "id": 35300
    }
]