[
    {
        "firstName": "CHARLES",
        "lastName": "PRIETO",
        "phone": "8647040796",
        "address": "918 MILLER RD",
        "city": "SMPSNVL",
        "state": "SC",
        "zip": "29681",
        "email": "CHARLIEPRIETO1@GMAIL.COM",
        "dateOfBirth": "1968-03-19T12:00:00",
        "ssn": "592108028",
        "userOrders": null,
        "isSold": true,
        "id": 85896
    },
    {
        "firstName": "TRACY",
        "lastName": "BEASON",
        "phone": "8287486030",
        "address": "402 FERRY RD",
        "city": "FOR CTY",
        "state": "CITY",
        "zip": "28043",
        "email": "MISSY.WILLIS8378@GMAIL.COM",
        "dateOfBirth": "1968-05-29T12:00:00",
        "ssn": "241374687",
        "userOrders": null,
        "isSold": false,
        "id": 85924
    },
    {
        "firstName": "COURTNEY",
        "lastName": "PRICE",
        "phone": "2565770777",
        "address": "210 GLENN ST",
        "city": "JACKSON",
        "state": "AL",
        "zip": "36545",
        "email": "PRICELESS196887@YAHOO.COM",
        "dateOfBirth": "1968-03-17T12:00:00",
        "ssn": "372765235",
        "userOrders": null,
        "isSold": false,
        "id": 85956
    },
    {
        "firstName": "DANIEL",
        "lastName": "D",
        "phone": "8127839256",
        "address": "5396 E BOSHEARS RD",
        "city": "BLOOMINGTON",
        "state": "IN",
        "zip": "47408",
        "email": "DCLEN@HOTMAIL.COM",
        "dateOfBirth": "1968-05-07T12:00:00",
        "ssn": "311929625",
        "userOrders": null,
        "isSold": false,
        "id": 85981
    },
    {
        "firstName": "MANOG",
        "lastName": "RAWAT",
        "phone": "2488725050",
        "address": "4403 BENNETT PARK CIR",
        "city": "FARMINGTON HILLS",
        "state": "MI",
        "zip": "48334",
        "email": "MANOJRAWAT@HOTMAII.COM",
        "dateOfBirth": "1968-05-30T12:00:00",
        "ssn": "377237849",
        "userOrders": null,
        "isSold": false,
        "id": 86111
    },
    {
        "firstName": "PAUL",
        "lastName": "GRADY",
        "phone": "4044313295",
        "address": "7931 ROSWELL RD APT G",
        "city": "SANDY SPRINGS",
        "state": "SPRINGS",
        "zip": "30350",
        "email": "PAULMATTHEW22@GMAIL.COM",
        "dateOfBirth": "1968-11-08T12:00:00",
        "ssn": "240415550",
        "userOrders": null,
        "isSold": false,
        "id": 86222
    },
    {
        "firstName": "MARIA",
        "lastName": "R",
        "phone": "2143243087",
        "address": "2146945224",
        "city": "DALLAS TX 75228-3301",
        "state": "CREST",
        "zip": "DALLAS",
        "email": "75228",
        "dateOfBirth": "1968-08-07T12:00:00",
        "ssn": "639600626",
        "userOrders": null,
        "isSold": false,
        "id": 86263
    },
    {
        "firstName": "SOCORRO",
        "lastName": "HEREDIA",
        "phone": "2093736241",
        "address": "720 W WEBER AVE APT 199",
        "city": "STKN",
        "state": "CA",
        "zip": "95203",
        "email": "ANDREA_10120@YAHOO.COM",
        "dateOfBirth": "1968-11-10T12:00:00",
        "ssn": "619374263",
        "userOrders": null,
        "isSold": false,
        "id": 86313
    },
    {
        "firstName": "BRAD",
        "lastName": "DENT",
        "phone": "6823653003",
        "address": "12309 I H 20 S SERVICE RD W",
        "city": "FORT WORTH",
        "state": "TX",
        "zip": "76137",
        "email": "BRADDENT@ATT.NET",
        "dateOfBirth": "1968-05-03T12:00:00",
        "ssn": "466671169",
        "userOrders": null,
        "isSold": false,
        "id": 86377
    },
    {
        "firstName": "CESAR",
        "lastName": "CADENA",
        "phone": "3232453233",
        "address": "144 W 50TH ST",
        "city": "LA",
        "state": "ANGELES",
        "zip": "90003",
        "email": "CESARCADENA1968@GMAIL.COM",
        "dateOfBirth": "1968-03-09T12:00:00",
        "ssn": "613200663",
        "userOrders": null,
        "isSold": false,
        "id": 86412
    },
    {
        "firstName": "JOSE",
        "lastName": "GOMEZ",
        "phone": "3177801188",
        "address": "GOMEZ APPLIANCES",
        "city": "INDIANAPOLIS",
        "state": "S",
        "zip": "46203",
        "email": "GOMEZAPPLIANCES@ATT.NET",
        "dateOfBirth": "1968-06-04T12:00:00",
        "ssn": "617262005",
        "userOrders": null,
        "isSold": false,
        "id": 86508
    },
    {
        "firstName": "BARBARA",
        "lastName": "BARNES",
        "phone": "4042195608",
        "address": "1051 PINE LOG RD NE APT 15",
        "city": "CNYRS",
        "state": "GA",
        "zip": "30012",
        "email": "BBARNES726@AOL.COM",
        "dateOfBirth": "1968-07-26T12:00:00",
        "ssn": "255432522",
        "userOrders": null,
        "isSold": false,
        "id": 86513
    },
    {
        "firstName": "SHAJI",
        "lastName": "U",
        "phone": "6308338238",
        "address": "721 N ADELE ST",
        "city": "ELMHRST",
        "state": "IL",
        "zip": "60126",
        "email": "SHAJINIRAPPIL@HOTMAIL.COM",
        "dateOfBirth": "1968-05-10T12:00:00",
        "ssn": "343803384",
        "userOrders": null,
        "isSold": false,
        "id": 86514
    },
    {
        "firstName": "WILLIE",
        "lastName": "NORTON",
        "phone": "3132830656",
        "address": "18029 HARTWELL ST",
        "city": "DETROIT",
        "state": "MI",
        "zip": "48235",
        "email": "WILLIE7332@ATT.NET",
        "dateOfBirth": "1968-12-06T12:00:00",
        "ssn": "367669312",
        "userOrders": null,
        "isSold": false,
        "id": 86536
    },
    {
        "firstName": "KENNETH",
        "lastName": "COOPER",
        "phone": "6789934378",
        "address": "2234 GLENN JACKSON RD",
        "city": "STATHAM",
        "state": "GA",
        "zip": "30666",
        "email": "COOPERREVCOOPER@YAHOO.COM",
        "dateOfBirth": "1968-02-01T12:00:00",
        "ssn": "255414623",
        "userOrders": null,
        "isSold": false,
        "id": 86678
    }
]