[
    {
        "firstName": "MATTHEW",
        "lastName": "OESTRIKE",
        "phone": "7135605793",
        "address": "14923 KENTON PLACE LN",
        "city": "CYPRESS",
        "state": "TX",
        "zip": "77429",
        "email": "LOESTRIKE@ATT.NET",
        "dateOfBirth": "1968-05-24T12:00:00",
        "ssn": "378965954",
        "userOrders": null,
        "isSold": false,
        "id": 89646
    },
    {
        "firstName": "RICHARD",
        "lastName": "VAN",
        "phone": "1111110001",
        "address": "1905 VICTORIA CIR",
        "city": "MCKINNEY",
        "state": "TX",
        "zip": "75070",
        "email": "RICKVANPELT7@HOTMAIL.COM",
        "dateOfBirth": "1968-11-01T12:00:00",
        "ssn": "287768691",
        "userOrders": null,
        "isSold": false,
        "id": 89650
    },
    {
        "firstName": "LAURA",
        "lastName": "HALPAIN",
        "phone": "5012825331",
        "address": "7131 CONCORD LN",
        "city": "SALINE COUNTY",
        "state": "AR",
        "zip": "72019",
        "email": "JCOPE1968@GMAIL.COM",
        "dateOfBirth": "1968-12-21T12:00:00",
        "ssn": "431330273",
        "userOrders": null,
        "isSold": false,
        "id": 89651
    },
    {
        "firstName": "RON",
        "lastName": "VATER",
        "phone": "8322442758",
        "address": "16706 QUIET TRAIL DR",
        "city": "HUMBLE",
        "state": "TX",
        "zip": "77396",
        "email": "RONANDMEDA@YAHOO.COM",
        "dateOfBirth": "1968-05-30T12:00:00",
        "ssn": "461494188",
        "userOrders": null,
        "isSold": false,
        "id": 89689
    },
    {
        "firstName": "FRANK",
        "lastName": "SULLIVAN",
        "phone": "7082461608",
        "address": "4723 LAWN AVE",
        "city": "WSTRN SPGS",
        "state": "SPRGS",
        "zip": "60558",
        "email": "FSULLIVAN@OLDWORLDIND.COM",
        "dateOfBirth": "1968-09-23T12:00:00",
        "ssn": "356722199",
        "userOrders": null,
        "isSold": false,
        "id": 89699
    },
    {
        "firstName": "MICHAEL",
        "lastName": "BIER",
        "phone": "2169044582",
        "address": "2333 GRANDVIEW AVE",
        "city": "CLEVELAND HTS",
        "state": "HTS",
        "zip": "44106",
        "email": "M-BIER@HOTMAIL.COM",
        "dateOfBirth": "1968-02-10T12:00:00",
        "ssn": "298804851",
        "userOrders": null,
        "isSold": false,
        "id": 89724
    },
    {
        "firstName": "GILLIAN",
        "lastName": "WILLIAMS.",
        "phone": "7737191931",
        "address": "1408 VINEYARD DR",
        "city": "ALLEN",
        "state": "TX",
        "zip": "75002",
        "email": "GILLIAN1913@GMAIL.COM",
        "dateOfBirth": "1968-12-14T12:00:00",
        "ssn": "452692958",
        "userOrders": null,
        "isSold": false,
        "id": 89737
    },
    {
        "firstName": "SANDRA",
        "lastName": "TRULLINGER",
        "phone": "9193231197",
        "address": "3712 POTEET DR APT 714",
        "city": "MESQUITE",
        "state": "TX",
        "zip": "75150",
        "email": "SREDULLA2@AOL.COM",
        "dateOfBirth": "1968-10-29T12:00:00",
        "ssn": "427751782",
        "userOrders": null,
        "isSold": false,
        "id": 89800
    },
    {
        "firstName": "CYNTHIA",
        "lastName": "B",
        "phone": "8127970180",
        "address": "2111 WINDWOOD DR",
        "city": "BEDFORD",
        "state": "IN",
        "zip": "47421",
        "email": "CYNI_YOGI@HOTMAIL.COM",
        "dateOfBirth": "1968-03-20T12:00:00",
        "ssn": "311903083",
        "userOrders": null,
        "isSold": false,
        "id": 89801
    },
    {
        "firstName": "MICHAEL",
        "lastName": "EVANS",
        "phone": "7402520375",
        "address": "5530 CROSS ST",
        "city": "NEWTON TWP",
        "state": "OH",
        "zip": "43777",
        "email": "TONYAEVANS1234@HOTMAIL.COM",
        "dateOfBirth": "1968-05-19T12:00:00",
        "ssn": "281725041",
        "userOrders": null,
        "isSold": false,
        "id": 89803
    },
    {
        "firstName": "SHEKHAR",
        "lastName": "NAGASUNDARAM",
        "phone": "5107035419",
        "address": "1445 BAYBERRY VIEW LN",
        "city": "SN RMN",
        "state": "RAMON",
        "zip": "94582",
        "email": "SEKHARNPRIYA@ATT.NET",
        "dateOfBirth": "1968-03-28T12:00:00",
        "ssn": "213255226",
        "userOrders": null,
        "isSold": true,
        "id": 89828
    },
    {
        "firstName": "EFRAIN",
        "lastName": "CEDILLO",
        "phone": "4328892495",
        "address": "4322606091",
        "city": "ODESSA TX 79765-1447",
        "state": "HOLIDAY",
        "zip": "ODESSA",
        "email": "79765",
        "dateOfBirth": "1968-09-05T12:00:00",
        "ssn": "603248400",
        "userOrders": null,
        "isSold": false,
        "id": 90188
    },
    {
        "firstName": "MOHAMED",
        "lastName": "A",
        "phone": "6145358428",
        "address": "841 BROOKSIDE CT",
        "city": "FRANKLIN TWP",
        "state": "OH",
        "zip": "43228",
        "email": "BAROOD@HOTMAIL.COM",
        "dateOfBirth": "1968-06-05T12:00:00",
        "ssn": "867791689",
        "userOrders": null,
        "isSold": false,
        "id": 90227
    },
    {
        "firstName": "DOMINIC",
        "lastName": "VALENTINO",
        "phone": "9514031013",
        "address": "7351 ARTESIA BLVD APT 2",
        "city": "BU PK",
        "state": "PARK",
        "zip": "90621",
        "email": "VALED0@YAHOO.COM",
        "dateOfBirth": "1968-09-06T12:00:00",
        "ssn": "571313126",
        "userOrders": null,
        "isSold": false,
        "id": 90395
    },
    {
        "firstName": "GRACIA",
        "lastName": "MENOR",
        "phone": "6192110000",
        "address": "501 FM 3009 APT 6105",
        "city": "SCHERTZ",
        "state": "TX",
        "zip": "78154",
        "email": "GRACIA1968@YAHOO.COM",
        "dateOfBirth": "1968-02-06T12:00:00",
        "ssn": "615642054",
        "userOrders": null,
        "isSold": false,
        "id": 90482
    }
]