[
    {
        "firstName": "PHILLIP",
        "lastName": "BROWN",
        "phone": "7043510045",
        "address": "7042775986",
        "city": "MINT HILL NC 28227-8288",
        "state": "TELFAIR",
        "zip": "MINT HILL",
        "email": "28227",
        "dateOfBirth": "1968-07-07T12:00:00",
        "ssn": "454252146",
        "userOrders": null,
        "isSold": false,
        "id": 82588
    },
    {
        "firstName": "TERRY",
        "lastName": "BRADLEY",
        "phone": "3172893582",
        "address": "5421 LONGWOODS DR",
        "city": "INDIANAPOLIS",
        "state": "IN",
        "zip": "46254",
        "email": "TERRY-BRADLEY@SBCGLOBAL.NET",
        "dateOfBirth": "1968-07-28T12:00:00",
        "ssn": "491765457",
        "userOrders": null,
        "isSold": false,
        "id": 82613
    },
    {
        "firstName": "EDIE",
        "lastName": "BRYANT",
        "phone": "4177735454",
        "address": "211 E HADLEY ST",
        "city": "REPUBLIC",
        "state": "MO",
        "zip": "65738",
        "email": "BRYANTMAMA7@SBCGLOBAL.NET",
        "dateOfBirth": "1968-02-01T12:00:00",
        "ssn": "488821714",
        "userOrders": null,
        "isSold": false,
        "id": 82637
    },
    {
        "firstName": "WILLIAM",
        "lastName": "GETTER",
        "phone": "4159486437",
        "address": "226 DIVISADERO ST",
        "city": "SF",
        "state": "FRANCISCO",
        "zip": "94117",
        "email": "WGETTER@YAHOO.COM",
        "dateOfBirth": "1968-03-20T12:00:00",
        "ssn": "175649056",
        "userOrders": null,
        "isSold": true,
        "id": 82641
    },
    {
        "firstName": "MICHAEL",
        "lastName": "MCLOUGHIN",
        "phone": "5703527329",
        "address": "202 E BALDWIN RD UNIT J",
        "city": "LYN*H",
        "state": "CITY",
        "zip": "32405",
        "email": "CRISSY611M@AOL.COM",
        "dateOfBirth": "1968-07-27T12:00:00",
        "ssn": "125587508",
        "userOrders": null,
        "isSold": false,
        "id": 82770
    },
    {
        "firstName": "TAWK",
        "lastName": "THANG",
        "phone": "4146297433",
        "address": "1931 W CARRINGTON AVE",
        "city": "MILWAUKEE",
        "state": "WI",
        "zip": "53221",
        "email": "THWNGZAUK4@GMAIL.COM",
        "dateOfBirth": "1968-04-24T12:00:00",
        "ssn": "888296798",
        "userOrders": null,
        "isSold": false,
        "id": 82800
    },
    {
        "firstName": "KAMBRI",
        "lastName": "HERNANDEZ",
        "phone": "2103874083",
        "address": "14614 LEATHERWOOD",
        "city": "SAN ANTONIO",
        "state": "ANTONIO",
        "zip": "78231",
        "email": "KAMBRI@LIVE.COM",
        "dateOfBirth": "1968-09-21T12:00:00",
        "ssn": "467710978",
        "userOrders": null,
        "isSold": false,
        "id": 82868
    },
    {
        "firstName": "JOSE",
        "lastName": "RODRIGUEZ",
        "phone": "2146244984",
        "address": "1544 OAK HILL CIR",
        "city": "DALLAS",
        "state": "TX",
        "zip": "75217",
        "email": "JO.RODRIGUEZ0077@ATT.NET",
        "dateOfBirth": "1968-05-06T12:00:00",
        "ssn": "460974947",
        "userOrders": null,
        "isSold": false,
        "id": 82896
    },
    {
        "firstName": "DANNY",
        "lastName": "HAMILTON",
        "phone": "2258926521",
        "address": "9711 LEMON RD",
        "city": "ZACHARY",
        "state": "LA",
        "zip": "70791",
        "email": "DANNY4999@ATT.NET",
        "dateOfBirth": "1968-10-31T12:00:00",
        "ssn": "438352384",
        "userOrders": null,
        "isSold": false,
        "id": 82926
    },
    {
        "firstName": "SHELIA",
        "lastName": "MIDDLETON",
        "phone": "9014092035",
        "address": "7749 MEADOWSIDE CV",
        "city": "MEMPHIS",
        "state": "TN",
        "zip": "38125",
        "email": "SHELIAMIDDLETON@YAHOO.COM",
        "dateOfBirth": "1968-01-14T12:00:00",
        "ssn": "408235606",
        "userOrders": null,
        "isSold": false,
        "id": 82947
    },
    {
        "firstName": "SHANNON",
        "lastName": "BASHOR",
        "phone": "9542755316",
        "address": "7001 NW 16TH ST APT A201",
        "city": "N LDLE",
        "state": "FL",
        "zip": "33068",
        "email": "BASHORSHANNON@YAHOO.COM",
        "dateOfBirth": "1968-05-26T12:00:00",
        "ssn": "523419801",
        "userOrders": null,
        "isSold": false,
        "id": 83008
    },
    {
        "firstName": "KATHY",
        "lastName": "BAKER",
        "phone": "9042374181",
        "address": "205 DEVOE ST",
        "city": "JKVL",
        "state": "FL",
        "zip": "32220",
        "email": "KATHYBAKER25@AOL.COM",
        "dateOfBirth": "1968-03-09T12:00:00",
        "ssn": "592162427",
        "userOrders": null,
        "isSold": false,
        "id": 83070
    },
    {
        "firstName": "JOHN",
        "lastName": "BAE",
        "phone": "2134462688",
        "address": "3224 W OLYMPIC BLVD UNIT 206",
        "city": "LA",
        "state": "ANGELES",
        "zip": "90006",
        "email": "JJB236@YAHOO.COM",
        "dateOfBirth": "1968-10-30T12:00:00",
        "ssn": "565631140",
        "userOrders": null,
        "isSold": false,
        "id": 83084
    },
    {
        "firstName": "BURT",
        "lastName": "CAMPANA",
        "phone": "3235408440",
        "address": "4973 TOWNSEND AVE",
        "city": "SD",
        "state": "ANGELES",
        "zip": "92131",
        "email": "FORBCNME@MSN.COM",
        "dateOfBirth": "1968-05-18T12:00:00",
        "ssn": "566732804",
        "userOrders": null,
        "isSold": false,
        "id": 83167
    },
    {
        "firstName": "NORMAN",
        "lastName": "REHM",
        "phone": "2147733375",
        "address": "2650 FOUNTAIN VIEW CIR APT 108",
        "city": "RICHARDSON",
        "state": "FL",
        "zip": "75081",
        "email": "NORMANREHM@YAHOO.COM",
        "dateOfBirth": "1968-08-21T12:00:00",
        "ssn": "488743916",
        "userOrders": null,
        "isSold": false,
        "id": 83171
    }
]