[
    {
        "firstName": "STACEY",
        "lastName": "QUINLEY",
        "phone": "2098723348",
        "address": "1235 CHAMP AVE",
        "city": "MDSTO",
        "state": "CA",
        "zip": "95355",
        "email": "VESTA921@YAHOO.COM",
        "dateOfBirth": "1968-09-21T12:00:00",
        "ssn": "565796272",
        "userOrders": null,
        "isSold": false,
        "id": 17866
    },
    {
        "firstName": "NICHOLAS",
        "lastName": "BRADLEY",
        "phone": "4194676297",
        "address": "5125 BLUE SPRUCE DR",
        "city": "PITTSFIELD TWP",
        "state": "MI",
        "zip": "48197",
        "email": "NB4194676297@HOTMAIL.COM",
        "dateOfBirth": "1968-12-27T12:00:00",
        "ssn": "200463424",
        "userOrders": null,
        "isSold": false,
        "id": 17877
    },
    {
        "firstName": "TONI",
        "lastName": "EDGE",
        "phone": "2246395116",
        "address": "10 ROLLING HILLS CT",
        "city": "LK IN HILS",
        "state": "IN",
        "zip": "60156",
        "email": "BEDGE17@MSN.COM",
        "dateOfBirth": "1968-12-15T12:00:00",
        "ssn": "330747149",
        "userOrders": null,
        "isSold": false,
        "id": 17939
    },
    {
        "firstName": "LATONYA",
        "lastName": "GUNTER",
        "phone": "2814580030",
        "address": "ALEX GUNTER",
        "city": "HOUSTON",
        "state": "KINGS",
        "zip": "77044",
        "email": "ALEXGUNTER79@GMAIL.COM",
        "dateOfBirth": "1968-11-16T12:00:00",
        "ssn": "449610789",
        "userOrders": null,
        "isSold": false,
        "id": 18071
    },
    {
        "firstName": "SHELLI",
        "lastName": "ABBOTT",
        "phone": "7657896212",
        "address": "1020 E STATE ST",
        "city": "ALBANY",
        "state": "IN",
        "zip": "47320",
        "email": "CINNAMONREDGIRL@YAHOO.COM",
        "dateOfBirth": "1968-03-02T12:00:00",
        "ssn": "342569139",
        "userOrders": null,
        "isSold": false,
        "id": 18072
    },
    {
        "firstName": "GABRIEL",
        "lastName": "ARTEAGA",
        "phone": "5102150883",
        "address": "5102150883",
        "city": "RICHMOND CA 94801-3433",
        "state": "W",
        "zip": "RICH",
        "email": "94805",
        "dateOfBirth": "1968-09-13T12:00:00",
        "ssn": "609180430",
        "userOrders": null,
        "isSold": false,
        "id": 18124
    },
    {
        "firstName": "DAVID",
        "lastName": "BAKER",
        "phone": "3235475651",
        "address": "1119 NOLDEN ST",
        "city": "LA",
        "state": "ANGELES",
        "zip": "90042",
        "email": "RNDAGB@GMAIL.COM",
        "dateOfBirth": "1968-02-26T12:00:00",
        "ssn": "553557323",
        "userOrders": null,
        "isSold": false,
        "id": 18161
    },
    {
        "firstName": "GLORIA",
        "lastName": "ESTRADA",
        "phone": "4095946280",
        "address": "510 SHADY LN LOT E7",
        "city": "JASPER",
        "state": "TX",
        "zip": "75951",
        "email": "ESTRADA.GLORIA@ATT.NET",
        "dateOfBirth": "1968-03-25T12:00:00",
        "ssn": "906834251",
        "userOrders": null,
        "isSold": false,
        "id": 18211
    },
    {
        "firstName": "MARTHA",
        "lastName": "MEDINA",
        "phone": "1111110004",
        "address": "10858 GORMAN AVE",
        "city": "LA",
        "state": "ANGELES",
        "zip": "90059",
        "email": "MAM5750@LAUSD.NET",
        "dateOfBirth": "1968-09-20T12:00:00",
        "ssn": "557696029",
        "userOrders": null,
        "isSold": false,
        "id": 18368
    },
    {
        "firstName": "JERRI",
        "lastName": "GOODWIN",
        "phone": "8123324173",
        "address": "1613 S GREYSTONE CT",
        "city": "BLOOMINGTON",
        "state": "IN",
        "zip": "47401",
        "email": "JERRIBEARY6@YAHOO.COM",
        "dateOfBirth": "1968-12-06T12:00:00",
        "ssn": "317928420",
        "userOrders": null,
        "isSold": false,
        "id": 18403
    },
    {
        "firstName": "LARRY",
        "lastName": "DAVIS",
        "phone": "9193330476",
        "address": "PO BOX 779",
        "city": "KNI",
        "state": "NC",
        "zip": "27545",
        "email": "HSTUART.FCC@GMAIL.COM",
        "dateOfBirth": "1968-03-27T12:00:00",
        "ssn": "416904084",
        "userOrders": null,
        "isSold": false,
        "id": 18425
    },
    {
        "firstName": "TRACEY",
        "lastName": "TERRIBERRY",
        "phone": "4087343088",
        "address": "1085 TASMAN DR SPC 201",
        "city": "SUNYVL",
        "state": "CA",
        "zip": "94089",
        "email": "TRACEYTERRIBERRY@ATT.NET",
        "dateOfBirth": "1968-09-17T12:00:00",
        "ssn": "567838849",
        "userOrders": null,
        "isSold": false,
        "id": 18680
    },
    {
        "firstName": "DAISY",
        "lastName": "RODRIGUEZ",
        "phone": "3234562419",
        "address": "1380 1/2 E 22ND ST",
        "city": "LA",
        "state": "ANGELES",
        "zip": "90011",
        "email": "DAISY5819@ATT.NET",
        "dateOfBirth": "1968-08-08T12:00:00",
        "ssn": "611092498",
        "userOrders": null,
        "isSold": false,
        "id": 18684
    },
    {
        "firstName": "SENTA",
        "lastName": "WALKER",
        "phone": "6783278824",
        "address": "3035 KENT CT",
        "city": "DLTH",
        "state": "GA",
        "zip": "30096",
        "email": "ESIMONE1969@GMAIL.COM",
        "dateOfBirth": "1968-04-23T12:00:00",
        "ssn": "255458577",
        "userOrders": null,
        "isSold": false,
        "id": 18749
    },
    {
        "firstName": "MARY",
        "lastName": "JORDAN",
        "phone": "4074861047",
        "address": "2514 E JEFFERSON ST",
        "city": "ORL",
        "state": "FL",
        "zip": "32803",
        "email": "MARYJORDAN6768@GMAIL.COM",
        "dateOfBirth": "1968-06-07T12:00:00",
        "ssn": "591166925",
        "userOrders": null,
        "isSold": false,
        "id": 18757
    }
]