[
    {
        "firstName": "GARY",
        "lastName": "COE",
        "phone": "7074265751",
        "address": "3241 BROADMOOR",
        "city": "FRFLD",
        "state": "CA",
        "zip": "94534",
        "email": "6COES@SBCGLOBAL.NET",
        "dateOfBirth": "1968-12-20T12:00:00",
        "ssn": "554710624",
        "userOrders": null,
        "isSold": false,
        "id": 44643
    },
    {
        "firstName": "EMANUEL",
        "lastName": "POWELL",
        "phone": "5043293495",
        "address": "3836 DEERCREEK LN",
        "city": "HARVEY",
        "state": "LA",
        "zip": "70058",
        "email": "FAMILY0802@HOTMAIL.COM",
        "dateOfBirth": "1968-08-02T12:00:00",
        "ssn": "507960644",
        "userOrders": null,
        "isSold": false,
        "id": 44708
    },
    {
        "firstName": "ROD",
        "lastName": "RODRIGUES",
        "phone": "9258769343",
        "address": "409 SPRUCEWOOD CT",
        "city": "PH",
        "state": "HILL",
        "zip": "94523",
        "email": "RODUDE@YAHOO.COM",
        "dateOfBirth": "1968-12-10T12:00:00",
        "ssn": "545354053",
        "userOrders": null,
        "isSold": true,
        "id": 44717
    },
    {
        "firstName": "SIRI",
        "lastName": "BROWN",
        "phone": "5106887484",
        "address": "1045 CARNELIAN TER",
        "city": "UC",
        "state": "CITY",
        "zip": "94587",
        "email": "SBRIGGSBROWN@YAHOO.COM",
        "dateOfBirth": "1968-04-28T12:00:00",
        "ssn": "559155854",
        "userOrders": null,
        "isSold": false,
        "id": 44845
    },
    {
        "firstName": "JEANETTE",
        "lastName": "WATT",
        "phone": "6367170048",
        "address": "131 WINTER PARK CT",
        "city": "JEFFERSON COUNTY",
        "state": "MO",
        "zip": "63026",
        "email": "LWLIGHTBULB@AOL.COM",
        "dateOfBirth": "1968-08-13T12:00:00",
        "ssn": "493681580",
        "userOrders": null,
        "isSold": false,
        "id": 44913
    },
    {
        "firstName": "JEFF",
        "lastName": "JONES",
        "phone": "4056230915",
        "address": "901 DERBY DR",
        "city": "MIDWEST CITY",
        "state": "CITY",
        "zip": "73130",
        "email": "JEFF.JONESDMI@YAHOO.COM",
        "dateOfBirth": "1968-07-01T12:00:00",
        "ssn": "448783958",
        "userOrders": null,
        "isSold": false,
        "id": 44930
    },
    {
        "firstName": "SARA",
        "lastName": "MCMINN",
        "phone": "5126945157",
        "address": "4716 DUVAL RD APT H32",
        "city": "AUSTIN",
        "state": "TX",
        "zip": "78727",
        "email": "MCMINNBEIJING@GMAIL.COM",
        "dateOfBirth": "1968-07-16T12:00:00",
        "ssn": "449690524",
        "userOrders": null,
        "isSold": false,
        "id": 44932
    },
    {
        "firstName": "JESUS",
        "lastName": "ESPARZA",
        "phone": "6613028221",
        "address": "2670 KELLER HICKS RD",
        "city": "BKFD",
        "state": "WORTH",
        "zip": "93313",
        "email": "TEAM.ESPARZA@GMAIL.COM",
        "dateOfBirth": "1968-10-05T12:00:00",
        "ssn": "478197732",
        "userOrders": null,
        "isSold": false,
        "id": 44945
    },
    {
        "firstName": "TAMARA",
        "lastName": "SPRINGER",
        "phone": "8155496425",
        "address": "214 TIVERTON RD",
        "city": "KNKAKE",
        "state": "IL",
        "zip": "60901",
        "email": "TAMMYSPRINGER20@HOTMAIL.COM",
        "dateOfBirth": "1968-12-14T12:00:00",
        "ssn": "323701932",
        "userOrders": null,
        "isSold": false,
        "id": 44952
    },
    {
        "firstName": "LAKESHA",
        "lastName": "PARKER",
        "phone": "2345859898",
        "address": "110 TALISMAN WAY APT 221",
        "city": "RAL",
        "state": "NC",
        "zip": "27615",
        "email": "LDPARKER24@YAHOO.COM",
        "dateOfBirth": "1968-01-06T12:00:00",
        "ssn": "147648671",
        "userOrders": null,
        "isSold": false,
        "id": 44968
    },
    {
        "firstName": "JEANNE",
        "lastName": "MORAL",
        "phone": "3059651358",
        "address": "8740 SW 148TH ST",
        "city": "PALMETTO BAY",
        "state": "BAY",
        "zip": "33176",
        "email": "JMH1098@BELLSOUTH.NET",
        "dateOfBirth": "1968-01-09T12:00:00",
        "ssn": "261631619",
        "userOrders": null,
        "isSold": false,
        "id": 44994
    },
    {
        "firstName": "LYDIA",
        "lastName": "MONTES",
        "phone": "2145645611",
        "address": "9754 GATECREST DR",
        "city": "DALLAS",
        "state": "TX",
        "zip": "75238",
        "email": "LYDIA.MONTES@ATT.NET",
        "dateOfBirth": "1968-02-28T12:00:00",
        "ssn": "453579121",
        "userOrders": null,
        "isSold": false,
        "id": 44995
    },
    {
        "firstName": "YOLANDA",
        "lastName": "PEDRAZA",
        "phone": "7148272894",
        "address": "136 S HARDING AVE",
        "city": "ANH",
        "state": "CA",
        "zip": "92804",
        "email": "YOLAPEDRAZA06@YAHOO.COM",
        "dateOfBirth": "1968-04-19T12:00:00",
        "ssn": "563258052",
        "userOrders": null,
        "isSold": false,
        "id": 45098
    },
    {
        "firstName": "STEVE",
        "lastName": "WORKMAN",
        "phone": "8175228403",
        "address": "4008 ALDERBROOK LN",
        "city": "FORT WORTH",
        "state": "TX",
        "zip": "76262",
        "email": "SKKWORKMAN@GMAIL.COM",
        "dateOfBirth": "1968-12-22T12:00:00",
        "ssn": "446728526",
        "userOrders": null,
        "isSold": false,
        "id": 45162
    },
    {
        "firstName": "ANTONIA",
        "lastName": "RIVERA",
        "phone": "2108337480",
        "address": "APT 1802",
        "city": "SAN ANTONIO",
        "state": "N",
        "zip": "78237",
        "email": "ANTONIA6815@YAHOO.COM",
        "dateOfBirth": "1968-04-10T12:00:00",
        "ssn": "606358715",
        "userOrders": null,
        "isSold": true,
        "id": 45230
    }
]