[
    {
        "firstName": "AYMAN",
        "lastName": "GEORGY",
        "phone": "2164107680",
        "address": "2909 GULF TO BAY BLVD APT Q110",
        "city": "CLEVELAND",
        "state": "FL",
        "zip": "44144",
        "email": "AYMANGEORGY@SBCGLOBAL.NET",
        "dateOfBirth": "1968-10-13T12:00:00",
        "ssn": "293988262",
        "userOrders": null,
        "isSold": false,
        "id": 14963
    },
    {
        "firstName": "JANE",
        "lastName": "STRADER",
        "phone": "7048396368",
        "address": "9500 OLD GATE DR",
        "city": "CHAR",
        "state": "NC",
        "zip": "28105",
        "email": "JANESTRADER@YAHOO.COM",
        "dateOfBirth": "1968-10-02T12:00:00",
        "ssn": "293543156",
        "userOrders": null,
        "isSold": false,
        "id": 15006
    },
    {
        "firstName": "JARITA",
        "lastName": "L",
        "phone": "2696150417",
        "address": "1515 TEXEL DR",
        "city": "KALAMAZOO TWP",
        "state": "MI",
        "zip": "49048",
        "email": "JARITAGILMER@YAHOO.COM",
        "dateOfBirth": "1968-10-15T12:00:00",
        "ssn": "380766034",
        "userOrders": null,
        "isSold": false,
        "id": 15043
    },
    {
        "firstName": "MELISSA",
        "lastName": "PATTERSON",
        "phone": "7073324172",
        "address": "354 1/2 S MAIN ST",
        "city": "SBSTPL",
        "state": "CA",
        "zip": "95472",
        "email": "DRMPATTERSON@GMAIL.COM",
        "dateOfBirth": "1968-08-12T12:00:00",
        "ssn": "412192342",
        "userOrders": null,
        "isSold": false,
        "id": 15173
    },
    {
        "firstName": "DIONISIOS",
        "lastName": "KLADIS",
        "phone": "8152678727",
        "address": "25242 TRELLIAGE AVE",
        "city": "PLAINFLD",
        "state": "IL",
        "zip": "60585",
        "email": "DKLADIS@ATT.NET",
        "dateOfBirth": "1968-02-26T12:00:00",
        "ssn": "322740241",
        "userOrders": null,
        "isSold": false,
        "id": 15204
    },
    {
        "firstName": "DENNIS",
        "lastName": "HEINZE",
        "phone": "3146458126",
        "address": "6550 THOLOZAN AVE",
        "city": "ST LOUIS",
        "state": "LOUIS",
        "zip": "63109",
        "email": "THE4HEINZES@SBCGLOBAL.NET",
        "dateOfBirth": "1968-01-08T12:00:00",
        "ssn": "491864284",
        "userOrders": null,
        "isSold": false,
        "id": 15324
    },
    {
        "firstName": "PAULA",
        "lastName": "TERRY",
        "phone": "8165905440",
        "address": "640 NE ADAMS DR",
        "city": "LEE'S SUMMIT",
        "state": "SUMMIT",
        "zip": "64086",
        "email": "PAULATERRY68@GMAIL.COM",
        "dateOfBirth": "1968-04-01T12:00:00",
        "ssn": "431089568",
        "userOrders": null,
        "isSold": false,
        "id": 15540
    },
    {
        "firstName": "PATRICIA",
        "lastName": "MENDEZ",
        "phone": "1111110009",
        "address": "8037 LAGOS DE CAMPO BLVD",
        "city": "TMRC",
        "state": "FL",
        "zip": "33321",
        "email": "PATSU68@HOTMAIL.COM",
        "dateOfBirth": "1968-06-20T12:00:00",
        "ssn": "156941053",
        "userOrders": null,
        "isSold": false,
        "id": 15547
    },
    {
        "firstName": "WENXIA",
        "lastName": "WU",
        "phone": "4152811205",
        "address": "4082393948",
        "city": "SAN JOSE CA 95124-5218",
        "state": "PEPPERWOOD",
        "zip": "SJ",
        "email": "95124",
        "dateOfBirth": "1968-07-25T12:00:00",
        "ssn": "607842165",
        "userOrders": null,
        "isSold": false,
        "id": 15580
    },
    {
        "firstName": "MARIA",
        "lastName": "LAZCON",
        "phone": "5107983877",
        "address": "APT W12",
        "city": "HAY",
        "state": "STEVENSON",
        "zip": "94544",
        "email": "NOEMAILADDRESS@SAVEOLOGY.COM",
        "dateOfBirth": "1968-12-14T12:00:00",
        "ssn": "545738034",
        "userOrders": null,
        "isSold": false,
        "id": 15673
    },
    {
        "firstName": "CHARLIE",
        "lastName": "COVINGTON",
        "phone": "8505491115",
        "address": "700 COLLEGE BLVD APT G207",
        "city": "PACE",
        "state": "FL",
        "zip": "32571",
        "email": "CCOVINGTON43@GMAIL.COM",
        "dateOfBirth": "1968-01-07T12:00:00",
        "ssn": "408153618",
        "userOrders": null,
        "isSold": false,
        "id": 15720
    },
    {
        "firstName": "JEFF",
        "lastName": "ROGERS",
        "phone": "5012787758",
        "address": "205 E ACADEMY AVE",
        "city": "FAYETTEVILLE",
        "state": "AR",
        "zip": "72703",
        "email": "MELYSATRIP@YAHOO.COM",
        "dateOfBirth": "1968-04-29T12:00:00",
        "ssn": "503026340",
        "userOrders": null,
        "isSold": true,
        "id": 15798
    },
    {
        "firstName": "PATRICK",
        "lastName": "KELLEY",
        "phone": "5129715012",
        "address": "43 SUNDOWN PKWY",
        "city": "AUSTIN",
        "state": "TX",
        "zip": "78746",
        "email": "PATRICKKELLYMD@GMAIL.COM",
        "dateOfBirth": "1968-11-09T12:00:00",
        "ssn": "458319126",
        "userOrders": null,
        "isSold": false,
        "id": 15875
    },
    {
        "firstName": "MATTHEW",
        "lastName": "SIST",
        "phone": "1111110001",
        "address": "APT 11207",
        "city": "AUSTIN",
        "state": "RANCH",
        "zip": "78738",
        "email": "MNMSIST@GMAIL.COM",
        "dateOfBirth": "1968-11-03T12:00:00",
        "ssn": "456677021",
        "userOrders": null,
        "isSold": false,
        "id": 16068
    },
    {
        "firstName": "MICHELLE",
        "lastName": "MORIOKA",
        "phone": "9259972084",
        "address": "2939 VIA CARMEN",
        "city": "SJ",
        "state": "JOSE",
        "zip": "95131",
        "email": "GR8TGAL68@YAHOO.COM",
        "dateOfBirth": "1968-09-18T12:00:00",
        "ssn": "126585550",
        "userOrders": null,
        "isSold": true,
        "id": 16147
    }
]