[
    {
        "firstName": "OFELIA",
        "lastName": "BENTULAN",
        "phone": "2094714345",
        "address": "1803 S STOCKTON ST",
        "city": "STKN",
        "state": "CA",
        "zip": "95206",
        "email": "OFELIAOLIPENDOBENTULAN@YAHOO.COM",
        "dateOfBirth": "1968-07-22T12:00:00",
        "ssn": "550754749",
        "userOrders": null,
        "isSold": false,
        "id": 28499
    },
    {
        "firstName": "MONICA",
        "lastName": "JIMENEZ",
        "phone": "2093452774",
        "address": "124 HELEN AVE",
        "city": "MDSTO",
        "state": "CA",
        "zip": "95354",
        "email": "MO2LIFE6@GMAIL.COM",
        "dateOfBirth": "1968-12-12T12:00:00",
        "ssn": "154784160",
        "userOrders": null,
        "isSold": false,
        "id": 28500
    },
    {
        "firstName": "BRIAN",
        "lastName": "LEACH",
        "phone": "6304008133",
        "address": "1433 YELLOWSTONE DR",
        "city": "LISLE",
        "state": "IL",
        "zip": "60532",
        "email": "ULTRARUN68@GMAIL.COM",
        "dateOfBirth": "1968-01-26T12:00:00",
        "ssn": "320667002",
        "userOrders": null,
        "isSold": false,
        "id": 28558
    },
    {
        "firstName": "STEVEN",
        "lastName": "LUXENBERG",
        "phone": "3108820692",
        "address": "PO BOX 641155",
        "city": "LA",
        "state": "ANGELES",
        "zip": "90034",
        "email": "STEVEPRORE@GMAIL.COM",
        "dateOfBirth": "1968-12-10T12:00:00",
        "ssn": "560792418",
        "userOrders": null,
        "isSold": false,
        "id": 28564
    },
    {
        "firstName": "MARVIN",
        "lastName": "TAYLOR",
        "phone": "9728023240",
        "address": "5916 BIRCHBROOK DR APT 223",
        "city": "DALLAS",
        "state": "TX",
        "zip": "75206",
        "email": "MARVINDTAYLOR13@GMAIL.COM",
        "dateOfBirth": "1968-11-19T12:00:00",
        "ssn": "587214406",
        "userOrders": null,
        "isSold": false,
        "id": 28614
    },
    {
        "firstName": "EMILY",
        "lastName": "PEARSE",
        "phone": "2059655914",
        "address": "5988 TYLER LOOP RD",
        "city": "PINSON",
        "state": "AL",
        "zip": "35126",
        "email": "MPEARCE1987@GMAIL.COM",
        "dateOfBirth": "1968-11-25T12:00:00",
        "ssn": "418210770",
        "userOrders": null,
        "isSold": false,
        "id": 28758
    },
    {
        "firstName": "LETICIA.",
        "lastName": "RIVAS",
        "phone": "2242607766",
        "address": "1410 WINDSOR CIR",
        "city": "CARPNTRSVL",
        "state": "IL",
        "zip": "60110",
        "email": "LETICIARP10@YAHOO.COM",
        "dateOfBirth": "1968-07-10T12:00:00",
        "ssn": "350759753",
        "userOrders": null,
        "isSold": false,
        "id": 28824
    },
    {
        "firstName": "RICHARD",
        "lastName": "PERALES",
        "phone": "8006765808",
        "address": "1148 DENNERY RD APT 205",
        "city": "SOLEDAD",
        "state": "DIEGO",
        "zip": "93960",
        "email": "RICKPERALES@YMAIL.COM",
        "dateOfBirth": "1968-07-29T12:00:00",
        "ssn": "553717675",
        "userOrders": null,
        "isSold": false,
        "id": 28829
    },
    {
        "firstName": "SAMPATH",
        "lastName": "RAGHAVACHARI",
        "phone": "9727123954",
        "address": "12249 GENOVA CT",
        "city": "PLANO",
        "state": "TX",
        "zip": "75024",
        "email": "SAMNSUBA@HOTMAIL.COM",
        "dateOfBirth": "1968-07-23T12:00:00",
        "ssn": "503214075",
        "userOrders": null,
        "isSold": false,
        "id": 28942
    },
    {
        "firstName": "MICHAEL",
        "lastName": "BURTON",
        "phone": "9074600902",
        "address": "UNIT 3305",
        "city": "AUSTIN",
        "state": "BARTON",
        "zip": "78704",
        "email": "MRB5W@MAC.COM",
        "dateOfBirth": "1968-02-02T12:00:00",
        "ssn": "216726218",
        "userOrders": null,
        "isSold": false,
        "id": 28960
    },
    {
        "firstName": "CORDIA",
        "lastName": "HEI",
        "phone": "4156278103",
        "address": "PO BOX 16003",
        "city": "SF",
        "state": "FRANCISCO",
        "zip": "94116",
        "email": "CFONG1040@YAHOO.COM",
        "dateOfBirth": "1968-08-13T12:00:00",
        "ssn": "614588598",
        "userOrders": null,
        "isSold": true,
        "id": 28969
    },
    {
        "firstName": "BRUCE",
        "lastName": "LANDRUM",
        "phone": "6104573160",
        "address": "11200 W CLEVELAND AVE APT H11",
        "city": "WEST ALLIS",
        "state": "ALLIS",
        "zip": "53227",
        "email": "LANDRUMS446@YAHOO.COM",
        "dateOfBirth": "1968-05-14T12:00:00",
        "ssn": "315868140",
        "userOrders": null,
        "isSold": false,
        "id": 29060
    },
    {
        "firstName": "SHANNON",
        "lastName": "DOUGLAS*",
        "phone": "1111110001",
        "address": "3741 FAULKNER DR APT 103",
        "city": "SANDY SPRINGS",
        "state": "NE",
        "zip": "30350",
        "email": "DOUGLASSHANNON55@YAHOO.COM",
        "dateOfBirth": "1968-02-14T12:00:00",
        "ssn": "513682328",
        "userOrders": null,
        "isSold": true,
        "id": 29069
    },
    {
        "firstName": "MARY",
        "lastName": "HIGGINS",
        "phone": "8138421205",
        "address": "UNIT 202",
        "city": "MDSTO",
        "state": "SANDSTONE",
        "zip": "95356",
        "email": "MSMERRIE2006@HOTMAIL.COM",
        "dateOfBirth": "1968-01-13T12:00:00",
        "ssn": "541041129",
        "userOrders": null,
        "isSold": false,
        "id": 29077
    },
    {
        "firstName": "WEN",
        "lastName": "LIAO",
        "phone": "3472652443",
        "address": "15408 ADAMS LN",
        "city": "FON",
        "state": "CA",
        "zip": "92336",
        "email": "LAGHUTT@GMAIL.COM",
        "dateOfBirth": "1968-04-04T12:00:00",
        "ssn": "151135385",
        "userOrders": null,
        "isSold": false,
        "id": 29130
    }
]