[
    {
        "firstName": "ROBERT",
        "lastName": "KIMP",
        "phone": "8643677345",
        "address": "120 MONROE ST",
        "city": "PENDLETON",
        "state": "SC",
        "zip": "29670",
        "email": "TEENTANKIMP@GMAIL.COM",
        "dateOfBirth": "1968-06-08T12:00:00",
        "ssn": "248519199",
        "userOrders": null,
        "isSold": true,
        "id": 62036
    },
    {
        "firstName": "ENRIQUETA",
        "lastName": "PALOMINO",
        "phone": "3055454564",
        "address": "385 BELLEVUE AVE",
        "city": "DC",
        "state": "CITY",
        "zip": "94014",
        "email": "ENRIQUETA.PALOMINO@ATT.NET",
        "dateOfBirth": "1968-06-06T12:00:00",
        "ssn": "620759935",
        "userOrders": null,
        "isSold": false,
        "id": 62048
    },
    {
        "firstName": "ANTHONY",
        "lastName": "CASEY",
        "phone": "7347170076",
        "address": "2915 ROUNDTREE BLVD APT C3",
        "city": "VAN BUREN TWP",
        "state": "MI",
        "zip": "48111",
        "email": "ANT2142000@YAHOO.COM",
        "dateOfBirth": "1968-02-14T12:00:00",
        "ssn": "362904388",
        "userOrders": null,
        "isSold": false,
        "id": 62203
    },
    {
        "firstName": "ANNE",
        "lastName": "GRAY",
        "phone": "3148254068",
        "address": "362 AUTUMN CREEK DR APT E",
        "city": "MANCHESTER",
        "state": "MO",
        "zip": "63088",
        "email": "ANNEGRAY68@GMAIL.COM",
        "dateOfBirth": "1968-10-05T12:00:00",
        "ssn": "349686223",
        "userOrders": null,
        "isSold": false,
        "id": 62243
    },
    {
        "firstName": "ANDY",
        "lastName": "HODAN",
        "phone": "2108234122",
        "address": "16110 TURNSTONE LN",
        "city": "SAN ANTONIO",
        "state": "ANTONIO",
        "zip": "78247",
        "email": "ANDY.HODAN27@GMAIL.COM",
        "dateOfBirth": "1968-01-27T12:00:00",
        "ssn": "459579970",
        "userOrders": null,
        "isSold": false,
        "id": 62302
    },
    {
        "firstName": "OSCAR",
        "lastName": "ROMERO",
        "phone": "2097122892",
        "address": "955 1ST ST",
        "city": "GALT",
        "state": "CA",
        "zip": "95632",
        "email": "OSCAR7297@ATT.NET",
        "dateOfBirth": "1968-07-31T12:00:00",
        "ssn": "605375513",
        "userOrders": null,
        "isSold": false,
        "id": 62317
    },
    {
        "firstName": "DAVID",
        "lastName": "NELSON",
        "phone": "5592127321",
        "address": "420 S PRINCETON AVE",
        "city": "CLNGA",
        "state": "CA",
        "zip": "93210",
        "email": "LEEANNANDDAVID@YAHOO.COM",
        "dateOfBirth": "1968-04-03T12:00:00",
        "ssn": "557799067",
        "userOrders": null,
        "isSold": false,
        "id": 62347
    },
    {
        "firstName": "DAVID",
        "lastName": "RIGGINS",
        "phone": "1111110001",
        "address": "APT 202",
        "city": "OKLAHOMA CITY",
        "state": "N",
        "zip": "73139",
        "email": "MOMAGDLR@YAHOO.COM",
        "dateOfBirth": "1968-10-28T12:00:00",
        "ssn": "451672909",
        "userOrders": null,
        "isSold": true,
        "id": 62384
    },
    {
        "firstName": "ADELITA",
        "lastName": "PARRA",
        "phone": "6158873762",
        "address": "16 FAIRWAY DR",
        "city": "NASHVILLE",
        "state": "TN",
        "zip": "37214",
        "email": "ALINASTUDILLO@ICLOUD.COM",
        "dateOfBirth": "1968-02-24T12:00:00",
        "ssn": "645658574",
        "userOrders": null,
        "isSold": false,
        "id": 62444
    },
    {
        "firstName": "SUPACHAI",
        "lastName": "DOROSCH",
        "phone": "5173214484",
        "address": "529 BON AIR RD",
        "city": "LANSING TWP",
        "state": "MI",
        "zip": "48917",
        "email": "DOROSCH1@ATT.NET",
        "dateOfBirth": "1968-07-10T12:00:00",
        "ssn": "558499873",
        "userOrders": null,
        "isSold": false,
        "id": 62486
    },
    {
        "firstName": "KIRK",
        "lastName": "MILLER",
        "phone": "6207571861",
        "address": "18288 S 1445 RD",
        "city": "GREENSBURG",
        "state": "MO",
        "zip": "67054",
        "email": "KNMMILLER5@YAHOO.COM",
        "dateOfBirth": "1968-09-03T12:00:00",
        "ssn": "510783506",
        "userOrders": null,
        "isSold": false,
        "id": 62574
    },
    {
        "firstName": "ANDREW",
        "lastName": "SCHAFER",
        "phone": "7347485311",
        "address": "35061 ELLEN CT",
        "city": "LIVONIA",
        "state": "MI",
        "zip": "48152",
        "email": "DREWZINTENSE@AOL.COM",
        "dateOfBirth": "1968-05-29T12:00:00",
        "ssn": "375909778",
        "userOrders": null,
        "isSold": false,
        "id": 62637
    },
    {
        "firstName": "CRAIG",
        "lastName": "ADAMS",
        "phone": "9139091949",
        "address": "8650 W 116TH TER",
        "city": "OVERLAND PARK",
        "state": "PARK",
        "zip": "66210",
        "email": "CRAIG@RIVERSTONEGOODS.COM",
        "dateOfBirth": "1968-10-13T12:00:00",
        "ssn": "267635921",
        "userOrders": null,
        "isSold": false,
        "id": 62725
    },
    {
        "firstName": "ANGELA",
        "lastName": "WEST",
        "phone": "2702546173",
        "address": "319 MOSS DR",
        "city": "CLINTON",
        "state": "KY",
        "zip": "42031",
        "email": "WESTGRL1@YAHOO.COM",
        "dateOfBirth": "1968-03-18T12:00:00",
        "ssn": "402869905",
        "userOrders": null,
        "isSold": false,
        "id": 62731
    },
    {
        "firstName": "JOSE",
        "lastName": "VIDAL",
        "phone": "3055599285",
        "address": "1030 SW 96TH AVE",
        "city": "MIA",
        "state": "FL",
        "zip": "33174",
        "email": "VIDA463@BELLSOUTH.NET",
        "dateOfBirth": "1968-08-14T12:00:00",
        "ssn": "589793789",
        "userOrders": null,
        "isSold": false,
        "id": 62739
    }
]