[
    {
        "firstName": "TIMM",
        "lastName": "LOGAN",
        "phone": "8652434135",
        "address": "2376 E WOLF VALLEY RD",
        "city": "CLINTON",
        "state": "TN",
        "zip": "37716",
        "email": "TIMMLOGAN@YAHOO.COM",
        "dateOfBirth": "1968-06-08T12:00:00",
        "ssn": "413938253",
        "userOrders": null,
        "isSold": false,
        "id": 39271
    },
    {
        "firstName": "WILLIAM",
        "lastName": "MCNEIL",
        "phone": "6168486468",
        "address": "17922 CHEROKEE DR",
        "city": "FERRYSBURG",
        "state": "LAKE",
        "zip": "49456",
        "email": "SMCPHOENIX@COMCAST.NET",
        "dateOfBirth": "1968-12-06T12:00:00",
        "ssn": "385802249",
        "userOrders": null,
        "isSold": false,
        "id": 39280
    },
    {
        "firstName": "JAMES",
        "lastName": "E",
        "phone": "5634958903",
        "address": "719 MULBERRY ST",
        "city": "HAMMOND",
        "state": "IN",
        "zip": "46324",
        "email": "CAROLANNETHEL@YAHOO.COM",
        "dateOfBirth": "1968-04-27T12:00:00",
        "ssn": "326661084",
        "userOrders": null,
        "isSold": false,
        "id": 39296
    },
    {
        "firstName": "ANNETTE",
        "lastName": "ANDERSON",
        "phone": "8432247946",
        "address": "1044 WAYFARER LN",
        "city": "CHAS",
        "state": "SC",
        "zip": "29412",
        "email": "ABILTONMAMMA@AOL.COM",
        "dateOfBirth": "1968-09-03T12:00:00",
        "ssn": "249493462",
        "userOrders": null,
        "isSold": false,
        "id": 39382
    },
    {
        "firstName": "PHUC",
        "lastName": "TRUONG",
        "phone": "2817047303",
        "address": "12755 REGAL PINE LN",
        "city": "HOUSTON",
        "state": "TX",
        "zip": "77070",
        "email": "PHUCTRUONGHOUSTON@YAHOO.COM",
        "dateOfBirth": "1968-01-20T12:00:00",
        "ssn": "635328035",
        "userOrders": null,
        "isSold": false,
        "id": 39441
    },
    {
        "firstName": "SAN",
        "lastName": "JAY",
        "phone": "7142801550",
        "address": "8173 E MORNING SUN LN",
        "city": "ANH",
        "state": "CA",
        "zip": "92808",
        "email": "SANJAYD1@YAHOO.COM",
        "dateOfBirth": "1968-06-01T12:00:00",
        "ssn": "339623327",
        "userOrders": null,
        "isSold": false,
        "id": 39542
    },
    {
        "firstName": "BIFANG",
        "lastName": "YU",
        "phone": "4159398112",
        "address": "209 OLIVER ST",
        "city": "DC",
        "state": "CITY",
        "zip": "94014",
        "email": "BIYU@ATT.NET",
        "dateOfBirth": "1968-10-21T12:00:00",
        "ssn": "614294453",
        "userOrders": null,
        "isSold": false,
        "id": 39573
    },
    {
        "firstName": "ADRIENNE",
        "lastName": "LOPEZ",
        "phone": "6825979622",
        "address": "7340 SKILLMAN ST APT 608",
        "city": "DALLAS",
        "state": "TX",
        "zip": "75231",
        "email": "MOOMINKOMET@GMAIL.COM",
        "dateOfBirth": "1968-10-08T12:00:00",
        "ssn": "453554729",
        "userOrders": null,
        "isSold": false,
        "id": 39588
    },
    {
        "firstName": "PAMELA",
        "lastName": "ORTINAU",
        "phone": "2622958481",
        "address": "418 TOWER AVE",
        "city": "GENOA CITY",
        "state": "CITY",
        "zip": "53128",
        "email": "JOSHORTINAU@YMAIL.COM",
        "dateOfBirth": "1968-06-26T12:00:00",
        "ssn": "341560406",
        "userOrders": null,
        "isSold": false,
        "id": 39653
    },
    {
        "firstName": "SHERYL",
        "lastName": "COLE",
        "phone": "2813415803",
        "address": "23806 FAIRPORT HARBOR LN",
        "city": "RICHMOND",
        "state": "TX",
        "zip": "77407",
        "email": "SCOLE@PDQ.NET",
        "dateOfBirth": "1968-01-16T12:00:00",
        "ssn": "455084521",
        "userOrders": null,
        "isSold": false,
        "id": 39668
    },
    {
        "firstName": "JIMMY",
        "lastName": "BREEDLOVE",
        "phone": "4178938752",
        "address": "307 W LAWRENCE",
        "city": "MARIONVILLE",
        "state": "MO",
        "zip": "65705",
        "email": "BREEDLOVE.JIMMY@HOTMAIL.COM",
        "dateOfBirth": "1968-08-05T12:00:00",
        "ssn": "491885578",
        "userOrders": null,
        "isSold": false,
        "id": 39702
    },
    {
        "firstName": "OMAR",
        "lastName": "HADI",
        "phone": "5126898396",
        "address": "15421 ECHO HILLS DR",
        "city": "AUSTIN",
        "state": "TX",
        "zip": "78717",
        "email": "LOSTINAUSTIN717@GMAIL.COM",
        "dateOfBirth": "1968-05-08T12:00:00",
        "ssn": "459516746",
        "userOrders": null,
        "isSold": false,
        "id": 39717
    },
    {
        "firstName": "NELLY",
        "lastName": "CHIMAL",
        "phone": "1111110001",
        "address": "2855 PINECREEK DR APT C213",
        "city": "CM",
        "state": "MESA",
        "zip": "92626",
        "email": "NELLYCHIMAL@YAHOO.COM",
        "dateOfBirth": "1968-07-21T12:00:00",
        "ssn": "609568833",
        "userOrders": null,
        "isSold": true,
        "id": 39728
    },
    {
        "firstName": "GINA",
        "lastName": "GANSER",
        "phone": "4146871801",
        "address": "2451 N 90TH ST",
        "city": "WAUWATOSA",
        "state": "WI",
        "zip": "53226",
        "email": "GMGANSER@YAHOO.COM",
        "dateOfBirth": "1968-07-27T12:00:00",
        "ssn": "392646435",
        "userOrders": null,
        "isSold": false,
        "id": 39746
    },
    {
        "firstName": "REBECCA",
        "lastName": "WRIGHT",
        "phone": "3172588987",
        "address": "746 CENTRAL PARK DR W APT 106",
        "city": "PLAINFIELD",
        "state": "IN",
        "zip": "46168",
        "email": "BWRIGHT@MAINGATEINC.COM",
        "dateOfBirth": "1968-12-13T12:00:00",
        "ssn": "312886750",
        "userOrders": null,
        "isSold": false,
        "id": 39755
    }
]