[
    {
        "firstName": "MARIA",
        "lastName": "CERVANTES",
        "phone": "3055947569",
        "address": "5174 NW 105TH CT",
        "city": "DORAL",
        "state": "FL",
        "zip": "33178",
        "email": "CERVIZ@LIVE.COM",
        "dateOfBirth": "1968-01-26T12:00:00",
        "ssn": "766340556",
        "userOrders": null,
        "isSold": false,
        "id": 18788
    },
    {
        "firstName": "DAVE",
        "lastName": "KINSEY",
        "phone": "5126989618",
        "address": "9009 N FM 620 RD APT 410",
        "city": "AUSTIN",
        "state": "TX",
        "zip": "78726",
        "email": "KINZ68@GMAIL.COM",
        "dateOfBirth": "1968-08-31T12:00:00",
        "ssn": "292604386",
        "userOrders": null,
        "isSold": false,
        "id": 18811
    },
    {
        "firstName": "ELAINE",
        "lastName": "SMITH",
        "phone": "6162722853",
        "address": "APT 103",
        "city": "GRAND RAPIDS",
        "state": "CENTRAL",
        "zip": "49505",
        "email": "LAINEYSUE18@YAHOO.COM",
        "dateOfBirth": "1968-03-18T12:00:00",
        "ssn": "382925249",
        "userOrders": null,
        "isSold": false,
        "id": 18820
    },
    {
        "firstName": "DAVID",
        "lastName": "BRUCE",
        "phone": "9163724111",
        "address": "9165194928",
        "city": "411 HARBOR BLVD STE 1",
        "state": "TINT",
        "zip": "WS",
        "email": "95691",
        "dateOfBirth": "1968-06-30T12:00:00",
        "ssn": "563533600",
        "userOrders": null,
        "isSold": false,
        "id": 18875
    },
    {
        "firstName": "JOHNATHAN",
        "lastName": "SMITH",
        "phone": "3182776738",
        "address": "22547 DOVER ST",
        "city": "DENHAM SPRINGS",
        "state": "SPGS",
        "zip": "70726",
        "email": "JRSJOHN1968@YAHOO.COM",
        "dateOfBirth": "1968-08-12T12:00:00",
        "ssn": "558173321",
        "userOrders": null,
        "isSold": true,
        "id": 18891
    },
    {
        "firstName": "CRENDA",
        "lastName": "SHEESLEY",
        "phone": "1111110001",
        "address": "8611 GARDEN GATE CIR",
        "city": "LOUISVILLE",
        "state": "KY",
        "zip": "40291",
        "email": "BSHEESLEY@HOTMAIL.COM",
        "dateOfBirth": "1968-12-27T12:00:00",
        "ssn": "168588341",
        "userOrders": null,
        "isSold": false,
        "id": 18949
    },
    {
        "firstName": "GABRIEL",
        "lastName": "SVED",
        "phone": "3057527712",
        "address": "15111 SW 69TH ST",
        "city": "MIA",
        "state": "FL",
        "zip": "33193",
        "email": "GABALCOL@BELLSOUTH.NET",
        "dateOfBirth": "1968-02-06T12:00:00",
        "ssn": "264758504",
        "userOrders": null,
        "isSold": false,
        "id": 18960
    },
    {
        "firstName": "CRYSTAL",
        "lastName": "KITCHINGS",
        "phone": "8032722669",
        "address": "1836 SPRINGVALE RD",
        "city": "LUGOFF",
        "state": "SC",
        "zip": "29078",
        "email": "KRYKIK1968@GMAIL.COM",
        "dateOfBirth": "1968-06-20T12:00:00",
        "ssn": "377807750",
        "userOrders": null,
        "isSold": false,
        "id": 18961
    },
    {
        "firstName": "JOSEPH",
        "lastName": "MORRISSEY",
        "phone": "4149623798",
        "address": "4121 N STOWELL AVE",
        "city": "SHOREWOOD",
        "state": "WI",
        "zip": "53211",
        "email": "MONICAMORRISSEY@HOTMAIL.COM",
        "dateOfBirth": "1968-04-10T12:00:00",
        "ssn": "398785300",
        "userOrders": null,
        "isSold": false,
        "id": 18974
    },
    {
        "firstName": "ALLEN",
        "lastName": "D",
        "phone": "6083951608",
        "address": "3522 EVAN ACRES RD APT 1",
        "city": "MADISON",
        "state": "WI",
        "zip": "53718",
        "email": "VAIN6468@GMAIL.COM",
        "dateOfBirth": "1968-06-04T12:00:00",
        "ssn": "396889164",
        "userOrders": null,
        "isSold": false,
        "id": 19029
    },
    {
        "firstName": "DARIUS",
        "lastName": "WITEK",
        "phone": "7734741956",
        "address": "703 E EUCLID AVE",
        "city": "ARL HTS",
        "state": "HTS",
        "zip": "60004",
        "email": "DARIUSZWITEK@SBCGLOBAL.NET",
        "dateOfBirth": "1968-05-17T12:00:00",
        "ssn": "336845828",
        "userOrders": null,
        "isSold": false,
        "id": 19037
    },
    {
        "firstName": "MAIANO",
        "lastName": "GUILLEN",
        "phone": "6617187481",
        "address": "2115 W AVENUE O 12",
        "city": "PLM",
        "state": "CA",
        "zip": "93551",
        "email": "GUILLEN.EDWARD@GMAIL.COM",
        "dateOfBirth": "1968-05-03T12:00:00",
        "ssn": "618075266",
        "userOrders": null,
        "isSold": false,
        "id": 19074
    },
    {
        "firstName": "JOHN",
        "lastName": "MARTINEZ",
        "phone": "9512188477",
        "address": "7510 MAGNOLIA AVE APT 102",
        "city": "RIV",
        "state": "CA",
        "zip": "92504",
        "email": "JMARTINEZJR68@HOTMAIL.COM",
        "dateOfBirth": "1968-06-15T12:00:00",
        "ssn": "557813286",
        "userOrders": null,
        "isSold": false,
        "id": 19165
    },
    {
        "firstName": "ADRIAN",
        "lastName": "ECHAVEZ",
        "phone": "8187487536",
        "address": "1101 N MARYLAND AVE APT J",
        "city": "GLN",
        "state": "CA",
        "zip": "91207",
        "email": "IZMARGAD@ATT.NET",
        "dateOfBirth": "1968-04-01T12:00:00",
        "ssn": "571194764",
        "userOrders": null,
        "isSold": false,
        "id": 19175
    },
    {
        "firstName": "FELIXARDO",
        "lastName": "DUARTE",
        "phone": "9092016512",
        "address": "24475 STACEY AVE",
        "city": "RIV",
        "state": "VALLEY",
        "zip": "92507",
        "email": "FELIXDUARTE68@HOTMAIL.COM",
        "dateOfBirth": "1968-09-02T12:00:00",
        "ssn": "607141602",
        "userOrders": null,
        "isSold": true,
        "id": 19183
    }
]