[
    {
        "firstName": "ELEAISE",
        "lastName": "SCOTT",
        "phone": "5805951094",
        "address": "7342 TAMBURO TRL",
        "city": "SAN ANTONIO",
        "state": "ANTONIO",
        "zip": "78266",
        "email": "SCOTT94E@YAHOO.COM",
        "dateOfBirth": "1968-04-27T12:00:00",
        "ssn": "417029793",
        "userOrders": null,
        "isSold": false,
        "id": 100927
    },
    {
        "firstName": "DERRICK",
        "lastName": "MOORE",
        "phone": "3142613994",
        "address": "3145223326",
        "city": "SAINT LOUIS MO 63135-1238",
        "state": "N",
        "zip": "CALVERTON PARK",
        "email": "63135",
        "dateOfBirth": "1968-02-10T12:00:00",
        "ssn": "491788333",
        "userOrders": null,
        "isSold": true,
        "id": 100996
    },
    {
        "firstName": "VALERIE",
        "lastName": "JILES",
        "phone": "3346490739",
        "address": "2875 PEABODY RD",
        "city": "MONTGOMERY",
        "state": "AL",
        "zip": "36116",
        "email": "VALERIE_JILES@YAHOO.COM",
        "dateOfBirth": "1968-11-10T12:00:00",
        "ssn": "423196228",
        "userOrders": null,
        "isSold": false,
        "id": 101008
    },
    {
        "firstName": "CYNTHIA",
        "lastName": "ASAY",
        "phone": "7087057616",
        "address": "2308 CLINTON AVE",
        "city": "BRWYN",
        "state": "IL",
        "zip": "60402",
        "email": "MOMMYASAY@SBCGLOBAL.NET",
        "dateOfBirth": "1968-06-11T12:00:00",
        "ssn": "349703752",
        "userOrders": null,
        "isSold": false,
        "id": 101071
    },
    {
        "firstName": "YOLANDA",
        "lastName": "NELSON",
        "phone": "3168070452",
        "address": "3168070452",
        "city": "WICHITA KS 67207-5552",
        "state": "S",
        "zip": "WICHITA",
        "email": "67207",
        "dateOfBirth": "1968-10-17T12:00:00",
        "ssn": "511702694",
        "userOrders": null,
        "isSold": false,
        "id": 101148
    },
    {
        "firstName": "DBA",
        "lastName": "WOW",
        "phone": "5103790630",
        "address": "GOHAR RASHID",
        "city": "SF",
        "state": "BEACH",
        "zip": "94133",
        "email": "SONURANA415@GMAIL.COM",
        "dateOfBirth": "1968-02-04T12:00:00",
        "ssn": "605964686",
        "userOrders": null,
        "isSold": false,
        "id": 101262
    },
    {
        "firstName": "MELISSA",
        "lastName": "GREENWOOD",
        "phone": "3109716058",
        "address": "1220 W CRUCES ST",
        "city": "WILM",
        "state": "CA",
        "zip": "90744",
        "email": "UVMAN009@GMAIL.COM",
        "dateOfBirth": "1968-05-29T12:00:00",
        "ssn": "567336075",
        "userOrders": null,
        "isSold": false,
        "id": 101263
    },
    {
        "firstName": "THOMAS",
        "lastName": "BURRE",
        "phone": "3052996766",
        "address": "2346 SE 21ST ST",
        "city": "HMSD",
        "state": "FL",
        "zip": "33035",
        "email": "BURRETHOMAS@YAHOO.COM",
        "dateOfBirth": "1968-08-22T12:00:00",
        "ssn": "213068816",
        "userOrders": null,
        "isSold": false,
        "id": 101347
    },
    {
        "firstName": "ANDREW",
        "lastName": "DEMCAK",
        "phone": "5105907893",
        "address": "8109 WINTHROPE ST",
        "city": "OAK",
        "state": "CA",
        "zip": "94605",
        "email": "AND23REW@GMAIL.COM",
        "dateOfBirth": "1968-09-23T12:00:00",
        "ssn": "216828305",
        "userOrders": null,
        "isSold": false,
        "id": 101363
    },
    {
        "firstName": "SCOTT",
        "lastName": "CAMPBELL",
        "phone": "2483951703",
        "address": "204 PLEASANT MANOR DR",
        "city": "WATERFORD TWP",
        "state": "MI",
        "zip": "48327",
        "email": "sc2652@att.com",
        "dateOfBirth": "1968-01-21T12:00:00",
        "ssn": "367745774",
        "userOrders": null,
        "isSold": false,
        "id": 101387
    },
    {
        "firstName": "PAULA",
        "lastName": "DILCHER",
        "phone": "1111110001",
        "address": "2459 BEVERLY HILLS DR",
        "city": "LANCASTER",
        "state": "OH",
        "zip": "43130",
        "email": "PDILCH@AOL.COM",
        "dateOfBirth": "1968-06-20T12:00:00",
        "ssn": "299684425",
        "userOrders": null,
        "isSold": false,
        "id": 101423
    },
    {
        "firstName": "DEODELI",
        "lastName": "MARTINEZ",
        "phone": "9563253264",
        "address": "707 E FREIDA ST",
        "city": "PHARR",
        "state": "TX",
        "zip": "78577",
        "email": "DMTV1023@GMAIL.COM",
        "dateOfBirth": "1968-05-06T12:00:00",
        "ssn": "458136455",
        "userOrders": null,
        "isSold": false,
        "id": 101475
    },
    {
        "firstName": "DONNA",
        "lastName": "DOBBS",
        "phone": "9133979432",
        "address": "16326 W 123RD ST",
        "city": "OLATHE",
        "state": "KS",
        "zip": "66062",
        "email": "DONNA-DOBBS@ATT.NET",
        "dateOfBirth": "1968-06-21T12:00:00",
        "ssn": "576215109",
        "userOrders": null,
        "isSold": false,
        "id": 101510
    },
    {
        "firstName": "MARK",
        "lastName": "KELLERMAN",
        "phone": "2514014598",
        "address": "140 EASTON CIR",
        "city": "FAIRHOPE",
        "state": "AL",
        "zip": "36532",
        "email": "MKELLERMAN@GULFPKG.COM",
        "dateOfBirth": "1968-11-24T12:00:00",
        "ssn": "420786478",
        "userOrders": null,
        "isSold": false,
        "id": 101561
    },
    {
        "firstName": "ZOE",
        "lastName": "MORALES",
        "phone": "6823517628",
        "address": "1115 E ALLEN AVE",
        "city": "FORT WORTH",
        "state": "WORTH",
        "zip": "76104",
        "email": "JUAN_ZOE_MORALES@YAHOO.COM",
        "dateOfBirth": "1968-12-26T12:00:00",
        "ssn": "453532978",
        "userOrders": null,
        "isSold": false,
        "id": 101573
    }
]