[
    {
        "firstName": "RIGOBERTO",
        "lastName": "SUAREZ",
        "phone": "7865473141",
        "address": "19650 NW 79TH AVE",
        "city": "MIA",
        "state": "FL",
        "zip": "33015",
        "email": "RISUGA37@YAHOO.COM",
        "dateOfBirth": "1968-10-03T12:00:00",
        "ssn": "589450909",
        "userOrders": null,
        "isSold": false,
        "id": 101608
    },
    {
        "firstName": "EMILY",
        "lastName": "EKESA",
        "phone": "5127856303",
        "address": "706 PAMPAS RICAS DR",
        "city": "LEANDER",
        "state": "TX",
        "zip": "78641",
        "email": "ASAMIEK32@GMAIL.COM",
        "dateOfBirth": "1968-05-17T12:00:00",
        "ssn": "633112186",
        "userOrders": null,
        "isSold": false,
        "id": 101670
    },
    {
        "firstName": "CHARLES",
        "lastName": "KENNEDY",
        "phone": "9037526321",
        "address": "2605 DOVE CREEK DR",
        "city": "FARMERS BRANCH",
        "state": "TX",
        "zip": "75244",
        "email": "CRKNJK77@ATT.NET",
        "dateOfBirth": "1968-07-19T12:00:00",
        "ssn": "451842168",
        "userOrders": null,
        "isSold": false,
        "id": 101704
    },
    {
        "firstName": "BERNARD",
        "lastName": "GRANT",
        "phone": "9403376990",
        "address": "711 WILLIAMS AVE",
        "city": "WICHITA FALLS",
        "state": "FALLS",
        "zip": "76301",
        "email": "BERNARDGRANT47@GMAIL.COM",
        "dateOfBirth": "1968-01-03T12:00:00",
        "ssn": "660602701",
        "userOrders": null,
        "isSold": false,
        "id": 101728
    },
    {
        "firstName": "OLIVER",
        "lastName": "LAIRD",
        "phone": "7064611500",
        "address": "1800 N JACKSON ST",
        "city": "LITTLE ROCK",
        "state": "ROCK",
        "zip": "72207",
        "email": "KATIEQ104@GMAIL.COM",
        "dateOfBirth": "1968-06-11T12:00:00",
        "ssn": "255971757",
        "userOrders": null,
        "isSold": true,
        "id": 101742
    },
    {
        "firstName": "LEIGHTON",
        "lastName": "KEKUEWA",
        "phone": "9513145944",
        "address": "12725 KRISTI LYNN CT",
        "city": "EASTVALE",
        "state": "CA",
        "zip": "92880",
        "email": "WKEKUEWA@YAHOO.COM",
        "dateOfBirth": "1968-05-04T12:00:00",
        "ssn": "565795200",
        "userOrders": null,
        "isSold": false,
        "id": 101774
    },
    {
        "firstName": "KEVIN",
        "lastName": "ZABORNIAK",
        "phone": "7149283883",
        "address": "1049 S POSITANO AVE",
        "city": "ANH",
        "state": "CA",
        "zip": "92808",
        "email": "TOBACCOLOVER@SBCGLOBAL.NET",
        "dateOfBirth": "1968-02-13T12:00:00",
        "ssn": "268544812",
        "userOrders": null,
        "isSold": false,
        "id": 101778
    },
    {
        "firstName": "ANTHONY",
        "lastName": "TATAR",
        "phone": "3148531787",
        "address": "465 LARRY DR",
        "city": "FLORISSANT",
        "state": "MO",
        "zip": "63033",
        "email": "TONY.TATAR@GMAIL.COM",
        "dateOfBirth": "1968-12-08T12:00:00",
        "ssn": "346669822",
        "userOrders": null,
        "isSold": false,
        "id": 101790
    },
    {
        "firstName": "CAROLINA",
        "lastName": "LOMELI",
        "phone": "9164624052",
        "address": "4601 14TH AVE",
        "city": "SAC",
        "state": "CA",
        "zip": "95820",
        "email": "PHEWHATLEY2@GMAIL.COM",
        "dateOfBirth": "1968-04-24T12:00:00",
        "ssn": "564174705",
        "userOrders": null,
        "isSold": false,
        "id": 101868
    },
    {
        "firstName": "CARMEN",
        "lastName": "HERNANDEZ",
        "phone": "5126585944",
        "address": "3804 GILDAS PATH",
        "city": "PFLUGERVILLE",
        "state": "TX",
        "zip": "78660",
        "email": "CARMEN-HERNANDEZ@LIVE.COM",
        "dateOfBirth": "1968-06-21T12:00:00",
        "ssn": "461673305",
        "userOrders": null,
        "isSold": false,
        "id": 101889
    },
    {
        "firstName": "BARBIE",
        "lastName": "CASTILLO",
        "phone": "9153739787",
        "address": "2912 PINO BLANCO PL",
        "city": "EL PASO",
        "state": "PASO",
        "zip": "79938",
        "email": "LAVANDERFLYGRL@AOL.COM",
        "dateOfBirth": "1968-01-29T12:00:00",
        "ssn": "575984705",
        "userOrders": null,
        "isSold": false,
        "id": 101896
    },
    {
        "firstName": "SHAWN",
        "lastName": "TERRYBERRY",
        "phone": "9132201772",
        "address": "13654 BLACKFISH PKWY",
        "city": "SHAWNEE",
        "state": "KS",
        "zip": "66216",
        "email": "SCUBAHUSKER@YAHOO.COM",
        "dateOfBirth": "1968-06-12T12:00:00",
        "ssn": "506844626",
        "userOrders": null,
        "isSold": false,
        "id": 101897
    },
    {
        "firstName": "JERRY",
        "lastName": "PANKEY",
        "phone": "3147929246",
        "address": "5474 LOUGHBOROUGH AVE",
        "city": "ST LOUIS",
        "state": "LOUIS",
        "zip": "63109",
        "email": "PANKEY_JERRY@YAHOO.COM",
        "dateOfBirth": "1968-05-14T12:00:00",
        "ssn": "497745276",
        "userOrders": null,
        "isSold": false,
        "id": 101921
    },
    {
        "firstName": "ANA",
        "lastName": "SANDOVAL",
        "phone": "1111110010",
        "address": "9710 HAMMOCKS BLVD APT 203",
        "city": "MIA",
        "state": "FL",
        "zip": "33196",
        "email": "PILOT2008@BELLSOUTH.NET",
        "dateOfBirth": "1968-08-27T12:00:00",
        "ssn": "595987926",
        "userOrders": null,
        "isSold": false,
        "id": 102081
    },
    {
        "firstName": "SERAFIN",
        "lastName": "LOPEZ",
        "phone": "7076966832",
        "address": "825 W 9TH ST APT C4",
        "city": "S RS",
        "state": "ROSA",
        "zip": "95401",
        "email": "NA@NA.COM",
        "dateOfBirth": "1968-01-20T12:00:00",
        "ssn": "604107517",
        "userOrders": null,
        "isSold": false,
        "id": 102152
    }
]