[
    {
        "firstName": "JUAN",
        "lastName": "MANUEL",
        "phone": "8582453941",
        "address": "4085 TEXAS ST APT 9",
        "city": "SD",
        "state": "DIEGO",
        "zip": "92104",
        "email": "JUANALVAREZ2968@ATT.NET",
        "dateOfBirth": "1968-03-29T12:00:00",
        "ssn": "606126401",
        "userOrders": null,
        "isSold": true,
        "id": 12437
    },
    {
        "firstName": "BELINDA",
        "lastName": "MCCLENDON",
        "phone": "2148026445",
        "address": "4303 MARGATE DR",
        "city": "DALLAS",
        "state": "TX",
        "zip": "75220",
        "email": "BELINDAMCCL@SBCGLOBAL.NET",
        "dateOfBirth": "1968-06-04T12:00:00",
        "ssn": "462512023",
        "userOrders": null,
        "isSold": true,
        "id": 12522
    },
    {
        "firstName": "JOE",
        "lastName": "JOSEPHS",
        "phone": "9173594850",
        "address": "1940 N HIGHLAND AVE APT 46",
        "city": "LOS ANGELES",
        "state": "ANGELES",
        "zip": "90068",
        "email": "JOE@WINLAR.COM",
        "dateOfBirth": "1968-10-21T12:00:00",
        "ssn": "103469136",
        "userOrders": null,
        "isSold": true,
        "id": 12577
    },
    {
        "firstName": "JAMES",
        "lastName": "RICHARDSON",
        "phone": "8036732923",
        "address": "105 LAUREL HILL DR",
        "city": "W COLA",
        "state": "COLUMBIA",
        "zip": "29170",
        "email": "CHELL13012@AOL.COM",
        "dateOfBirth": "1968-09-24T12:00:00",
        "ssn": "250617322",
        "userOrders": null,
        "isSold": true,
        "id": 12592
    },
    {
        "firstName": "ELIZABETH",
        "lastName": "HERNANDEZ",
        "phone": "6306941493",
        "address": "355 E IRVING PARK RD APT A",
        "city": "WD DALE",
        "state": "DALE",
        "zip": "60191",
        "email": "WERALISA@YAHOO.COM",
        "dateOfBirth": "1968-07-06T12:00:00",
        "ssn": "351685124",
        "userOrders": null,
        "isSold": true,
        "id": 12602
    },
    {
        "firstName": "JAMES",
        "lastName": "BELDEN",
        "phone": "3166186878",
        "address": "3418 W 15TH ST N",
        "city": "WICHITA",
        "state": "KS",
        "zip": "67203",
        "email": "JBELDEN1@USD259.NET",
        "dateOfBirth": "1968-02-14T12:00:00",
        "ssn": "573888191",
        "userOrders": null,
        "isSold": true,
        "id": 12606
    },
    {
        "firstName": "ORVILLE",
        "lastName": "MEREDITH",
        "phone": "8123436007",
        "address": "3031 AMELIA CIR",
        "city": "JEFFERSONVILLE",
        "state": "IN",
        "zip": "47130",
        "email": "ALLPROSAT@BELLSOUTH.NET",
        "dateOfBirth": "1968-02-04T12:00:00",
        "ssn": "303866113",
        "userOrders": null,
        "isSold": true,
        "id": 12658
    },
    {
        "firstName": "ROSSIEL",
        "lastName": "GRANDAL",
        "phone": "8473723152",
        "address": "505 IVORY LN",
        "city": "ARL HTS",
        "state": "IL",
        "zip": "60004",
        "email": "ROSSIELSKORUPA@YAHOO.COM",
        "dateOfBirth": "1968-07-11T12:00:00",
        "ssn": "345705178",
        "userOrders": null,
        "isSold": true,
        "id": 12676
    },
    {
        "firstName": "JOHN",
        "lastName": "BLEDSOE",
        "phone": "3174169726",
        "address": "2437 APPLE TREE LN",
        "city": "CUMBERLAND",
        "state": "IN",
        "zip": "46229",
        "email": "PRYMETYME300@YAHOO.COM",
        "dateOfBirth": "1968-05-16T12:00:00",
        "ssn": "312928857",
        "userOrders": null,
        "isSold": true,
        "id": 12803
    },
    {
        "firstName": "TAMIR",
        "lastName": "HERSONSKEY",
        "phone": "8156853090",
        "address": "704 CHESTERFIELD AVE",
        "city": "JOLIET",
        "state": "IL",
        "zip": "60435",
        "email": "HATUL26@GMAIL.COM",
        "dateOfBirth": "1968-11-08T12:00:00",
        "ssn": "348943664",
        "userOrders": null,
        "isSold": true,
        "id": 12873
    },
    {
        "firstName": "PATRICK",
        "lastName": "YOUNG",
        "phone": "8168781106",
        "address": "4008 NE 83RD ST",
        "city": "KANSAS CITY",
        "state": "CITY",
        "zip": "64119",
        "email": "YOUNGPATRICK@ATT.NET",
        "dateOfBirth": "1968-07-07T12:00:00",
        "ssn": "500804666",
        "userOrders": null,
        "isSold": true,
        "id": 12907
    },
    {
        "firstName": "ROBIN",
        "lastName": "KINDIG",
        "phone": "7654191410",
        "address": "1607 W MULBERRY ST",
        "city": "KOKOMO",
        "state": "IN",
        "zip": "46901",
        "email": "RANDYKINDIG@HOTMAIL.COM",
        "dateOfBirth": "1968-07-29T12:00:00",
        "ssn": "308928307",
        "userOrders": null,
        "isSold": true,
        "id": 12963
    },
    {
        "firstName": "KRISTIN",
        "lastName": "FEZZUOGLIO",
        "phone": "8476825857",
        "address": "2240 SHILOH DR",
        "city": "AURORA",
        "state": "IL",
        "zip": "60503",
        "email": "PROCESS@OSCONNECTS.COM",
        "dateOfBirth": "1968-07-04T12:00:00",
        "ssn": "210482586",
        "userOrders": null,
        "isSold": true,
        "id": 12970
    },
    {
        "firstName": "JEFFREY",
        "lastName": "BOUYER",
        "phone": "2106459981",
        "address": "2235 COLORADO BND",
        "city": "SAN ANTONIO",
        "state": "ANTONIO",
        "zip": "78245",
        "email": "BOUYER@LIVE.COM",
        "dateOfBirth": "1968-12-08T12:00:00",
        "ssn": "383666140",
        "userOrders": null,
        "isSold": true,
        "id": 13045
    },
    {
        "firstName": "MICHELLE",
        "lastName": "PERRY",
        "phone": "9253548033",
        "address": "1804 GEYSER CT",
        "city": "BRNTWD",
        "state": "CA",
        "zip": "94513",
        "email": "MPERRY@EHSD.CCCOUNTY.US",
        "dateOfBirth": "1968-12-11T12:00:00",
        "ssn": "568771537",
        "userOrders": null,
        "isSold": true,
        "id": 13056
    }
]