[
    {
        "firstName": "SCOTT",
        "lastName": "MESHELL",
        "phone": "3187093739",
        "address": "560 MAIN ST",
        "city": "HATTIESBURG",
        "state": "LA",
        "zip": "39475",
        "email": "SMESHELL@PEOPLESSTATE.COM",
        "dateOfBirth": "1968-01-26T12:00:00",
        "ssn": "435332597",
        "userOrders": null,
        "isSold": false,
        "id": 37377
    },
    {
        "firstName": "SELENA",
        "lastName": "PORTER",
        "phone": "8436699117",
        "address": "611 STACKLEY ST",
        "city": "FLORENCE",
        "state": "SC",
        "zip": "29506",
        "email": "SELENAPORTER87@GMAIL.COM",
        "dateOfBirth": "1968-11-13T12:00:00",
        "ssn": "251210453",
        "userOrders": null,
        "isSold": false,
        "id": 37388
    },
    {
        "firstName": "ASAEL",
        "lastName": "MOLLINEDA",
        "phone": "3059343221",
        "address": "8851 NW 119TH ST UNIT 1206",
        "city": "HLH GARDNS",
        "state": "GDNS",
        "zip": "33018",
        "email": "RACHEL.SANCHEZ22@YAHOO.COM",
        "dateOfBirth": "1968-06-22T12:00:00",
        "ssn": "766661238",
        "userOrders": null,
        "isSold": false,
        "id": 37408
    },
    {
        "firstName": "C",
        "lastName": "BOYD",
        "phone": "8657487252",
        "address": "1936 WINTER WINDS LN",
        "city": "KNOXVILLE",
        "state": "TN",
        "zip": "37909",
        "email": "DARIANSDAD@ATT.NET",
        "dateOfBirth": "1968-02-07T12:00:00",
        "ssn": "411278994",
        "userOrders": null,
        "isSold": false,
        "id": 37456
    },
    {
        "firstName": "JOSE",
        "lastName": "TIJERINA",
        "phone": "5129985955",
        "address": "11505 WOODLAND HILLS TRL",
        "city": "AUSTIN",
        "state": "TX",
        "zip": "78732",
        "email": "J.FRANCISCO.ALEMAN@GMAIL.COM",
        "dateOfBirth": "1968-04-02T12:00:00",
        "ssn": "382155646",
        "userOrders": null,
        "isSold": false,
        "id": 37590
    },
    {
        "firstName": "AHMED",
        "lastName": "HASSAN",
        "phone": "7135010776",
        "address": "711 TARA PLANTATION DR",
        "city": "RICHMOND",
        "state": "TX",
        "zip": "77469",
        "email": "XLTJR555@YAHOO.COM",
        "dateOfBirth": "1968-05-10T12:00:00",
        "ssn": "641607788",
        "userOrders": null,
        "isSold": false,
        "id": 37800
    },
    {
        "firstName": "BRAMANATHAN",
        "lastName": "KARUPPAIYA",
        "phone": "6302278475",
        "address": "338 LUCILLE LN",
        "city": "SCHMBRG",
        "state": "IL",
        "zip": "60193",
        "email": "NATHAN@RITHI.COM",
        "dateOfBirth": "1968-08-22T12:00:00",
        "ssn": "179782750",
        "userOrders": null,
        "isSold": false,
        "id": 37818
    },
    {
        "firstName": "LISIATE",
        "lastName": "TULUA",
        "phone": "1111110001",
        "address": "2390 BRITTANY WAY",
        "city": "TRACY",
        "state": "CA",
        "zip": "95377",
        "email": "OFAPANI@SBCGLOBAL.NET",
        "dateOfBirth": "1968-09-07T12:00:00",
        "ssn": "567576694",
        "userOrders": null,
        "isSold": false,
        "id": 37881
    },
    {
        "firstName": "DEVINDER",
        "lastName": "GREWAL",
        "phone": "4153703695",
        "address": "2543 ELLSWORTH ST",
        "city": "BRK",
        "state": "CA",
        "zip": "94704",
        "email": "DGREWAL@GMAIL.COM",
        "dateOfBirth": "1968-12-05T12:00:00",
        "ssn": "556530215",
        "userOrders": null,
        "isSold": false,
        "id": 37938
    },
    {
        "firstName": "DAVID",
        "lastName": "PARTIN",
        "phone": "6036600187",
        "address": "6128 LAMB CREEK DR",
        "city": "FORT WORTH",
        "state": "WORTH",
        "zip": "76179",
        "email": "DPARTIN5@COMCAST.NET",
        "dateOfBirth": "1968-07-19T12:00:00",
        "ssn": "406946532",
        "userOrders": null,
        "isSold": false,
        "id": 38138
    },
    {
        "firstName": "DARIN",
        "lastName": "GRAY",
        "phone": "7342181700",
        "address": "5883 BIG PINE CT",
        "city": "YPSILANTI TWP",
        "state": "MI",
        "zip": "48197",
        "email": "DARIN.J.GRAY@GMAIL.COM",
        "dateOfBirth": "1968-08-23T12:00:00",
        "ssn": "385867964",
        "userOrders": null,
        "isSold": false,
        "id": 38221
    },
    {
        "firstName": "WALID",
        "lastName": "IQAR",
        "phone": "5614706999",
        "address": "21010 CHINABERRY DR",
        "city": "BOCA RATON",
        "state": "RATON",
        "zip": "33428",
        "email": "WR1968@HOTMAIL.COM",
        "dateOfBirth": "1968-12-06T12:00:00",
        "ssn": "135043323",
        "userOrders": null,
        "isSold": false,
        "id": 38305
    },
    {
        "firstName": "JAMES",
        "lastName": "CAMBRON",
        "phone": "4156097119",
        "address": "APT 45",
        "city": "SF",
        "state": "PAGE",
        "zip": "94102",
        "email": "JTCAMBRON@GMAIL.COM",
        "dateOfBirth": "1968-02-10T12:00:00",
        "ssn": "407271581",
        "userOrders": null,
        "isSold": false,
        "id": 38329
    },
    {
        "firstName": "XAVIER.",
        "lastName": "GARCIA",
        "phone": "8325764221",
        "address": "12000 FLEMING DR APT 2608",
        "city": "HOUSTON",
        "state": "TX",
        "zip": "77013",
        "email": "XAVIERGARCIA2011@IIVE.COM",
        "dateOfBirth": "1968-07-27T12:00:00",
        "ssn": "454331872",
        "userOrders": null,
        "isSold": false,
        "id": 38369
    },
    {
        "firstName": "CARL",
        "lastName": "E",
        "phone": "1111110001",
        "address": "1332 E ALLEN ST",
        "city": "LANCASTER",
        "state": "OH",
        "zip": "43130",
        "email": "ERICA@KNOWBEFOREYOUHIRE.COM",
        "dateOfBirth": "1968-10-03T12:00:00",
        "ssn": "300528970",
        "userOrders": null,
        "isSold": false,
        "id": 38448
    }
]