[
    {
        "firstName": "TIM",
        "lastName": "CHRISTENSEN",
        "phone": "8176928676",
        "address": "5108 WHITE HILLS DR",
        "city": "FORT WORTH",
        "state": "WORTH",
        "zip": "76137",
        "email": "TIM.CHRISTENSEN@SBCGLOBAL.NET",
        "dateOfBirth": "1968-12-17T12:00:00",
        "ssn": "466418014",
        "userOrders": null,
        "isSold": true,
        "id": 11594
    },
    {
        "firstName": "ANGELITA",
        "lastName": "WOODS",
        "phone": "5023381569",
        "address": "3815 RIVEROAKS LN",
        "city": "LOUISVILLE",
        "state": "KY",
        "zip": "40241",
        "email": "ANGELC6@HOTMAIL.COM",
        "dateOfBirth": "1968-08-06T12:00:00",
        "ssn": "402258880",
        "userOrders": null,
        "isSold": true,
        "id": 11756
    },
    {
        "firstName": "LASHSWN",
        "lastName": "HAMILTON",
        "phone": "2055221967",
        "address": "50 WARRIOR RIVER LN APT 104",
        "city": "CORDOVA",
        "state": "AL",
        "zip": "35550",
        "email": "LASHAWNHAMILTON42@GMAIL.COM",
        "dateOfBirth": "1968-07-12T12:00:00",
        "ssn": "418026455",
        "userOrders": null,
        "isSold": true,
        "id": 11768
    },
    {
        "firstName": "JAMES",
        "lastName": "POWELL",
        "phone": "5127508010",
        "address": "1600 S LAKELINE BLVD APT 1013",
        "city": "CEDAR PARK",
        "state": "PARK",
        "zip": "78613",
        "email": "BOONEPOWELL@ME.COM",
        "dateOfBirth": "1968-09-04T12:00:00",
        "ssn": "463379660",
        "userOrders": null,
        "isSold": true,
        "id": 11773
    },
    {
        "firstName": "ANA",
        "lastName": "ANDRIAN",
        "phone": "4044289488",
        "address": "2737 KRISTEN CT",
        "city": "CNYRS",
        "state": "GA",
        "zip": "30012",
        "email": "ANAANDRIAN777@GMAIL.COM",
        "dateOfBirth": "1968-01-08T12:00:00",
        "ssn": "675324407",
        "userOrders": null,
        "isSold": true,
        "id": 12092
    },
    {
        "firstName": "BARBARA",
        "lastName": "SCHAN",
        "phone": "7147245962",
        "address": "1521 CAMEO DR",
        "city": "SA",
        "state": "ANA",
        "zip": "92705",
        "email": "KEITHELLEN@HOTMAIL.COM",
        "dateOfBirth": "1968-07-17T12:00:00",
        "ssn": "561795234",
        "userOrders": null,
        "isSold": true,
        "id": 12159
    },
    {
        "firstName": "BRIAN",
        "lastName": "CLARK",
        "phone": "6825549650",
        "address": "2702 JENNIE WELLS DR",
        "city": "MANSFIELD",
        "state": "TX",
        "zip": "76063",
        "email": "BDC629@GMAIL.COM",
        "dateOfBirth": "1968-05-06T12:00:00",
        "ssn": "461513648",
        "userOrders": null,
        "isSold": true,
        "id": 12175
    },
    {
        "firstName": "LISA",
        "lastName": "SHARPE",
        "phone": "8036069232",
        "address": "23 CHERRY LN",
        "city": "W COLA",
        "state": "COLUMBIA",
        "zip": "29170",
        "email": "ELCASHARPE@BELLSOUTH.NET",
        "dateOfBirth": "1968-08-31T12:00:00",
        "ssn": "249331116",
        "userOrders": null,
        "isSold": true,
        "id": 12199
    },
    {
        "firstName": "TAMATHA",
        "lastName": "MOORE",
        "phone": "8177219047",
        "address": "7320 SAVOY DR APT 1204",
        "city": "FORT WORTH",
        "state": "WORTH",
        "zip": "76133",
        "email": "SEPBABY39@GMAIL.COM",
        "dateOfBirth": "1968-09-13T12:00:00",
        "ssn": "426372258",
        "userOrders": null,
        "isSold": true,
        "id": 12262
    },
    {
        "firstName": "WENDY",
        "lastName": "PUCKETT",
        "phone": "9045406358",
        "address": "1111 CYPRESS RD",
        "city": "ST AUG",
        "state": "AUGUSTINE",
        "zip": "32086",
        "email": "WGDALEFAN8@YAHOO.COM",
        "dateOfBirth": "1968-03-16T12:00:00",
        "ssn": "591207530",
        "userOrders": null,
        "isSold": true,
        "id": 12280
    },
    {
        "firstName": "TAMARA",
        "lastName": "ILYUSHENKO",
        "phone": "9162857102",
        "address": "2993 MYOTIS DR",
        "city": "SAC",
        "state": "CA",
        "zip": "95834",
        "email": "YULA_IL@ATT.NET",
        "dateOfBirth": "1968-09-23T12:00:00",
        "ssn": "621046125",
        "userOrders": null,
        "isSold": true,
        "id": 12301
    },
    {
        "firstName": "CLAUDIA",
        "lastName": "SANTA",
        "phone": "7862183009",
        "address": "431 DRAKE RD",
        "city": "ARC",
        "state": "CA",
        "zip": "91007",
        "email": "CLAUDIA@SANTACRUZPR.COM",
        "dateOfBirth": "1968-02-25T12:00:00",
        "ssn": "566911084",
        "userOrders": null,
        "isSold": true,
        "id": 12311
    },
    {
        "firstName": "LEAH",
        "lastName": "VERMEYLEN",
        "phone": "9165175515",
        "address": "1600 W SOUTHWEST LOOP 323",
        "city": "EL DRDO HLS",
        "state": "TX",
        "zip": "95762",
        "email": "KVERMEYLEN1@MSN.COM",
        "dateOfBirth": "1968-09-06T12:00:00",
        "ssn": "538946829",
        "userOrders": null,
        "isSold": true,
        "id": 12330
    },
    {
        "firstName": "VISWANATH",
        "lastName": "RAMAKRISHNAN",
        "phone": "9196014440",
        "address": "305 CROSSMORE DR",
        "city": "CARY",
        "state": "NC",
        "zip": "27519",
        "email": "VISHYR@HOTMAIL.COM",
        "dateOfBirth": "1968-07-13T12:00:00",
        "ssn": "243633078",
        "userOrders": null,
        "isSold": true,
        "id": 12354
    },
    {
        "firstName": "THERESA",
        "lastName": "OWENS",
        "phone": "6142861577",
        "address": "175 EASTWOOD AVE",
        "city": "WESTERVILLE",
        "state": "OH",
        "zip": "43081",
        "email": "TERRIANNOWENS@YAHOO.COM",
        "dateOfBirth": "1968-10-12T12:00:00",
        "ssn": "300787030",
        "userOrders": null,
        "isSold": true,
        "id": 12427
    }
]