[
    {
        "firstName": "MARIA",
        "lastName": "VERDEJA",
        "phone": "9093568442",
        "address": "14137 WOODLAND DR",
        "city": "FON",
        "state": "CA",
        "zip": "92337",
        "email": "MARIA.VERDEJA@YAHOO.COM",
        "dateOfBirth": "1968-06-03T12:00:00",
        "ssn": "561891172",
        "userOrders": null,
        "isSold": false,
        "id": 47772
    },
    {
        "firstName": "JOHN",
        "lastName": "MILLER",
        "phone": "2035561398",
        "address": "19 LOVEJOY LN",
        "city": "CHGO",
        "state": "NH",
        "zip": "60614",
        "email": "JPMILLER5868@SBCGLOBAL.NET",
        "dateOfBirth": "1968-05-08T12:00:00",
        "ssn": "280721796",
        "userOrders": null,
        "isSold": true,
        "id": 47804
    },
    {
        "firstName": "THOMAS",
        "lastName": "REES",
        "phone": "8584319078",
        "address": "1515 MISSOURI ST",
        "city": "PAC BCH",
        "state": "DIEGO",
        "zip": "92109",
        "email": "LOMINPB11@YAHOO.COM",
        "dateOfBirth": "1968-11-28T12:00:00",
        "ssn": "220069514",
        "userOrders": null,
        "isSold": false,
        "id": 47814
    },
    {
        "firstName": "JESSE",
        "lastName": "NORDGREN",
        "phone": "4146984571",
        "address": "172 E PINE HOLLOW LN APT 6",
        "city": "OAK CREEK",
        "state": "CREEK",
        "zip": "53154",
        "email": "J.NORDGREN@YAHOO.COM",
        "dateOfBirth": "1968-11-17T12:00:00",
        "ssn": "391882300",
        "userOrders": null,
        "isSold": false,
        "id": 47879
    },
    {
        "firstName": "NANCY",
        "lastName": "DELMAS",
        "phone": "9185599105",
        "address": "424 S PECAN ST",
        "city": "NOWATA",
        "state": "OK",
        "zip": "74048",
        "email": "NDELMAS68@YAHOO.COM",
        "dateOfBirth": "1968-12-03T12:00:00",
        "ssn": "444722062",
        "userOrders": null,
        "isSold": false,
        "id": 47887
    },
    {
        "firstName": "KRISTINA",
        "lastName": "KELLY",
        "phone": "7134439681",
        "address": "12016A MIGHTY OAK DR",
        "city": "HOUSTON",
        "state": "TX",
        "zip": "77063",
        "email": "KRISTINA_KELLY@HOTMAIL.COM",
        "dateOfBirth": "1968-05-10T12:00:00",
        "ssn": "461671180",
        "userOrders": null,
        "isSold": false,
        "id": 47927
    },
    {
        "firstName": "LEONARD",
        "lastName": "KOPECKY",
        "phone": "8479242327",
        "address": "918 N FAIRWAY DR",
        "city": "PALATIN",
        "state": "IL",
        "zip": "60067",
        "email": "SOUP4U2000@HOTMAIL.COM",
        "dateOfBirth": "1968-02-16T12:00:00",
        "ssn": "318589056",
        "userOrders": null,
        "isSold": false,
        "id": 47991
    },
    {
        "firstName": "COMLAN",
        "lastName": "KOUASSI",
        "phone": "8179025187",
        "address": "6200 PERSHING AVE APT 190",
        "city": "FORT WORTH",
        "state": "WORTH",
        "zip": "76116",
        "email": "COMLAN.KOUASSI@GMAIL.COM",
        "dateOfBirth": "1968-12-21T12:00:00",
        "ssn": "770839354",
        "userOrders": null,
        "isSold": false,
        "id": 47995
    },
    {
        "firstName": "BLANCA",
        "lastName": "CHAIREZ*",
        "phone": "6166342639",
        "address": "1632 WENDLER AVE SW",
        "city": "WYOMING",
        "state": "MI",
        "zip": "49509",
        "email": "BLANCA8636@ATT.NET",
        "dateOfBirth": "1968-06-21T12:00:00",
        "ssn": "343849715",
        "userOrders": null,
        "isSold": false,
        "id": 48048
    },
    {
        "firstName": "CAMERON",
        "lastName": "SMITH",
        "phone": "3212585302",
        "address": "2640 PENNSYLVANIA ST",
        "city": "MELB",
        "state": "FL",
        "zip": "32904",
        "email": "NOLEMAC0316@OUTLOOK.COM",
        "dateOfBirth": "1968-12-27T12:00:00",
        "ssn": "592097898",
        "userOrders": null,
        "isSold": false,
        "id": 48066
    },
    {
        "firstName": "RENEE",
        "lastName": "WEDDLE",
        "phone": "8168066043",
        "address": "1805 NE PEREGRIN CIR",
        "city": "BLUE SPRINGS",
        "state": "SPRINGS",
        "zip": "64014",
        "email": "BRWEDDLE@ATT.NET",
        "dateOfBirth": "1968-12-05T12:00:00",
        "ssn": "486907481",
        "userOrders": null,
        "isSold": false,
        "id": 48198
    },
    {
        "firstName": "PATRICK",
        "lastName": "CONNOR",
        "phone": "7123147860",
        "address": "11901 E 22ND ST",
        "city": "TULSA",
        "state": "OK",
        "zip": "74126",
        "email": "PATRICKCONNOR2@YAHOO.COM",
        "dateOfBirth": "1968-02-08T12:00:00",
        "ssn": "484963421",
        "userOrders": null,
        "isSold": false,
        "id": 48293
    },
    {
        "firstName": "MATTHEW",
        "lastName": "HALL",
        "phone": "3167880648",
        "address": "300 E FIELDSTONE CT",
        "city": "DERBY",
        "state": "KS",
        "zip": "67037",
        "email": "BRONCODAD@SBCGLOBAL.NET",
        "dateOfBirth": "1968-03-14T12:00:00",
        "ssn": "320707741",
        "userOrders": null,
        "isSold": true,
        "id": 48301
    },
    {
        "firstName": "ROGELIO",
        "lastName": "GARCIA",
        "phone": "3108477081",
        "address": "22034 GARSTON AVE",
        "city": "CARSON",
        "state": "CA",
        "zip": "90745",
        "email": "ROGELIO127@YAHOO.COM",
        "dateOfBirth": "1968-11-07T12:00:00",
        "ssn": "621181683",
        "userOrders": null,
        "isSold": false,
        "id": 48327
    },
    {
        "firstName": "KEITH",
        "lastName": "KILLORAN",
        "phone": "7345522812",
        "address": "16515 GRACE CT APT 106",
        "city": "SOUTHGATE",
        "state": "MI",
        "zip": "48195",
        "email": "KKILLORAN@HOTMAIL.COM",
        "dateOfBirth": "1968-10-27T12:00:00",
        "ssn": "373829551",
        "userOrders": null,
        "isSold": false,
        "id": 48347
    }
]