[
    {
        "firstName": "DRAKE",
        "lastName": "ALLBRIGHT",
        "phone": "3864056396",
        "address": "1295 COUNTY ROAD 302",
        "city": "PLM CST",
        "state": "FL",
        "zip": "32137",
        "email": "DRAKEDMAN@YAHOO.COM",
        "dateOfBirth": "1968-08-21T12:00:00",
        "ssn": "111689584",
        "userOrders": null,
        "isSold": false,
        "id": 98638
    },
    {
        "firstName": "RODNEY",
        "lastName": "THOMPSON",
        "phone": "7068401798",
        "address": "607 DOGWOOD DR",
        "city": "TSON",
        "state": "GA",
        "zip": "30824",
        "email": "THOMPSONRODNEY@BELLSOUTH.NET",
        "dateOfBirth": "1968-11-08T12:00:00",
        "ssn": "253496064",
        "userOrders": null,
        "isSold": false,
        "id": 98681
    },
    {
        "firstName": "ROBBY",
        "lastName": "GRACE",
        "phone": "7852120617",
        "address": "705 N MAIN ST",
        "city": "LINDSBORG",
        "state": "KS",
        "zip": "67456",
        "email": "ACEGRACE38@HOTMAIL.COM",
        "dateOfBirth": "1968-03-04T12:00:00",
        "ssn": "512844237",
        "userOrders": null,
        "isSold": false,
        "id": 98844
    },
    {
        "firstName": "KELLY",
        "lastName": "JONES",
        "phone": "5613798488",
        "address": "659 CRESTA CIR",
        "city": "W*P*B",
        "state": "PALM",
        "zip": "33413",
        "email": "KTJONES659@COMCAST.NET",
        "dateOfBirth": "1968-03-17T12:00:00",
        "ssn": "562776942",
        "userOrders": null,
        "isSold": false,
        "id": 98903
    },
    {
        "firstName": "LAVETTA",
        "lastName": "JONES",
        "phone": "3109218274",
        "address": "PO BOX 717",
        "city": "GRD",
        "state": "CA",
        "zip": "90247",
        "email": "JONES_LAVETTA@YAHOO.COM",
        "dateOfBirth": "1968-08-18T12:00:00",
        "ssn": "546196670",
        "userOrders": null,
        "isSold": false,
        "id": 98953
    },
    {
        "firstName": "BARBARA",
        "lastName": "EVANS",
        "phone": "7345950350",
        "address": "35229 WINSLOW ST",
        "city": "WAYNE",
        "state": "MI",
        "zip": "48184",
        "email": "EVANSSEVEN@COMCAST.NET",
        "dateOfBirth": "1968-11-11T12:00:00",
        "ssn": "378926308",
        "userOrders": null,
        "isSold": false,
        "id": 98959
    },
    {
        "firstName": "ELIZABETH",
        "lastName": "GONZALEZ",
        "phone": "3053335718",
        "address": "10885 NW 7TH ST APT 11",
        "city": "MIA",
        "state": "FL",
        "zip": "33172",
        "email": "EGONZALEON@HOTMAIL.COM",
        "dateOfBirth": "1968-03-20T12:00:00",
        "ssn": "216049631",
        "userOrders": null,
        "isSold": false,
        "id": 98990
    },
    {
        "firstName": "TOM",
        "lastName": "MUHSIN",
        "phone": "6157398627",
        "address": "7035 STONE RUN DR",
        "city": "NASHVILLE",
        "state": "TN",
        "zip": "37203",
        "email": "KIRKLANDJULIE@BELLSOUTH.NET",
        "dateOfBirth": "1968-08-01T12:00:00",
        "ssn": "101684952",
        "userOrders": null,
        "isSold": false,
        "id": 99020
    },
    {
        "firstName": "EDWARD",
        "lastName": "HOGGS",
        "phone": "7709759571",
        "address": "406 ACORN DR",
        "city": "ACW",
        "state": "GA",
        "zip": "30102",
        "email": "SYHOGGS@HOTMAIL.COM",
        "dateOfBirth": "1968-01-22T12:00:00",
        "ssn": "260395567",
        "userOrders": null,
        "isSold": false,
        "id": 99063
    },
    {
        "firstName": "ETTA",
        "lastName": "FARRIS",
        "phone": "1111110001",
        "address": "8886 MEADOW RANGE ST",
        "city": "SAN ANTONIO",
        "state": "ANTONIO",
        "zip": "78238",
        "email": "RENEEFARRIS@YAHOO.COM",
        "dateOfBirth": "1968-07-06T12:00:00",
        "ssn": "449636031",
        "userOrders": null,
        "isSold": false,
        "id": 99108
    },
    {
        "firstName": "KHALED",
        "lastName": "ELGHAMRY",
        "phone": "8123615555",
        "address": "3768 E COBBLE CREEK DR",
        "city": "BLOOMINGTON",
        "state": "IN",
        "zip": "47401",
        "email": "RKAMHAWI@AUCEGYPT.EDU",
        "dateOfBirth": "1968-09-03T12:00:00",
        "ssn": "313212080",
        "userOrders": null,
        "isSold": false,
        "id": 99122
    },
    {
        "firstName": "JERRY",
        "lastName": "JONES",
        "phone": "3144965740",
        "address": "14 OVERLOOK PLACE CT",
        "city": "ST LOUIS COUNTY",
        "state": "LOUIS",
        "zip": "63129",
        "email": "J.JONES2916@ATT.NET",
        "dateOfBirth": "1968-02-10T12:00:00",
        "ssn": "203563175",
        "userOrders": null,
        "isSold": false,
        "id": 99157
    },
    {
        "firstName": "MILES",
        "lastName": "J",
        "phone": "6072167799",
        "address": "2819 NE SEWALLS LANDING WAY",
        "city": "JENSEN BCH",
        "state": "BEACH",
        "zip": "34957",
        "email": "MILES.MCGRATH@GMAIL.COM",
        "dateOfBirth": "1968-06-16T12:00:00",
        "ssn": "593327412",
        "userOrders": null,
        "isSold": false,
        "id": 99168
    },
    {
        "firstName": "SHEENA",
        "lastName": "SHELTON",
        "phone": "3103497944",
        "address": "11707 BIRCH AVE APT C",
        "city": "HAW",
        "state": "CA",
        "zip": "90250",
        "email": "NMBRANTLEY330@GMAIL.COM",
        "dateOfBirth": "1968-08-18T12:00:00",
        "ssn": "555178923",
        "userOrders": null,
        "isSold": false,
        "id": 99230
    },
    {
        "firstName": "LESLIE",
        "lastName": "HENSLEY",
        "phone": "5025072215",
        "address": "186 SCENIC DR",
        "city": "BARDSTOWN",
        "state": "KY",
        "zip": "40004",
        "email": "LHENSLEY11@HOTMAIL.COM",
        "dateOfBirth": "1968-01-06T12:00:00",
        "ssn": "404968053",
        "userOrders": null,
        "isSold": false,
        "id": 99234
    }
]