[
    {
        "firstName": "ROGER",
        "lastName": "EDDLEMAN",
        "phone": "1111110001",
        "address": "754 DEANS CREEK DR",
        "city": "COLLIERVILLE",
        "state": "TN",
        "zip": "38017",
        "email": "ROGER.E@BELLSOUTH.NET",
        "dateOfBirth": "1968-03-10T12:00:00",
        "ssn": "492762816",
        "userOrders": null,
        "isSold": false,
        "id": 96649
    },
    {
        "firstName": "MARIO",
        "lastName": "VASQUEZ",
        "phone": "2132813967",
        "address": "538 N BERENDO ST",
        "city": "LA",
        "state": "ANGELES",
        "zip": "90004",
        "email": "GGLADAMIS434@GMAIL.COM",
        "dateOfBirth": "1968-12-31T12:00:00",
        "ssn": "616266669",
        "userOrders": null,
        "isSold": false,
        "id": 96660
    },
    {
        "firstName": "JOHN",
        "lastName": "GUTIERREZ",
        "phone": "4085822095",
        "address": "1140 PEDRO ST STE 3",
        "city": "SJ",
        "state": "JOSE",
        "zip": "95126",
        "email": "DENT09@SBCGLOBAL.NET",
        "dateOfBirth": "1968-03-30T12:00:00",
        "ssn": "613111345",
        "userOrders": null,
        "isSold": false,
        "id": 96678
    },
    {
        "firstName": "CLAUDIA",
        "lastName": "RODRIGUEZ",
        "phone": "7865431619",
        "address": "3000 SW 3RD AVE APT 1011",
        "city": "MIA",
        "state": "FL",
        "zip": "33129",
        "email": "CRTV305@GMAIL.COM",
        "dateOfBirth": "1968-12-23T12:00:00",
        "ssn": "138766165",
        "userOrders": null,
        "isSold": false,
        "id": 96710
    },
    {
        "firstName": "TARON",
        "lastName": "LYLES",
        "phone": "6143736470",
        "address": "3165 WABASH CT S",
        "city": "COLUMBUS",
        "state": "OH",
        "zip": "43110",
        "email": "MSJOINER2124@GMAIL.COM",
        "dateOfBirth": "1968-09-18T12:00:00",
        "ssn": "289709075",
        "userOrders": null,
        "isSold": false,
        "id": 96822
    },
    {
        "firstName": "DEBRA",
        "lastName": "DECKER",
        "phone": "7703162392",
        "address": "29217 CENTER RIDGE RD",
        "city": "CLEVELAND HEIGHTS",
        "state": "OH",
        "zip": "44106",
        "email": "MDECKER01@GMAIL.COM",
        "dateOfBirth": "1968-08-20T12:00:00",
        "ssn": "298809238",
        "userOrders": null,
        "isSold": false,
        "id": 96954
    },
    {
        "firstName": "BONNIE",
        "lastName": "GOETSCH",
        "phone": "5033413014",
        "address": "252 EWART DR",
        "city": "HNDVL",
        "state": "NC",
        "zip": "28739",
        "email": "SOULINEE@YAHOO.COM",
        "dateOfBirth": "1968-01-14T12:00:00",
        "ssn": "238418282",
        "userOrders": null,
        "isSold": false,
        "id": 97068
    },
    {
        "firstName": "DANA",
        "lastName": "PEARSON",
        "phone": "9373075965",
        "address": "3226 AERIAL AVE",
        "city": "KETTERING",
        "state": "OH",
        "zip": "45429",
        "email": "DPEARSON6800@SBCGLOBAL.NET",
        "dateOfBirth": "1968-07-07T12:00:00",
        "ssn": "277821387",
        "userOrders": null,
        "isSold": false,
        "id": 97117
    },
    {
        "firstName": "BILLY",
        "lastName": "SCROGGINS",
        "phone": "1111110001",
        "address": "128 SPRINGSIDE PATH",
        "city": "HARVEST",
        "state": "AL",
        "zip": "35749",
        "email": "MICHELLEWHITAKER49@GMAIL.COM",
        "dateOfBirth": "1968-10-15T12:00:00",
        "ssn": "308784781",
        "userOrders": null,
        "isSold": false,
        "id": 97126
    },
    {
        "firstName": "CYNTHIA",
        "lastName": "WRIGHT",
        "phone": "3309061546",
        "address": "182 ELM ST APT A",
        "city": "STRUTHERS",
        "state": "OH",
        "zip": "44471",
        "email": "ILOVEMYKIDZ5@ATT.NET",
        "dateOfBirth": "1968-09-07T12:00:00",
        "ssn": "277617170",
        "userOrders": null,
        "isSold": false,
        "id": 97133
    },
    {
        "firstName": "JOHN",
        "lastName": "KARA",
        "phone": "4694004412",
        "address": "2126 STELLA ST APT 1",
        "city": "FRISCO",
        "state": "TX",
        "zip": "75034",
        "email": "JOHN.P.KARA@GMAIL.COM",
        "dateOfBirth": "1968-10-10T12:00:00",
        "ssn": "299645579",
        "userOrders": null,
        "isSold": false,
        "id": 97202
    },
    {
        "firstName": "CHRISTOPHER",
        "lastName": "RAPER",
        "phone": "6784488684",
        "address": "6695 GRAND MAGNOLIA DR",
        "city": "BUF",
        "state": "HILL",
        "zip": "30518",
        "email": "CHRISTOPHER_RAPER@MAC.COM",
        "dateOfBirth": "1968-09-06T12:00:00",
        "ssn": "278624764",
        "userOrders": null,
        "isSold": true,
        "id": 97244
    },
    {
        "firstName": "JACQUELINE",
        "lastName": "BARCELO",
        "phone": "7862181168",
        "address": "14901 SW 80TH ST APT 112",
        "city": "MIA",
        "state": "FL",
        "zip": "33193",
        "email": "JAC1112@BELLSOUTH.NET",
        "dateOfBirth": "1968-11-12T12:00:00",
        "ssn": "267974726",
        "userOrders": null,
        "isSold": false,
        "id": 97252
    },
    {
        "firstName": "TRACY",
        "lastName": "PACK",
        "phone": "4792256430",
        "address": "4235 NIGHTINGALE LN UNIT B",
        "city": "SPRINGDALE",
        "state": "AR",
        "zip": "72762",
        "email": "TLPACK001@GMAIL.COM",
        "dateOfBirth": "1968-09-07T12:00:00",
        "ssn": "557373684",
        "userOrders": null,
        "isSold": false,
        "id": 97383
    },
    {
        "firstName": "JUAN",
        "lastName": "JOSE",
        "phone": "1111110001",
        "address": "808 EL SERENO DR",
        "city": "BKFD",
        "state": "CA",
        "zip": "93304",
        "email": "JJMIRANDA1768@ATT.NE",
        "dateOfBirth": "1968-02-17T12:00:00",
        "ssn": "590730114",
        "userOrders": null,
        "isSold": false,
        "id": 97411
    }
]