[
    {
        "firstName": "MARK",
        "lastName": "MADONNA",
        "phone": "3142257478",
        "address": "5412 S 37TH ST",
        "city": "ST LOUIS",
        "state": "LOUIS",
        "zip": "63116",
        "email": "MARK.MADONNA@ATT.NET",
        "dateOfBirth": "1968-02-14T12:00:00",
        "ssn": "498748677",
        "userOrders": null,
        "isSold": false,
        "id": 97799
    },
    {
        "firstName": "SHANNON",
        "lastName": "DOMINGUEZ",
        "phone": "9155268493",
        "address": "4813 CASETA RD",
        "city": "EL PASO",
        "state": "PASO",
        "zip": "79922",
        "email": "SHONATX@AOL.COM",
        "dateOfBirth": "1968-08-02T12:00:00",
        "ssn": "438137182",
        "userOrders": null,
        "isSold": false,
        "id": 97831
    },
    {
        "firstName": "KELLY",
        "lastName": "EAGER",
        "phone": "2169038201",
        "address": "28245 BISHOP PARK DR APT 208",
        "city": "WILLOUGHBY HILLS",
        "state": "HLS",
        "zip": "44092",
        "email": "KEAGER7@ME.COM",
        "dateOfBirth": "1968-07-16T12:00:00",
        "ssn": "302588649",
        "userOrders": null,
        "isSold": true,
        "id": 97895
    },
    {
        "firstName": "VERONICA",
        "lastName": "ROSS",
        "phone": "3126717601",
        "address": "PO BOX 31621",
        "city": "CHGO",
        "state": "IL",
        "zip": "60626",
        "email": "RLV10322@ICLOUD.COM",
        "dateOfBirth": "1968-03-21T12:00:00",
        "ssn": "325609507",
        "userOrders": null,
        "isSold": false,
        "id": 97933
    },
    {
        "firstName": "PAMELA",
        "lastName": "RICE",
        "phone": "5125846180",
        "address": "1101 N GEORGETOWN ST APT 101",
        "city": "ROUND ROCK",
        "state": "ROCK",
        "zip": "78664",
        "email": "PAMRICE@YAHOO.COM",
        "dateOfBirth": "1968-12-09T12:00:00",
        "ssn": "462355921",
        "userOrders": null,
        "isSold": true,
        "id": 98025
    },
    {
        "firstName": "MICHAEL",
        "lastName": "OWEN",
        "phone": "6308906158",
        "address": "1024 E WILSON AVE",
        "city": "LOMBRD",
        "state": "IL",
        "zip": "60148",
        "email": "OWEN.MICHAEL@ATT.NET",
        "dateOfBirth": "1968-05-11T12:00:00",
        "ssn": "331729526",
        "userOrders": null,
        "isSold": false,
        "id": 98071
    },
    {
        "firstName": "GARY",
        "lastName": "THOMAS",
        "phone": "8322573533",
        "address": "13419 CASTLECOMBE DR",
        "city": "HOUSTON",
        "state": "TX",
        "zip": "77044",
        "email": "GTHOMA1@SBCGLOBAL.NET",
        "dateOfBirth": "1968-06-27T12:00:00",
        "ssn": "461719150",
        "userOrders": null,
        "isSold": false,
        "id": 98157
    },
    {
        "firstName": "JOSE",
        "lastName": "RODRIGUZE",
        "phone": "7865124983",
        "address": "7955 NW 173RD ST",
        "city": "MIA",
        "state": "FL",
        "zip": "33015",
        "email": "HARLEYZERO28@BELSOUTH.NET",
        "dateOfBirth": "1968-01-28T12:00:00",
        "ssn": "265951151",
        "userOrders": null,
        "isSold": false,
        "id": 98203
    },
    {
        "firstName": "KEVIN",
        "lastName": "LI",
        "phone": "6267800636",
        "address": "285 W 6TH ST UNIT 333",
        "city": "SN PED",
        "state": "PEDRO",
        "zip": "90731",
        "email": "KEVINLI2006@GMAIL.COM",
        "dateOfBirth": "1968-01-12T12:00:00",
        "ssn": "610685928",
        "userOrders": null,
        "isSold": false,
        "id": 98218
    },
    {
        "firstName": "RANDELL",
        "lastName": "RAMSEY",
        "phone": "4234442228",
        "address": "142 BRITTON LN",
        "city": "LIMESTONE",
        "state": "TN",
        "zip": "37681",
        "email": "RANDYRAMSEY@MAC.COM",
        "dateOfBirth": "1968-04-04T12:00:00",
        "ssn": "411411019",
        "userOrders": null,
        "isSold": false,
        "id": 98219
    },
    {
        "firstName": "JANE",
        "lastName": "BALDERAZ",
        "phone": "4246449344",
        "address": "4348 ENSENADA DR",
        "city": "CALB",
        "state": "HLS",
        "zip": "91302",
        "email": "BALDERAZJENNY@YAHOO.COM",
        "dateOfBirth": "1968-06-27T12:00:00",
        "ssn": "527291692",
        "userOrders": null,
        "isSold": true,
        "id": 98313
    },
    {
        "firstName": "CHRISTOPHER",
        "lastName": "HOLMAN",
        "phone": "7854783743",
        "address": "3975 SW KING ARTHURS RD",
        "city": "TOPEKA",
        "state": "KS",
        "zip": "66610",
        "email": "CANDAHOLMAN@SBCGLOBAL.NET",
        "dateOfBirth": "1968-08-17T12:00:00",
        "ssn": "521370126",
        "userOrders": null,
        "isSold": false,
        "id": 98384
    },
    {
        "firstName": "CHRISTOPHER",
        "lastName": "LEGAN",
        "phone": "8153273038",
        "address": "26340 MAPLEVIEW DR",
        "city": "PLAINFLD",
        "state": "IL",
        "zip": "60585",
        "email": "LEGAN68@MAC.COM",
        "dateOfBirth": "1968-03-16T12:00:00",
        "ssn": "446824183",
        "userOrders": null,
        "isSold": false,
        "id": 98471
    },
    {
        "firstName": "KRISTIN",
        "lastName": "LOWERY",
        "phone": "7608773611",
        "address": "6 LA CANADA",
        "city": "VST",
        "state": "CA",
        "zip": "92081",
        "email": "KLOWERY@IBISBIO.COM",
        "dateOfBirth": "1968-07-26T12:00:00",
        "ssn": "568173331",
        "userOrders": null,
        "isSold": false,
        "id": 98548
    },
    {
        "firstName": "MARIO",
        "lastName": "HUIZAR",
        "phone": "7086995281",
        "address": "7089797146",
        "city": "W LAFAYETTE IN 47906-5078",
        "state": "POINT",
        "zip": "GLENDL HTS",
        "email": "60139",
        "dateOfBirth": "1968-05-26T12:00:00",
        "ssn": "344804318",
        "userOrders": null,
        "isSold": false,
        "id": 98615
    }
]