[
    {
        "firstName": "TODD",
        "lastName": "RUSS",
        "phone": "9513409902",
        "address": "PMB 309",
        "city": "COR",
        "state": "S",
        "zip": "92882",
        "email": "TODDMV@SBCGLOBAL.NET",
        "dateOfBirth": "1968-12-01T12:00:00",
        "ssn": "567832192",
        "userOrders": null,
        "isSold": false,
        "id": 38496
    },
    {
        "firstName": "LETICIA",
        "lastName": "TOSCANO",
        "phone": "6199419883",
        "address": "829 BELLE CREST WAY",
        "city": "SD",
        "state": "DIEGO",
        "zip": "92154",
        "email": "LETICIA3418@ATT.NET",
        "dateOfBirth": "1968-05-21T12:00:00",
        "ssn": "608240797",
        "userOrders": null,
        "isSold": false,
        "id": 38587
    },
    {
        "firstName": "CONNIE",
        "lastName": "LAPOINTE",
        "phone": "3304199602",
        "address": "800 STAEGER ST",
        "city": "AKRON",
        "state": "OH",
        "zip": "44306",
        "email": "MARTY31465@GMAIL.COM",
        "dateOfBirth": "1968-05-08T12:00:00",
        "ssn": "552591863",
        "userOrders": null,
        "isSold": false,
        "id": 38640
    },
    {
        "firstName": "KENT",
        "lastName": "RATZLAFF",
        "phone": "7142790187",
        "address": "1075 S MATTHEW WAY",
        "city": "ANH",
        "state": "CA",
        "zip": "92808",
        "email": "KENT@NIAGARAWATER.COM",
        "dateOfBirth": "1968-04-27T12:00:00",
        "ssn": "571373347",
        "userOrders": null,
        "isSold": false,
        "id": 38703
    },
    {
        "firstName": "PAULETTE",
        "lastName": "TAYLOR",
        "phone": "9722917208",
        "address": "926 THORTON DR",
        "city": "CEDAR HILL",
        "state": "HILL",
        "zip": "75104",
        "email": "PAULETTE_TAYLOR@ATT.NET",
        "dateOfBirth": "1968-07-25T12:00:00",
        "ssn": "459674442",
        "userOrders": null,
        "isSold": true,
        "id": 38755
    },
    {
        "firstName": "LAURIE",
        "lastName": "DAVIS",
        "phone": "4053769547",
        "address": "321 W BRANCHES WAY",
        "city": "MUSTANG",
        "state": "OK",
        "zip": "73064",
        "email": "LAURIERENEE23@YAHOO.COM",
        "dateOfBirth": "1968-06-23T12:00:00",
        "ssn": "549394927",
        "userOrders": null,
        "isSold": false,
        "id": 38806
    },
    {
        "firstName": "MIKE",
        "lastName": "EDWARDS",
        "phone": "2298861155",
        "address": "1105 RIVER POINTE DR",
        "city": "ALBY",
        "state": "GA",
        "zip": "31701",
        "email": "MBEDWARDS68@GMAIL.COM",
        "dateOfBirth": "1968-07-31T12:00:00",
        "ssn": "255410163",
        "userOrders": null,
        "isSold": false,
        "id": 38808
    },
    {
        "firstName": "JULIE",
        "lastName": "CLEMENT",
        "phone": "4027708283",
        "address": "801 S PLYMOUTH CT APT 818",
        "city": "CHGO",
        "state": "IL",
        "zip": "60611",
        "email": "JULES.CLEMENT@GMAIL.COM",
        "dateOfBirth": "1968-08-19T12:00:00",
        "ssn": "505828090",
        "userOrders": null,
        "isSold": false,
        "id": 38811
    },
    {
        "firstName": "JOHN",
        "lastName": "MUSSER",
        "phone": "9372194457",
        "address": "PO BOX 295",
        "city": "SUGARCREEK TWP",
        "state": "VALLEY",
        "zip": "45370",
        "email": "USNUSA@ATT.NET",
        "dateOfBirth": "1968-02-05T12:00:00",
        "ssn": "565775049",
        "userOrders": null,
        "isSold": false,
        "id": 38951
    },
    {
        "firstName": "JOHN",
        "lastName": "HIZER",
        "phone": "2693303337",
        "address": "4031 KENT AVE",
        "city": "KALAMAZOO",
        "state": "MI",
        "zip": "49008",
        "email": "JOHN_HIZER@ATT.NET",
        "dateOfBirth": "1968-08-09T12:00:00",
        "ssn": "363600412",
        "userOrders": null,
        "isSold": false,
        "id": 38973
    },
    {
        "firstName": "KELLY",
        "lastName": "ANHISER",
        "phone": "2812353924",
        "address": "238 4TH ST NE",
        "city": "HOUSTON",
        "state": "HAVEN",
        "zip": "77095",
        "email": "NATALIEANHISER@GMAIL.COM",
        "dateOfBirth": "1968-07-14T12:00:00",
        "ssn": "454259745",
        "userOrders": null,
        "isSold": false,
        "id": 39031
    },
    {
        "firstName": "MAYRA",
        "lastName": "CHEVEZ",
        "phone": "2132915192",
        "address": "2115 DILLARD XING",
        "city": "TCKR",
        "state": "GA",
        "zip": "30084",
        "email": "QUISQUEYA02@YAHOO.COM",
        "dateOfBirth": "1968-10-16T12:00:00",
        "ssn": "118525382",
        "userOrders": null,
        "isSold": false,
        "id": 39035
    },
    {
        "firstName": "PATRICIA",
        "lastName": "K",
        "phone": "6303193476",
        "address": "6N616 TUCKER AVE",
        "city": "ST CHAS",
        "state": "CHARLES",
        "zip": "60174",
        "email": "TRISHOROS@YAHOO.COM",
        "dateOfBirth": "1968-10-23T12:00:00",
        "ssn": "350644003",
        "userOrders": null,
        "isSold": false,
        "id": 39079
    },
    {
        "firstName": "CYNTHIA",
        "lastName": "ROBINSON",
        "phone": "6309136431",
        "address": "8202 RIVERSIDE RD",
        "city": "ADSN",
        "state": "VA",
        "zip": "60101",
        "email": "SAGESMOM1018@YAHOO.COM",
        "dateOfBirth": "1968-02-14T12:00:00",
        "ssn": "585356782",
        "userOrders": null,
        "isSold": false,
        "id": 39111
    },
    {
        "firstName": "BRIAN",
        "lastName": "KROB",
        "phone": "4322517178",
        "address": "7715 W JENNIE ST",
        "city": "WICHITA",
        "state": "KS",
        "zip": "67212",
        "email": "BKROB68@GMAIL.COM",
        "dateOfBirth": "1968-02-08T12:00:00",
        "ssn": "520987919",
        "userOrders": null,
        "isSold": true,
        "id": 39127
    }
]