[
    {
        "firstName": "SONYA",
        "lastName": "MCSWEENEY",
        "phone": "3522936944",
        "address": "709 SW 75TH ST APT 205",
        "city": "GAINESVL",
        "state": "FL",
        "zip": "32607",
        "email": "SONYAMCSWEENEY@LIVE.COM",
        "dateOfBirth": "1968-05-31T12:00:00",
        "ssn": "594051038",
        "userOrders": null,
        "isSold": false,
        "id": 19262
    },
    {
        "firstName": "DEREK",
        "lastName": "MACLEAN",
        "phone": "7022412393",
        "address": "860 SEVEN HILLS DR",
        "city": "HENDERSON",
        "state": "NV",
        "zip": "89012",
        "email": "MACLEANDENTAL@YAHOO.COM",
        "dateOfBirth": "1968-07-11T12:00:00",
        "ssn": "530885536",
        "userOrders": null,
        "isSold": true,
        "id": 19301
    },
    {
        "firstName": "CASSANDRA",
        "lastName": "HARRIS",
        "phone": "8176824062",
        "address": "6509 WOODWAY DR",
        "city": "FORT WORTH",
        "state": "WORTH",
        "zip": "76133",
        "email": "JCZ_1011@YAHOO.COM",
        "dateOfBirth": "1968-10-09T12:00:00",
        "ssn": "513688976",
        "userOrders": null,
        "isSold": false,
        "id": 19305
    },
    {
        "firstName": "MICHELLE",
        "lastName": "BALL",
        "phone": "5599173408",
        "address": "5323 N SALINAS AVE",
        "city": "FRS",
        "state": "CA",
        "zip": "93722",
        "email": "CHELLEBALL68@ATT.NET",
        "dateOfBirth": "1968-04-01T12:00:00",
        "ssn": "572060743",
        "userOrders": null,
        "isSold": false,
        "id": 19353
    },
    {
        "firstName": "MS",
        "lastName": "BERNADETTE",
        "phone": "3144262884",
        "address": "8711 MARCELLA AVE",
        "city": "BEL-RIDGE",
        "state": "LOUIS",
        "zip": "63121",
        "email": "BERNADETT.TATE@YAHOO.COM",
        "dateOfBirth": "1968-02-29T12:00:00",
        "ssn": "491765311",
        "userOrders": null,
        "isSold": false,
        "id": 19377
    },
    {
        "firstName": "JOSEPH",
        "lastName": "ORLOWSKI",
        "phone": "6302409232",
        "address": "621 SANDWEDGE PL",
        "city": "GURNE",
        "state": "IL",
        "zip": "60031",
        "email": "JOEO571968@YAHOO.COM",
        "dateOfBirth": "1968-05-07T12:00:00",
        "ssn": "323729434",
        "userOrders": null,
        "isSold": false,
        "id": 19399
    },
    {
        "firstName": "CLARENCE",
        "lastName": "HOVEY",
        "phone": "2318181959",
        "address": "400 N D ST",
        "city": "CHEBOYGAN",
        "state": "MI",
        "zip": "49721",
        "email": "CHOVEY88@GMAIL.COM",
        "dateOfBirth": "1968-10-25T12:00:00",
        "ssn": "385880094",
        "userOrders": null,
        "isSold": false,
        "id": 19407
    },
    {
        "firstName": "CALVIN",
        "lastName": "WILLIAMS",
        "phone": "2053299976",
        "address": "113 JONES PEAK DR",
        "city": "LA*G",
        "state": "SC",
        "zip": "30240",
        "email": "VANTRELLWILLIAMS@YAHOO.COM",
        "dateOfBirth": "1968-08-19T12:00:00",
        "ssn": "424902059",
        "userOrders": null,
        "isSold": false,
        "id": 19434
    },
    {
        "firstName": "REYDAN",
        "lastName": "SORIANO",
        "phone": "4245710837",
        "address": "21738 ACARUS AVE",
        "city": "CARSON",
        "state": "CA",
        "zip": "90745",
        "email": "OLSAINT.NICOLAS13@GMAIL.COM",
        "dateOfBirth": "1968-03-16T12:00:00",
        "ssn": "568715873",
        "userOrders": null,
        "isSold": false,
        "id": 19448
    },
    {
        "firstName": "JEFF",
        "lastName": "LARKIN",
        "phone": "7194407193",
        "address": "1617 DOVE RD",
        "city": "TYLER",
        "state": "TX",
        "zip": "75703",
        "email": "DOGLEG7@MSN.COM",
        "dateOfBirth": "1968-07-06T12:00:00",
        "ssn": "592200980",
        "userOrders": null,
        "isSold": false,
        "id": 19471
    },
    {
        "firstName": "BRAD",
        "lastName": "WOLF",
        "phone": "7035070085",
        "address": "7710 CASHEL CT",
        "city": "CHAR",
        "state": "NC",
        "zip": "28270",
        "email": "BRAD@PEPPERWOLFNETWORK.COM",
        "dateOfBirth": "1968-08-18T12:00:00",
        "ssn": "549945842",
        "userOrders": null,
        "isSold": false,
        "id": 19497
    },
    {
        "firstName": "DIEN",
        "lastName": "HUYNH",
        "phone": "4049527481",
        "address": "245 KILLIAN HILL RD NW",
        "city": "LBRN",
        "state": "GA",
        "zip": "30047",
        "email": "HUYNH_DIEN33@YAHOO.COM",
        "dateOfBirth": "1968-10-15T12:00:00",
        "ssn": "255778276",
        "userOrders": null,
        "isSold": false,
        "id": 19655
    },
    {
        "firstName": "CHRISTY",
        "lastName": "JANTZ",
        "phone": "2095562245",
        "address": "19527 VERONA WAY",
        "city": "HILMAR",
        "state": "CA",
        "zip": "95324",
        "email": "CSJANTZ20@GMAIL.COM",
        "dateOfBirth": "1968-09-18T12:00:00",
        "ssn": "561851311",
        "userOrders": null,
        "isSold": false,
        "id": 19693
    },
    {
        "firstName": "TERESA",
        "lastName": "GARCIA",
        "phone": "2816277053",
        "address": "2817401172",
        "city": "PASADENA TX 77506-1725",
        "state": "MOBILE",
        "zip": "PASADENA",
        "email": "77506",
        "dateOfBirth": "1968-07-08T12:00:00",
        "ssn": "640406020",
        "userOrders": null,
        "isSold": false,
        "id": 19699
    },
    {
        "firstName": "JULIO",
        "lastName": "BORGE",
        "phone": "9257833564",
        "address": "2253 BLUE HIGHLANDS DR",
        "city": "ANT",
        "state": "FL",
        "zip": "94531",
        "email": "JBORGE6017@AOL.COM",
        "dateOfBirth": "1968-11-06T12:00:00",
        "ssn": "607030909",
        "userOrders": null,
        "isSold": false,
        "id": 19747
    }
]