[
    {
        "firstName": "TIMOTHY",
        "lastName": "MILLSAPS",
        "phone": "7703610050",
        "address": "2760 LAWRENCE MILL RUN",
        "city": "MRETA",
        "state": "GA",
        "zip": "30008",
        "email": "TIMMILLSAPS@GMAIL.COM",
        "dateOfBirth": "1968-08-09T12:00:00",
        "ssn": "496889530",
        "userOrders": null,
        "isSold": false,
        "id": 22028
    },
    {
        "firstName": "JERLEY",
        "lastName": "MATHEWS",
        "phone": "8326928735",
        "address": "11118 HARVEST DALE AVE",
        "city": "HOUSTON",
        "state": "TX",
        "zip": "77065",
        "email": "SHEJIVMATHEWS@SBCGLOBAL.NET",
        "dateOfBirth": "1968-11-12T12:00:00",
        "ssn": "157627020",
        "userOrders": null,
        "isSold": false,
        "id": 22131
    },
    {
        "firstName": "RACHEL",
        "lastName": "JOHNSON",
        "phone": "5106896526",
        "address": "85 ESTABROOK ST",
        "city": "SN LDRO",
        "state": "LEANDRO",
        "zip": "94577",
        "email": "RACHELJSON21@GMAIL.COM",
        "dateOfBirth": "1968-08-23T12:00:00",
        "ssn": "620291359",
        "userOrders": null,
        "isSold": false,
        "id": 22174
    },
    {
        "firstName": "JOSEPH",
        "lastName": "SHEALY",
        "phone": "8036097480",
        "address": "614 CHESNUT ST APT 1",
        "city": "CMDN",
        "state": "SC",
        "zip": "29020",
        "email": "JCSHEALY803@GMAIL.COM",
        "dateOfBirth": "1968-10-18T12:00:00",
        "ssn": "251088774",
        "userOrders": null,
        "isSold": false,
        "id": 22177
    },
    {
        "firstName": "MELEA",
        "lastName": "SHERMAN",
        "phone": "9728691168",
        "address": "1420 CHESTNUT DR",
        "city": "IRVING",
        "state": "TX",
        "zip": "75063",
        "email": "MELEAMBROWN@SBCGLOBAL.NET",
        "dateOfBirth": "1968-09-24T12:00:00",
        "ssn": "450313350",
        "userOrders": null,
        "isSold": false,
        "id": 22188
    },
    {
        "firstName": "MARIA",
        "lastName": "ROSHA",
        "phone": "1111110001",
        "address": "1030 S ARCHIE AVE",
        "city": "FRS",
        "state": "CA",
        "zip": "93702",
        "email": "ROC6465@ATT.NET",
        "dateOfBirth": "1968-11-15T12:00:00",
        "ssn": "626069456",
        "userOrders": null,
        "isSold": false,
        "id": 22206
    },
    {
        "firstName": "KEVIN",
        "lastName": "ARCHER",
        "phone": "8586032631",
        "address": "7751 PEACOCK DR",
        "city": "SD",
        "state": "DIEGO",
        "zip": "92126",
        "email": "THEKARCHER@HOTMAIL.COM",
        "dateOfBirth": "1968-03-10T12:00:00",
        "ssn": "552045481",
        "userOrders": null,
        "isSold": false,
        "id": 22256
    },
    {
        "firstName": "WENDY",
        "lastName": "FRANKS",
        "phone": "3304798281",
        "address": "3000 ERIE AVE",
        "city": "JACKSON TWP",
        "state": "OH",
        "zip": "44646",
        "email": "WINDYCLEANING@GMAIL.COM",
        "dateOfBirth": "1968-03-23T12:00:00",
        "ssn": "288663140",
        "userOrders": null,
        "isSold": false,
        "id": 22257
    },
    {
        "firstName": "CAMILA",
        "lastName": "SILVA",
        "phone": "8152710048",
        "address": "2709 ARBOR DR",
        "city": "MCHNRY",
        "state": "IL",
        "zip": "60050",
        "email": "EIVANSILVA55@ATT.NET",
        "dateOfBirth": "1968-01-16T12:00:00",
        "ssn": "321944732",
        "userOrders": null,
        "isSold": false,
        "id": 22397
    },
    {
        "firstName": "ALLAN",
        "lastName": "ALANO",
        "phone": "7777777777",
        "address": "2891 S COMPASS CIR",
        "city": "CHLA VSTA",
        "state": "VISTA",
        "zip": "91913",
        "email": "NA@NA.NET",
        "dateOfBirth": "1968-02-25T12:00:00",
        "ssn": "562779826",
        "userOrders": null,
        "isSold": true,
        "id": 22504
    },
    {
        "firstName": "VINCENT",
        "lastName": "GUERET",
        "phone": "6195003102",
        "address": "735 5TH ST",
        "city": "CDO",
        "state": "BCH",
        "zip": "92118",
        "email": "VINCENT@SCORITECH.COM",
        "dateOfBirth": "1968-10-22T12:00:00",
        "ssn": "607692870",
        "userOrders": null,
        "isSold": false,
        "id": 22511
    },
    {
        "firstName": "JACQUELINE",
        "lastName": "BARKLEY",
        "phone": "3237518863",
        "address": "133 N EASTWOOD AVE APT 2",
        "city": "LA",
        "state": "CA",
        "zip": "90043",
        "email": "JACKIE_BARKLEY@YAHOO.COM",
        "dateOfBirth": "1968-06-20T12:00:00",
        "ssn": "547750227",
        "userOrders": null,
        "isSold": false,
        "id": 22519
    },
    {
        "firstName": "JONATHAN",
        "lastName": "DOANE",
        "phone": "2057778470",
        "address": "206 LAKE HEATHER RESERVE",
        "city": "BIRMINGHAM",
        "state": "AL",
        "zip": "35242",
        "email": "JONATHANDOANE@GMAIL.COM",
        "dateOfBirth": "1968-10-25T12:00:00",
        "ssn": "111682596",
        "userOrders": null,
        "isSold": false,
        "id": 22631
    },
    {
        "firstName": "DARCY.",
        "lastName": "GILDON",
        "phone": "2538804577",
        "address": "239 THATCHER DR",
        "city": "GARLAND",
        "state": "TX",
        "zip": "75043",
        "email": "DARCYGILDON@GMAIL.COM",
        "dateOfBirth": "1968-12-23T12:00:00",
        "ssn": "535821340",
        "userOrders": null,
        "isSold": false,
        "id": 22655
    },
    {
        "firstName": "DEBRA",
        "lastName": "L",
        "phone": "8476520822",
        "address": "604 CLOVER CIR",
        "city": "HAMPSHIR",
        "state": "IL",
        "zip": "60140",
        "email": "3DWINGREN@ATT.NET",
        "dateOfBirth": "1968-09-22T12:00:00",
        "ssn": "330728107",
        "userOrders": null,
        "isSold": false,
        "id": 22755
    }
]