[
    {
        "firstName": "PATRICK",
        "lastName": "PULLMAN",
        "phone": "7736773473",
        "address": "6138 S MAY ST FL 1",
        "city": "CHGO",
        "state": "IL",
        "zip": "60621",
        "email": "MZJY4@YAHOO.COM",
        "dateOfBirth": "1968-04-05T12:00:00",
        "ssn": "356627277",
        "userOrders": null,
        "isSold": false,
        "id": 68467
    },
    {
        "firstName": "JORGE",
        "lastName": "ROMO",
        "phone": "6268265740",
        "address": "7409 TEGNER DR",
        "city": "RSMD",
        "state": "CA",
        "zip": "91770",
        "email": "GRGNPAT@HOTMAIL.COM",
        "dateOfBirth": "1968-04-22T12:00:00",
        "ssn": "545551540",
        "userOrders": null,
        "isSold": false,
        "id": 68483
    },
    {
        "firstName": "MARIO",
        "lastName": "HERNANDEZ",
        "phone": "1111110024",
        "address": "9707 TEASDALE TER UNIT B",
        "city": "AUSTIN",
        "state": "TX",
        "zip": "78753",
        "email": "HERMELINDA2H@AOL.COM",
        "dateOfBirth": "1968-01-19T12:00:00",
        "ssn": "591608000",
        "userOrders": null,
        "isSold": false,
        "id": 68544
    },
    {
        "firstName": "MICHAEL",
        "lastName": "SNODGRASS",
        "phone": "2705562190",
        "address": "1432 HARDY RD",
        "city": "CADIZ",
        "state": "KY",
        "zip": "42211",
        "email": "SNODGRASS5@HOTMAIL.COM",
        "dateOfBirth": "1968-05-27T12:00:00",
        "ssn": "405199893",
        "userOrders": null,
        "isSold": false,
        "id": 68624
    },
    {
        "firstName": "GREG",
        "lastName": "EASTMAN",
        "phone": "8175264846",
        "address": "BLUE RIDGE DENTAL",
        "city": "SAGINAW",
        "state": "300",
        "zip": "76179",
        "email": "GBCATEXANS@MSN.COM",
        "dateOfBirth": "1968-12-25T12:00:00",
        "ssn": "453755409",
        "userOrders": null,
        "isSold": false,
        "id": 68668
    },
    {
        "firstName": "JOHANNA",
        "lastName": "EPERESI",
        "phone": "2162997179",
        "address": "30315 OVERLOOK DR",
        "city": "WICKLIFFE",
        "state": "OH",
        "zip": "44092",
        "email": "SJE948@YAHOO.COM",
        "dateOfBirth": "1968-01-22T12:00:00",
        "ssn": "272720902",
        "userOrders": null,
        "isSold": false,
        "id": 68705
    },
    {
        "firstName": "ALONZA",
        "lastName": "WILLIAMS",
        "phone": "6093469810",
        "address": "5294 MALLARD RD",
        "city": "MDBG",
        "state": "FL",
        "zip": "32068",
        "email": "AWILLIAMS@OCEANSPRAY.COM",
        "dateOfBirth": "1968-11-06T12:00:00",
        "ssn": "267553481",
        "userOrders": null,
        "isSold": false,
        "id": 68707
    },
    {
        "firstName": "VEENA",
        "lastName": "PENA",
        "phone": "8328888966",
        "address": "2303 THISTLEROCK LN",
        "city": "SUGAR LAND",
        "state": "LAND",
        "zip": "77479",
        "email": "VPENA@HBU.EDU",
        "dateOfBirth": "1968-05-22T12:00:00",
        "ssn": "466119634",
        "userOrders": null,
        "isSold": true,
        "id": 68792
    },
    {
        "firstName": "JOHN",
        "lastName": "BYUN",
        "phone": "6508141354",
        "address": "936 OAKES ST",
        "city": "EPA",
        "state": "PALO",
        "zip": "94303",
        "email": "JOHNJBYUN@SBCGLOBAL.NET",
        "dateOfBirth": "1968-12-04T12:00:00",
        "ssn": "608740726",
        "userOrders": null,
        "isSold": false,
        "id": 68947
    },
    {
        "firstName": "SHARON",
        "lastName": "PAIGE",
        "phone": "7735198768",
        "address": "5259 W VAN BUREN ST FL 2",
        "city": "CHGO",
        "state": "IL",
        "zip": "60644",
        "email": "SPAIGE352004@YAHOO.COM",
        "dateOfBirth": "1968-08-07T12:00:00",
        "ssn": "333725033",
        "userOrders": null,
        "isSold": false,
        "id": 68970
    },
    {
        "firstName": "VERLANDA",
        "lastName": "BAKER",
        "phone": "2542661204",
        "address": "116 COLORADO ST",
        "city": "HILLSBORO",
        "state": "TX",
        "zip": "76645",
        "email": "VBAKER07@YAHOO.COM",
        "dateOfBirth": "1968-09-23T12:00:00",
        "ssn": "467693007",
        "userOrders": null,
        "isSold": false,
        "id": 69162
    },
    {
        "firstName": "BRENDA",
        "lastName": "COVER",
        "phone": "4848417081",
        "address": "438 1/2 BRUSH ST",
        "city": "PORTLAND",
        "state": "MI",
        "zip": "48875",
        "email": "ALIEN_7_7@YAHOO.COM",
        "dateOfBirth": "1968-09-03T12:00:00",
        "ssn": "385725604",
        "userOrders": null,
        "isSold": false,
        "id": 69228
    },
    {
        "firstName": "MELISSA",
        "lastName": "BLANKENSHIP",
        "phone": "1111110001",
        "address": "1900 PELHAM CIR",
        "city": "NORMAN",
        "state": "OK",
        "zip": "73071",
        "email": "MELISSA.BLANKENSHIP@GMAIL.COM",
        "dateOfBirth": "1968-10-03T12:00:00",
        "ssn": "464456233",
        "userOrders": null,
        "isSold": false,
        "id": 69264
    },
    {
        "firstName": "TAMMIE",
        "lastName": "LEE",
        "phone": "6623931971",
        "address": "9140 KIRKWOOD LN",
        "city": "SOUTHAVEN",
        "state": "MS",
        "zip": "38671",
        "email": "TAMMIEDLEE@YAHOO.COM",
        "dateOfBirth": "1968-05-29T12:00:00",
        "ssn": "587174012",
        "userOrders": null,
        "isSold": false,
        "id": 69343
    },
    {
        "firstName": "DEANNA",
        "lastName": "HUGHES",
        "phone": "2514727399",
        "address": "9969 WULFF RD S",
        "city": "SEMMES",
        "state": "AL",
        "zip": "36575",
        "email": "DEANNA.HUGHES@YAHOO.COM",
        "dateOfBirth": "1968-08-23T12:00:00",
        "ssn": "419178040",
        "userOrders": null,
        "isSold": false,
        "id": 69353
    }
]