[
    {
        "firstName": "MIGUEL",
        "lastName": "CARREON",
        "phone": "9156301750",
        "address": "TRLR 111",
        "city": "EL PASO",
        "state": "LOMALAND",
        "zip": "79907",
        "email": "MIGUEL3295@ATT.NET",
        "dateOfBirth": "1968-03-23T12:00:00",
        "ssn": "630443820",
        "userOrders": null,
        "isSold": false,
        "id": 64931
    },
    {
        "firstName": "OLIVIA",
        "lastName": "MATA",
        "phone": "7147851396",
        "address": "19 WILLOWDALE",
        "city": "IRV",
        "state": "CA",
        "zip": "92602",
        "email": "OLIVIAMATA@ME.COM",
        "dateOfBirth": "1968-11-17T12:00:00",
        "ssn": "617485066",
        "userOrders": null,
        "isSold": false,
        "id": 64996
    },
    {
        "firstName": "MELINDA",
        "lastName": "SKRDLANT",
        "phone": "7853180134",
        "address": "3732 SW 29TH ST APT 232",
        "city": "TOPEKA",
        "state": "KS",
        "zip": "66614",
        "email": "SPINNER1426@GMAIL.COM",
        "dateOfBirth": "1968-10-04T12:00:00",
        "ssn": "512840116",
        "userOrders": null,
        "isSold": true,
        "id": 65037
    },
    {
        "firstName": "DALE",
        "lastName": "LEWIS",
        "phone": "9042540821",
        "address": "213 S COMMON LN",
        "city": "ST AUG",
        "state": "AUGUSTINE",
        "zip": "32095",
        "email": "DALEDLEWIS9@ME.COM",
        "dateOfBirth": "1968-09-25T12:00:00",
        "ssn": "253451124",
        "userOrders": null,
        "isSold": false,
        "id": 65042
    },
    {
        "firstName": "MARIAN",
        "lastName": "PEREZ",
        "phone": "7134121990",
        "address": "16047 BIRCH VALE DR",
        "city": "HOUSTON",
        "state": "TX",
        "zip": "77084",
        "email": "MARIANTYM@AOL.COM",
        "dateOfBirth": "1968-08-30T12:00:00",
        "ssn": "449214678",
        "userOrders": null,
        "isSold": false,
        "id": 65048
    },
    {
        "firstName": "LAURA",
        "lastName": "HUMPHRIES",
        "phone": "6019815332",
        "address": "806 AUDUBON POINT DR",
        "city": "BRANDON",
        "state": "MS",
        "zip": "39047",
        "email": "LHUMPHRIES@SFBLI.COM",
        "dateOfBirth": "1968-09-01T12:00:00",
        "ssn": "428234481",
        "userOrders": null,
        "isSold": false,
        "id": 65307
    },
    {
        "firstName": "ANDREW",
        "lastName": "KATZELIS",
        "phone": "5742552147",
        "address": "1455 APPALACHIAN PL",
        "city": "MISHAWAKA",
        "state": "VISTA",
        "zip": "46544",
        "email": "SLKATZELIS@SBCGLOBAL.NET",
        "dateOfBirth": "1968-04-16T12:00:00",
        "ssn": "303966664",
        "userOrders": null,
        "isSold": true,
        "id": 65311
    },
    {
        "firstName": "KATHRYN",
        "lastName": "ALEXANDER",
        "phone": "3365752513",
        "address": "PO BOX 1400",
        "city": "CLEMNS",
        "state": "NC",
        "zip": "27012",
        "email": "KATHRYNEALEX@AOL.COM",
        "dateOfBirth": "1968-09-12T12:00:00",
        "ssn": "242921699",
        "userOrders": null,
        "isSold": false,
        "id": 65539
    },
    {
        "firstName": "CRIS",
        "lastName": "WILLIAMS",
        "phone": "9013386664",
        "address": "2777 VIRGINIA WOODS PL",
        "city": "MEMPHIS",
        "state": "TN",
        "zip": "38002",
        "email": "CRISTACEL4@GMAIL.COM",
        "dateOfBirth": "1968-06-30T12:00:00",
        "ssn": "415066474",
        "userOrders": null,
        "isSold": false,
        "id": 65549
    },
    {
        "firstName": "JUAN",
        "lastName": "CORRALES",
        "phone": "7144735014",
        "address": "22 CREEK RD APT 89",
        "city": "IRV",
        "state": "CA",
        "zip": "92604",
        "email": "JUAN32COR@HOTMAIL.COM",
        "dateOfBirth": "1968-04-19T12:00:00",
        "ssn": "607056787",
        "userOrders": null,
        "isSold": false,
        "id": 65573
    },
    {
        "firstName": "ELVIA",
        "lastName": "GONZALEZ",
        "phone": "3612270389",
        "address": "PO BOX 1068",
        "city": "FREER",
        "state": "TX",
        "zip": "78357",
        "email": "ELVIAMYRACGB@YAHOO.COM",
        "dateOfBirth": "1968-11-25T12:00:00",
        "ssn": "456498121",
        "userOrders": null,
        "isSold": false,
        "id": 65840
    },
    {
        "firstName": "FELICIA",
        "lastName": "VANNORMAN",
        "phone": "8595591193",
        "address": "300 KATE ST APT K7",
        "city": "MADISON",
        "state": "TN",
        "zip": "37115",
        "email": "FELICIAVANNORMAN@YAHOO.COM",
        "dateOfBirth": "1968-08-24T12:00:00",
        "ssn": "439314034",
        "userOrders": null,
        "isSold": false,
        "id": 65929
    },
    {
        "firstName": "AMMAR",
        "lastName": "MANSOUR",
        "phone": "2485695288",
        "address": "29741 FAIRFAX ST",
        "city": "SOUTHFIELD",
        "state": "MI",
        "zip": "48076",
        "email": "AMMARMANSOUR@SBCGLOBAL.NET",
        "dateOfBirth": "1968-07-18T12:00:00",
        "ssn": "382250450",
        "userOrders": null,
        "isSold": false,
        "id": 65951
    },
    {
        "firstName": "SANTIAGO",
        "lastName": "VARO",
        "phone": "8184897280",
        "address": "8178 CALHOUN AVE",
        "city": "VN",
        "state": "CITY",
        "zip": "91402",
        "email": "VARO.SANTIAGO@YAHOO.COM",
        "dateOfBirth": "1968-07-29T12:00:00",
        "ssn": "550998081",
        "userOrders": null,
        "isSold": false,
        "id": 66055
    },
    {
        "firstName": "CHRISTINA",
        "lastName": "RAMIREZ",
        "phone": "5804717831",
        "address": "616 N COLORADO AVE",
        "city": "MANGUM",
        "state": "OK",
        "zip": "73554",
        "email": "CHRISTYR40@ATT.NET",
        "dateOfBirth": "1968-10-05T12:00:00",
        "ssn": "366769323",
        "userOrders": null,
        "isSold": false,
        "id": 66172
    }
]