[
    {
        "firstName": "SYLVIA",
        "lastName": "&",
        "phone": "7132912150",
        "address": "2310 CLAWSON FALLS LN",
        "city": "SUGAR LAND",
        "state": "LAND",
        "zip": "77479",
        "email": "SYLVIAGCLEMENTS@AOL.COM",
        "dateOfBirth": "1968-01-15T12:00:00",
        "ssn": "419025441",
        "userOrders": null,
        "isSold": true,
        "id": 36841
    },
    {
        "firstName": "BRIAN",
        "lastName": "LENZ",
        "phone": "9168210865",
        "address": "4521 HILLVIEW WAY",
        "city": "SAC",
        "state": "CA",
        "zip": "95822",
        "email": "BRIANTLENZ@YAHOO.COM",
        "dateOfBirth": "1968-03-15T12:00:00",
        "ssn": "551431895",
        "userOrders": null,
        "isSold": false,
        "id": 36846
    },
    {
        "firstName": "DIANNE",
        "lastName": "DALEY",
        "phone": "7542342296",
        "address": "2890 NW 14TH ST",
        "city": "TMRC",
        "state": "LAUDERDALE",
        "zip": "33321",
        "email": "DNNRN5@GMAIL.COM",
        "dateOfBirth": "1968-05-23T12:00:00",
        "ssn": "589873809",
        "userOrders": null,
        "isSold": false,
        "id": 36903
    },
    {
        "firstName": "MARK",
        "lastName": "SOMERVILLE",
        "phone": "7146239501",
        "address": "4692 DELAFIELD DR",
        "city": "LM",
        "state": "MIRADA",
        "zip": "90638",
        "email": "UNCLEMARKY68@YAHOO.COM",
        "dateOfBirth": "1968-05-22T12:00:00",
        "ssn": "565278101",
        "userOrders": null,
        "isSold": false,
        "id": 36940
    },
    {
        "firstName": "EDGAR",
        "lastName": "RAFAEL",
        "phone": "3232260070",
        "address": "1325 DE NEVE LN",
        "city": "LA",
        "state": "ANGELES",
        "zip": "90033",
        "email": "EDGARRA@SBCGLOBAL.NET",
        "dateOfBirth": "1968-07-31T12:00:00",
        "ssn": "613209266",
        "userOrders": null,
        "isSold": false,
        "id": 36986
    },
    {
        "firstName": "JOE",
        "lastName": "HEYBOER",
        "phone": "6164500066",
        "address": "7830 CARDINAL DR",
        "city": "GEORGETOWN TWP",
        "state": "MI",
        "zip": "49428",
        "email": "JOEHEYBOER@OUTLOOK.COM",
        "dateOfBirth": "1968-03-26T12:00:00",
        "ssn": "374941156",
        "userOrders": null,
        "isSold": false,
        "id": 37002
    },
    {
        "firstName": "ROBERT",
        "lastName": "GATLIN",
        "phone": "5017657071",
        "address": "17990 TRACY LN",
        "city": "SALINE COUNTY",
        "state": "AR",
        "zip": "72002",
        "email": "GATLINENGR@AOL.COM",
        "dateOfBirth": "1968-01-05T12:00:00",
        "ssn": "415172506",
        "userOrders": null,
        "isSold": true,
        "id": 37082
    },
    {
        "firstName": "NATASHA",
        "lastName": "GAMBLE",
        "phone": "1111110002",
        "address": "8122 1/2 S NEW HAMPSHIRE AVE",
        "city": "LA",
        "state": "ANGELES",
        "zip": "90044",
        "email": "NATASHAGAMBLE@ATT.NET",
        "dateOfBirth": "1968-03-26T12:00:00",
        "ssn": "560558999",
        "userOrders": null,
        "isSold": false,
        "id": 37088
    },
    {
        "firstName": "HA",
        "lastName": "BUI",
        "phone": "2052438782",
        "address": "116 MEADOW VIEW CIR",
        "city": "PELHAM",
        "state": "AL",
        "zip": "35124",
        "email": "FRANNYBUI4@GMAIL.COM",
        "dateOfBirth": "1968-10-13T12:00:00",
        "ssn": "576178651",
        "userOrders": null,
        "isSold": false,
        "id": 37102
    },
    {
        "firstName": "MARIA",
        "lastName": "ROMERO.",
        "phone": "3235827887",
        "address": "APT C",
        "city": "HTG PK",
        "state": "MIDDLETON",
        "zip": "90255",
        "email": "TWDLJBROCKS@YAHOO.COM",
        "dateOfBirth": "1968-03-03T12:00:00",
        "ssn": "617227009",
        "userOrders": null,
        "isSold": false,
        "id": 37148
    },
    {
        "firstName": "TERRI",
        "lastName": "WILSON",
        "phone": "3188783485",
        "address": "225 MISSISSIPPI ST",
        "city": "DELHI",
        "state": "LA",
        "zip": "71232",
        "email": "TWILSON27@AOL.COM",
        "dateOfBirth": "1968-12-27T12:00:00",
        "ssn": "437948959",
        "userOrders": null,
        "isSold": false,
        "id": 37159
    },
    {
        "firstName": "CHAD",
        "lastName": "DEEGAN",
        "phone": "9496424960",
        "address": "1721 CANDLESTICK LN",
        "city": "NB",
        "state": "BEACH",
        "zip": "92660",
        "email": "THEDEEGANS@SBCGLOBAL.NET",
        "dateOfBirth": "1968-07-27T12:00:00",
        "ssn": "563437854",
        "userOrders": null,
        "isSold": false,
        "id": 37220
    },
    {
        "firstName": "PATTI",
        "lastName": "HARPER",
        "phone": "7703157462",
        "address": "2887 BENTON RD",
        "city": "LWRNCVL",
        "state": "GA",
        "zip": "30044",
        "email": "PJH50ISH@GMAIL.COM",
        "dateOfBirth": "1968-01-27T12:00:00",
        "ssn": "257377600",
        "userOrders": null,
        "isSold": false,
        "id": 37293
    },
    {
        "firstName": "MELISSA",
        "lastName": "KING",
        "phone": "2105665239",
        "address": "500 BROOKS AVE",
        "city": "SCHERTZ",
        "state": "TX",
        "zip": "78154",
        "email": "MCBOWEN622@YAHOO.COM",
        "dateOfBirth": "1968-06-22T12:00:00",
        "ssn": "466335448",
        "userOrders": null,
        "isSold": false,
        "id": 37295
    },
    {
        "firstName": "JEFFREY",
        "lastName": "KOCH",
        "phone": "5126087746",
        "address": "1705 PRIMROSE LN",
        "city": "LEANDER",
        "state": "TX",
        "zip": "78641",
        "email": "JKOCH39@GMAIL.COM",
        "dateOfBirth": "1968-01-23T12:00:00",
        "ssn": "461673083",
        "userOrders": null,
        "isSold": false,
        "id": 37336
    }
]