[
    {
        "firstName": "JOHNSON",
        "lastName": "YU",
        "phone": "9256427491",
        "address": "234 WOODSIDE DR",
        "city": "SRA",
        "state": "CA",
        "zip": "95370",
        "email": "JOHNSONCYU@YAHOO.COM",
        "dateOfBirth": "1968-06-09T12:00:00",
        "ssn": "437451549",
        "userOrders": null,
        "isSold": false,
        "id": 66890
    },
    {
        "firstName": "BENNY",
        "lastName": "SWAN",
        "phone": "1111110001",
        "address": "1214 CRYSTAL SPRINGS TRL",
        "city": "HMPTN",
        "state": "GA",
        "zip": "30228",
        "email": "VANESSA_DELANCE@YAHOO.COM",
        "dateOfBirth": "1968-11-29T12:00:00",
        "ssn": "428177968",
        "userOrders": null,
        "isSold": false,
        "id": 66922
    },
    {
        "firstName": "WANDA",
        "lastName": "PARKER",
        "phone": "7709696181",
        "address": "8180 AUTUMN GREEN DR",
        "city": "SOUTH FULTON",
        "state": "GA",
        "zip": "30213",
        "email": "WANDADPARKER2001@YAHOO.COM",
        "dateOfBirth": "1968-03-06T12:00:00",
        "ssn": "308944995",
        "userOrders": null,
        "isSold": false,
        "id": 66998
    },
    {
        "firstName": "DEEANN.",
        "lastName": "KALICA",
        "phone": "6195211941",
        "address": "4486 BANCROFT ST UNIT 3",
        "city": "SD",
        "state": "DIEGO",
        "zip": "92116",
        "email": "D.ANN_SD1@YAHOO.COM",
        "dateOfBirth": "1968-07-11T12:00:00",
        "ssn": "522431326",
        "userOrders": null,
        "isSold": false,
        "id": 67028
    },
    {
        "firstName": "JERRY",
        "lastName": "MOORE",
        "phone": "4794780281",
        "address": "1808 DENALI WAY",
        "city": "BARLING",
        "state": "AR",
        "zip": "72923",
        "email": "JERRYDMOOREJR@SBCGLOBAL.NET",
        "dateOfBirth": "1968-01-23T12:00:00",
        "ssn": "429457318",
        "userOrders": null,
        "isSold": true,
        "id": 67167
    },
    {
        "firstName": "BRIAN",
        "lastName": "WALDROP",
        "phone": "3146060755",
        "address": "3273 TELEGRAPH RD",
        "city": "ARNOLD",
        "state": "MO",
        "zip": "63010",
        "email": "RARTSCREEN@AOL.COM",
        "dateOfBirth": "1968-03-06T12:00:00",
        "ssn": "490604159",
        "userOrders": null,
        "isSold": false,
        "id": 67170
    },
    {
        "firstName": "MICHAEL",
        "lastName": "CREGO",
        "phone": "4197046038",
        "address": "PO BOX 651",
        "city": "NORTHWOOD",
        "state": "GREEN",
        "zip": "43619",
        "email": "MCREGSTER1@AOL.COM",
        "dateOfBirth": "1968-01-24T12:00:00",
        "ssn": "289685938",
        "userOrders": null,
        "isSold": false,
        "id": 67245
    },
    {
        "firstName": "BILLTHOMAS",
        "lastName": "JOHNSON",
        "phone": "9046939548",
        "address": "2434 JUSTIN RD W",
        "city": "JKVL",
        "state": "FL",
        "zip": "32210",
        "email": "MANOTAK@BELLSOUTH.NET",
        "dateOfBirth": "1968-01-29T12:00:00",
        "ssn": "325625280",
        "userOrders": null,
        "isSold": false,
        "id": 67289
    },
    {
        "firstName": "ALFREDO",
        "lastName": "MARTINEZ",
        "phone": "1111110026",
        "address": "4626 PLUM FOREST RD",
        "city": "HOUSTON",
        "state": "TX",
        "zip": "77084",
        "email": "MARTINEZ_1978@SBCGLOBAL.NET",
        "dateOfBirth": "1968-01-12T12:00:00",
        "ssn": "463994931",
        "userOrders": null,
        "isSold": false,
        "id": 67298
    },
    {
        "firstName": "TRYMEL",
        "lastName": "HARRIS",
        "phone": "9728159449",
        "address": "APT 11206",
        "city": "GRAND PRAIRIE",
        "state": "W",
        "zip": "75052",
        "email": "TAHARRIS1968@YAHOO.COM",
        "dateOfBirth": "1968-12-14T12:00:00",
        "ssn": "437234556",
        "userOrders": null,
        "isSold": false,
        "id": 67318
    },
    {
        "firstName": "CURTIS",
        "lastName": "SHELBY",
        "phone": "5629914478",
        "address": "11737 CHRISTOPHER AVE",
        "city": "LA",
        "state": "CA",
        "zip": "90056",
        "email": "CURTIS2568@GMAIL.COM",
        "dateOfBirth": "1968-01-24T12:00:00",
        "ssn": "562432953",
        "userOrders": null,
        "isSold": false,
        "id": 67326
    },
    {
        "firstName": "ARSENIO",
        "lastName": "DIMANLIG",
        "phone": "5103593242",
        "address": "1098 HOLMES WAY",
        "city": "HAY",
        "state": "CA",
        "zip": "94541",
        "email": "ACDIMANLIG@YAHOO.COM",
        "dateOfBirth": "1968-12-14T12:00:00",
        "ssn": "560617799",
        "userOrders": null,
        "isSold": false,
        "id": 67387
    },
    {
        "firstName": "JOSE",
        "lastName": "SOTO",
        "phone": "7073102817",
        "address": "69 PARROTT ST",
        "city": "VJO",
        "state": "CA",
        "zip": "94590",
        "email": "NOEMAILATT@CLEARLINK.COM",
        "dateOfBirth": "1968-07-17T12:00:00",
        "ssn": "613127546",
        "userOrders": null,
        "isSold": false,
        "id": 67417
    },
    {
        "firstName": "STACEY",
        "lastName": "MALANI-PETERSON",
        "phone": "8087833247",
        "address": "207 6TH ST",
        "city": "INDIANAPOLIS",
        "state": "CA",
        "zip": "46239",
        "email": "HAWAIIZOWN@YAHOO.COM",
        "dateOfBirth": "1968-06-06T12:00:00",
        "ssn": "576256814",
        "userOrders": null,
        "isSold": false,
        "id": 67435
    },
    {
        "firstName": "MICHAEL",
        "lastName": "B",
        "phone": "2176914664",
        "address": "1232 W MAPLE AVE S",
        "city": "JEROME",
        "state": "IL",
        "zip": "62704",
        "email": "MJOHNSON@ISBA.ORG",
        "dateOfBirth": "1968-08-05T12:00:00",
        "ssn": "320660364",
        "userOrders": null,
        "isSold": false,
        "id": 67478
    }
]