[
    {
        "firstName": "MIKE",
        "lastName": "PIAZZA",
        "phone": "4409440567",
        "address": "29471 ROBERT ST",
        "city": "WICKLIFFE",
        "state": "OH",
        "zip": "44092",
        "email": "MPIAZ123@GMAIL.COM",
        "dateOfBirth": "1968-03-15T12:00:00",
        "ssn": "292766597",
        "userOrders": null,
        "isSold": false,
        "id": 50192
    },
    {
        "firstName": "ANDREA",
        "lastName": "PIERRE",
        "phone": "6144324201",
        "address": "2275 PARKVILLE CT",
        "city": "REYNOLDSBURG",
        "state": "OH",
        "zip": "43068",
        "email": "TOUNELEINA38@YAHOO.COM",
        "dateOfBirth": "1968-03-17T12:00:00",
        "ssn": "135860751",
        "userOrders": null,
        "isSold": false,
        "id": 50218
    },
    {
        "firstName": "SANDRA",
        "lastName": "D.",
        "phone": "4435258838",
        "address": "213 LIBERTY STAR RD",
        "city": "WNDL",
        "state": "NC",
        "zip": "27591",
        "email": "SUCCESS119@YAHOO.COM",
        "dateOfBirth": "1968-01-19T12:00:00",
        "ssn": "150661807",
        "userOrders": null,
        "isSold": false,
        "id": 50236
    },
    {
        "firstName": "STEVEN",
        "lastName": "BURGESS",
        "phone": "4402573995",
        "address": "4841 BROOKSDALE RD",
        "city": "MENTOR",
        "state": "OH",
        "zip": "44060",
        "email": "DOBY2K@ATT.NET",
        "dateOfBirth": "1968-02-11T12:00:00",
        "ssn": "289784975",
        "userOrders": null,
        "isSold": false,
        "id": 50251
    },
    {
        "firstName": "LE-AI",
        "lastName": "CU",
        "phone": "9258582883",
        "address": "6859 ABERDALE CIR",
        "city": "SN RMN",
        "state": "RAMON",
        "zip": "94582",
        "email": "LEAIHA@HOTMAIL.COM",
        "dateOfBirth": "1968-12-04T12:00:00",
        "ssn": "605460399",
        "userOrders": null,
        "isSold": true,
        "id": 50317
    },
    {
        "firstName": "LINDA",
        "lastName": "LUCAS",
        "phone": "3177576612",
        "address": "555 E 81ST ST",
        "city": "INDIANAPOLIS",
        "state": "IN",
        "zip": "46240",
        "email": "LKLUCAS4@GMAIL.COM",
        "dateOfBirth": "1968-08-04T12:00:00",
        "ssn": "313682478",
        "userOrders": null,
        "isSold": false,
        "id": 50327
    },
    {
        "firstName": "CHARLES",
        "lastName": "&",
        "phone": "4048408180",
        "address": "1791 OLD PLUM HWY",
        "city": "STKBRDG",
        "state": "GRANGE",
        "zip": "30281",
        "email": "SKIP_FAULKNER@HOTMAIL.COM",
        "dateOfBirth": "1968-07-04T12:00:00",
        "ssn": "224963533",
        "userOrders": null,
        "isSold": false,
        "id": 50351
    },
    {
        "firstName": "MICHELLE",
        "lastName": "WALLACE",
        "phone": "6158527228",
        "address": "# 4461",
        "city": "NASHVILLE",
        "state": "N",
        "zip": "37207",
        "email": "MICHELLE.WALLACE95@ATT.NET",
        "dateOfBirth": "1968-08-13T12:00:00",
        "ssn": "555615300",
        "userOrders": null,
        "isSold": true,
        "id": 50378
    },
    {
        "firstName": "THOMAS",
        "lastName": "COON",
        "phone": "9546848733",
        "address": "888 S ANDREWS AVE STE 204",
        "city": "FT L",
        "state": "LAUDERDALE",
        "zip": "33305",
        "email": "THOMAS.COONEY@IIVE.COM",
        "dateOfBirth": "1968-12-09T12:00:00",
        "ssn": "167640266",
        "userOrders": null,
        "isSold": false,
        "id": 50442
    },
    {
        "firstName": "CHRISTOPHER*",
        "lastName": "GODWARD",
        "phone": "2147158305",
        "address": "2741 HURSTVIEW DR",
        "city": "HURST",
        "state": "TX",
        "zip": "76054",
        "email": "CHRISGODWARD@YAHOO.CO.UK",
        "dateOfBirth": "1968-07-25T12:00:00",
        "ssn": "733242659",
        "userOrders": null,
        "isSold": false,
        "id": 50496
    },
    {
        "firstName": "LISA",
        "lastName": "HERRERA",
        "phone": "2814694713",
        "address": "12700 FM 1960 RD W APT 12107",
        "city": "HOUSTON",
        "state": "TX",
        "zip": "77065",
        "email": "LISAHERRERA36@YAHOO.COM",
        "dateOfBirth": "1968-03-17T12:00:00",
        "ssn": "466531642",
        "userOrders": null,
        "isSold": false,
        "id": 50620
    },
    {
        "firstName": "KEITH",
        "lastName": "GUSICH",
        "phone": "5743023374",
        "address": "16216 JUNIPER ST",
        "city": "OVERLAND PARK",
        "state": "PARK",
        "zip": "66085",
        "email": "KAGUSICH@GMAIL.COM",
        "dateOfBirth": "1968-11-11T12:00:00",
        "ssn": "329745090",
        "userOrders": null,
        "isSold": false,
        "id": 50715
    },
    {
        "firstName": "DONNIE",
        "lastName": "HELTON",
        "phone": "9182566505",
        "address": "APT 14A",
        "city": "VINITA",
        "state": "MCNELIS",
        "zip": "74301",
        "email": "OU7RINGS2000@YAHOO.COM",
        "dateOfBirth": "1968-01-10T12:00:00",
        "ssn": "432337365",
        "userOrders": null,
        "isSold": false,
        "id": 50785
    },
    {
        "firstName": "DOUG",
        "lastName": "HEAD",
        "phone": "6159456845",
        "address": "994 SPRUCE RIDGE LN",
        "city": "SPRING HILL",
        "state": "HILL",
        "zip": "37174",
        "email": "HEADFAMILY5@ATT.NET",
        "dateOfBirth": "1968-04-19T12:00:00",
        "ssn": "477965435",
        "userOrders": null,
        "isSold": true,
        "id": 50822
    },
    {
        "firstName": "JEFF",
        "lastName": "MATLOCK",
        "phone": "2703160067",
        "address": "721 GLENN CT",
        "city": "OWENSBORO",
        "state": "KY",
        "zip": "42303",
        "email": "JMATLOCK38@YAHOO.COM",
        "dateOfBirth": "1968-05-01T12:00:00",
        "ssn": "405190984",
        "userOrders": null,
        "isSold": false,
        "id": 50875
    }
]