[
    {
        "firstName": "KENIA",
        "lastName": "LOPEZ",
        "phone": "9132085819",
        "address": "1837 N 32ND ST",
        "city": "KANSAS CITY",
        "state": "CITY",
        "zip": "66104",
        "email": "KENIA1968@ATT.NET",
        "dateOfBirth": "1968-05-13T12:00:00",
        "ssn": "725796207",
        "userOrders": null,
        "isSold": false,
        "id": 46612
    },
    {
        "firstName": "PSYCHIC",
        "lastName": "READER",
        "phone": "8152547000",
        "address": "BY LILY",
        "city": "PLAINFLD",
        "state": "S",
        "zip": "60544",
        "email": "BERNARDSEELEY37@YAHOO.COM",
        "dateOfBirth": "1968-09-11T12:00:00",
        "ssn": "358708615",
        "userOrders": null,
        "isSold": false,
        "id": 46620
    },
    {
        "firstName": "BALJETT",
        "lastName": "SANDAU",
        "phone": "7705879745",
        "address": "6224 OLDE TOWNE DR # A",
        "city": "RSWL",
        "state": "GA",
        "zip": "30076",
        "email": "BALJETT@ATT.NET",
        "dateOfBirth": "1968-05-19T12:00:00",
        "ssn": "368250674",
        "userOrders": null,
        "isSold": false,
        "id": 46625
    },
    {
        "firstName": "JAMES",
        "lastName": "EDWARDS",
        "phone": "5023454528",
        "address": "115 HILLSIDE CIR",
        "city": "CHARLESTOWN",
        "state": "IN",
        "zip": "47111",
        "email": "JED6837@GMAIL.COM",
        "dateOfBirth": "1968-11-30T12:00:00",
        "ssn": "406906837",
        "userOrders": null,
        "isSold": false,
        "id": 46677
    },
    {
        "firstName": "ALICIA",
        "lastName": "RODRIGUEZ-BRAVO",
        "phone": "7737010025",
        "address": "2814 N DRAKE AVE",
        "city": "CHGO",
        "state": "IL",
        "zip": "60618",
        "email": "TEAMBRAVO@SBCGLOBAL.NET",
        "dateOfBirth": "1968-04-16T12:00:00",
        "ssn": "327620534",
        "userOrders": null,
        "isSold": false,
        "id": 46727
    },
    {
        "firstName": "DENNIS",
        "lastName": "LAW",
        "phone": "3362643255",
        "address": "627 WIGEON DR",
        "city": "GNBO",
        "state": "NC",
        "zip": "27455",
        "email": "EVETTE.LAW2@CONEHEALTH.COM",
        "dateOfBirth": "1968-04-03T12:00:00",
        "ssn": "226299477",
        "userOrders": null,
        "isSold": false,
        "id": 46767
    },
    {
        "firstName": "ANDREA",
        "lastName": "SWANSON",
        "phone": "9492873936",
        "address": "17595 HARVARD AVE",
        "city": "IRV",
        "state": "CA",
        "zip": "92606",
        "email": "ANDREA_SWANSON1@YAHOO.COM",
        "dateOfBirth": "1968-12-07T12:00:00",
        "ssn": "548819077",
        "userOrders": null,
        "isSold": false,
        "id": 46770
    },
    {
        "firstName": "TAMMY",
        "lastName": "SCHELLER",
        "phone": "6822377408",
        "address": "22 ALAMOSA DR",
        "city": "TROPHY CLUB",
        "state": "CLUB",
        "zip": "76262",
        "email": "TLSCHELLER@AOL.COM",
        "dateOfBirth": "1968-07-07T12:00:00",
        "ssn": "550196645",
        "userOrders": null,
        "isSold": false,
        "id": 46777
    },
    {
        "firstName": "CHUCK",
        "lastName": "H",
        "phone": "8327957931",
        "address": "20303 POMEGRANATE LN",
        "city": "KATY",
        "state": "TX",
        "zip": "77449",
        "email": "GOHAWGS@AOL.COM",
        "dateOfBirth": "1968-04-12T12:00:00",
        "ssn": "349665403",
        "userOrders": null,
        "isSold": false,
        "id": 46779
    },
    {
        "firstName": "ANALIZA",
        "lastName": "SURISANTOS",
        "phone": "8134709702",
        "address": "14808 S CATALINA AVE",
        "city": "GRD",
        "state": "CA",
        "zip": "90247",
        "email": "ESI342000@ATT.NET",
        "dateOfBirth": "1968-11-17T12:00:00",
        "ssn": "623782016",
        "userOrders": null,
        "isSold": false,
        "id": 46846
    },
    {
        "firstName": "FERNANDO",
        "lastName": "HURTADO",
        "phone": "6263789742",
        "address": "4904 LA MADERA AVE",
        "city": "EL M",
        "state": "MONTE",
        "zip": "91732",
        "email": "DHURTADO19@HOTMAIL.COM",
        "dateOfBirth": "1968-02-09T12:00:00",
        "ssn": "605786436",
        "userOrders": null,
        "isSold": false,
        "id": 46881
    },
    {
        "firstName": "NORMA",
        "lastName": "FIGUEROA",
        "phone": "9096842134",
        "address": "15389 LANTERN LN",
        "city": "FON",
        "state": "CA",
        "zip": "92336",
        "email": "FIGGILOUT@GMAIL.COM",
        "dateOfBirth": "1968-07-24T12:00:00",
        "ssn": "619171750",
        "userOrders": null,
        "isSold": false,
        "id": 46993
    },
    {
        "firstName": "RICHARD",
        "lastName": "FIGLIETTI",
        "phone": "9253039492",
        "address": "1192 VALE CT",
        "city": "BRNTWD",
        "state": "CA",
        "zip": "94513",
        "email": "RICHARD.FIGLIETTI@SBCGLOBAI.NET",
        "dateOfBirth": "1968-11-27T12:00:00",
        "ssn": "567794279",
        "userOrders": null,
        "isSold": false,
        "id": 46997
    },
    {
        "firstName": "TEMPRISS",
        "lastName": "JACKSON",
        "phone": "8325071488",
        "address": "8877 LAKES AT 610 DR APT 231",
        "city": "HOUSTON",
        "state": "TX",
        "zip": "77054",
        "email": "TEMPRISSJ@YAHOO.COM",
        "dateOfBirth": "1968-12-17T12:00:00",
        "ssn": "509684008",
        "userOrders": null,
        "isSold": false,
        "id": 46998
    },
    {
        "firstName": "BRANDY",
        "lastName": "HENSLEY",
        "phone": "3212652826",
        "address": "1139 AURORA RD",
        "city": "MELB",
        "state": "FL",
        "zip": "32935",
        "email": "BHENSL12@FORD.COM",
        "dateOfBirth": "1968-06-19T12:00:00",
        "ssn": "568119125",
        "userOrders": null,
        "isSold": false,
        "id": 47079
    }
]