[
    {
        "firstName": "MARIA",
        "lastName": "TAPIA",
        "phone": "1111110004",
        "address": "5580 W LOMBARD ST",
        "city": "GREENE COUNTY",
        "state": "MO",
        "zip": "65802",
        "email": "YFLSAH3116@ATT.NET",
        "dateOfBirth": "1968-10-20T12:00:00",
        "ssn": "495157508",
        "userOrders": null,
        "isSold": false,
        "id": 104549
    },
    {
        "firstName": "JOHN",
        "lastName": "STACY",
        "phone": "6198922985",
        "address": "2624 SANTA BARBARA CT",
        "city": "CHLA VSTA",
        "state": "VISTA",
        "zip": "91914",
        "email": "ESSYFSTACY@YAHOO.COM",
        "dateOfBirth": "1968-07-15T12:00:00",
        "ssn": "552390498",
        "userOrders": null,
        "isSold": true,
        "id": 104550
    },
    {
        "firstName": "JERRY",
        "lastName": "HARRINGTON",
        "phone": "9188227155",
        "address": "2706 E 60TH ST N",
        "city": "MUSKOGEE",
        "state": "OK",
        "zip": "74403",
        "email": "BJNOTING@YAHOO.COM",
        "dateOfBirth": "1968-04-02T12:00:00",
        "ssn": "564179037",
        "userOrders": null,
        "isSold": false,
        "id": 104611
    },
    {
        "firstName": "TAMIKO",
        "lastName": "HICKMAN",
        "phone": "9726299810",
        "address": "1020 SCOTLAND DR APT 401",
        "city": "DESOTO",
        "state": "TX",
        "zip": "75115",
        "email": "10062000.TAMIKO@ATT.NET",
        "dateOfBirth": "1968-01-08T12:00:00",
        "ssn": "438370656",
        "userOrders": null,
        "isSold": false,
        "id": 104655
    },
    {
        "firstName": "JANIE",
        "lastName": "RIOS",
        "phone": "3614910328",
        "address": "600 W 4TH ST UNIT 3",
        "city": "YORKTOWN",
        "state": "TX",
        "zip": "78164",
        "email": "JRIOS02018@GMAIL.COM",
        "dateOfBirth": "1968-10-05T12:00:00",
        "ssn": "451534332",
        "userOrders": null,
        "isSold": false,
        "id": 104672
    },
    {
        "firstName": "DAVID*",
        "lastName": "BROWNSTEIN",
        "phone": "9166625075",
        "address": "1284 LORDEN CT",
        "city": "WS",
        "state": "CA",
        "zip": "95605",
        "email": "DBINSAC2003@YAHOO.COM",
        "dateOfBirth": "1968-05-04T12:00:00",
        "ssn": "556719162",
        "userOrders": null,
        "isSold": false,
        "id": 104698
    },
    {
        "firstName": "MARINA",
        "lastName": "GAXIOLA",
        "phone": "2135902191",
        "address": "9619 HICKORY ST",
        "city": "LA",
        "state": "ANGELES",
        "zip": "90002",
        "email": "CONFIRMATIONALORICA@GMAIL.COM",
        "dateOfBirth": "1968-08-13T12:00:00",
        "ssn": "620254342",
        "userOrders": null,
        "isSold": false,
        "id": 104744
    },
    {
        "firstName": "JERRY",
        "lastName": "WILDER",
        "phone": "7315494447",
        "address": "1320 MILDRED AVE",
        "city": "ST CHAS",
        "state": "CHARLES",
        "zip": "60174",
        "email": "THEWILDERS6@YAHOO.COM",
        "dateOfBirth": "1968-07-31T12:00:00",
        "ssn": "361729960",
        "userOrders": null,
        "isSold": false,
        "id": 104754
    },
    {
        "firstName": "ESTELLA",
        "lastName": "MONTOYA",
        "phone": "8183965140",
        "address": "4166 WILLIMET ST",
        "city": "LA",
        "state": "ANGELES",
        "zip": "90039",
        "email": "BIBIANMONTANO@YAHOO.COM",
        "dateOfBirth": "1968-03-13T12:00:00",
        "ssn": "618078379",
        "userOrders": null,
        "isSold": false,
        "id": 104833
    },
    {
        "firstName": "LISA",
        "lastName": "J",
        "phone": "8133225298",
        "address": "203 MERCURY DR",
        "city": "LAVERGNE",
        "state": "VERGNE",
        "zip": "37086",
        "email": "LISATHEWES68@YAHOO.COM",
        "dateOfBirth": "1968-09-10T12:00:00",
        "ssn": "263910770",
        "userOrders": null,
        "isSold": false,
        "id": 104862
    },
    {
        "firstName": "JEFFREY.",
        "lastName": "SMILEY",
        "phone": "3137402998",
        "address": "19942 MARX ST",
        "city": "DETROIT",
        "state": "MI",
        "zip": "48203",
        "email": "JEFFSMILEY@ATT.NET",
        "dateOfBirth": "1968-10-09T12:00:00",
        "ssn": "378946657",
        "userOrders": null,
        "isSold": false,
        "id": 104891
    },
    {
        "firstName": "NICKY",
        "lastName": "SHAH",
        "phone": "4154200322",
        "address": "293 CORBETT AVE",
        "city": "IRV",
        "state": "FRANCISCO",
        "zip": "92618",
        "email": "NICKSHAH@PACBELL.NET",
        "dateOfBirth": "1968-01-25T12:00:00",
        "ssn": "121501374",
        "userOrders": null,
        "isSold": true,
        "id": 104974
    },
    {
        "firstName": "JOE",
        "lastName": "D",
        "phone": "7133983737",
        "address": "616 MAGNOLIA ST",
        "city": "LAKE JACKSON",
        "state": "JACKSON",
        "zip": "77566",
        "email": "JCROCKER@SPARKLINGCLEAR.COM",
        "dateOfBirth": "1968-08-25T12:00:00",
        "ssn": "452571235",
        "userOrders": null,
        "isSold": false,
        "id": 105088
    },
    {
        "firstName": "MARGARET",
        "lastName": "PEREZ",
        "phone": "7709908524",
        "address": "3655 GLENBROOK DR",
        "city": "DGLSVL",
        "state": "GA",
        "zip": "30135",
        "email": "MPEREZ@PHOENIXCRANE.COM",
        "dateOfBirth": "1968-08-19T12:00:00",
        "ssn": "266833801",
        "userOrders": null,
        "isSold": false,
        "id": 105172
    },
    {
        "firstName": "JEANNE",
        "lastName": "GUIDRY",
        "phone": "2259548977",
        "address": "1345 N CICERO AVE",
        "city": "BATON ROUGE",
        "state": "ROUGE",
        "zip": "70816",
        "email": "JEANNEGUIDRY5@GMAIL.COM",
        "dateOfBirth": "1968-04-05T12:00:00",
        "ssn": "117602732",
        "userOrders": null,
        "isSold": true,
        "id": 105246
    }
]