[
    {
        "firstName": "BEATRICE",
        "lastName": "GAITAN",
        "phone": "2106250097",
        "address": "14542 CLYDESDALE TRL",
        "city": "SAN ANTONIO",
        "state": "ANTONIO",
        "zip": "78254",
        "email": "GAITANM87@GMAIL.COM",
        "dateOfBirth": "1968-11-23T12:00:00",
        "ssn": "464631003",
        "userOrders": null,
        "isSold": false,
        "id": 31796
    },
    {
        "firstName": "CAROLYN",
        "lastName": "DOLBY",
        "phone": "7133975655",
        "address": "3231 ALLEN PKWY APT 6102",
        "city": "HOUSTON",
        "state": "TX",
        "zip": "77019",
        "email": "C1DOLBY@GMAIL.COM",
        "dateOfBirth": "1968-09-09T12:00:00",
        "ssn": "543065996",
        "userOrders": null,
        "isSold": false,
        "id": 31800
    },
    {
        "firstName": "ERIC",
        "lastName": "STEIGER",
        "phone": "4088322118",
        "address": "5461 KAVENY DR",
        "city": "SJ",
        "state": "JOSE",
        "zip": "95129",
        "email": "STEIGEREMAIL@ICLOUD.COM",
        "dateOfBirth": "1968-10-14T12:00:00",
        "ssn": "334668943",
        "userOrders": null,
        "isSold": true,
        "id": 31872
    },
    {
        "firstName": "FRED",
        "lastName": "T",
        "phone": "4095272609",
        "address": "261 COUNTY ROAD 551",
        "city": "JASPER COUNTY",
        "state": "TX",
        "zip": "75956",
        "email": "REDNECK68@SBCGLOBAL.NET",
        "dateOfBirth": "1968-01-12T12:00:00",
        "ssn": "465333786",
        "userOrders": null,
        "isSold": false,
        "id": 31976
    },
    {
        "firstName": "DONETTA",
        "lastName": "ROWLEY",
        "phone": "9372725913",
        "address": "2207 DIVISION AVE",
        "city": "HARRISON TWP",
        "state": "OH",
        "zip": "45414",
        "email": "DSRROWLEY101@AOL.COM",
        "dateOfBirth": "1968-10-08T12:00:00",
        "ssn": "274827447",
        "userOrders": null,
        "isSold": false,
        "id": 32084
    },
    {
        "firstName": "EL",
        "lastName": "DORMILLON",
        "phone": "2095313292",
        "address": "1955 GLEN HARBOR DR",
        "city": "CERES",
        "state": "CA",
        "zip": "95307",
        "email": "TINA.ORNELAS@YAHOO.COM",
        "dateOfBirth": "1968-12-15T12:00:00",
        "ssn": "624050619",
        "userOrders": null,
        "isSold": false,
        "id": 32109
    },
    {
        "firstName": "PATRICK",
        "lastName": "KEYSER",
        "phone": "5137088509",
        "address": "497 DEERWOOD LN",
        "city": "LAFOLLETTE",
        "state": "FOLLETTE",
        "zip": "37766",
        "email": "PATRICK.KEYSER@US.SOGETI.COM",
        "dateOfBirth": "1968-07-12T12:00:00",
        "ssn": "282668268",
        "userOrders": null,
        "isSold": false,
        "id": 32212
    },
    {
        "firstName": "DAVID",
        "lastName": "SIMPSON",
        "phone": "7064214833",
        "address": "609 W LAKE CIR",
        "city": "MARTINEZ",
        "state": "GA",
        "zip": "30907",
        "email": "DAVIDSIMPSON696@GMAIL.COM",
        "dateOfBirth": "1968-01-23T12:00:00",
        "ssn": "230961061",
        "userOrders": null,
        "isSold": false,
        "id": 32224
    },
    {
        "firstName": "DANIEL",
        "lastName": "KILLINS",
        "phone": "3019915161",
        "address": "12012 MAGAZINE ST APT 10103",
        "city": "ORL",
        "state": "FL",
        "zip": "32833",
        "email": "HAYES1968@LIVE.COM",
        "dateOfBirth": "1968-01-05T12:00:00",
        "ssn": "552319717",
        "userOrders": null,
        "isSold": false,
        "id": 32372
    },
    {
        "firstName": "CAROLYN",
        "lastName": "JOHNSON",
        "phone": "3106139078",
        "address": "APT STDO",
        "city": "SN PED",
        "state": "S",
        "zip": "90731",
        "email": "CAROLYNJOHNSON001@CA.RR.COM",
        "dateOfBirth": "1968-03-24T12:00:00",
        "ssn": "523412644",
        "userOrders": null,
        "isSold": false,
        "id": 32396
    },
    {
        "firstName": "ROBERT",
        "lastName": "CONLEY",
        "phone": "6789232309",
        "address": "965 CASCADE RUN CT",
        "city": "SUWANEE",
        "state": "GA",
        "zip": "30024",
        "email": "JDCONLEY21@GMAIL.COM",
        "dateOfBirth": "1968-01-14T12:00:00",
        "ssn": "341641328",
        "userOrders": null,
        "isSold": false,
        "id": 32410
    },
    {
        "firstName": "GANPAT",
        "lastName": "WAGH",
        "phone": "2407550325",
        "address": "21585 ABERDEEN RD",
        "city": "ROCKY RIVER",
        "state": "RIVER",
        "zip": "44116",
        "email": "VWAGH4@GMAIL.COM",
        "dateOfBirth": "1968-05-13T12:00:00",
        "ssn": "173627094",
        "userOrders": null,
        "isSold": false,
        "id": 32442
    },
    {
        "firstName": "JINKY",
        "lastName": "TUNGOHAN",
        "phone": "1111110001",
        "address": "3027 E 16TH ST",
        "city": "OAK",
        "state": "CA",
        "zip": "94601",
        "email": "JINKYCAS@YAHOO.COM",
        "dateOfBirth": "1968-02-06T12:00:00",
        "ssn": "623854860",
        "userOrders": null,
        "isSold": false,
        "id": 32540
    },
    {
        "firstName": "RONALD",
        "lastName": "SMITH",
        "phone": "7343231642",
        "address": "6099 LINDEN RD",
        "city": "TYRONE TWP",
        "state": "MI",
        "zip": "48430",
        "email": "SMITHR59@MICHIGAN.GOV",
        "dateOfBirth": "1968-10-18T12:00:00",
        "ssn": "377903339",
        "userOrders": null,
        "isSold": false,
        "id": 32578
    },
    {
        "firstName": "ANNE",
        "lastName": "CAULDER",
        "phone": "4197795238",
        "address": "6345 BRIXTON RD APT 2",
        "city": "SPRINGFIELD TWP",
        "state": "OH",
        "zip": "43537",
        "email": "LOTSA.ROSES@YAHOO.COM",
        "dateOfBirth": "1968-07-18T12:00:00",
        "ssn": "277543081",
        "userOrders": null,
        "isSold": false,
        "id": 32682
    }
]