[
    {
        "firstName": "TRACY",
        "lastName": "HODGES",
        "phone": "9727273001",
        "address": "769 LIVINGSTON DR",
        "city": "ALLEN",
        "state": "TX",
        "zip": "75002",
        "email": "T.HODGES@ATT.NET",
        "dateOfBirth": "1968-11-20T12:00:00",
        "ssn": "253048862",
        "userOrders": null,
        "isSold": false,
        "id": 51619
    },
    {
        "firstName": "PAULA",
        "lastName": "IDEN",
        "phone": "0812611779",
        "address": "1 JAMESTOWN CIR",
        "city": "RIVRTN",
        "state": "IL",
        "zip": "62561",
        "email": "SPIDEN0101@ATT.NET",
        "dateOfBirth": "1968-08-28T12:00:00",
        "ssn": "358703337",
        "userOrders": null,
        "isSold": false,
        "id": 51637
    },
    {
        "firstName": "JOSE",
        "lastName": "AREVALO",
        "phone": "6262867620",
        "address": "410 E LIVE OAK ST APT 3",
        "city": "S GAB",
        "state": "GABRIEL",
        "zip": "91776",
        "email": "JOSELAREVALO@SBCGLOBAL.NET",
        "dateOfBirth": "1968-05-24T12:00:00",
        "ssn": "624188715",
        "userOrders": null,
        "isSold": false,
        "id": 51864
    },
    {
        "firstName": "JEFFREY",
        "lastName": "BOLLINGER",
        "phone": "9544284071",
        "address": "3251 SW 3RD ST",
        "city": "DFLD",
        "state": "BCH",
        "zip": "33442",
        "email": "CPTINJEFF@LIVE.COM",
        "dateOfBirth": "1968-06-19T12:00:00",
        "ssn": "172541978",
        "userOrders": null,
        "isSold": false,
        "id": 51883
    },
    {
        "firstName": "ORLI",
        "lastName": "DUDAIE",
        "phone": "9739087707",
        "address": "APT 10",
        "city": "ST LOUIS COUNTY",
        "state": "CHIMNEY",
        "zip": "63146",
        "email": "ORLIDUDAIE@GMAIL.COM",
        "dateOfBirth": "1968-08-31T12:00:00",
        "ssn": "154157507",
        "userOrders": null,
        "isSold": false,
        "id": 51912
    },
    {
        "firstName": "SAMI",
        "lastName": "SANA",
        "phone": "2104910067",
        "address": "3818 WETMORE KNL",
        "city": "SAN ANTONIO",
        "state": "ANTONIO",
        "zip": "78247",
        "email": "SAMI.SANA@SBCGLOBAL.NET",
        "dateOfBirth": "1968-04-13T12:00:00",
        "ssn": "444065005",
        "userOrders": null,
        "isSold": false,
        "id": 51983
    },
    {
        "firstName": "NORA",
        "lastName": "LOZADA",
        "phone": "1111110001",
        "address": "300 GLENWOOD CIR APT 124",
        "city": "BURL",
        "state": "CA",
        "zip": "94010",
        "email": "NSERRANO13@GMAIL.COM",
        "dateOfBirth": "1968-05-13T12:00:00",
        "ssn": "557818244",
        "userOrders": null,
        "isSold": false,
        "id": 51997
    },
    {
        "firstName": "BEVERLY",
        "lastName": "EDMONDS",
        "phone": "6783135804",
        "address": "20 BOLLEN RDG",
        "city": "HRM",
        "state": "GA",
        "zip": "30141",
        "email": "BEVERLYEDMONDS1@GMAIL.COM",
        "dateOfBirth": "1968-03-05T12:00:00",
        "ssn": "416170469",
        "userOrders": null,
        "isSold": false,
        "id": 52145
    },
    {
        "firstName": "DAVID",
        "lastName": "STIFFLER",
        "phone": "8176738499",
        "address": "2007 MORGANS WAY",
        "city": "GALLATIN",
        "state": "TN",
        "zip": "37066",
        "email": "DSTIFFLER2@GMAIL.COM",
        "dateOfBirth": "1968-05-31T12:00:00",
        "ssn": "281806117",
        "userOrders": null,
        "isSold": false,
        "id": 52238
    },
    {
        "firstName": "YAROSLAV",
        "lastName": "YANAKIEV",
        "phone": "6505763951",
        "address": "7315 STARWARD DR APT 60",
        "city": "DBLN",
        "state": "CA",
        "zip": "94568",
        "email": "PAVLINA@GMAIL.COM",
        "dateOfBirth": "1968-05-21T12:00:00",
        "ssn": "733016393",
        "userOrders": null,
        "isSold": false,
        "id": 52291
    },
    {
        "firstName": "KATHLEEN",
        "lastName": "FLECK",
        "phone": "5022916608",
        "address": "249 NORBOURNE BLVD",
        "city": "LOUISVILLE",
        "state": "KY",
        "zip": "40207",
        "email": "KATHLEEN.FLECK@GMAIL.COM",
        "dateOfBirth": "1968-11-28T12:00:00",
        "ssn": "403985985",
        "userOrders": null,
        "isSold": false,
        "id": 52300
    },
    {
        "firstName": "ANDREW",
        "lastName": "VENEZIA",
        "phone": "9545575296",
        "address": "2835 KINSINGTON CIR",
        "city": "WESTON",
        "state": "FL",
        "zip": "33332",
        "email": "AJVENEZIA@YAHOO.COM",
        "dateOfBirth": "1968-09-27T12:00:00",
        "ssn": "265992516",
        "userOrders": null,
        "isSold": false,
        "id": 52343
    },
    {
        "firstName": "STEVE",
        "lastName": "COONSE",
        "phone": "8287269155",
        "address": "475 PINE MOUNTAIN RD",
        "city": "HUDSON",
        "state": "NC",
        "zip": "28638",
        "email": "COONSE@BELISOUTH.NET",
        "dateOfBirth": "1968-05-23T12:00:00",
        "ssn": "244295183",
        "userOrders": null,
        "isSold": false,
        "id": 52406
    },
    {
        "firstName": "DONALD",
        "lastName": "EVERSOLE",
        "phone": "2568373331",
        "address": "1081 STONES THROW DR NW",
        "city": "HUNTSVILLE",
        "state": "AL",
        "zip": "35806",
        "email": "DEVERS6410@AOL.COM",
        "dateOfBirth": "1968-02-02T12:00:00",
        "ssn": "418112322",
        "userOrders": null,
        "isSold": false,
        "id": 52436
    },
    {
        "firstName": "PATRICIA",
        "lastName": "TAVERAS",
        "phone": "6365275866",
        "address": "1023 DAUPHINE LN",
        "city": "MANCHESTER",
        "state": "MO",
        "zip": "63011",
        "email": "STLCARDSFAN99@YAHOO.COM",
        "dateOfBirth": "1968-03-24T12:00:00",
        "ssn": "325661597",
        "userOrders": null,
        "isSold": false,
        "id": 52491
    }
]