[
    {
        "firstName": "TIMOTHY",
        "lastName": "TRIPI",
        "phone": "5863544842",
        "address": "30019 WOODHOUSE DR",
        "city": "WARREN",
        "state": "MI",
        "zip": "48092",
        "email": "TRIP68@ATT.NET",
        "dateOfBirth": "1968-05-05T12:00:00",
        "ssn": "366820991",
        "userOrders": null,
        "isSold": false,
        "id": 80839
    },
    {
        "firstName": "OSCAR",
        "lastName": "E",
        "phone": "3237195322",
        "address": "526 1/2 N JUANITA AVE",
        "city": "LA",
        "state": "ANGELES",
        "zip": "90004",
        "email": "OJLOPEZ23@SBCGLOBAL.NET",
        "dateOfBirth": "1968-11-30T12:00:00",
        "ssn": "614283597",
        "userOrders": null,
        "isSold": false,
        "id": 80980
    },
    {
        "firstName": "LISA",
        "lastName": "MANNING",
        "phone": "7758134701",
        "address": "1545 CORONA CT",
        "city": "RENO",
        "state": "NV",
        "zip": "89523",
        "email": "LISAMANNING@SBCGLOBAL.NET",
        "dateOfBirth": "1968-10-11T12:00:00",
        "ssn": "530021971",
        "userOrders": null,
        "isSold": true,
        "id": 81039
    },
    {
        "firstName": "LUCINDA",
        "lastName": "WOODALL",
        "phone": "9166245655",
        "address": "2523 PINNACLES DR",
        "city": "RKLN",
        "state": "CA",
        "zip": "95677",
        "email": "BEARCREEKCOTTAGE@SBCGLOBAL.NET",
        "dateOfBirth": "1968-01-15T12:00:00",
        "ssn": "560450436",
        "userOrders": null,
        "isSold": false,
        "id": 81070
    },
    {
        "firstName": "LISA",
        "lastName": "STEINBERG",
        "phone": "2629391201",
        "address": "7840 OLD SPRING ST",
        "city": "RACINE",
        "state": "PLEASANT",
        "zip": "53406",
        "email": "LSTEINBERG3@YAHOO.COM",
        "dateOfBirth": "1968-09-21T12:00:00",
        "ssn": "389646735",
        "userOrders": null,
        "isSold": false,
        "id": 81084
    },
    {
        "firstName": "MICHAEL",
        "lastName": "JOHNSON",
        "phone": "6309990753",
        "address": "1006 JERICHO RD",
        "city": "AURORA",
        "state": "IL",
        "zip": "60506",
        "email": "MIKEJOHNSON0753@GMAIL.COM",
        "dateOfBirth": "1968-02-14T12:00:00",
        "ssn": "352723981",
        "userOrders": null,
        "isSold": false,
        "id": 81100
    },
    {
        "firstName": "MELISSA",
        "lastName": "FERGUSON",
        "phone": "7086410104",
        "address": "1510 DELMAR DR",
        "city": "MANHTN",
        "state": "LENOX",
        "zip": "60442",
        "email": "CALLIE0428@YAHOO.COM",
        "dateOfBirth": "1968-11-14T12:00:00",
        "ssn": "354748032",
        "userOrders": null,
        "isSold": false,
        "id": 81110
    },
    {
        "firstName": "THOMASENA",
        "lastName": "HUNTER",
        "phone": "3135951273",
        "address": "16777 PREVOST ST",
        "city": "DETROIT",
        "state": "MI",
        "zip": "48235",
        "email": "THOMASENA182@ME.COM",
        "dateOfBirth": "1968-06-08T12:00:00",
        "ssn": "370926304",
        "userOrders": null,
        "isSold": false,
        "id": 81223
    },
    {
        "firstName": "GUY",
        "lastName": "KOHLES",
        "phone": "9734171988",
        "address": "250 NORTH CITY DR APT 318",
        "city": "SN MARCOS",
        "state": "MARCOS",
        "zip": "92078",
        "email": "GKOHLES@ROCKBORN.NET",
        "dateOfBirth": "1968-07-17T12:00:00",
        "ssn": "151585398",
        "userOrders": null,
        "isSold": false,
        "id": 81435
    },
    {
        "firstName": "JASMINE",
        "lastName": "MORGAN",
        "phone": "9546436164",
        "address": "4801 NW 11TH ST",
        "city": "LDHL",
        "state": "FL",
        "zip": "33313",
        "email": "JASMINE5800@ATT.NET",
        "dateOfBirth": "1968-05-16T12:00:00",
        "ssn": "768019966",
        "userOrders": null,
        "isSold": false,
        "id": 81440
    },
    {
        "firstName": "JOSE",
        "lastName": "MIRANDA",
        "phone": "5306662835",
        "address": "117 ANTELOPE ST",
        "city": "WDLND",
        "state": "CA",
        "zip": "95695",
        "email": "QBJZBM3918@ATT.NET",
        "dateOfBirth": "1968-12-13T12:00:00",
        "ssn": "625166993",
        "userOrders": null,
        "isSold": false,
        "id": 81533
    },
    {
        "firstName": "KIMBERLY",
        "lastName": "BROOKS",
        "phone": "3134934518",
        "address": "8891 MEMORIAL ST",
        "city": "DETROIT",
        "state": "MI",
        "zip": "48228",
        "email": "KIMBERLY2345@ATT.NET",
        "dateOfBirth": "1968-08-16T12:00:00",
        "ssn": "339622375",
        "userOrders": null,
        "isSold": false,
        "id": 81663
    },
    {
        "firstName": "DELMICHAEL",
        "lastName": "PRIMUS",
        "phone": "8002882020",
        "address": "1449 KILGORE DR",
        "city": "BELLEFONTAINE NB",
        "state": "LOUIS",
        "zip": "63137",
        "email": "DPRIMUS10@GMAIL.COM",
        "dateOfBirth": "1968-10-18T12:00:00",
        "ssn": "499761611",
        "userOrders": null,
        "isSold": false,
        "id": 81715
    },
    {
        "firstName": "PERLITO",
        "lastName": "GODOY",
        "phone": "4086605776",
        "address": "4089291096",
        "city": "SAN JOSE CA 95116-2125",
        "state": "N",
        "zip": "SJ",
        "email": "95116",
        "dateOfBirth": "1968-02-24T12:00:00",
        "ssn": "546297967",
        "userOrders": null,
        "isSold": true,
        "id": 81725
    },
    {
        "firstName": "RAQUEL",
        "lastName": "EDGESTON",
        "phone": "4144694339",
        "address": "4558 N 108TH ST",
        "city": "MILWAUKEE",
        "state": "WI",
        "zip": "53209",
        "email": "R.EDGESTON@YAHOO.COM",
        "dateOfBirth": "1968-12-16T12:00:00",
        "ssn": "394929886",
        "userOrders": null,
        "isSold": false,
        "id": 81755
    }
]