[
    {
        "firstName": "JEFF",
        "lastName": "CHEEK",
        "phone": "2054301017",
        "address": "104 S RUN CIR",
        "city": "HOOVER",
        "state": "AL",
        "zip": "35244",
        "email": "JEFFCHEEK648@GMAIL.COM",
        "dateOfBirth": "1968-01-30T12:00:00",
        "ssn": "423922134",
        "userOrders": null,
        "isSold": false,
        "id": 20446
    },
    {
        "firstName": "MARINA",
        "lastName": "ROSA",
        "phone": "4046607671",
        "address": "1327 ROBIN HILL DR",
        "city": "NORC",
        "state": "GA",
        "zip": "30093",
        "email": "AGAWATERPROOFING@GMAIL.COM",
        "dateOfBirth": "1968-03-02T12:00:00",
        "ssn": "607882616",
        "userOrders": null,
        "isSold": false,
        "id": 20493
    },
    {
        "firstName": "SATBIR",
        "lastName": "SINGH",
        "phone": "3179877801",
        "address": "2923 SENTIMENT LN",
        "city": "GREENWOOD",
        "state": "IN",
        "zip": "46143",
        "email": "SINGHSATBIRSINGH@ATT.NET",
        "dateOfBirth": "1968-06-23T12:00:00",
        "ssn": "603061958",
        "userOrders": null,
        "isSold": false,
        "id": 20506
    },
    {
        "firstName": "RUSSELL.",
        "lastName": "KING",
        "phone": "7404070981",
        "address": "1341 FULLER CT",
        "city": "LANCASTER",
        "state": "OH",
        "zip": "43130",
        "email": "RUSTYKING87@GMAIL.COM",
        "dateOfBirth": "1968-09-28T12:00:00",
        "ssn": "294787983",
        "userOrders": null,
        "isSold": false,
        "id": 20709
    },
    {
        "firstName": "STEPHANIE",
        "lastName": "CROWDER",
        "phone": "5805850565",
        "address": "2308 E CHERRY ST",
        "city": "PARIS",
        "state": "TX",
        "zip": "75460",
        "email": "STEPHANIECROWDER@LIVE.COM",
        "dateOfBirth": "1968-04-16T12:00:00",
        "ssn": "442820881",
        "userOrders": null,
        "isSold": false,
        "id": 20751
    },
    {
        "firstName": "ROBERT",
        "lastName": "M",
        "phone": "8179384178",
        "address": "512 S WALNUT ST",
        "city": "CLEBURNE",
        "state": "TX",
        "zip": "76033",
        "email": "VALB2566@GMAIL.COM",
        "dateOfBirth": "1968-09-20T12:00:00",
        "ssn": "516065218",
        "userOrders": null,
        "isSold": false,
        "id": 20784
    },
    {
        "firstName": "VIRGINIA",
        "lastName": "KING",
        "phone": "9728240249",
        "address": "9112 ANGORA ST",
        "city": "DALLAS",
        "state": "TX",
        "zip": "75218",
        "email": "GINNY.KING@ATT.NET",
        "dateOfBirth": "1968-03-08T12:00:00",
        "ssn": "457770169",
        "userOrders": null,
        "isSold": false,
        "id": 20852
    },
    {
        "firstName": "MARIA",
        "lastName": "SOTO",
        "phone": "9729488926",
        "address": "8009 CASE DR",
        "city": "PLANO",
        "state": "TX",
        "zip": "75025",
        "email": "MIACUADRITO@GMAIL.COM",
        "dateOfBirth": "1968-10-08T12:00:00",
        "ssn": "961731437",
        "userOrders": null,
        "isSold": false,
        "id": 20918
    },
    {
        "firstName": "DAVID",
        "lastName": "COLLINS",
        "phone": "5029387118",
        "address": "1846 E PARK PL",
        "city": "JEFFERSONVILLE",
        "state": "IN",
        "zip": "47130",
        "email": "COLLINS.DAVID04@GMAIL.COM",
        "dateOfBirth": "1968-04-07T12:00:00",
        "ssn": "601246465",
        "userOrders": null,
        "isSold": false,
        "id": 20967
    },
    {
        "firstName": "JAMIE",
        "lastName": "PURSLEY",
        "phone": "9193242527",
        "address": "5705 QUAIL COVEY LN",
        "city": "WNDL",
        "state": "NC",
        "zip": "27591",
        "email": "BETHMW@YAHOO.COM",
        "dateOfBirth": "1968-08-17T12:00:00",
        "ssn": "548610525",
        "userOrders": null,
        "isSold": false,
        "id": 21116
    },
    {
        "firstName": "ROBERT",
        "lastName": "MARTIN",
        "phone": "6164591161",
        "address": "1946 CAMILLE DR SE",
        "city": "KENTWOOD",
        "state": "RAPIDS",
        "zip": "49546",
        "email": "BKJAM1@YAHOO.COM",
        "dateOfBirth": "1968-06-12T12:00:00",
        "ssn": "386907025",
        "userOrders": null,
        "isSold": false,
        "id": 21279
    },
    {
        "firstName": "MATTHEW",
        "lastName": "PORTERFIELD",
        "phone": "8159545825",
        "address": "13754 W 4250N RD",
        "city": "BRAIDWD",
        "state": "IL",
        "zip": "60408",
        "email": "MATTP71468@YAHOO.COM",
        "dateOfBirth": "1968-07-14T12:00:00",
        "ssn": "356686550",
        "userOrders": null,
        "isSold": false,
        "id": 21304
    },
    {
        "firstName": "STEPHEN",
        "lastName": "ROZOW",
        "phone": "8582109360",
        "address": "4683 TORREY CIR UNIT 106",
        "city": "SD",
        "state": "DIEGO",
        "zip": "92130",
        "email": "SROZOW@ALUMNI.ND.EDU",
        "dateOfBirth": "1968-11-17T12:00:00",
        "ssn": "314902844",
        "userOrders": null,
        "isSold": false,
        "id": 21306
    },
    {
        "firstName": "KURT",
        "lastName": "RESTINE",
        "phone": "6785928522",
        "address": "STE D",
        "city": "EASL",
        "state": "CALHOUN",
        "zip": "29640",
        "email": "KURTRESTINE@GMAIL.COM",
        "dateOfBirth": "1968-07-16T12:00:00",
        "ssn": "457719349",
        "userOrders": null,
        "isSold": false,
        "id": 21384
    },
    {
        "firstName": "NOEL",
        "lastName": "BERRY",
        "phone": "8506195547",
        "address": "2220 CALLE DE CASTELAR",
        "city": "PENSACOLA",
        "state": "FL",
        "zip": "32507",
        "email": "UNICORNLIFE4EVA@GMAIL.COM",
        "dateOfBirth": "1968-09-30T12:00:00",
        "ssn": "410356877",
        "userOrders": null,
        "isSold": false,
        "id": 21441
    }
]