[
    {
        "firstName": "KAY",
        "lastName": "LERA",
        "phone": "6086306970",
        "address": "5315 BARTON RD",
        "city": "MADISON",
        "state": "WI",
        "zip": "53711",
        "email": "KLERA.JMU@GMAIL.COM",
        "dateOfBirth": "1968-02-24T12:00:00",
        "ssn": "176643213",
        "userOrders": null,
        "isSold": false,
        "id": 22792
    },
    {
        "firstName": "GUILLERMO",
        "lastName": "MARTINEZ",
        "phone": "2105424881",
        "address": "14014 TYLER PT",
        "city": "SAN ANTONIO",
        "state": "ANTONIO",
        "zip": "78254",
        "email": "MARCOIESUS@AOL.COM",
        "dateOfBirth": "1968-01-12T12:00:00",
        "ssn": "456570833",
        "userOrders": null,
        "isSold": false,
        "id": 22800
    },
    {
        "firstName": "RICHARD",
        "lastName": "STROUD",
        "phone": "3363124637",
        "address": "1608 CHESTNUT FALLS RD",
        "city": "WNDL",
        "state": "NC",
        "zip": "27591",
        "email": "RSWORD007@AOL.COM",
        "dateOfBirth": "1968-11-07T12:00:00",
        "ssn": "242431225",
        "userOrders": null,
        "isSold": false,
        "id": 22816
    },
    {
        "firstName": "JOHN",
        "lastName": "BOYLAN",
        "phone": "4845716586",
        "address": "95 COLLINS LN",
        "city": "KY CLY BCH",
        "state": "PA",
        "zip": "33051",
        "email": "NONE@GMAIL.COM",
        "dateOfBirth": "1968-05-13T12:00:00",
        "ssn": "171605746",
        "userOrders": null,
        "isSold": true,
        "id": 22874
    },
    {
        "firstName": "RON",
        "lastName": "HARLAND",
        "phone": "9132693971",
        "address": "19841 W 107TH ST",
        "city": "OLATHE",
        "state": "KS",
        "zip": "66061",
        "email": "RHARLAND2@EVOLVSOLUTIONS.COM",
        "dateOfBirth": "1968-06-15T12:00:00",
        "ssn": "510642678",
        "userOrders": null,
        "isSold": true,
        "id": 22875
    },
    {
        "firstName": "GENEVIEVE",
        "lastName": "PADUIT",
        "phone": "2133821909",
        "address": "1229 DEWEY AVE APT 3",
        "city": "LA",
        "state": "ANGELES",
        "zip": "90006",
        "email": "GENEVIEVEPADUIT@SBCGLOBAL.NET",
        "dateOfBirth": "1968-10-11T12:00:00",
        "ssn": "576930798",
        "userOrders": null,
        "isSold": true,
        "id": 22923
    },
    {
        "firstName": "ERIC",
        "lastName": "BARTH",
        "phone": "7074908986",
        "address": "1109 G ST",
        "city": "EUR",
        "state": "CA",
        "zip": "95501",
        "email": "E-BOLI@MYWAY.COM",
        "dateOfBirth": "1968-08-08T12:00:00",
        "ssn": "571942199",
        "userOrders": null,
        "isSold": false,
        "id": 23036
    },
    {
        "firstName": "PETER",
        "lastName": "MARLOWE",
        "phone": "3306224047",
        "address": "577 MORELEY AVE",
        "city": "AKRON",
        "state": "OH",
        "zip": "44320",
        "email": "PTRMARLOWE@YAHOO.COM",
        "dateOfBirth": "1968-04-15T12:00:00",
        "ssn": "295601620",
        "userOrders": null,
        "isSold": false,
        "id": 23047
    },
    {
        "firstName": "JOY",
        "lastName": "N***",
        "phone": "7133823805",
        "address": "2125 PRIMROSE ST",
        "city": "BEAUMONT",
        "state": "TX",
        "zip": "77703",
        "email": "JOYWILSON9@GMAIL.COM",
        "dateOfBirth": "1968-12-17T12:00:00",
        "ssn": "439472390",
        "userOrders": null,
        "isSold": false,
        "id": 23089
    },
    {
        "firstName": "SHERRI",
        "lastName": "BRUDNER",
        "phone": "7132983107",
        "address": "943 1/2 CORTLANDT ST",
        "city": "HOUSTON",
        "state": "TX",
        "zip": "77019",
        "email": "SHERRI.BRUDNER@MACQUARIE.COM",
        "dateOfBirth": "1968-08-23T12:00:00",
        "ssn": "465372665",
        "userOrders": null,
        "isSold": false,
        "id": 23098
    },
    {
        "firstName": "TRACY",
        "lastName": "MURPHREE",
        "phone": "7046077130",
        "address": "534 W HOLLOWAY DR",
        "city": "REIDVILLE",
        "state": "SC",
        "zip": "29375",
        "email": "TMURPHREE5@YAHOO.COM",
        "dateOfBirth": "1968-01-13T12:00:00",
        "ssn": "431231830",
        "userOrders": null,
        "isSold": false,
        "id": 23102
    },
    {
        "firstName": "SUSAN",
        "lastName": "MILLET",
        "phone": "9545919878",
        "address": "7810 NW 40TH ST",
        "city": "DAVIE",
        "state": "FL",
        "zip": "33024",
        "email": "MILLETMIA@BELLSOUTH.NET",
        "dateOfBirth": "1968-07-09T12:00:00",
        "ssn": "594071912",
        "userOrders": null,
        "isSold": false,
        "id": 23112
    },
    {
        "firstName": "ANNIE",
        "lastName": "RICHARDSON",
        "phone": "1111110003",
        "address": "UNIT VILA 813",
        "city": "PLTN",
        "state": "NW",
        "zip": "33324",
        "email": "ANNIE.RICHARDSON@DHL.COM",
        "dateOfBirth": "1968-10-15T12:00:00",
        "ssn": "537908620",
        "userOrders": null,
        "isSold": false,
        "id": 23141
    },
    {
        "firstName": "TRAN",
        "lastName": "PHUC",
        "phone": "5048101440",
        "address": "13069 CHATEAU CT",
        "city": "NEW ORLEANS",
        "state": "ORLEANS",
        "zip": "70129",
        "email": "PHUCWATERQ@GMAIL.COM",
        "dateOfBirth": "1968-05-14T12:00:00",
        "ssn": "439495052",
        "userOrders": null,
        "isSold": false,
        "id": 23184
    },
    {
        "firstName": "JENNIFER",
        "lastName": "RIOS",
        "phone": "7738182899",
        "address": "2917 N LUNA AVE FL 1",
        "city": "CHGO",
        "state": "IL",
        "zip": "60641",
        "email": "CASA_DE_RIOS@SBCGLOBAL.NET",
        "dateOfBirth": "1968-03-15T12:00:00",
        "ssn": "343488715",
        "userOrders": null,
        "isSold": false,
        "id": 23189
    }
]