[
    {
        "firstName": "LISA",
        "lastName": "BROOME",
        "phone": "7049234029",
        "address": "206 E GLENDALE AVE APT 2",
        "city": "STNLY",
        "state": "HOLLY",
        "zip": "28164",
        "email": "LISABROOME38@GMAIL.COM",
        "dateOfBirth": "1968-01-13T12:00:00",
        "ssn": "245455862",
        "userOrders": null,
        "isSold": false,
        "id": 55285
    },
    {
        "firstName": "JUDITH",
        "lastName": "ALLEN",
        "phone": "6166357773",
        "address": "5370 36TH AVE APT 12",
        "city": "HUDSONVILLE",
        "state": "MI",
        "zip": "49426",
        "email": "NORTHERNJADEHONU@YAHOO.COM",
        "dateOfBirth": "1968-07-06T12:00:00",
        "ssn": "371723079",
        "userOrders": null,
        "isSold": false,
        "id": 55309
    },
    {
        "firstName": "JAMES",
        "lastName": "OWEN",
        "phone": "7705540647",
        "address": "2861 N SHARON CHURCH RD",
        "city": "LGNVL",
        "state": "GA",
        "zip": "30052",
        "email": "THEOWENFAMILY5@BELLSOUTH.NET",
        "dateOfBirth": "1968-03-01T12:00:00",
        "ssn": "258332658",
        "userOrders": null,
        "isSold": false,
        "id": 55316
    },
    {
        "firstName": "DAVD",
        "lastName": "SMELSER",
        "phone": "7606439469",
        "address": "1522 MERLOT CT",
        "city": "VST",
        "state": "CA",
        "zip": "92083",
        "email": "DAVID.SMELSER@GMAIL.COM",
        "dateOfBirth": "1968-03-24T12:00:00",
        "ssn": "557836311",
        "userOrders": null,
        "isSold": false,
        "id": 55324
    },
    {
        "firstName": "CEDRIC",
        "lastName": "L",
        "phone": "9802301110",
        "address": "751 LYNN ST APT G",
        "city": "CHAR",
        "state": "NC",
        "zip": "28207",
        "email": "CEDRICVERBAL@GMAIL.COM",
        "dateOfBirth": "1968-06-19T12:00:00",
        "ssn": "245398654",
        "userOrders": null,
        "isSold": false,
        "id": 55340
    },
    {
        "firstName": "PRICILLA",
        "lastName": "RODRIGUEZ",
        "phone": "6617217467",
        "address": "2128 COLLEGE DR",
        "city": "DLNO",
        "state": "CA",
        "zip": "93215",
        "email": "PROD711@YAHOO.COM",
        "dateOfBirth": "1968-02-24T12:00:00",
        "ssn": "567233690",
        "userOrders": null,
        "isSold": false,
        "id": 55425
    },
    {
        "firstName": "JO",
        "lastName": "A",
        "phone": "7074632603",
        "address": "414 CLARA AVE",
        "city": "UKIAH",
        "state": "CA",
        "zip": "95482",
        "email": "JO2501@ATT.NET",
        "dateOfBirth": "1968-12-17T12:00:00",
        "ssn": "549851137",
        "userOrders": null,
        "isSold": false,
        "id": 55487
    },
    {
        "firstName": "CHRISTIAN",
        "lastName": "STEHLIK",
        "phone": "3126133202",
        "address": "2334 W MCLEAN AVE",
        "city": "CHGO",
        "state": "IL",
        "zip": "60647",
        "email": "STEHLIX@GMAIL.COM",
        "dateOfBirth": "1968-06-14T12:00:00",
        "ssn": "623134615",
        "userOrders": null,
        "isSold": false,
        "id": 55500
    },
    {
        "firstName": "JOHN",
        "lastName": "DEMLER",
        "phone": "2696953857",
        "address": "3965 HIDDEN VALLEY TRL N",
        "city": "BERTRAND TWP",
        "state": "MI",
        "zip": "49120",
        "email": "DEMLER315@AOL.COM",
        "dateOfBirth": "1968-05-07T12:00:00",
        "ssn": "368943611",
        "userOrders": null,
        "isSold": false,
        "id": 55521
    },
    {
        "firstName": "DEBORAH",
        "lastName": "BURGETT",
        "phone": "9033878438",
        "address": "6757 FM 726 S",
        "city": "DALLAS",
        "state": "TX",
        "zip": "75214",
        "email": "DEBB813@YAHOO.COM",
        "dateOfBirth": "1968-08-13T12:00:00",
        "ssn": "252418094",
        "userOrders": null,
        "isSold": false,
        "id": 55541
    },
    {
        "firstName": "DAVID",
        "lastName": "CLARK",
        "phone": "9407658851",
        "address": "5426 MEADOWCREEK DR APT 2014",
        "city": "DALLAS",
        "state": "TX",
        "zip": "75248",
        "email": "DVD_CLARK1968@YAHOO.COM",
        "dateOfBirth": "1968-07-29T12:00:00",
        "ssn": "461712246",
        "userOrders": null,
        "isSold": false,
        "id": 55621
    },
    {
        "firstName": "PAUL",
        "lastName": "LALLY",
        "phone": "7084484870",
        "address": "7827 W MCCARTHY RD",
        "city": "PALOS PK",
        "state": "PARK",
        "zip": "60464",
        "email": "KAREN@LALLYMASON.COM",
        "dateOfBirth": "1968-06-24T12:00:00",
        "ssn": "346763351",
        "userOrders": null,
        "isSold": false,
        "id": 55646
    },
    {
        "firstName": "MARIA",
        "lastName": "JOSEPHINA",
        "phone": "4088870443",
        "address": "619 MANGELS AVE",
        "city": "SF",
        "state": "FRANCISCO",
        "zip": "94127",
        "email": "JTG1968@HOTMAIL.COM",
        "dateOfBirth": "1968-10-07T12:00:00",
        "ssn": "564518629",
        "userOrders": null,
        "isSold": true,
        "id": 55732
    },
    {
        "firstName": "MARTILLIA",
        "lastName": "GREENLEE",
        "phone": "8646448558",
        "address": "201 LOBLOLLY CT",
        "city": "EASL",
        "state": "SC",
        "zip": "29640",
        "email": "MISSIE29657@YAHOO.COM",
        "dateOfBirth": "1968-10-27T12:00:00",
        "ssn": "250511507",
        "userOrders": null,
        "isSold": true,
        "id": 55816
    },
    {
        "firstName": "RUSTY",
        "lastName": "SKINNER",
        "phone": "4178897229",
        "address": "4245 E LATOKA CT",
        "city": "GREENE COUNTY",
        "state": "MO",
        "zip": "65809",
        "email": "LPROADHOG@SBCGIOBAL.NET",
        "dateOfBirth": "1968-02-24T12:00:00",
        "ssn": "490907627",
        "userOrders": null,
        "isSold": false,
        "id": 55838
    }
]