[
    {
        "firstName": "LEON",
        "lastName": "MAY",
        "phone": "7704600792",
        "address": "300 ESSEX CIR",
        "city": "FYTVL",
        "state": "GA",
        "zip": "30215",
        "email": "MAYJR.LEON@GMAIL.COM",
        "dateOfBirth": "1968-09-10T12:00:00",
        "ssn": "257478637",
        "userOrders": null,
        "isSold": false,
        "id": 77946
    },
    {
        "firstName": "TERESA",
        "lastName": "FLEMING",
        "phone": "9377186289",
        "address": "24 LINDWAY DR",
        "city": "FAIRBORN",
        "state": "OH",
        "zip": "45324",
        "email": "JONAHSADIE13@YAHOO.COM",
        "dateOfBirth": "1968-10-26T12:00:00",
        "ssn": "269824685",
        "userOrders": null,
        "isSold": false,
        "id": 77990
    },
    {
        "firstName": "ALICIA",
        "lastName": "MARSHALL",
        "phone": "3174133644",
        "address": "930 WYCKFORD DR APT F",
        "city": "INDIANAPOLIS",
        "state": "IN",
        "zip": "46214",
        "email": "ALICIAMARSHALL15@YAHOO.COM",
        "dateOfBirth": "1968-11-11T12:00:00",
        "ssn": "308785569",
        "userOrders": null,
        "isSold": false,
        "id": 78013
    },
    {
        "firstName": "BELINDA",
        "lastName": "LANDAYAN",
        "phone": "6197560773",
        "address": "6956 ALCONA ST APT 22",
        "city": "SD",
        "state": "DIEGO",
        "zip": "92139",
        "email": "BELINDA_LANDAYAN@YAHOO.COM",
        "dateOfBirth": "1968-03-04T12:00:00",
        "ssn": "321045647",
        "userOrders": null,
        "isSold": false,
        "id": 78040
    },
    {
        "firstName": "RODNEY",
        "lastName": "JACKSON",
        "phone": "6613401742",
        "address": "2511 FRONTIER DR",
        "city": "MIDLAND",
        "state": "TX",
        "zip": "79705",
        "email": "RODNJEN1968@YAHOO.COM",
        "dateOfBirth": "1968-07-16T12:00:00",
        "ssn": "548894222",
        "userOrders": null,
        "isSold": false,
        "id": 78068
    },
    {
        "firstName": "STEPHEN",
        "lastName": "MABERY",
        "phone": "2108248886",
        "address": "APT 1306",
        "city": "OLMOS PARK",
        "state": "E",
        "zip": "78212",
        "email": "STEVEMABERY@YAHOO.COM",
        "dateOfBirth": "1968-10-24T12:00:00",
        "ssn": "462452135",
        "userOrders": null,
        "isSold": false,
        "id": 78099
    },
    {
        "firstName": "KATRINA",
        "lastName": "ASHLEY",
        "phone": "9722304851",
        "address": "1913 PURDUE DR",
        "city": "GLENN HEIGHTS",
        "state": "HEIGHTS",
        "zip": "75154",
        "email": "CASHLEYSR@SBCGLOBAL.NET",
        "dateOfBirth": "1968-07-26T12:00:00",
        "ssn": "466679450",
        "userOrders": null,
        "isSold": true,
        "id": 78112
    },
    {
        "firstName": "SERENA",
        "lastName": "BOCOOK",
        "phone": "6144521664",
        "address": "930 BREATHITT AVE",
        "city": "COLUMBUS",
        "state": "OH",
        "zip": "43207",
        "email": "BOCOOK@YAHOO.COM",
        "dateOfBirth": "1968-11-04T12:00:00",
        "ssn": "278721822",
        "userOrders": null,
        "isSold": false,
        "id": 78138
    },
    {
        "firstName": "MARTIN",
        "lastName": "CASTRO",
        "phone": "9163629875",
        "address": "3319 SEABORG WAY",
        "city": "SAC",
        "state": "CA",
        "zip": "95827",
        "email": "RIOS_JOHN@YMAIL.COM",
        "dateOfBirth": "1968-02-06T12:00:00",
        "ssn": "547841233",
        "userOrders": null,
        "isSold": false,
        "id": 78154
    },
    {
        "firstName": "MARILYN",
        "lastName": "LOWE",
        "phone": "4695315742",
        "address": "4005 ERIC DR",
        "city": "DALLAS",
        "state": "TX",
        "zip": "75243",
        "email": "MARILYNLOWE41@YAHOO.COM",
        "dateOfBirth": "1968-05-31T12:00:00",
        "ssn": "453570318",
        "userOrders": null,
        "isSold": false,
        "id": 78190
    },
    {
        "firstName": "JEFFREY",
        "lastName": "BELSKY",
        "phone": "7046770729",
        "address": "24223 PRESTON WOODS WAY",
        "city": "DNVR",
        "state": "MILL",
        "zip": "28037",
        "email": "AMYSTEELE_84@YAHOO.COM",
        "dateOfBirth": "1968-07-25T12:00:00",
        "ssn": "251498061",
        "userOrders": null,
        "isSold": false,
        "id": 78233
    },
    {
        "firstName": "MICHAEL",
        "lastName": "DORSEY",
        "phone": "2532262256",
        "address": "APT 810",
        "city": "CHATTANOOGA",
        "state": "STANDIFER",
        "zip": "37421",
        "email": "MIKEDEE34@YAHOO.COM",
        "dateOfBirth": "1968-05-21T12:00:00",
        "ssn": "250277649",
        "userOrders": null,
        "isSold": false,
        "id": 78240
    },
    {
        "firstName": "DAWN",
        "lastName": "BARTHOLF",
        "phone": "3865897814",
        "address": "2037 HICKORYWOOD DR",
        "city": "S DAYT",
        "state": "DAYTONA",
        "zip": "32119",
        "email": "DAWNBARTHOLF@GMAIL.COM",
        "dateOfBirth": "1968-06-14T12:00:00",
        "ssn": "260434727",
        "userOrders": null,
        "isSold": false,
        "id": 78309
    },
    {
        "firstName": "ROBERT",
        "lastName": "DIXON",
        "phone": "9373058988",
        "address": "4580 RICHWOOD DR",
        "city": "MIAMI TWP",
        "state": "OH",
        "zip": "45439",
        "email": "RBD454539@YAHOO.COM",
        "dateOfBirth": "1968-10-27T12:00:00",
        "ssn": "273548980",
        "userOrders": null,
        "isSold": false,
        "id": 78362
    },
    {
        "firstName": "TRINI",
        "lastName": "TAX",
        "phone": "9722483151",
        "address": "18110 MIDWAY RD STE 146",
        "city": "DALLAS",
        "state": "TX",
        "zip": "75287",
        "email": "RICARDO1033@ATT.NET",
        "dateOfBirth": "1968-04-24T12:00:00",
        "ssn": "631010569",
        "userOrders": null,
        "isSold": false,
        "id": 78492
    }
]