[
    {
        "firstName": "EMMANUEL",
        "lastName": "EJIOGU",
        "phone": "2145525041",
        "address": "7324 SKILLMAN ST APT 1109",
        "city": "DALLAS",
        "state": "TX",
        "zip": "75231",
        "email": "EMMAEJIOGU@YAHOO.COM",
        "dateOfBirth": "1968-02-16T12:00:00",
        "ssn": "632886786",
        "userOrders": null,
        "isSold": false,
        "id": 103725
    },
    {
        "firstName": "WEI",
        "lastName": "LE",
        "phone": "4043881105",
        "address": "3025 ELTHAM PL",
        "city": "DEC",
        "state": "GA",
        "zip": "30033",
        "email": "MIAROSS@YAHOO.COM",
        "dateOfBirth": "1968-10-24T12:00:00",
        "ssn": "363113940",
        "userOrders": null,
        "isSold": false,
        "id": 103838
    },
    {
        "firstName": "LEO",
        "lastName": "WILLIAMS",
        "phone": "3306395614",
        "address": "3306395614",
        "city": "CANTON OH 44707-3002",
        "state": "4TH",
        "zip": "CANTON",
        "email": "44708",
        "dateOfBirth": "1968-04-27T12:00:00",
        "ssn": "284685421",
        "userOrders": null,
        "isSold": false,
        "id": 103954
    },
    {
        "firstName": "ISRAEL",
        "lastName": "CASTILLO",
        "phone": "5616747570",
        "address": "21906 LAKE FOREST CIR APT 102",
        "city": "BOCA RATON",
        "state": "RATON",
        "zip": "33433",
        "email": "CASTILLOLINARES@HOTMAIL.COM",
        "dateOfBirth": "1968-12-26T12:00:00",
        "ssn": "594530780",
        "userOrders": null,
        "isSold": false,
        "id": 103962
    },
    {
        "firstName": "VONDON",
        "lastName": "HILL",
        "phone": "6784383652",
        "address": "3647 CEDARBROOK TRL APT E",
        "city": "HOOVER",
        "state": "AL",
        "zip": "35216",
        "email": "VONDONHILL@YAHOO.COM",
        "dateOfBirth": "1968-05-23T12:00:00",
        "ssn": "381889899",
        "userOrders": null,
        "isSold": false,
        "id": 103970
    },
    {
        "firstName": "AHMED",
        "lastName": "ALI",
        "phone": "5024322051",
        "address": "1901 BASHFORD MANOR LN",
        "city": "LOUISVILLE",
        "state": "KY",
        "zip": "40218",
        "email": "AHMEDA1968@HOTMAIL.COM",
        "dateOfBirth": "1968-01-01T12:00:00",
        "ssn": "405515719",
        "userOrders": null,
        "isSold": false,
        "id": 104027
    },
    {
        "firstName": "MIKHEAL",
        "lastName": "MEECE",
        "phone": "9258190257",
        "address": "1300 WATERSTONE PL APT 1331",
        "city": "SN RMN",
        "state": "RAMON",
        "zip": "94582",
        "email": "MIKHEAL@GMAIL.COM",
        "dateOfBirth": "1968-11-25T12:00:00",
        "ssn": "226330048",
        "userOrders": null,
        "isSold": true,
        "id": 104052
    },
    {
        "firstName": "TAMMY",
        "lastName": "MORGAN",
        "phone": "6628369628",
        "address": "31 RYAN ST APT 60",
        "city": "BELZONI",
        "state": "MS",
        "zip": "39038",
        "email": "TAMMYMORGAN1968@YAHOO.COM",
        "dateOfBirth": "1968-07-31T12:00:00",
        "ssn": "427179048",
        "userOrders": null,
        "isSold": false,
        "id": 104098
    },
    {
        "firstName": "NORA",
        "lastName": "SERRATO",
        "phone": "6263836716",
        "address": "49 GRANADA AVE APT F",
        "city": "FUL",
        "state": "BEACH",
        "zip": "92831",
        "email": "NORASERRATO7@AOL.COM",
        "dateOfBirth": "1968-04-04T12:00:00",
        "ssn": "547850591",
        "userOrders": null,
        "isSold": false,
        "id": 104246
    },
    {
        "firstName": "GUDETTE",
        "lastName": "FLEURANT",
        "phone": "3159453497",
        "address": "1905 ZEPHYR AVE",
        "city": "FT*P",
        "state": "PIERCE",
        "zip": "34982",
        "email": "GUDETTE@ATT.NET",
        "dateOfBirth": "1968-11-16T12:00:00",
        "ssn": "768165647",
        "userOrders": null,
        "isSold": false,
        "id": 104263
    },
    {
        "firstName": "MARTIN",
        "lastName": "HAWTHORNE",
        "phone": "2482173425",
        "address": "17709 GEORGE WASHINGTON DR",
        "city": "SOUTHFIELD",
        "state": "MI",
        "zip": "48075",
        "email": "JENANHAWTHORNE@YAHOO.COM",
        "dateOfBirth": "1968-05-17T12:00:00",
        "ssn": "381746616",
        "userOrders": null,
        "isSold": false,
        "id": 104272
    },
    {
        "firstName": "PETRA",
        "lastName": "BAUER",
        "phone": "9498740287",
        "address": "85 FLEURANCE ST",
        "city": "LAG NIGL",
        "state": "NIGUEL",
        "zip": "92677",
        "email": "JOACHIM_PETER@SBCGLOBAL.NET",
        "dateOfBirth": "1968-06-05T12:00:00",
        "ssn": "626151580",
        "userOrders": null,
        "isSold": false,
        "id": 104337
    },
    {
        "firstName": "MARIE",
        "lastName": "CAILLET",
        "phone": "4153074693",
        "address": "831 MENKER AVE",
        "city": "SJ",
        "state": "JOSE",
        "zip": "95128",
        "email": "WPIETSCH@VATVALVE.COM",
        "dateOfBirth": "1968-09-25T12:00:00",
        "ssn": "607864957",
        "userOrders": null,
        "isSold": false,
        "id": 104350
    },
    {
        "firstName": "VICTORIA",
        "lastName": "DHOOGE",
        "phone": "3619371995",
        "address": "12 PARKDALE AVE",
        "city": "CORPUS CHRISTI",
        "state": "SD",
        "zip": "78418",
        "email": "SV.DHOOGE@YAHOO.COM",
        "dateOfBirth": "1968-05-15T12:00:00",
        "ssn": "565196535",
        "userOrders": null,
        "isSold": true,
        "id": 104369
    },
    {
        "firstName": "NATHALIE",
        "lastName": "WINGHART",
        "phone": "1111110001",
        "address": "2374 PEACH DR",
        "city": "JKVL",
        "state": "FL",
        "zip": "32246",
        "email": "NBWINGHART@GMAIL.COM",
        "dateOfBirth": "1968-03-06T12:00:00",
        "ssn": "589261987",
        "userOrders": null,
        "isSold": false,
        "id": 104495
    }
]