[
    {
        "firstName": "JOSEPH",
        "lastName": "BOHL",
        "phone": "2692071167",
        "address": "1630 108TH AVE",
        "city": "OTSEGO TWP",
        "state": "MI",
        "zip": "49078",
        "email": "RICHMACH@SBCGLOBAL.NET",
        "dateOfBirth": "1968-02-16T12:00:00",
        "ssn": "380822262",
        "userOrders": null,
        "isSold": false,
        "id": 13670
    },
    {
        "firstName": "GHALY",
        "lastName": "HERMIZ",
        "phone": "2489433502",
        "address": "31230 WELLINGTON DR APT 15104",
        "city": "NOVI",
        "state": "MI",
        "zip": "48377",
        "email": "GHALY1362@ATT.NET",
        "dateOfBirth": "1968-04-05T12:00:00",
        "ssn": "732038038",
        "userOrders": null,
        "isSold": false,
        "id": 13701
    },
    {
        "firstName": "MICHAEL",
        "lastName": "HANSON",
        "phone": "7758433886",
        "address": "6763 N DREXEL DR",
        "city": "SPANISH SPGS",
        "state": "SPGS",
        "zip": "89436",
        "email": "DRTDEDZ68@YAHOO.COM",
        "dateOfBirth": "1968-02-19T12:00:00",
        "ssn": "238337070",
        "userOrders": null,
        "isSold": true,
        "id": 13796
    },
    {
        "firstName": "CASANDRA",
        "lastName": "TOWNSEND",
        "phone": "3619929995",
        "address": "7418 CANIS DR",
        "city": "CORPUS CHRISTI",
        "state": "CHRISTI",
        "zip": "78412",
        "email": "C_TOWNSEND68@YAHOO.COM",
        "dateOfBirth": "1968-08-06T12:00:00",
        "ssn": "465231039",
        "userOrders": null,
        "isSold": false,
        "id": 13961
    },
    {
        "firstName": "CHANTA",
        "lastName": "QUILLEN",
        "phone": "3176995222",
        "address": "702 W MCKAY RD",
        "city": "SHELBYVILLE",
        "state": "IN",
        "zip": "46176",
        "email": "CDQUILLEN@SBCGLOBAL.NET",
        "dateOfBirth": "1968-02-09T12:00:00",
        "ssn": "311727567",
        "userOrders": null,
        "isSold": false,
        "id": 13967
    },
    {
        "firstName": "MICHAEL",
        "lastName": "CRIDER",
        "phone": "8126977832",
        "address": "6405 WHISPERING OAKS DR",
        "city": "JEFFERSONVILLE",
        "state": "IN",
        "zip": "47111",
        "email": "MSCRIDER316@ATT.NET",
        "dateOfBirth": "1968-09-16T12:00:00",
        "ssn": "317769124",
        "userOrders": null,
        "isSold": false,
        "id": 14117
    },
    {
        "firstName": "SHANNON",
        "lastName": "KLECKNER",
        "phone": "9256056820",
        "address": "207 EDYTHE ST",
        "city": "LVRMR",
        "state": "CA",
        "zip": "94550",
        "email": "SHANPERK@ATT.NET",
        "dateOfBirth": "1968-10-28T12:00:00",
        "ssn": "560295739",
        "userOrders": null,
        "isSold": false,
        "id": 14134
    },
    {
        "firstName": "STEPHEN",
        "lastName": "PROVENCIO",
        "phone": "5124686684",
        "address": "15529 INTERLACHEN DR",
        "city": "AUSTIN",
        "state": "TX",
        "zip": "78717",
        "email": "STEPHENPROVENCIO@YAHOO.COM",
        "dateOfBirth": "1968-12-05T12:00:00",
        "ssn": "449494252",
        "userOrders": null,
        "isSold": false,
        "id": 14153
    },
    {
        "firstName": "JOHN",
        "lastName": "DENARI",
        "phone": "3179654447",
        "address": "13486 HUMBOLT LN",
        "city": "CARMEL",
        "state": "IN",
        "zip": "46032",
        "email": "JOMIDE@YAHOO.COM",
        "dateOfBirth": "1968-10-23T12:00:00",
        "ssn": "296645707",
        "userOrders": null,
        "isSold": false,
        "id": 14165
    },
    {
        "firstName": "ANNE",
        "lastName": "HOLLINGER",
        "phone": "1111110001",
        "address": "9134323660",
        "city": "MISSION KS 66202-3443",
        "state": "REEDS",
        "zip": "MISSION",
        "email": "66202",
        "dateOfBirth": "1968-01-01T12:00:00",
        "ssn": "498624487",
        "userOrders": null,
        "isSold": false,
        "id": 14170
    },
    {
        "firstName": "CORELLA",
        "lastName": "ALLEN",
        "phone": "6625608093",
        "address": "3319 COMPRESS RD",
        "city": "COMO",
        "state": "MS",
        "zip": "38619",
        "email": "C.RETTAALLEN@GMAIL.COM",
        "dateOfBirth": "1968-04-08T12:00:00",
        "ssn": "427371520",
        "userOrders": null,
        "isSold": false,
        "id": 14189
    },
    {
        "firstName": "RAJAA",
        "lastName": "DABABO",
        "phone": "6505217384",
        "address": "507 BROUGHTON LN",
        "city": "FOSTER CTY",
        "state": "CITY",
        "zip": "94404",
        "email": "RAJAAZAROUR@YAHOO.COM",
        "dateOfBirth": "1968-06-16T12:00:00",
        "ssn": "606728326",
        "userOrders": null,
        "isSold": false,
        "id": 14254
    },
    {
        "firstName": "CHERYL",
        "lastName": "ALLEN",
        "phone": "5028020000",
        "address": "10526 EDGEWATER RD",
        "city": "LOUISVILLE",
        "state": "KY",
        "zip": "40223",
        "email": "CALLEN10526@GMAII.COM",
        "dateOfBirth": "1968-01-23T12:00:00",
        "ssn": "406278096",
        "userOrders": null,
        "isSold": false,
        "id": 14261
    },
    {
        "firstName": "JAYNE",
        "lastName": "SILVER",
        "phone": "1111110001",
        "address": "11826 SW 15TH TER",
        "city": "OKLAHOMA CITY",
        "state": "OK",
        "zip": "73099",
        "email": "JAMS715@YAHOO.COM",
        "dateOfBirth": "1968-01-10T12:00:00",
        "ssn": "441665150",
        "userOrders": null,
        "isSold": false,
        "id": 14304
    },
    {
        "firstName": "BONNIE",
        "lastName": "WALLACE",
        "phone": "6786240819",
        "address": "13934 SUNFISH BND",
        "city": "MILTON",
        "state": "GA",
        "zip": "30004",
        "email": "BONNIE_WALLACE@BELLSOUTH.NET",
        "dateOfBirth": "1968-11-13T12:00:00",
        "ssn": "589289033",
        "userOrders": null,
        "isSold": false,
        "id": 14316
    }
]