[
    {
        "firstName": "DAWN",
        "lastName": "SCHNEIDER",
        "phone": "9858926615",
        "address": "70368 G ST",
        "city": "COVINGTON",
        "state": "LA",
        "zip": "70433",
        "email": "RP5@BELLSOUTH.NET",
        "dateOfBirth": "1968-06-08T12:00:00",
        "ssn": "439495396",
        "userOrders": null,
        "isSold": false,
        "id": 60074
    },
    {
        "firstName": "ZEFERINO",
        "lastName": "ARTEAGA",
        "phone": "8172464360",
        "address": "718 SOUTH AVE",
        "city": "TLK",
        "state": "CA",
        "zip": "95380",
        "email": "ZEF209@ATT.NET",
        "dateOfBirth": "1968-03-01T12:00:00",
        "ssn": "612016945",
        "userOrders": null,
        "isSold": false,
        "id": 60091
    },
    {
        "firstName": "SUSAN",
        "lastName": "MALONEY",
        "phone": "4156996615",
        "address": "1495 48TH AVE APT 2",
        "city": "SF",
        "state": "FRANCISCO",
        "zip": "94122",
        "email": "SRGMALONEY@SBCGLOBAL.NET",
        "dateOfBirth": "1968-03-10T12:00:00",
        "ssn": "216601233",
        "userOrders": null,
        "isSold": true,
        "id": 60172
    },
    {
        "firstName": "B",
        "lastName": "VRAZEL",
        "phone": "9792924511",
        "address": "60 WILLOW CT",
        "city": "LAKE JACKSON",
        "state": "JACKSON",
        "zip": "77566",
        "email": "BEV.VRAZEL@SBCGLOBAL.NET",
        "dateOfBirth": "1968-03-03T12:00:00",
        "ssn": "453675519",
        "userOrders": null,
        "isSold": false,
        "id": 60180
    },
    {
        "firstName": "MARTHA",
        "lastName": "ORTIZ",
        "phone": "2165027402",
        "address": "6260 PEARL RD APT 127",
        "city": "CLEVELAND",
        "state": "OH",
        "zip": "44144",
        "email": "M.PATRICIA1109@GMAIL.COM",
        "dateOfBirth": "1968-03-09T12:00:00",
        "ssn": "152704754",
        "userOrders": null,
        "isSold": false,
        "id": 60190
    },
    {
        "firstName": "KIMSANN",
        "lastName": "NGO",
        "phone": "9044972346",
        "address": "4919 TIGER LILY LN",
        "city": "JKVL",
        "state": "FL",
        "zip": "32257",
        "email": "KIMSANNNGO@ATT.NET",
        "dateOfBirth": "1968-02-08T12:00:00",
        "ssn": "577042280",
        "userOrders": null,
        "isSold": false,
        "id": 60197
    },
    {
        "firstName": "JOHN",
        "lastName": "CRYAN",
        "phone": "4082060457",
        "address": "1602 RONALD CT",
        "city": "SJ",
        "state": "JOSE",
        "zip": "95118",
        "email": "JOHNC@CSRTEAM.COM",
        "dateOfBirth": "1968-05-16T12:00:00",
        "ssn": "569796215",
        "userOrders": null,
        "isSold": true,
        "id": 60209
    },
    {
        "firstName": "STACEY",
        "lastName": "GRIGGS",
        "phone": "9162817265",
        "address": "1325 KINGSFORD DR",
        "city": "CRMCL",
        "state": "CA",
        "zip": "95608",
        "email": "CGRIGGS@BUCKEYEPAC.COM",
        "dateOfBirth": "1968-12-12T12:00:00",
        "ssn": "562495876",
        "userOrders": null,
        "isSold": false,
        "id": 60247
    },
    {
        "firstName": "JANETTE",
        "lastName": "GUEVARA",
        "phone": "7077030074",
        "address": "932 SANTA ALICIA DR",
        "city": "RHNRT PK",
        "state": "PARK",
        "zip": "94928",
        "email": "JANETTE1889@ATT.NET",
        "dateOfBirth": "1968-10-31T12:00:00",
        "ssn": "621960061",
        "userOrders": null,
        "isSold": false,
        "id": 60279
    },
    {
        "firstName": "TYRONE",
        "lastName": "HAGAN",
        "phone": "5042057272",
        "address": "3246 REINE AVE",
        "city": "SLIDELL",
        "state": "LA",
        "zip": "70458",
        "email": "TYRONE1HAGAN68@GMAIL.COM",
        "dateOfBirth": "1968-10-24T12:00:00",
        "ssn": "434556491",
        "userOrders": null,
        "isSold": false,
        "id": 60521
    },
    {
        "firstName": "ORIE",
        "lastName": "LINDSEY",
        "phone": "5019126446",
        "address": "120 SYCAMORE ST",
        "city": "GARLAND COUNTY",
        "state": "SPRINGS",
        "zip": "71913",
        "email": "ORIE.LINDSEY247@YAHOO.COM",
        "dateOfBirth": "1968-11-20T12:00:00",
        "ssn": "432275707",
        "userOrders": null,
        "isSold": false,
        "id": 60609
    },
    {
        "firstName": "MAXINE",
        "lastName": "RUSSELL",
        "phone": "3175950256",
        "address": "8732 MALAGA DR APT 2C",
        "city": "INDIANAPOLIS",
        "state": "IN",
        "zip": "46250",
        "email": "MAXINE51@PRODIGY.NET",
        "dateOfBirth": "1968-08-24T12:00:00",
        "ssn": "306800524",
        "userOrders": null,
        "isSold": false,
        "id": 60754
    },
    {
        "firstName": "ANNJEANETTE",
        "lastName": "HUBBARD",
        "phone": "6608339703",
        "address": "212 N 5TH ST STE 103",
        "city": "MOBERLY",
        "state": "MO",
        "zip": "65270",
        "email": "A.SPILMAN@SBCGLOBAL.NET",
        "dateOfBirth": "1968-02-24T12:00:00",
        "ssn": "498764073",
        "userOrders": null,
        "isSold": false,
        "id": 60755
    },
    {
        "firstName": "DAVID",
        "lastName": "OHME",
        "phone": "6143079583",
        "address": "1145 BUCYRUS RD",
        "city": "DUBLIN",
        "state": "OH",
        "zip": "43016",
        "email": "JAKOBARSKY@GMAIL.COM",
        "dateOfBirth": "1968-12-31T12:00:00",
        "ssn": "397906316",
        "userOrders": null,
        "isSold": false,
        "id": 60772
    },
    {
        "firstName": "JULIE",
        "lastName": "RINER",
        "phone": "9724370577",
        "address": "APT 2406",
        "city": "RICHARDSON",
        "state": "PARKSIDE",
        "zip": "75082",
        "email": "JULIE_RINER@UFPC.COM",
        "dateOfBirth": "1968-09-23T12:00:00",
        "ssn": "513886993",
        "userOrders": null,
        "isSold": false,
        "id": 60799
    }
]