[
    {
        "firstName": "MARK",
        "lastName": "HANSEN",
        "phone": "7203295028",
        "address": "2586 BROWNING DR",
        "city": "CASTLE ROCK",
        "state": "ROCK",
        "zip": "80109",
        "email": "HRSPWRRANCH@YAHOO.COM",
        "dateOfBirth": "1968-08-02T12:00:00",
        "ssn": "511785423",
        "userOrders": null,
        "isSold": true,
        "id": 75795
    },
    {
        "firstName": "MIGUEL",
        "lastName": "MADRID",
        "phone": "9513581243",
        "address": "5837 GLENHURST ST",
        "city": "RIV",
        "state": "CA",
        "zip": "92505",
        "email": "MIGUELMADRID41@GMAIL.COM",
        "dateOfBirth": "1968-01-23T12:00:00",
        "ssn": "570495467",
        "userOrders": null,
        "isSold": false,
        "id": 75852
    },
    {
        "firstName": "CINDY",
        "lastName": "BINION",
        "phone": "6146789217",
        "address": "3452 WALKER RD",
        "city": "BROWN TWP",
        "state": "OH",
        "zip": "43026",
        "email": "CINENYBIN@MSN.COM",
        "dateOfBirth": "1968-09-20T12:00:00",
        "ssn": "293726350",
        "userOrders": null,
        "isSold": false,
        "id": 75853
    },
    {
        "firstName": "BRIAN",
        "lastName": "WILLARD",
        "phone": "3863160675",
        "address": "131 SPOONBILL DR",
        "city": "PLM CST",
        "state": "COAST",
        "zip": "32164",
        "email": "MICHEWILLARD@YAHOO.COM",
        "dateOfBirth": "1968-09-16T12:00:00",
        "ssn": "264755197",
        "userOrders": null,
        "isSold": false,
        "id": 76129
    },
    {
        "firstName": "THOMAS",
        "lastName": "C",
        "phone": "9402979890",
        "address": "400 PHILLIP ST",
        "city": "WAXAHACHIE",
        "state": "TX",
        "zip": "75165",
        "email": "THOMAS_HERALD@ATT.NET",
        "dateOfBirth": "1968-09-03T12:00:00",
        "ssn": "459717668",
        "userOrders": null,
        "isSold": false,
        "id": 76160
    },
    {
        "firstName": "RANDY",
        "lastName": "SHEETS",
        "phone": "1111110002",
        "address": "499 E COX RD",
        "city": "MT PLEASANT",
        "state": "MS",
        "zip": "38611",
        "email": "RSHEETS1964@GMAIL.COM",
        "dateOfBirth": "1968-04-19T12:00:00",
        "ssn": "300809891",
        "userOrders": null,
        "isSold": false,
        "id": 76186
    },
    {
        "firstName": "ERIK",
        "lastName": "NIELSEN",
        "phone": "7138111111",
        "address": "15827 FOX SPRINGS DR",
        "city": "HOUSTON",
        "state": "TX",
        "zip": "77084",
        "email": "ELNIELSEN@SBCGLOBAL.NET",
        "dateOfBirth": "1968-02-14T12:00:00",
        "ssn": "107540564",
        "userOrders": null,
        "isSold": false,
        "id": 76260
    },
    {
        "firstName": "VITALY",
        "lastName": "SPEKTOR",
        "phone": "6787784412",
        "address": "29 KENMARE HALL NE",
        "city": "ATL",
        "state": "GA",
        "zip": "30324",
        "email": "VITALY@SPEKTOR.US",
        "dateOfBirth": "1968-01-07T12:00:00",
        "ssn": "622328371",
        "userOrders": null,
        "isSold": false,
        "id": 76395
    },
    {
        "firstName": "BRIAN",
        "lastName": "SHEEHAN",
        "phone": "2606022660",
        "address": "15430 COOPER ST",
        "city": "TAYLOR",
        "state": "MI",
        "zip": "48180",
        "email": "IUFAN92@YAHOO.COM",
        "dateOfBirth": "1968-07-10T12:00:00",
        "ssn": "311887566",
        "userOrders": null,
        "isSold": false,
        "id": 76405
    },
    {
        "firstName": "WINIFRED",
        "lastName": "LEAGARD",
        "phone": "2257725338",
        "address": "2728 WINBOURNE AVE",
        "city": "BATON ROUGE",
        "state": "ROUGE",
        "zip": "70805",
        "email": "LEAGARD2000@YAHOO.COM",
        "dateOfBirth": "1968-12-27T12:00:00",
        "ssn": "438212388",
        "userOrders": null,
        "isSold": true,
        "id": 76451
    },
    {
        "firstName": "ANTONELA",
        "lastName": "TAPIA",
        "phone": "7145530823",
        "address": "1636 W HOUSTON AVE",
        "city": "FUL",
        "state": "CA",
        "zip": "92833",
        "email": "LILOTAPIA000@GMAIL.COM",
        "dateOfBirth": "1968-11-24T12:00:00",
        "ssn": "619846554",
        "userOrders": null,
        "isSold": false,
        "id": 76569
    },
    {
        "firstName": "LUKE",
        "lastName": "RUFFINA",
        "phone": "5042746657",
        "address": "APT A",
        "city": "METAIRIE",
        "state": "VETERANS",
        "zip": "70005",
        "email": "MYSHORTS7981@YAHOO.COM",
        "dateOfBirth": "1968-09-16T12:00:00",
        "ssn": "436551331",
        "userOrders": null,
        "isSold": false,
        "id": 76722
    },
    {
        "firstName": "ANNIE",
        "lastName": "MCCONNELL",
        "phone": "8036274936",
        "address": "433 MERRYGO DR",
        "city": "YORK",
        "state": "SC",
        "zip": "29745",
        "email": "ANNIEM1395@GMAIL.COM",
        "dateOfBirth": "1968-06-08T12:00:00",
        "ssn": "250213306",
        "userOrders": null,
        "isSold": true,
        "id": 77171
    },
    {
        "firstName": "LOWELL",
        "lastName": "SIMMONS",
        "phone": "7073158514",
        "address": "186 VIEWMONT AVE",
        "city": "VJO",
        "state": "CA",
        "zip": "94590",
        "email": "THESIMMONS5@SBCGLOBAL.NET",
        "dateOfBirth": "1968-11-04T12:00:00",
        "ssn": "562338974",
        "userOrders": null,
        "isSold": false,
        "id": 77202
    },
    {
        "firstName": "LISA",
        "lastName": "BOEAULIU",
        "phone": "8189283261",
        "address": "21021 VENTURA BLVD STE 340",
        "city": "CALB",
        "state": "HLS",
        "zip": "91302",
        "email": "CARA@818MGMT.COM",
        "dateOfBirth": "1968-02-01T12:00:00",
        "ssn": "413927676",
        "userOrders": null,
        "isSold": true,
        "id": 77355
    }
]