[
    {
        "firstName": "JAMES",
        "lastName": "MATTHEWS",
        "phone": "5612313467",
        "address": "306 N LAKESIDE CT APT B6",
        "city": "W*P*B",
        "state": "PALM",
        "zip": "33407",
        "email": "WILECH8@GMAIL.COM",
        "dateOfBirth": "1968-01-09T12:00:00",
        "ssn": "593642798",
        "userOrders": null,
        "isSold": false,
        "id": 78550
    },
    {
        "firstName": "VALERIE",
        "lastName": "CHEVALIER",
        "phone": "6154796296",
        "address": "345 ODOMS BEND RD",
        "city": "GALLATIN",
        "state": "TN",
        "zip": "37066",
        "email": "4CHEVY@COMCAST.NET",
        "dateOfBirth": "1968-09-08T12:00:00",
        "ssn": "262377985",
        "userOrders": null,
        "isSold": false,
        "id": 78555
    },
    {
        "firstName": "GAYLE",
        "lastName": "MILLER",
        "phone": "8188879803",
        "address": "20950 OXNARD ST APT 63",
        "city": "W HLS",
        "state": "HLS",
        "zip": "91367",
        "email": "GTM068@AOL.COM",
        "dateOfBirth": "1968-01-30T12:00:00",
        "ssn": "571794431",
        "userOrders": null,
        "isSold": true,
        "id": 78573
    },
    {
        "firstName": "MICHAEL",
        "lastName": "PHILLIPS",
        "phone": "3147261793",
        "address": "8665 KINGSBRIDGE DR APT C",
        "city": "UNIVERSITY CITY",
        "state": "LOUIS",
        "zip": "63132",
        "email": "MKPPH22@GMAIL.COM",
        "dateOfBirth": "1968-09-17T12:00:00",
        "ssn": "494786881",
        "userOrders": null,
        "isSold": false,
        "id": 78638
    },
    {
        "firstName": "LETHA",
        "lastName": "HAMPTON.",
        "phone": "9852159348",
        "address": "315 AVENUE G",
        "city": "KENTWOOD",
        "state": "LA",
        "zip": "70444",
        "email": "LETHA5239@ATT.NET",
        "dateOfBirth": "1968-02-25T12:00:00",
        "ssn": "439531717",
        "userOrders": null,
        "isSold": false,
        "id": 78667
    },
    {
        "firstName": "MS.",
        "lastName": "SHAWN",
        "phone": "7083361343",
        "address": "1214 BAYTHORNE DR",
        "city": "FLOSMR",
        "state": "IL",
        "zip": "60422",
        "email": "SHAWNLGOVAN@SBCGLOBAL.NET",
        "dateOfBirth": "1968-12-12T12:00:00",
        "ssn": "338705009",
        "userOrders": null,
        "isSold": false,
        "id": 78682
    },
    {
        "firstName": "D",
        "lastName": "MICHELLE",
        "phone": "7316765937",
        "address": "140 ANDREA DR",
        "city": "DYERSBURG",
        "state": "TN",
        "zip": "38024",
        "email": "GREGARMSTRONG8@HOTMAIL.COM",
        "dateOfBirth": "1968-09-14T12:00:00",
        "ssn": "409556430",
        "userOrders": null,
        "isSold": false,
        "id": 78705
    },
    {
        "firstName": "MICHELLE",
        "lastName": "JANKOWSKI",
        "phone": "8158616007",
        "address": "3610 CLEARY AVE",
        "city": "JOLIET",
        "state": "IL",
        "zip": "60431",
        "email": "BELLACUCINACATERING@YAHOO.COM",
        "dateOfBirth": "1968-01-06T12:00:00",
        "ssn": "321703755",
        "userOrders": null,
        "isSold": false,
        "id": 78720
    },
    {
        "firstName": "RAMON",
        "lastName": "FIGUEROA",
        "phone": "8059757995",
        "address": "556 FERRO LN",
        "city": "PR",
        "state": "ROBLES",
        "zip": "93446",
        "email": "ANGELES77MORALES@GMAIL.COM",
        "dateOfBirth": "1968-06-17T12:00:00",
        "ssn": "623127695",
        "userOrders": null,
        "isSold": false,
        "id": 78741
    },
    {
        "firstName": "ROBERT",
        "lastName": "MEDRANO",
        "phone": "9164928948",
        "address": "APT 217",
        "city": "SAC",
        "state": "17TH",
        "zip": "95811",
        "email": "MEDRANO.ROBERIT.@HOTMAIL.COM",
        "dateOfBirth": "1968-04-19T12:00:00",
        "ssn": "562158857",
        "userOrders": null,
        "isSold": false,
        "id": 78758
    },
    {
        "firstName": "TODD",
        "lastName": "SIMON",
        "phone": "9729559774",
        "address": "1908 PARK PLACE BLVD APT 814",
        "city": "BEDFORD",
        "state": "TX",
        "zip": "76021",
        "email": "GATORFAN22368@HOTMAIL.COM",
        "dateOfBirth": "1968-02-23T12:00:00",
        "ssn": "466731562",
        "userOrders": null,
        "isSold": false,
        "id": 78824
    },
    {
        "firstName": "STACY",
        "lastName": "SAVAGE",
        "phone": "9043290699",
        "address": "1148 HAMMOND BLVD",
        "city": "JKVL",
        "state": "FL",
        "zip": "32221",
        "email": "STACYSS47.SS@GMAIL.COM",
        "dateOfBirth": "1968-10-14T12:00:00",
        "ssn": "259138305",
        "userOrders": null,
        "isSold": false,
        "id": 78903
    },
    {
        "firstName": "CLARISSA",
        "lastName": "CULLISON",
        "phone": "5126949268",
        "address": "11 TOURNEY LN",
        "city": "AUSTIN",
        "state": "HILLS",
        "zip": "78738",
        "email": "CLARISSACULLISON@GMAIL.COM",
        "dateOfBirth": "1968-11-21T12:00:00",
        "ssn": "456352009",
        "userOrders": null,
        "isSold": false,
        "id": 78914
    },
    {
        "firstName": "JULIE",
        "lastName": "GILPIN-LINGAFELT",
        "phone": "7192320012",
        "address": "1206 BRADLEY DANIEL BLVD",
        "city": "SUMV",
        "state": "SC",
        "zip": "29483",
        "email": "JGPYSY68@YAHOO.COM",
        "dateOfBirth": "1968-04-02T12:00:00",
        "ssn": "522291597",
        "userOrders": null,
        "isSold": true,
        "id": 78921
    },
    {
        "firstName": "BHUPNDER",
        "lastName": "KAUR",
        "phone": "5105863636",
        "address": "2113 HARTNELL ST APT 4",
        "city": "UC",
        "state": "CITY",
        "zip": "94587",
        "email": "KAURKIRAN92@YAHOO.COM",
        "dateOfBirth": "1968-04-15T12:00:00",
        "ssn": "611475078",
        "userOrders": null,
        "isSold": false,
        "id": 78936
    }
]