[
    {
        "firstName": "URSULA",
        "lastName": "CLIDIERE",
        "phone": "1111110001",
        "address": "3845 N VERSAILLES AVE",
        "city": "DALLAS",
        "state": "TX",
        "zip": "75209",
        "email": "CLIDIERE@FASTMAIL.FM",
        "dateOfBirth": "1968-03-22T12:00:00",
        "ssn": "523998217",
        "userOrders": null,
        "isSold": false,
        "id": 91460
    },
    {
        "firstName": "EDUARDO",
        "lastName": "HERNANDEZ",
        "phone": "8329749010",
        "address": "306 N ROGERS ST",
        "city": "HOUSTON",
        "state": "AR",
        "zip": "77060",
        "email": "CESI.031411@ATT.NET",
        "dateOfBirth": "1968-05-11T12:00:00",
        "ssn": "609100196",
        "userOrders": null,
        "isSold": false,
        "id": 91489
    },
    {
        "firstName": "RAUL",
        "lastName": "ALVARADO",
        "phone": "5598020904",
        "address": "1158 TUSCANY DR",
        "city": "DBA",
        "state": "CA",
        "zip": "93618",
        "email": "ALVA3516@GMAIL.COM",
        "dateOfBirth": "1968-10-10T12:00:00",
        "ssn": "564177265",
        "userOrders": null,
        "isSold": false,
        "id": 91510
    },
    {
        "firstName": "ALLEN",
        "lastName": "GILSON",
        "phone": "8155756531",
        "address": "149 REGAL DR",
        "city": "CRYSTL LK",
        "state": "LAKE",
        "zip": "60014",
        "email": "AGILSON@GWBERKHEIMER.COM",
        "dateOfBirth": "1968-01-11T12:00:00",
        "ssn": "308902626",
        "userOrders": null,
        "isSold": false,
        "id": 91520
    },
    {
        "firstName": "JIEZHI",
        "lastName": "YAN",
        "phone": "6505043995",
        "address": "935 OLD COUNTY RD UNIT 3",
        "city": "BLMNT",
        "state": "CA",
        "zip": "94002",
        "email": "WAYNE_WHUANG@HOTMAIL.COM",
        "dateOfBirth": "1968-01-01T12:00:00",
        "ssn": "614676998",
        "userOrders": null,
        "isSold": false,
        "id": 91524
    },
    {
        "firstName": "KRISTI",
        "lastName": "CIES",
        "phone": "2142153953",
        "address": "5014 W HANOVER AVE",
        "city": "DALLAS",
        "state": "TX",
        "zip": "75209",
        "email": "KACIES@SBCGLOBAL.NET",
        "dateOfBirth": "1968-01-18T12:00:00",
        "ssn": "441785615",
        "userOrders": null,
        "isSold": false,
        "id": 91579
    },
    {
        "firstName": "CATHY",
        "lastName": "NIGRA",
        "phone": "4074214351",
        "address": "1503 CHATSWORTH AVE",
        "city": "PALM BAY",
        "state": "FL",
        "zip": "32907",
        "email": "CATHYNIGRA@YAHOO.COM",
        "dateOfBirth": "1968-03-08T12:00:00",
        "ssn": "107708900",
        "userOrders": null,
        "isSold": false,
        "id": 91630
    },
    {
        "firstName": "TAMMY",
        "lastName": "LARSON",
        "phone": "5673150380",
        "address": "531 WILLIAMSDALE DR APT 2",
        "city": "TOLEDO",
        "state": "OH",
        "zip": "43609",
        "email": "TAMMYLARSON4@GMAIL.COM",
        "dateOfBirth": "1968-09-02T12:00:00",
        "ssn": "277729613",
        "userOrders": null,
        "isSold": false,
        "id": 91663
    },
    {
        "firstName": "CHRISTINA",
        "lastName": "NIELSEN",
        "phone": "8186531306",
        "address": "APT 537",
        "city": "DALLAS",
        "state": "HORIZON",
        "zip": "75287",
        "email": "CRNIELSEN@GMAIL.COM",
        "dateOfBirth": "1968-11-15T12:00:00",
        "ssn": "467758322",
        "userOrders": null,
        "isSold": false,
        "id": 91701
    },
    {
        "firstName": "DEBRA",
        "lastName": "TROFY",
        "phone": "6193889972",
        "address": "1637 COUNTY ROAD 214",
        "city": "SANTEE",
        "state": "CO",
        "zip": "92071",
        "email": "TROFY5@AOL.COM",
        "dateOfBirth": "1968-08-10T12:00:00",
        "ssn": "562493818",
        "userOrders": null,
        "isSold": true,
        "id": 91757
    },
    {
        "firstName": "DANIEL",
        "lastName": "REIB",
        "phone": "2068495473",
        "address": "204 BEAR DR",
        "city": "G*B",
        "state": "BREEZE",
        "zip": "32561",
        "email": "DANREIB@HOTMAIL.COM",
        "dateOfBirth": "1968-08-20T12:00:00",
        "ssn": "217963681",
        "userOrders": null,
        "isSold": false,
        "id": 91788
    },
    {
        "firstName": "CYNTHIA",
        "lastName": "CLARK",
        "phone": "4045927927",
        "address": "1237 KIPLING ST SE",
        "city": "ATL",
        "state": "GA",
        "zip": "30315",
        "email": "33CYNTHIACLARK@GMAIL.COM",
        "dateOfBirth": "1968-03-30T12:00:00",
        "ssn": "260231264",
        "userOrders": null,
        "isSold": false,
        "id": 91803
    },
    {
        "firstName": "JANE",
        "lastName": "WAITHAKA",
        "phone": "4694380973",
        "address": "309 S JUPITER RD",
        "city": "ALLEN",
        "state": "TX",
        "zip": "75002",
        "email": "JANEWAIT08@YAHOO.COM",
        "dateOfBirth": "1968-10-18T12:00:00",
        "ssn": "635489633",
        "userOrders": null,
        "isSold": false,
        "id": 91840
    },
    {
        "firstName": "MELISSA",
        "lastName": "POSEY",
        "phone": "4239201378",
        "address": "1720 HOGAN ST",
        "city": "ATHENS",
        "state": "TN",
        "zip": "37303",
        "email": "AKAPRN9509@ATT.NET",
        "dateOfBirth": "1968-11-19T12:00:00",
        "ssn": "407256905",
        "userOrders": null,
        "isSold": false,
        "id": 91881
    },
    {
        "firstName": "MERRIANNA",
        "lastName": "RAMIREZ",
        "phone": "2103253415",
        "address": "1613 N ALAMO ST",
        "city": "SAN ANTONIO",
        "state": "ANTONIO",
        "zip": "78209",
        "email": "MERRIANNARAMIREZ@GMAIL.COM",
        "dateOfBirth": "1968-02-21T12:00:00",
        "ssn": "572131909",
        "userOrders": null,
        "isSold": false,
        "id": 91922
    }
]