[
    {
        "firstName": "JOHN",
        "lastName": "POWELL",
        "phone": "1111110002",
        "address": "731 W DANIELDALE RD",
        "city": "DALLAS",
        "state": "TX",
        "zip": "75232",
        "email": "JOHNP643@GMAIL.COM",
        "dateOfBirth": "1968-03-01T12:00:00",
        "ssn": "434230499",
        "userOrders": null,
        "isSold": false,
        "id": 91962
    },
    {
        "firstName": "JORGE",
        "lastName": "LEYVA",
        "phone": "7148831904",
        "address": "APT E115",
        "city": "LA PLMA",
        "state": "VALLEY",
        "zip": "90623",
        "email": "JORGE.LEYVA@ATT.NET",
        "dateOfBirth": "1968-08-20T12:00:00",
        "ssn": "611180865",
        "userOrders": null,
        "isSold": false,
        "id": 92003
    },
    {
        "firstName": "TOMMY",
        "lastName": "BRANCH",
        "phone": "3184030300",
        "address": "704 MOUND ST",
        "city": "JONESVILLE",
        "state": "LA",
        "zip": "71343",
        "email": "BRANCHT3232@YAHOO.COM",
        "dateOfBirth": "1968-06-26T12:00:00",
        "ssn": "434478482",
        "userOrders": null,
        "isSold": false,
        "id": 92036
    },
    {
        "firstName": "VERNA",
        "lastName": "HARRIS",
        "phone": "1111110003",
        "address": "3124 BRAGG ST",
        "city": "BOSSIER CITY",
        "state": "CITY",
        "zip": "71111",
        "email": "VHARRIS3@HOTMAIL.COM",
        "dateOfBirth": "1968-03-10T12:00:00",
        "ssn": "425238417",
        "userOrders": null,
        "isSold": false,
        "id": 92107
    },
    {
        "firstName": "KIMBERLY",
        "lastName": "CLINE",
        "phone": "7343073101",
        "address": "2425 4TH ST",
        "city": "TRENTON",
        "state": "MI",
        "zip": "48183",
        "email": "KCLINE68@COMCAST.NET",
        "dateOfBirth": "1968-08-26T12:00:00",
        "ssn": "380865936",
        "userOrders": null,
        "isSold": false,
        "id": 92120
    },
    {
        "firstName": "RUBY",
        "lastName": "N",
        "phone": "8034131977",
        "address": "APT A",
        "city": "COLA",
        "state": "FARRINGTON",
        "zip": "29210",
        "email": "RUBY-JEFFERSON@ATT.NET",
        "dateOfBirth": "1968-01-18T12:00:00",
        "ssn": "152784815",
        "userOrders": null,
        "isSold": false,
        "id": 92247
    },
    {
        "firstName": "RONDA",
        "lastName": "WELLS",
        "phone": "9703710219",
        "address": "3055 49TH AVE",
        "city": "GREELEY",
        "state": "CO",
        "zip": "80634",
        "email": "RWELLS@HENSELPHELPS.COM",
        "dateOfBirth": "1968-04-13T12:00:00",
        "ssn": "521390719",
        "userOrders": null,
        "isSold": true,
        "id": 92343
    },
    {
        "firstName": "LORETTA",
        "lastName": "TRULL",
        "phone": "2624974384",
        "address": "1204 58TH ST",
        "city": "KENOSHA",
        "state": "WI",
        "zip": "53140",
        "email": "LORETTATRULL@GMAIL.COM",
        "dateOfBirth": "1968-05-04T12:00:00",
        "ssn": "353626066",
        "userOrders": null,
        "isSold": false,
        "id": 92455
    },
    {
        "firstName": "JEFFREY",
        "lastName": "HILL",
        "phone": "3173593016",
        "address": "6509 WHITETHORN CT APT 2A",
        "city": "INDIANAPOLIS",
        "state": "IN",
        "zip": "46239",
        "email": "HILLJEFFREY@ATT.NET",
        "dateOfBirth": "1968-08-27T12:00:00",
        "ssn": "308903284",
        "userOrders": null,
        "isSold": false,
        "id": 92491
    },
    {
        "firstName": "HUMBERTO",
        "lastName": "MELGOZA",
        "phone": "7085223665",
        "address": "1916 S 56TH CT",
        "city": "CICERO",
        "state": "IL",
        "zip": "60804",
        "email": "MELGOZA.MIRNA@GMAIL.COM",
        "dateOfBirth": "1968-01-08T12:00:00",
        "ssn": "338700140",
        "userOrders": null,
        "isSold": false,
        "id": 92521
    },
    {
        "firstName": "KRISTI",
        "lastName": "RITTER-PEACOCK",
        "phone": "8435682889",
        "address": "1357 OSMOND RD",
        "city": "MT PL",
        "state": "PLEASANT",
        "zip": "29466",
        "email": "KRITTER.PEACOCK@GMAIL.COM",
        "dateOfBirth": "1968-05-16T12:00:00",
        "ssn": "268587850",
        "userOrders": null,
        "isSold": false,
        "id": 92537
    },
    {
        "firstName": "LOI",
        "lastName": "T",
        "phone": "5103328364",
        "address": "1231 95TH AVE",
        "city": "OAK",
        "state": "CA",
        "zip": "94603",
        "email": "LOI5117@ATT.NET",
        "dateOfBirth": "1968-03-09T12:00:00",
        "ssn": "732051824",
        "userOrders": null,
        "isSold": false,
        "id": 92538
    },
    {
        "firstName": "JAMES",
        "lastName": "ROBINSON",
        "phone": "7043454765",
        "address": "10913 MAGENTA LN",
        "city": "CHAR",
        "state": "NC",
        "zip": "28262",
        "email": "CANCER151968@GMAIL.COM",
        "dateOfBirth": "1968-07-15T12:00:00",
        "ssn": "242715061",
        "userOrders": null,
        "isSold": false,
        "id": 92587
    },
    {
        "firstName": "TIM",
        "lastName": "CAMPBELL",
        "phone": "5595305344",
        "address": "2518 21ST AVE",
        "city": "KGSBG",
        "state": "CA",
        "zip": "93631",
        "email": "TIME4TIM@SBCGLOBAL.NET",
        "dateOfBirth": "1968-02-08T12:00:00",
        "ssn": "571792456",
        "userOrders": null,
        "isSold": false,
        "id": 92616
    },
    {
        "firstName": "FRANK",
        "lastName": "HERNANDEZ",
        "phone": "3238932024",
        "address": "1733 E 60TH ST",
        "city": "LA",
        "state": "ANGELES",
        "zip": "90001",
        "email": "FRANKHERNANDEZ4452@ME.COM",
        "dateOfBirth": "1968-11-03T12:00:00",
        "ssn": "556655596",
        "userOrders": null,
        "isSold": false,
        "id": 92714
    }
]