[
    {
        "firstName": "REY",
        "lastName": "AGUINALDO",
        "phone": "8183956523",
        "address": "21847 MOVEO DR",
        "city": "SANTA CLARITA",
        "state": "CLARITA",
        "zip": "91350",
        "email": "R6JOEL@GMAIL.COM",
        "dateOfBirth": "1968-06-28T12:00:00",
        "ssn": "604055477",
        "userOrders": null,
        "isSold": false,
        "id": 86753
    },
    {
        "firstName": "BLANCA",
        "lastName": "CANAS",
        "phone": "2814431372",
        "address": "1451 ELIAS PEAK CT",
        "city": "HOUSTON",
        "state": "TX",
        "zip": "77073",
        "email": "CBESTELA10@GMAIL.COM",
        "dateOfBirth": "1968-02-15T12:00:00",
        "ssn": "641481409",
        "userOrders": null,
        "isSold": false,
        "id": 86758
    },
    {
        "firstName": "RICKY",
        "lastName": "MCKINLEY",
        "phone": "4047915083",
        "address": "3222 JAMAICA RD NW",
        "city": "ATL",
        "state": "GA",
        "zip": "30318",
        "email": "MICHELLEMMCKINLEY@YAHOO.COM",
        "dateOfBirth": "1968-02-03T12:00:00",
        "ssn": "361603068",
        "userOrders": null,
        "isSold": false,
        "id": 86761
    },
    {
        "firstName": "JOSE",
        "lastName": "AGUILAR",
        "phone": "8173710695",
        "address": "505 HILLCREST DR",
        "city": "ARLINGTON",
        "state": "TX",
        "zip": "76010",
        "email": "BERENICE.AGUILAR@YAHOO.COM",
        "dateOfBirth": "1968-02-02T12:00:00",
        "ssn": "638052594",
        "userOrders": null,
        "isSold": false,
        "id": 86799
    },
    {
        "firstName": "DENISE",
        "lastName": "ROBLES",
        "phone": "6197630772",
        "address": "455 NAPLES ST",
        "city": "CHLA VSTA",
        "state": "VISTA",
        "zip": "91911",
        "email": "CPATOWING@GMAIL.COM",
        "dateOfBirth": "1968-03-10T12:00:00",
        "ssn": "571131447",
        "userOrders": null,
        "isSold": true,
        "id": 86816
    },
    {
        "firstName": "SUE*",
        "lastName": "SCHRECK",
        "phone": "3128341604",
        "address": "1750 RIVERWOODS DR APT 318",
        "city": "MELROS PK",
        "state": "PARK",
        "zip": "60160",
        "email": "SCHRECKS@SBCGLOBAL.NET",
        "dateOfBirth": "1968-06-08T12:00:00",
        "ssn": "190625806",
        "userOrders": null,
        "isSold": false,
        "id": 86970
    },
    {
        "firstName": "CARMELITA",
        "lastName": "SCHUCH",
        "phone": "7087437929",
        "address": "11104 S 84TH AVE APT 3A",
        "city": "PALOS HILS",
        "state": "HILLS",
        "zip": "60465",
        "email": "SILVA411@AOL.COM",
        "dateOfBirth": "1968-07-16T12:00:00",
        "ssn": "355747619",
        "userOrders": null,
        "isSold": false,
        "id": 87044
    },
    {
        "firstName": "TAMARA",
        "lastName": "ESAU",
        "phone": "9188579674",
        "address": "24685 S PLAINVIEW AVE",
        "city": "ROGERS COUNTY",
        "state": "OK",
        "zip": "74017",
        "email": "TAMARA.ESAU@LEVEL3.COM",
        "dateOfBirth": "1968-12-10T12:00:00",
        "ssn": "505943866",
        "userOrders": null,
        "isSold": false,
        "id": 87143
    },
    {
        "firstName": "KAREN",
        "lastName": "JAMES",
        "phone": "3187301319",
        "address": "121 20TH ST",
        "city": "ALEXANDRIA",
        "state": "LA",
        "zip": "71301",
        "email": "KJAMES68@ATT.NET",
        "dateOfBirth": "1968-09-08T12:00:00",
        "ssn": "439415453",
        "userOrders": null,
        "isSold": false,
        "id": 87158
    },
    {
        "firstName": "KIMBELY",
        "lastName": "GILBERT",
        "phone": "2102046884",
        "address": "526 PARKMONT CT",
        "city": "SAN ANTONIO",
        "state": "ANTONIO",
        "zip": "78260",
        "email": "GILBIE727@HOTMAIL.COM",
        "dateOfBirth": "1968-11-03T12:00:00",
        "ssn": "302525805",
        "userOrders": null,
        "isSold": false,
        "id": 87218
    },
    {
        "firstName": "KELLY",
        "lastName": "BARR",
        "phone": "8477741477",
        "address": "600 MCHENRY AVE",
        "city": "MCHNRY",
        "state": "IL",
        "zip": "60050",
        "email": "KBARR@WESTSIDETRACTORSALES.COM",
        "dateOfBirth": "1968-04-14T12:00:00",
        "ssn": "319484729",
        "userOrders": null,
        "isSold": false,
        "id": 87279
    },
    {
        "firstName": "KAREN",
        "lastName": "COWANS",
        "phone": "2482190899",
        "address": "25517 BRIAR DR APT 6",
        "city": "OAK PARK",
        "state": "PARK",
        "zip": "48237",
        "email": "KAREN5322@YAHOO.COM",
        "dateOfBirth": "1968-09-09T12:00:00",
        "ssn": "154547724",
        "userOrders": null,
        "isSold": false,
        "id": 87304
    },
    {
        "firstName": "GEORGE",
        "lastName": "ALLERS",
        "phone": "7145076693",
        "address": "2108 CAMINO LA VIS",
        "city": "FUL",
        "state": "CA",
        "zip": "92833",
        "email": "G.ALLERS@YAHOO.COM",
        "dateOfBirth": "1968-10-26T12:00:00",
        "ssn": "547674132",
        "userOrders": null,
        "isSold": false,
        "id": 87305
    },
    {
        "firstName": "MARILYN",
        "lastName": "MONTGOMERY",
        "phone": "6018683063",
        "address": "129 NORTHGATE DR",
        "city": "CANTON",
        "state": "MS",
        "zip": "39046",
        "email": "OSCARSDOLL@YAHOO.COM",
        "dateOfBirth": "1968-01-15T12:00:00",
        "ssn": "426316246",
        "userOrders": null,
        "isSold": false,
        "id": 87331
    },
    {
        "firstName": "CHANTELL",
        "lastName": "CLARK",
        "phone": "3135807848",
        "address": "26033 KATHY ST",
        "city": "ROSEVILLE",
        "state": "MI",
        "zip": "48066",
        "email": "CHANTELLCLARK@ATT.NET",
        "dateOfBirth": "1968-12-23T12:00:00",
        "ssn": "378824796",
        "userOrders": null,
        "isSold": false,
        "id": 87485
    }
]