[
    {
        "firstName": "MARGIE",
        "lastName": "LEYRAN",
        "phone": "8184698995",
        "address": "7401 MASON AVE",
        "city": "C PK",
        "state": "CA",
        "zip": "91306",
        "email": "MLEYRAN@YMAIL.COM",
        "dateOfBirth": "1968-06-01T12:00:00",
        "ssn": "612019111",
        "userOrders": null,
        "isSold": false,
        "id": 66174
    },
    {
        "firstName": "LISA",
        "lastName": "PRUITT",
        "phone": "4042137525",
        "address": "7050 VALLEY FORGE DR",
        "city": "FLOWERY BRANCH",
        "state": "BR",
        "zip": "30542",
        "email": "LISAPRUITT68@ATT.NET",
        "dateOfBirth": "1968-12-15T12:00:00",
        "ssn": "564778963",
        "userOrders": null,
        "isSold": false,
        "id": 66217
    },
    {
        "firstName": "CHARLES",
        "lastName": "VITZ",
        "phone": "2147330890",
        "address": "PO BOX 1511",
        "city": "CELINA",
        "state": "TX",
        "zip": "75009",
        "email": "ANDYVITZ@SBCGLOBAL.NET",
        "dateOfBirth": "1968-03-14T12:00:00",
        "ssn": "454339860",
        "userOrders": null,
        "isSold": false,
        "id": 66282
    },
    {
        "firstName": "SUSAN",
        "lastName": "DZHULFAYAN",
        "phone": "8186067836",
        "address": "13946 WYANDOTTE ST",
        "city": "VN",
        "state": "NUYS",
        "zip": "91405",
        "email": "XTCZ19@ATT.NET",
        "dateOfBirth": "1968-09-29T12:00:00",
        "ssn": "609285172",
        "userOrders": null,
        "isSold": false,
        "id": 66465
    },
    {
        "firstName": "ROBERT",
        "lastName": "ASBERRY",
        "phone": "8035635412",
        "address": "PO BOX 145",
        "city": "COLA",
        "state": "SC",
        "zip": "29212",
        "email": "ROBERTASBERRY@GMAIL.COM",
        "dateOfBirth": "1968-01-29T12:00:00",
        "ssn": "247451748",
        "userOrders": null,
        "isSold": true,
        "id": 66483
    },
    {
        "firstName": "KIMBERLY",
        "lastName": "WILMONTT",
        "phone": "3233778152",
        "address": "4631 LUTHER ST",
        "city": "RIV",
        "state": "CA",
        "zip": "92504",
        "email": "KIMBERLYWILMOTT@GMAIL.COM",
        "dateOfBirth": "1968-03-29T12:00:00",
        "ssn": "549433533",
        "userOrders": null,
        "isSold": false,
        "id": 66485
    },
    {
        "firstName": "KATHY",
        "lastName": "SMITH",
        "phone": "6168906170",
        "address": "713 PRINCE ST SE",
        "city": "GRAND RAPIDS",
        "state": "RAPIDS",
        "zip": "49507",
        "email": "K22NICE@YAHOO.COM",
        "dateOfBirth": "1968-01-22T12:00:00",
        "ssn": "382906236",
        "userOrders": null,
        "isSold": false,
        "id": 66513
    },
    {
        "firstName": "CYNTHIA",
        "lastName": "WAY",
        "phone": "9547096595",
        "address": "8860 NW 78TH CT APT 360",
        "city": "TMRC",
        "state": "FL",
        "zip": "33321",
        "email": "PEACHCINDYD@YAHOO.COM",
        "dateOfBirth": "1968-01-18T12:00:00",
        "ssn": "259233018",
        "userOrders": null,
        "isSold": false,
        "id": 66515
    },
    {
        "firstName": "MONICA",
        "lastName": "SAPPER",
        "phone": "3307300991",
        "address": "475 STANLEY RD",
        "city": "AKRON",
        "state": "OH",
        "zip": "44312",
        "email": "THEZOO4321@AOL.COM",
        "dateOfBirth": "1968-02-22T12:00:00",
        "ssn": "289680919",
        "userOrders": null,
        "isSold": false,
        "id": 66557
    },
    {
        "firstName": "MICHELE",
        "lastName": "GATHERY",
        "phone": "1111110001",
        "address": "36 HARBOR DR",
        "city": "PIT",
        "state": "POINT",
        "zip": "94565",
        "email": "MGATHERY1968@YAHOO.COM",
        "dateOfBirth": "1968-03-24T12:00:00",
        "ssn": "571086539",
        "userOrders": null,
        "isSold": false,
        "id": 66588
    },
    {
        "firstName": "DYAN",
        "lastName": "PEREZ",
        "phone": "8653842828",
        "address": "2315 W LAMAR ALEXANDER PKWY",
        "city": "MARYVILLE",
        "state": "TN",
        "zip": "37801",
        "email": "CHUCKDYAN@GMAIL.COM",
        "dateOfBirth": "1968-11-11T12:00:00",
        "ssn": "110689941",
        "userOrders": null,
        "isSold": false,
        "id": 66622
    },
    {
        "firstName": "KIM",
        "lastName": "MAHER",
        "phone": "8177885390",
        "address": "6905 INDIANA AVE",
        "city": "FORT WORTH",
        "state": "WORTH",
        "zip": "76137",
        "email": "MAHERFAMILY5@YAHOO.COM",
        "dateOfBirth": "1968-11-25T12:00:00",
        "ssn": "558996282",
        "userOrders": null,
        "isSold": false,
        "id": 66631
    },
    {
        "firstName": "MARIA",
        "lastName": "PEREZ",
        "phone": "7088900294",
        "address": "4826 W 23RD ST",
        "city": "CICERO",
        "state": "IL",
        "zip": "60804",
        "email": "PEREZMARIA_68@YAHOO.COM",
        "dateOfBirth": "1968-08-05T12:00:00",
        "ssn": "354802045",
        "userOrders": null,
        "isSold": false,
        "id": 66715
    },
    {
        "firstName": "JODI",
        "lastName": "HODAK",
        "phone": "9728149548",
        "address": "2525 ALEXA CT",
        "city": "MCKINNEY",
        "state": "TX",
        "zip": "75071",
        "email": "JODI@WRITEAWAYWEB.COM",
        "dateOfBirth": "1968-01-18T12:00:00",
        "ssn": "556690358",
        "userOrders": null,
        "isSold": false,
        "id": 66778
    },
    {
        "firstName": "BLAIR",
        "lastName": "BLINKHORN",
        "phone": "7706497720",
        "address": "4990 GUNNERS RUN NE",
        "city": "RSWL",
        "state": "GA",
        "zip": "30075",
        "email": "BLAIRBLINK@YAHOO.COM",
        "dateOfBirth": "1968-01-10T12:00:00",
        "ssn": "266712527",
        "userOrders": null,
        "isSold": false,
        "id": 66860
    }
]