[
    {
        "firstName": "D'ANNA",
        "lastName": "MUHAMMAD",
        "phone": "8644142626",
        "address": "365 BRANNIGAN CT",
        "city": "SOUTH FULTON",
        "state": "CITY",
        "zip": "30291",
        "email": "DMUHAMMAD123@GMAIL.COM",
        "dateOfBirth": "1968-05-23T12:00:00",
        "ssn": "251130392",
        "userOrders": null,
        "isSold": false,
        "id": 71402
    },
    {
        "firstName": "THAO",
        "lastName": "TRAN",
        "phone": "4082899897",
        "address": "684 N 1ST ST",
        "city": "SJ",
        "state": "JOSE",
        "zip": "95112",
        "email": "T_THAO2005@YAHOO.COM",
        "dateOfBirth": "1968-06-05T12:00:00",
        "ssn": "151944669",
        "userOrders": null,
        "isSold": true,
        "id": 71470
    },
    {
        "firstName": "ROBERT",
        "lastName": "HARRELL",
        "phone": "7708893214",
        "address": "5618 LANCASHIRE LN",
        "city": "CUMG",
        "state": "GA",
        "zip": "30041",
        "email": "ROBBIE@TREWBLUE.COM",
        "dateOfBirth": "1968-05-04T12:00:00",
        "ssn": "247451142",
        "userOrders": null,
        "isSold": false,
        "id": 71478
    },
    {
        "firstName": "SHARON",
        "lastName": "HOWARD",
        "phone": "7343389159",
        "address": "UNIT L83",
        "city": "WESTLAND",
        "state": "WARREN",
        "zip": "48185",
        "email": "SHOWARD@IPCMD.COM",
        "dateOfBirth": "1968-11-26T12:00:00",
        "ssn": "369861654",
        "userOrders": null,
        "isSold": false,
        "id": 71500
    },
    {
        "firstName": "PANUDDA",
        "lastName": "CHANKAEW",
        "phone": "3234781689",
        "address": "5002 FLORISTAN AVE",
        "city": "LA",
        "state": "ANGELES",
        "zip": "90041",
        "email": "PCHANKAEW@AOL.COM",
        "dateOfBirth": "1968-05-02T12:00:00",
        "ssn": "626166537",
        "userOrders": null,
        "isSold": false,
        "id": 71517
    },
    {
        "firstName": "SIMA",
        "lastName": "HOVSEPYAN",
        "phone": "3234227263",
        "address": "1129 E WINDSOR RD",
        "city": "LA",
        "state": "CA",
        "zip": "90028",
        "email": "HOVSEPYANJULIANA@YAHOO.COM",
        "dateOfBirth": "1968-07-24T12:00:00",
        "ssn": "604496186",
        "userOrders": null,
        "isSold": false,
        "id": 71545
    },
    {
        "firstName": "JEFFREY",
        "lastName": "VERICKER",
        "phone": "8704504905",
        "address": "3409 CANADIAN LN APT 3",
        "city": "PARAGOULD",
        "state": "AR",
        "zip": "72450",
        "email": "JEFFVERICKER@YAHOO.COM",
        "dateOfBirth": "1968-01-23T12:00:00",
        "ssn": "429490104",
        "userOrders": null,
        "isSold": true,
        "id": 71574
    },
    {
        "firstName": "JACK",
        "lastName": "SCHNEIDER",
        "phone": "2095341026",
        "address": "2930 GEER RD",
        "city": "TLK",
        "state": "CA",
        "zip": "95382",
        "email": "JACKTHESCHNDE@SBCGLOBAL.NET",
        "dateOfBirth": "1968-01-18T12:00:00",
        "ssn": "548110455",
        "userOrders": null,
        "isSold": false,
        "id": 71822
    },
    {
        "firstName": "BILLY",
        "lastName": "J",
        "phone": "4703453371",
        "address": "2256 BANKSTONE DR SW",
        "city": "MRETA",
        "state": "GA",
        "zip": "30064",
        "email": "DWIRLSAND4@GMAIL.COM",
        "dateOfBirth": "1968-11-26T12:00:00",
        "ssn": "257330453",
        "userOrders": null,
        "isSold": false,
        "id": 71901
    },
    {
        "firstName": "TAMMY",
        "lastName": "TILLOTSON",
        "phone": "2815503019",
        "address": "6142 YORKGLEN MANOR LN",
        "city": "HOUSTON",
        "state": "TX",
        "zip": "77084",
        "email": "TAMS529@HOTMAIL.COM",
        "dateOfBirth": "1968-05-29T12:00:00",
        "ssn": "467717560",
        "userOrders": null,
        "isSold": false,
        "id": 71916
    },
    {
        "firstName": "ANGELIQUE*",
        "lastName": "WELCH",
        "phone": "4045189922",
        "address": "3167 FORREST PARK RD SE",
        "city": "ATL",
        "state": "GA",
        "zip": "30354",
        "email": "ANGELIQUEWELCH75@YAHOO.COM",
        "dateOfBirth": "1968-09-14T12:00:00",
        "ssn": "253087640",
        "userOrders": null,
        "isSold": false,
        "id": 71957
    },
    {
        "firstName": "YOLANDA",
        "lastName": "MATA",
        "phone": "3128130226",
        "address": "FL 1",
        "city": "CHGO",
        "state": "S",
        "zip": "60608",
        "email": "YOLMATA@YAHOO.COM",
        "dateOfBirth": "1968-12-11T12:00:00",
        "ssn": "324647443",
        "userOrders": null,
        "isSold": false,
        "id": 72211
    },
    {
        "firstName": "MIGUEL.",
        "lastName": "GONZALES",
        "phone": "6263189911",
        "address": "4150 MARATHON ST APT 107",
        "city": "LA",
        "state": "ANGELES",
        "zip": "90029",
        "email": "MGONZA3086@YAHOO.COM",
        "dateOfBirth": "1968-06-18T12:00:00",
        "ssn": "546874446",
        "userOrders": null,
        "isSold": false,
        "id": 72213
    },
    {
        "firstName": "CALVIN",
        "lastName": "ST",
        "phone": "2257463617",
        "address": "356 CONNELL ST",
        "city": "BATON ROUGE",
        "state": "ROUGE",
        "zip": "70802",
        "email": "CALVINCARLSTCYR@GMAIL.COM",
        "dateOfBirth": "1968-05-04T12:00:00",
        "ssn": "438172959",
        "userOrders": null,
        "isSold": true,
        "id": 72228
    },
    {
        "firstName": "SIMON",
        "lastName": "MESA",
        "phone": "3239157920",
        "address": "1226 W 67TH ST",
        "city": "LA",
        "state": "ANGELES",
        "zip": "90044",
        "email": "RAVIDSIMON@ATT.NET",
        "dateOfBirth": "1968-05-10T12:00:00",
        "ssn": "617581003",
        "userOrders": null,
        "isSold": false,
        "id": 72262
    }
]