[
    {
        "firstName": "CHERYL",
        "lastName": "O'CONNOR",
        "phone": "9373050271",
        "address": "6225 LARCOMB DR",
        "city": "FAIRBORN",
        "state": "HEIGHTS",
        "zip": "45324",
        "email": "CHERYLOC3@YAHOO.COM",
        "dateOfBirth": "1968-06-24T12:00:00",
        "ssn": "321741660",
        "userOrders": null,
        "isSold": true,
        "id": 13114
    },
    {
        "firstName": "TOD",
        "lastName": "MARBURGER",
        "phone": "7134169872",
        "address": "1203 SHADELAND DR",
        "city": "HOUSTON",
        "state": "TX",
        "zip": "77043",
        "email": "TODMARBURGER@SBCGLOBAL.NET",
        "dateOfBirth": "1968-10-08T12:00:00",
        "ssn": "462352148",
        "userOrders": null,
        "isSold": false,
        "id": 13208
    },
    {
        "firstName": "SUSAN",
        "lastName": "WESTALL",
        "phone": "6616070197",
        "address": "29132 SAN REMO PL",
        "city": "CASTAIC",
        "state": "CA",
        "zip": "91384",
        "email": "RSW0351@ATT.NET",
        "dateOfBirth": "1968-06-13T12:00:00",
        "ssn": "573794581",
        "userOrders": null,
        "isSold": false,
        "id": 13230
    },
    {
        "firstName": "TONY",
        "lastName": "WELLS",
        "phone": "7755446588",
        "address": "4145 TWIN FALLS DR",
        "city": "RENO",
        "state": "NV",
        "zip": "89521",
        "email": "PETRAWELLS@SBCGLOBAL.NET",
        "dateOfBirth": "1968-07-27T12:00:00",
        "ssn": "530025788",
        "userOrders": null,
        "isSold": true,
        "id": 13249
    },
    {
        "firstName": "ALBERT",
        "lastName": "M",
        "phone": "9197584637",
        "address": "PO BOX 804",
        "city": "RAL",
        "state": "NC",
        "zip": "27610",
        "email": "BERT2E@GMAIL.COM",
        "dateOfBirth": "1968-05-09T12:00:00",
        "ssn": "215062091",
        "userOrders": null,
        "isSold": false,
        "id": 13332
    },
    {
        "firstName": "ELLIESE",
        "lastName": "SATCHELL",
        "phone": "3137432305",
        "address": "510 S STEPHENSON HWY",
        "city": "ROYAL OAK",
        "state": "OAK",
        "zip": "48067",
        "email": "ECOTEN123@GMAIL.COM",
        "dateOfBirth": "1968-10-29T12:00:00",
        "ssn": "332620013",
        "userOrders": null,
        "isSold": false,
        "id": 13404
    },
    {
        "firstName": "TONI",
        "lastName": "HOGAN",
        "phone": "1111110001",
        "address": "1111110002",
        "city": "EASLEY SC 29642-8271",
        "state": "HUNTCLIFF",
        "zip": "EASL",
        "email": "29642",
        "dateOfBirth": "1968-11-11T12:00:00",
        "ssn": "250390360",
        "userOrders": null,
        "isSold": false,
        "id": 13461
    },
    {
        "firstName": "RANDY",
        "lastName": "T",
        "phone": "7708420424",
        "address": "603 SKIPPING ROCK LN",
        "city": "PCHTREE CY",
        "state": "CTY",
        "zip": "30269",
        "email": "RJHGREEBS1@BELLSOUTH.NET",
        "dateOfBirth": "1968-10-02T12:00:00",
        "ssn": "374908105",
        "userOrders": null,
        "isSold": false,
        "id": 13486
    },
    {
        "firstName": "ROBERT",
        "lastName": "J",
        "phone": "7145234155",
        "address": "6263 SHERIDAN WAY",
        "city": "BU PK",
        "state": "PARK",
        "zip": "90620",
        "email": "RTZ131@SBCGLOBAL.NET",
        "dateOfBirth": "1968-02-24T12:00:00",
        "ssn": "557530937",
        "userOrders": null,
        "isSold": false,
        "id": 13517
    },
    {
        "firstName": "CARMELA",
        "lastName": "PAIZ",
        "phone": "6169907370",
        "address": "6169907370",
        "city": "WYOMING MI 49509-1316",
        "state": "BELDEN",
        "zip": "WYOMING",
        "email": "49519",
        "dateOfBirth": "1968-06-13T12:00:00",
        "ssn": "368905365",
        "userOrders": null,
        "isSold": false,
        "id": 13591
    },
    {
        "firstName": "KEISHA",
        "lastName": "KINCHEN",
        "phone": "9859910714",
        "address": "912 LEVEE RD LOT 1",
        "city": "MORGAN CITY",
        "state": "CITY",
        "zip": "70380",
        "email": "KEISHH_KIN@YAHOO.COM",
        "dateOfBirth": "1968-08-04T12:00:00",
        "ssn": "433479654",
        "userOrders": null,
        "isSold": false,
        "id": 13593
    },
    {
        "firstName": "RAMI",
        "lastName": "KOTEL",
        "phone": "8182238575",
        "address": "3793 CAMINO CODORNIZ",
        "city": "CALB",
        "state": "CA",
        "zip": "91302",
        "email": "KOTELINVEST@YAHOO.COM",
        "dateOfBirth": "1968-06-19T12:00:00",
        "ssn": "563436244",
        "userOrders": null,
        "isSold": false,
        "id": 13595
    },
    {
        "firstName": "DANIEL",
        "lastName": "GLAZER",
        "phone": "1111110001",
        "address": "6318581424",
        "city": "SAN FRANCISCO CA 94114-2662",
        "state": "SANCHEZ",
        "zip": "SF",
        "email": "94114",
        "dateOfBirth": "1968-06-08T12:00:00",
        "ssn": "562276393",
        "userOrders": null,
        "isSold": false,
        "id": 13623
    },
    {
        "firstName": "GARY",
        "lastName": "MONTANA",
        "phone": "8178460415",
        "address": "2001 WELLINGTON DR",
        "city": "MANSFIELD",
        "state": "TX",
        "zip": "76063",
        "email": "GBMONTANA@GMAIL.COM",
        "dateOfBirth": "1968-05-14T12:00:00",
        "ssn": "510721250",
        "userOrders": null,
        "isSold": false,
        "id": 13652
    },
    {
        "firstName": "JOSE",
        "lastName": "BOTERO",
        "phone": "7725621238",
        "address": "1826 34TH AVE",
        "city": "VERO BCH",
        "state": "BEACH",
        "zip": "32960",
        "email": "BOTEROJOSE@HOTMAIL.COM",
        "dateOfBirth": "1968-05-27T12:00:00",
        "ssn": "769165175",
        "userOrders": null,
        "isSold": false,
        "id": 13659
    }
]