[
    {
        "firstName": "STEVE",
        "lastName": "EZERSKI",
        "phone": "9373073523",
        "address": "4922 LINDBERGH BLVD",
        "city": "WEST CARROLLTON",
        "state": "CARROLLTON",
        "zip": "45449",
        "email": "STEVEEZERSKI@YAHOO.COM",
        "dateOfBirth": "1968-03-28T12:00:00",
        "ssn": "405151301",
        "userOrders": null,
        "isSold": false,
        "id": 83318
    },
    {
        "firstName": "MICHELLE",
        "lastName": "RING",
        "phone": "3163937514",
        "address": "2441 N PINE GROVE ST",
        "city": "WICHITA",
        "state": "KS",
        "zip": "67212",
        "email": "SHELSLAY@YAHOO.COM",
        "dateOfBirth": "1968-12-16T12:00:00",
        "ssn": "512782536",
        "userOrders": null,
        "isSold": false,
        "id": 83329
    },
    {
        "firstName": "EMAD.",
        "lastName": "HASSOUN",
        "phone": "5597087507",
        "address": "5301 N VALENTINE AVE APT 141",
        "city": "FRS",
        "state": "CA",
        "zip": "93711",
        "email": "EDHASSOUN@SBCGLOBAL.NET",
        "dateOfBirth": "1968-11-04T12:00:00",
        "ssn": "618364746",
        "userOrders": null,
        "isSold": false,
        "id": 83435
    },
    {
        "firstName": "CINDY",
        "lastName": "SARQUIZ",
        "phone": "2693520422",
        "address": "2017 ELKERTON AVE APT 107",
        "city": "PORTAGE",
        "state": "MI",
        "zip": "49002",
        "email": "CINDYSARQUIZ@GMAIL.COM",
        "dateOfBirth": "1968-03-07T12:00:00",
        "ssn": "383640501",
        "userOrders": null,
        "isSold": false,
        "id": 83509
    },
    {
        "firstName": "RONALD",
        "lastName": "FISHER",
        "phone": "8173436308",
        "address": "102 RED EAGLE TRL",
        "city": "HUDSON OAKS",
        "state": "OAKS",
        "zip": "76087",
        "email": "RONALDGFISHER@ATT.NET",
        "dateOfBirth": "1968-12-20T12:00:00",
        "ssn": "453776916",
        "userOrders": null,
        "isSold": false,
        "id": 83526
    },
    {
        "firstName": "WILLIE",
        "lastName": "PORTER",
        "phone": "2058158351",
        "address": "5290 DUKE ST APT 104",
        "city": "BIRMINGHAM",
        "state": "VA",
        "zip": "35215",
        "email": "WILLIE.PORTER@US.ARMY.MIL",
        "dateOfBirth": "1968-08-03T12:00:00",
        "ssn": "418198222",
        "userOrders": null,
        "isSold": false,
        "id": 83533
    },
    {
        "firstName": "EARL",
        "lastName": "YORK",
        "phone": "8702210440",
        "address": "2701 MONTREAL DR",
        "city": "LITTLE ROCK",
        "state": "ROCK",
        "zip": "72204",
        "email": "DUNNICKDEASHA@YAHOO.COM",
        "dateOfBirth": "1968-10-29T12:00:00",
        "ssn": "431578988",
        "userOrders": null,
        "isSold": true,
        "id": 83566
    },
    {
        "firstName": "JASON",
        "lastName": "ROBIE",
        "phone": "4198725132",
        "address": "1025 HICKORY ST",
        "city": "PERRYSBURG",
        "state": "OH",
        "zip": "43551",
        "email": "TM3317@AOL.COM",
        "dateOfBirth": "1968-08-15T12:00:00",
        "ssn": "289566381",
        "userOrders": null,
        "isSold": false,
        "id": 83643
    },
    {
        "firstName": "GLORIA",
        "lastName": "POWELL",
        "phone": "2148093156",
        "address": "9797 BRUTON RD APT 908",
        "city": "DALLAS",
        "state": "TX",
        "zip": "75217",
        "email": "POWELLGLORIA16@GMAIL.COM",
        "dateOfBirth": "1968-07-16T12:00:00",
        "ssn": "453318665",
        "userOrders": null,
        "isSold": false,
        "id": 83652
    },
    {
        "firstName": "CHAD",
        "lastName": "MOUL",
        "phone": "9257863088",
        "address": "815 BOLIVAR PL",
        "city": "SN RMN",
        "state": "RAMON",
        "zip": "94583",
        "email": "VICKIEMOUL@ATT.NET",
        "dateOfBirth": "1968-10-30T12:00:00",
        "ssn": "565354877",
        "userOrders": null,
        "isSold": true,
        "id": 83922
    },
    {
        "firstName": "MICHAEL",
        "lastName": "EDDY",
        "phone": "8178799871",
        "address": "2905 PANORAMA DR",
        "city": "HURST",
        "state": "TX",
        "zip": "76053",
        "email": "TEJERIVE@YAHOO.COM",
        "dateOfBirth": "1968-05-28T12:00:00",
        "ssn": "259419347",
        "userOrders": null,
        "isSold": false,
        "id": 84000
    },
    {
        "firstName": "VICTORIA",
        "lastName": "WILSON",
        "phone": "7732209310",
        "address": "6645 S PERRY AVE APT 2E",
        "city": "CHGO",
        "state": "IL",
        "zip": "60621",
        "email": "VICTORIAWILSON2307514@GMAIL.COM",
        "dateOfBirth": "1968-03-03T12:00:00",
        "ssn": "352645049",
        "userOrders": null,
        "isSold": false,
        "id": 84024
    },
    {
        "firstName": "JOSEPH",
        "lastName": "KURIAN",
        "phone": "4693871446",
        "address": "2764 BAY DE VIEUX DR",
        "city": "LEWISVILLE",
        "state": "TX",
        "zip": "75056",
        "email": "BIJUARAM@YAHOO.COM",
        "dateOfBirth": "1968-05-30T12:00:00",
        "ssn": "641383603",
        "userOrders": null,
        "isSold": false,
        "id": 84073
    },
    {
        "firstName": "SCOTT",
        "lastName": "FROST",
        "phone": "6166678650",
        "address": "7810 RIDGEWOOD DR",
        "city": "GEORGTN TWP",
        "state": "TP",
        "zip": "49428",
        "email": "WILDMOM98@SBCGLOBAL.NET",
        "dateOfBirth": "1968-07-06T12:00:00",
        "ssn": "380863826",
        "userOrders": null,
        "isSold": false,
        "id": 84104
    },
    {
        "firstName": "ERIC",
        "lastName": "LEWIS",
        "phone": "9314550020",
        "address": "324 DRUID LN",
        "city": "TULLAHOMA",
        "state": "TN",
        "zip": "37388",
        "email": "TIMERIC37388@YAHOO.COM",
        "dateOfBirth": "1968-01-11T12:00:00",
        "ssn": "313722946",
        "userOrders": null,
        "isSold": false,
        "id": 84166
    }
]