[
    {
        "firstName": "STACEY",
        "lastName": "RIVERA",
        "phone": "5023145113",
        "address": "8608 TIMBERLINE DR",
        "city": "LOUISVILLE",
        "state": "KY",
        "zip": "40291",
        "email": "SHRIVERA1502@GMAIL.COM",
        "dateOfBirth": "1968-05-07T12:00:00",
        "ssn": "401083572",
        "userOrders": null,
        "isSold": false,
        "id": 46130
    },
    {
        "firstName": "WINFRED",
        "lastName": "DURHAM",
        "phone": "8644191145",
        "address": "470 FIVE FORKS RD",
        "city": "LIBERTY",
        "state": "SC",
        "zip": "29657",
        "email": "JUNIORDURHAM@YAHOO.COM",
        "dateOfBirth": "1968-01-14T12:00:00",
        "ssn": "250534522",
        "userOrders": null,
        "isSold": false,
        "id": 46136
    },
    {
        "firstName": "WILLIE",
        "lastName": "WILLIAMSON",
        "phone": "8179193146",
        "address": "9853 STONEY BRIDGE RD",
        "city": "FORT WORTH",
        "state": "WORTH",
        "zip": "76108",
        "email": "TXIMPROV@YAHOO.COM",
        "dateOfBirth": "1968-09-01T12:00:00",
        "ssn": "455614803",
        "userOrders": null,
        "isSold": false,
        "id": 46160
    },
    {
        "firstName": "LEONARDO",
        "lastName": "GONZALEZ",
        "phone": "3059009975",
        "address": "APT 206",
        "city": "DAVIE",
        "state": "EVERGREEN",
        "zip": "33324",
        "email": "SAMPAYONENI@YAHOO.ES",
        "dateOfBirth": "1968-10-28T12:00:00",
        "ssn": "171154349",
        "userOrders": null,
        "isSold": false,
        "id": 46236
    },
    {
        "firstName": "CAROLYN",
        "lastName": "QUEEN",
        "phone": "5803803831",
        "address": "230 WAKEFIELD TRCE",
        "city": "ATH",
        "state": "GA",
        "zip": "30605",
        "email": "SHAWNJQUEEN@GMAIL.COM",
        "dateOfBirth": "1968-03-08T12:00:00",
        "ssn": "441666992",
        "userOrders": null,
        "isSold": false,
        "id": 46254
    },
    {
        "firstName": "RICK",
        "lastName": "DUNCAN",
        "phone": "3172814345",
        "address": "5368 CHAPARRAL CT",
        "city": "PLAINFIELD",
        "state": "IN",
        "zip": "46168",
        "email": "SENIORCHIEFDUNCAN@GMAIL.COM",
        "dateOfBirth": "1968-06-18T12:00:00",
        "ssn": "315847883",
        "userOrders": null,
        "isSold": false,
        "id": 46338
    },
    {
        "firstName": "BALLARIE",
        "lastName": "WADLINGTON",
        "phone": "7082686014",
        "address": "279 SNUG HARBOR DR",
        "city": "WILOBRK",
        "state": "IL",
        "zip": "60527",
        "email": "BALLARIE.WADLINGTON@EY.COM",
        "dateOfBirth": "1968-04-22T12:00:00",
        "ssn": "321627911",
        "userOrders": null,
        "isSold": false,
        "id": 46386
    },
    {
        "firstName": "JAMES",
        "lastName": "STILLWELL",
        "phone": "8129441525",
        "address": "926 GREENLEAF DR",
        "city": "NEW ALBANY",
        "state": "ALBANY",
        "zip": "47150",
        "email": "JDSTILLWELL35@YAHOO.COM",
        "dateOfBirth": "1968-10-28T12:00:00",
        "ssn": "308944539",
        "userOrders": null,
        "isSold": false,
        "id": 46396
    },
    {
        "firstName": "ANDREA",
        "lastName": "SCICLI",
        "phone": "7074779968",
        "address": "905 W MIDDLEFIELD RD APT 943",
        "city": "M VW",
        "state": "VIEW",
        "zip": "94043",
        "email": "ANDRY99@SBCGLOBAL.NET",
        "dateOfBirth": "1968-11-09T12:00:00",
        "ssn": "378765015",
        "userOrders": null,
        "isSold": false,
        "id": 46442
    },
    {
        "firstName": "JENNIFER",
        "lastName": "LUBIANI",
        "phone": "6625827897",
        "address": "2700 ATTALA ROAD 5207",
        "city": "KOSCIUSKO",
        "state": "MS",
        "zip": "39090",
        "email": "LCBAFG0510@ATT.NET",
        "dateOfBirth": "1968-06-08T12:00:00",
        "ssn": "587458943",
        "userOrders": null,
        "isSold": false,
        "id": 46480
    },
    {
        "firstName": "WILLIAM",
        "lastName": "MCCLEERY",
        "phone": "6185813378",
        "address": "106 S HIGH ST APT E",
        "city": "O'FALN",
        "state": "FALLON",
        "zip": "62269",
        "email": "CARROLLJNS@ATT.NET",
        "dateOfBirth": "1968-06-04T12:00:00",
        "ssn": "341524479",
        "userOrders": null,
        "isSold": false,
        "id": 46497
    },
    {
        "firstName": "ROSE",
        "lastName": "LIZARRAGA",
        "phone": "8176158235",
        "address": "1513 ROCKMOOR DR",
        "city": "EDGECLIFF VILLAGE",
        "state": "VLG",
        "zip": "76134",
        "email": "STEELCOUNTRY817@SBCGLOBAL.NET",
        "dateOfBirth": "1968-01-08T12:00:00",
        "ssn": "561718315",
        "userOrders": null,
        "isSold": false,
        "id": 46507
    },
    {
        "firstName": "DORA",
        "lastName": "DELGADO",
        "phone": "8327135703",
        "address": "2114 BISHOP HOLLOW LN",
        "city": "ROSENBERG",
        "state": "TX",
        "zip": "77471",
        "email": "DORADELGADO68@YAHOO.COM",
        "dateOfBirth": "1968-03-12T12:00:00",
        "ssn": "453635739",
        "userOrders": null,
        "isSold": false,
        "id": 46528
    },
    {
        "firstName": "CYNTHIA",
        "lastName": "DAVIDSON",
        "phone": "7065496851",
        "address": "1126 TOWNE SQUARE LN",
        "city": "ATH",
        "state": "GA",
        "zip": "30607",
        "email": "CDAVIDSON125@YAHOO.COM",
        "dateOfBirth": "1968-09-10T12:00:00",
        "ssn": "253557949",
        "userOrders": null,
        "isSold": false,
        "id": 46534
    },
    {
        "firstName": "MARY",
        "lastName": "BARROWS",
        "phone": "4044210742",
        "address": "612 WILLOW HEIGHTS DR NE",
        "city": "RSWL",
        "state": "GA",
        "zip": "30076",
        "email": "MARYBETHBARROWS@YAHOO.COM",
        "dateOfBirth": "1968-11-13T12:00:00",
        "ssn": "256475203",
        "userOrders": null,
        "isSold": false,
        "id": 46592
    }
]