[
    {
        "firstName": "RODNEY",
        "lastName": "ROBINSON",
        "phone": "2104171268",
        "address": "1297 LINGEN AVE NW",
        "city": "SAN ANTONIO",
        "state": "BAY",
        "zip": "78247",
        "email": "SILVERBK84@GMAIL.COM",
        "dateOfBirth": "1968-09-11T12:00:00",
        "ssn": "266677472",
        "userOrders": null,
        "isSold": false,
        "id": 16193
    },
    {
        "firstName": "CARLO",
        "lastName": "TOMASELLI",
        "phone": "8643536549",
        "address": "221 OBANNON CT",
        "city": "AND",
        "state": "SC",
        "zip": "29621",
        "email": "CARLO.TOMASELLI@ELECTROLUX.COM",
        "dateOfBirth": "1968-03-02T12:00:00",
        "ssn": "317373119",
        "userOrders": null,
        "isSold": false,
        "id": 16226
    },
    {
        "firstName": "KRISTIE",
        "lastName": "ZISES",
        "phone": "7733962807",
        "address": "5111 N WOLCOTT AVE FL 1",
        "city": "CHGO",
        "state": "IL",
        "zip": "60640",
        "email": "KRISTIEZ@GMAIL.COM",
        "dateOfBirth": "1968-10-13T12:00:00",
        "ssn": "394681409",
        "userOrders": null,
        "isSold": false,
        "id": 16267
    },
    {
        "firstName": "MARIA",
        "lastName": "ROUNDTREE",
        "phone": "6368610301",
        "address": "1526 MORNING SUN DR",
        "city": "ST LOUIS COUNTY",
        "state": "MO",
        "zip": "63021",
        "email": "SHTOH4@YAHOO.COM",
        "dateOfBirth": "1968-11-09T12:00:00",
        "ssn": "495887748",
        "userOrders": null,
        "isSold": false,
        "id": 16270
    },
    {
        "firstName": "SUSAN",
        "lastName": "C",
        "phone": "6083580061",
        "address": "814 ONEIDA PL",
        "city": "MADISON",
        "state": "WI",
        "zip": "53711",
        "email": "CHOSYSG@HOTMAIL.COM",
        "dateOfBirth": "1968-11-15T12:00:00",
        "ssn": "391783486",
        "userOrders": null,
        "isSold": false,
        "id": 16301
    },
    {
        "firstName": "JAMES",
        "lastName": "MAXWELL",
        "phone": "3052585550",
        "address": "3402 TIMBER TRCE",
        "city": "HOMESTEAD",
        "state": "TN",
        "zip": "33035",
        "email": "60ROCKSTAR@GMAIL.COM",
        "dateOfBirth": "1968-08-09T12:00:00",
        "ssn": "263555665",
        "userOrders": null,
        "isSold": false,
        "id": 16333
    },
    {
        "firstName": "NOVELETTE",
        "lastName": "MORRISON",
        "phone": "7048980804",
        "address": "2507 CROSS POINT CIR APT 24",
        "city": "CHAR",
        "state": "NC",
        "zip": "28105",
        "email": "NOVELETTEMORRISON@HOTMAIL.COM",
        "dateOfBirth": "1968-05-25T12:00:00",
        "ssn": "752313505",
        "userOrders": null,
        "isSold": false,
        "id": 16347
    },
    {
        "firstName": "SONIA",
        "lastName": "FLORES",
        "phone": "7133824652",
        "address": "6625 LODGE ST",
        "city": "HOUSTON",
        "state": "TX",
        "zip": "77092",
        "email": "SFLORES0110@COMCAST.NET",
        "dateOfBirth": "1968-09-06T12:00:00",
        "ssn": "733056509",
        "userOrders": null,
        "isSold": false,
        "id": 16396
    },
    {
        "firstName": "RAYMOND",
        "lastName": "BIEBERITZ",
        "phone": "9202428349",
        "address": "204 E PARK VIEW LN",
        "city": "MANITOWOC",
        "state": "WI",
        "zip": "54220",
        "email": "WWW.RAY88@YAHOO.COM",
        "dateOfBirth": "1968-09-30T12:00:00",
        "ssn": "395920078",
        "userOrders": null,
        "isSold": false,
        "id": 16513
    },
    {
        "firstName": "MICHAEL",
        "lastName": "JAMES",
        "phone": "9192925997",
        "address": "422 SPARTACUS CT",
        "city": "CARY",
        "state": "NC",
        "zip": "27518",
        "email": "MIKEJAMES37@HOTMAIL.COM",
        "dateOfBirth": "1968-08-23T12:00:00",
        "ssn": "521437650",
        "userOrders": null,
        "isSold": false,
        "id": 16520
    },
    {
        "firstName": "JORGE",
        "lastName": "FIALLEGA",
        "phone": "3057767854",
        "address": "APT 321",
        "city": "M*B",
        "state": "MERIDIAN",
        "zip": "33139",
        "email": "JORGEFIALLEGA@GMAIL.COM",
        "dateOfBirth": "1968-05-16T12:00:00",
        "ssn": "519317597",
        "userOrders": null,
        "isSold": false,
        "id": 16531
    },
    {
        "firstName": "SAIDA",
        "lastName": "ALVARADO",
        "phone": "9544786809",
        "address": "6401 NW 14TH CT",
        "city": "MRGT",
        "state": "FL",
        "zip": "33063",
        "email": "JCCASTILLO104@HOTMAIL.COM",
        "dateOfBirth": "1968-11-23T12:00:00",
        "ssn": "129869340",
        "userOrders": null,
        "isSold": false,
        "id": 16593
    },
    {
        "firstName": "VICKIE",
        "lastName": "JOHNSON",
        "phone": "2483906731",
        "address": "10795 DIXIE HWY STE 7",
        "city": "SPRINGFIELD TWP",
        "state": "TWP",
        "zip": "48350",
        "email": "BDBARGAINBUCKS@AOL.COM",
        "dateOfBirth": "1968-10-17T12:00:00",
        "ssn": "379802567",
        "userOrders": null,
        "isSold": false,
        "id": 16631
    },
    {
        "firstName": "MARNIE",
        "lastName": "K",
        "phone": "7192101508",
        "address": "6184 TAMILYNN ST",
        "city": "SD",
        "state": "DIEGO",
        "zip": "92122",
        "email": "01JMJ04@GMAIL.COM",
        "dateOfBirth": "1968-06-06T12:00:00",
        "ssn": "571355914",
        "userOrders": null,
        "isSold": false,
        "id": 16648
    },
    {
        "firstName": "GEORGE",
        "lastName": "BARTMAN",
        "phone": "6148511404",
        "address": "1096 GREELEY DR",
        "city": "COLUMBUS",
        "state": "OH",
        "zip": "43119",
        "email": "BARTKING@COLUMBUS.RR.COM",
        "dateOfBirth": "1968-11-12T12:00:00",
        "ssn": "216060567",
        "userOrders": null,
        "isSold": false,
        "id": 16674
    }
]