[
    {
        "firstName": "CARL",
        "lastName": "LOMBARDO",
        "phone": "9253875396",
        "address": "APT 8",
        "city": "MRTNZ",
        "state": "ALHAMBRA",
        "zip": "94553",
        "email": "OAKCAPT@GMAII.COM",
        "dateOfBirth": "1968-12-31T12:00:00",
        "ssn": "166643935",
        "userOrders": null,
        "isSold": true,
        "id": 29208
    },
    {
        "firstName": "HAGOS",
        "lastName": "TESFAMICHEAL",
        "phone": "5105417453",
        "address": "APT A",
        "city": "ALMDA",
        "state": "ENCINAL",
        "zip": "94501",
        "email": "TESFAMICHEAL1@ATT.NET",
        "dateOfBirth": "1968-08-15T12:00:00",
        "ssn": "608985220",
        "userOrders": null,
        "isSold": false,
        "id": 29226
    },
    {
        "firstName": "THERESA",
        "lastName": "GONZALES",
        "phone": "5593017807",
        "address": "3335 E NORMAL AVE APT 1",
        "city": "FRS",
        "state": "CA",
        "zip": "93703",
        "email": "ILYZAVIER0815@GMAIL.COM",
        "dateOfBirth": "1968-03-11T12:00:00",
        "ssn": "555116450",
        "userOrders": null,
        "isSold": false,
        "id": 29235
    },
    {
        "firstName": "FRED",
        "lastName": "BIEDERSTADT",
        "phone": "6302071776",
        "address": "4022 SUTTON CT",
        "city": "CARPNTRSVL",
        "state": "IL",
        "zip": "60110",
        "email": "FMBIEDERSTADT@YAHOO.COM",
        "dateOfBirth": "1968-11-19T12:00:00",
        "ssn": "361726138",
        "userOrders": null,
        "isSold": false,
        "id": 29255
    },
    {
        "firstName": "VERA",
        "lastName": "LI",
        "phone": "9283148888",
        "address": "8750 MELLMANOR DR APT 91",
        "city": "LA MESA",
        "state": "MESA",
        "zip": "91942",
        "email": "VERALI6810123@GMAIL.COM",
        "dateOfBirth": "1968-10-06T12:00:00",
        "ssn": "563554953",
        "userOrders": null,
        "isSold": true,
        "id": 29270
    },
    {
        "firstName": "DEMETRIUS",
        "lastName": "TUCKER",
        "phone": "9168892736",
        "address": "3000 HOWE AVE APT 11",
        "city": "SAC",
        "state": "CA",
        "zip": "95821",
        "email": "DEMETRIUSTUCKER29@YAHOO.COM",
        "dateOfBirth": "1968-04-20T12:00:00",
        "ssn": "556853454",
        "userOrders": null,
        "isSold": false,
        "id": 29299
    },
    {
        "firstName": "JOHNNY",
        "lastName": "HENDERSON",
        "phone": "2145027499",
        "address": "2404 WINDSPRINT WAY APT 1207",
        "city": "ARLINGTON",
        "state": "TX",
        "zip": "76014",
        "email": "SARA.HENDERSON022@YAHOO.COM",
        "dateOfBirth": "1968-01-28T12:00:00",
        "ssn": "449352768",
        "userOrders": null,
        "isSold": false,
        "id": 29361
    },
    {
        "firstName": "MAY",
        "lastName": "BRAMBLE",
        "phone": "7607536959",
        "address": "2142 13TH ST",
        "city": "ENCNTS",
        "state": "CA",
        "zip": "92024",
        "email": "BRAMBLE2142@ATT.NET",
        "dateOfBirth": "1968-12-12T12:00:00",
        "ssn": "573636683",
        "userOrders": null,
        "isSold": false,
        "id": 29367
    },
    {
        "firstName": "ORALIA",
        "lastName": "LOMA",
        "phone": "3108000358",
        "address": "1125 S PALOS VERDES ST APT 1",
        "city": "SN PED",
        "state": "PEDRO",
        "zip": "90731",
        "email": "ORALIALOMA@GMAIL.COM",
        "dateOfBirth": "1968-07-23T12:00:00",
        "ssn": "678230173",
        "userOrders": null,
        "isSold": false,
        "id": 29452
    },
    {
        "firstName": "SANGEETA",
        "lastName": "KUMAR",
        "phone": "8313848779",
        "address": "163 PACIFIC CT",
        "city": "MARINA",
        "state": "CA",
        "zip": "93933",
        "email": "QUEENKUMAR@YAHOO.COM",
        "dateOfBirth": "1968-08-04T12:00:00",
        "ssn": "555515043",
        "userOrders": null,
        "isSold": false,
        "id": 29557
    },
    {
        "firstName": "KATHY",
        "lastName": "HUTTER",
        "phone": "9897089055",
        "address": "9897089056",
        "city": "CROSWELL MI 48422-9769",
        "state": "GALBRAITH",
        "zip": "MIDLAND",
        "email": "48640",
        "dateOfBirth": "1968-04-03T12:00:00",
        "ssn": "369906556",
        "userOrders": null,
        "isSold": false,
        "id": 29640
    },
    {
        "firstName": "FELICIA",
        "lastName": "MCCASKILL",
        "phone": "7035825343",
        "address": "8 DUMBARTON DR",
        "city": "OLIVETTE",
        "state": "MO",
        "zip": "63132",
        "email": "FEE@GRAFXWORX.NET",
        "dateOfBirth": "1968-04-09T12:00:00",
        "ssn": "490706131",
        "userOrders": null,
        "isSold": false,
        "id": 29648
    },
    {
        "firstName": "PHUC",
        "lastName": "NGUYEN",
        "phone": "4047814106",
        "address": "2805 WESLEY PLANTATION DR",
        "city": "DLTH",
        "state": "GA",
        "zip": "30096",
        "email": "DOANRICHKY@GMAIL.COM",
        "dateOfBirth": "1968-05-01T12:00:00",
        "ssn": "255877421",
        "userOrders": null,
        "isSold": false,
        "id": 29758
    },
    {
        "firstName": "EDWIN",
        "lastName": "G",
        "phone": "8585837336",
        "address": "10530 SEA PEARL CV UNIT 3",
        "city": "SD",
        "state": "DIEGO",
        "zip": "92130",
        "email": "CORTESEDDIEJR@YAHOO.COM",
        "dateOfBirth": "1968-09-15T12:00:00",
        "ssn": "104663672",
        "userOrders": null,
        "isSold": false,
        "id": 29822
    },
    {
        "firstName": "JOHN",
        "lastName": "HOYNG",
        "phone": "6145290291",
        "address": "4924 BRIXSTON DR",
        "city": "HILLIARD",
        "state": "OH",
        "zip": "43026",
        "email": "JHOYNG@HOTMAIL.COM",
        "dateOfBirth": "1968-05-06T12:00:00",
        "ssn": "300381516",
        "userOrders": null,
        "isSold": false,
        "id": 29982
    }
]