[
    {
        "firstName": "MARCELLA",
        "lastName": "RAVENEAU",
        "phone": "6783570356",
        "address": "4197 OAK SPRINGS RD",
        "city": "POWDR S",
        "state": "SPGS",
        "zip": "30127",
        "email": "MARCELLAHALL@BELLSOUTH.NET",
        "dateOfBirth": "1968-12-20T12:00:00",
        "ssn": "261536126",
        "userOrders": null,
        "isSold": true,
        "id": 52578
    },
    {
        "firstName": "BILLY",
        "lastName": "WILKINS",
        "phone": "9012679137",
        "address": "2224 LAKE SPRINGS LN",
        "city": "CORDOVA",
        "state": "TN",
        "zip": "38016",
        "email": "BDWILKINS@AOL.COM",
        "dateOfBirth": "1968-09-23T12:00:00",
        "ssn": "412372575",
        "userOrders": null,
        "isSold": false,
        "id": 52662
    },
    {
        "firstName": "ERIKA",
        "lastName": "ROBINSON",
        "phone": "3176791561",
        "address": "3256 WATERSIDE CT",
        "city": "GREENWOOD",
        "state": "IN",
        "zip": "46143",
        "email": "ERIKAROBINSON44@YMAIL.COM",
        "dateOfBirth": "1968-03-13T12:00:00",
        "ssn": "312747675",
        "userOrders": null,
        "isSold": false,
        "id": 52677
    },
    {
        "firstName": "LORENA",
        "lastName": "CASTRO",
        "phone": "9516605594",
        "address": "4081 SIERRA AVE",
        "city": "NORCO",
        "state": "CA",
        "zip": "92860",
        "email": "LORENAG00@YAHOO.COM",
        "dateOfBirth": "1968-06-18T12:00:00",
        "ssn": "545355731",
        "userOrders": null,
        "isSold": false,
        "id": 52724
    },
    {
        "firstName": "EDNA",
        "lastName": "HOUSER",
        "phone": "7657162316",
        "address": "131 ROSE CT APT 1",
        "city": "CML",
        "state": "CA",
        "zip": "95008",
        "email": "POLYCHROME1@ROCKETMAIL.COM",
        "dateOfBirth": "1968-07-05T12:00:00",
        "ssn": "560159054",
        "userOrders": null,
        "isSold": false,
        "id": 52764
    },
    {
        "firstName": "RUSS",
        "lastName": "BLANKENBURG",
        "phone": "2627883500",
        "address": "931 CLAIR CT",
        "city": "BROOKFIELD",
        "state": "WI",
        "zip": "53045",
        "email": "BLANKENBURG1@ATT.NET",
        "dateOfBirth": "1968-08-30T12:00:00",
        "ssn": "399706870",
        "userOrders": null,
        "isSold": false,
        "id": 52807
    },
    {
        "firstName": "MARK",
        "lastName": "WILLIAMS",
        "phone": "5127963285",
        "address": "10920 MINT JULEP DR",
        "city": "AUSTIN",
        "state": "TX",
        "zip": "78748",
        "email": "WILLIAMS.MARK.R@GMAIL.COM",
        "dateOfBirth": "1968-12-23T12:00:00",
        "ssn": "463810833",
        "userOrders": null,
        "isSold": false,
        "id": 52837
    },
    {
        "firstName": "DAREN",
        "lastName": "HASBROUCK",
        "phone": "6789368544",
        "address": "5145 MERRY LN",
        "city": "GANV",
        "state": "GA",
        "zip": "30504",
        "email": "DARENHASBROUCK@YMAIL.COM",
        "dateOfBirth": "1968-05-17T12:00:00",
        "ssn": "257237977",
        "userOrders": null,
        "isSold": false,
        "id": 52848
    },
    {
        "firstName": "MARLENE",
        "lastName": "MARTINEZ",
        "phone": "7865382533",
        "address": "413 E 11TH ST",
        "city": "HLH",
        "state": "FL",
        "zip": "33010",
        "email": "MARLENEMART68@YAHOO.COM",
        "dateOfBirth": "1968-10-31T12:00:00",
        "ssn": "579710888",
        "userOrders": null,
        "isSold": false,
        "id": 52888
    },
    {
        "firstName": "HEIDI",
        "lastName": "MCGRAW",
        "phone": "9722342767",
        "address": "1904 GARFIELD DR",
        "city": "MCKINNEY",
        "state": "TX",
        "zip": "75070",
        "email": "HEIDIMCGRAW@YAHOO.COM",
        "dateOfBirth": "1968-01-01T12:00:00",
        "ssn": "272824019",
        "userOrders": null,
        "isSold": false,
        "id": 52890
    },
    {
        "firstName": "FRANCIS",
        "lastName": "BUZAD",
        "phone": "5125774901",
        "address": "3502 ARROWHEAD DR",
        "city": "AUSTIN",
        "state": "TX",
        "zip": "78731",
        "email": "FABUZAD@GMAIL.COM",
        "dateOfBirth": "1968-06-24T12:00:00",
        "ssn": "164623752",
        "userOrders": null,
        "isSold": false,
        "id": 52919
    },
    {
        "firstName": "WAYNE",
        "lastName": "PORTERFIELD",
        "phone": "9165178639",
        "address": "12301 TAWANA DOME WAY",
        "city": "RNCHO C",
        "state": "CORDOVA",
        "zip": "95742",
        "email": "GIRLHANDY@HOTMAIL.COM",
        "dateOfBirth": "1968-12-26T12:00:00",
        "ssn": "545879688",
        "userOrders": null,
        "isSold": false,
        "id": 52933
    },
    {
        "firstName": "RONALD",
        "lastName": "JEWELL",
        "phone": "2707794783",
        "address": "1010 OPTIMUM LN",
        "city": "SPRINGFIELD",
        "state": "TN",
        "zip": "37172",
        "email": "SJBGKY@GMAIL.COM",
        "dateOfBirth": "1968-09-20T12:00:00",
        "ssn": "403251897",
        "userOrders": null,
        "isSold": false,
        "id": 52957
    },
    {
        "firstName": "ANNETTE",
        "lastName": "HOLMES",
        "phone": "2105430847",
        "address": "4138 TALAVERA TRL",
        "city": "SAN ANTONIO",
        "state": "ANTONIO",
        "zip": "78251",
        "email": "AHOLMES@SACITYTOURS.NET",
        "dateOfBirth": "1968-01-01T12:00:00",
        "ssn": "454658273",
        "userOrders": null,
        "isSold": false,
        "id": 52958
    },
    {
        "firstName": "FRANTZ",
        "lastName": "BONHOMME",
        "phone": "4797490229",
        "address": "581 NW 187TH ST",
        "city": "MIAMI GARDENS",
        "state": "GARDENS",
        "zip": "33169",
        "email": "FRANTZBONHOMME@AOL.COM",
        "dateOfBirth": "1968-07-04T12:00:00",
        "ssn": "594663403",
        "userOrders": null,
        "isSold": false,
        "id": 52959
    }
]