[
    {
        "firstName": "CARLOS",
        "lastName": "PECCIOTTO",
        "phone": "7733320139",
        "address": "FL 1",
        "city": "CHGO",
        "state": "N",
        "zip": "60622",
        "email": "CDESPERDICIO@HOTMAIL.COM",
        "dateOfBirth": "1968-08-10T12:00:00",
        "ssn": "356629298",
        "userOrders": null,
        "isSold": true,
        "id": 88316
    },
    {
        "firstName": "CLARENCE",
        "lastName": "SILVERS",
        "phone": "9376816142",
        "address": "4120 BEECH TREE CT",
        "city": "DAYTON",
        "state": "OH",
        "zip": "45424",
        "email": "NOVANUT1@YAHOO.COM",
        "dateOfBirth": "1968-02-17T12:00:00",
        "ssn": "272721670",
        "userOrders": null,
        "isSold": false,
        "id": 88513
    },
    {
        "firstName": "ROBIN",
        "lastName": "RICHARDS",
        "phone": "9045574290",
        "address": "4091 BRIARFOREST RD W",
        "city": "JKVL",
        "state": "FL",
        "zip": "32277",
        "email": "RARICHARDS68@GMAIL.COM",
        "dateOfBirth": "1968-03-30T12:00:00",
        "ssn": "261238606",
        "userOrders": null,
        "isSold": false,
        "id": 88529
    },
    {
        "firstName": "MARIA",
        "lastName": "CAMACHO.",
        "phone": "5592385665",
        "address": "1817 18TH AVE",
        "city": "SELMA",
        "state": "CA",
        "zip": "93662",
        "email": "JOELCAMACHO789@YAHOO.COM",
        "dateOfBirth": "1968-06-09T12:00:00",
        "ssn": "618337184",
        "userOrders": null,
        "isSold": false,
        "id": 88530
    },
    {
        "firstName": "JAIME",
        "lastName": "GONZALES",
        "phone": "5104120538",
        "address": "29 13TH ST APT A",
        "city": "RICH",
        "state": "CA",
        "zip": "94801",
        "email": "JAIME_GONZALES77@YAHOO.COM",
        "dateOfBirth": "1968-01-05T12:00:00",
        "ssn": "602379142",
        "userOrders": null,
        "isSold": false,
        "id": 88560
    },
    {
        "firstName": "VIRGINIO",
        "lastName": "ROSAS",
        "phone": "7606438675",
        "address": "PO BOX 3295",
        "city": "VST",
        "state": "CA",
        "zip": "92084",
        "email": "ARTYROSAS@GMAIL.COM",
        "dateOfBirth": "1968-02-23T12:00:00",
        "ssn": "618121936",
        "userOrders": null,
        "isSold": false,
        "id": 88622
    },
    {
        "firstName": "TONYA",
        "lastName": "SCOT",
        "phone": "5749040981",
        "address": "3194 WILLIAMSBURG CT APT A",
        "city": "MISHAWAKA",
        "state": "IN",
        "zip": "46545",
        "email": "NONE@ATT.NET",
        "dateOfBirth": "1968-07-01T12:00:00",
        "ssn": "309641965",
        "userOrders": null,
        "isSold": false,
        "id": 88675
    },
    {
        "firstName": "DOUGLAS",
        "lastName": "ANDERSON",
        "phone": "4698778387",
        "address": "2145708423",
        "city": "11412 PARK CENTRAL PL",
        "state": "C",
        "zip": "DALLAS",
        "email": "75230",
        "dateOfBirth": "1968-08-22T12:00:00",
        "ssn": "459577962",
        "userOrders": null,
        "isSold": false,
        "id": 88682
    },
    {
        "firstName": "SUSAN",
        "lastName": "BARNES",
        "phone": "2105512843",
        "address": "8920 MONUMENT OAK",
        "city": "FAIR OAKS RANCH",
        "state": "TX",
        "zip": "78015",
        "email": "SUSAN-BARNES@HOTMAIL.COM",
        "dateOfBirth": "1968-10-25T12:00:00",
        "ssn": "567954996",
        "userOrders": null,
        "isSold": false,
        "id": 88729
    },
    {
        "firstName": "MENDOZA",
        "lastName": "MA",
        "phone": "7085288683",
        "address": "3115 EAST AVE",
        "city": "BRWYN",
        "state": "IL",
        "zip": "60402",
        "email": "ARMEL3115@SBCGLOBAL.NET",
        "dateOfBirth": "1968-02-14T12:00:00",
        "ssn": "619272742",
        "userOrders": null,
        "isSold": false,
        "id": 88800
    },
    {
        "firstName": "DORRELLE.",
        "lastName": "HERROD",
        "phone": "7739010407",
        "address": "5157 S LAFLIN ST FL 2-RR",
        "city": "CHGO",
        "state": "IL",
        "zip": "60609",
        "email": "LETECIAWAIGHT@YAHOO.COM",
        "dateOfBirth": "1968-08-13T12:00:00",
        "ssn": "335621846",
        "userOrders": null,
        "isSold": false,
        "id": 88837
    },
    {
        "firstName": "TAD",
        "lastName": "YONEYAMA",
        "phone": "6159757732",
        "address": "2941 POLO CLUB RD",
        "city": "NASHVILLE",
        "state": "TN",
        "zip": "37221",
        "email": "YONEYAMA@ATT.NET",
        "dateOfBirth": "1968-09-11T12:00:00",
        "ssn": "401981611",
        "userOrders": null,
        "isSold": false,
        "id": 88844
    },
    {
        "firstName": "VICTORIA***",
        "lastName": "YARBOR",
        "phone": "9169688410",
        "address": "3372 BRUNNER DR",
        "city": "SAC",
        "state": "CA",
        "zip": "95826",
        "email": "VICTORIA8256@ATT.NET",
        "dateOfBirth": "1968-07-16T12:00:00",
        "ssn": "526410104",
        "userOrders": null,
        "isSold": false,
        "id": 88873
    },
    {
        "firstName": "STEPHANIE",
        "lastName": "COCHRAN",
        "phone": "5124134481",
        "address": "341 AN COUNTY ROAD 325",
        "city": "ROUND ROCK",
        "state": "TX",
        "zip": "78665",
        "email": "STEPHANIE_COCHRAN@ATT.NET",
        "dateOfBirth": "1968-09-25T12:00:00",
        "ssn": "225190228",
        "userOrders": null,
        "isSold": false,
        "id": 88937
    },
    {
        "firstName": "MARLA",
        "lastName": "BOLEY",
        "phone": "7703679701",
        "address": "10 INDIAN VALLEY WAY",
        "city": "RYDAL",
        "state": "GA",
        "zip": "30171",
        "email": "MARLABOLEY@YAHOO.COM",
        "dateOfBirth": "1968-12-21T12:00:00",
        "ssn": "448884981",
        "userOrders": null,
        "isSold": false,
        "id": 88949
    }
]