[
    {
        "firstName": "JAMES",
        "lastName": "LINDER",
        "phone": "9312475726",
        "address": "209 HAMILTON CT",
        "city": "MANCHESTER",
        "state": "TN",
        "zip": "37355",
        "email": "SJLINDER@YAHOO.COM",
        "dateOfBirth": "1969-01-24T12:00:00",
        "ssn": "410435189",
        "userOrders": null,
        "isSold": false,
        "id": 105348
    },
    {
        "firstName": "CARRIE",
        "lastName": "GUNTER",
        "phone": "6787732575",
        "address": "218 HAMILTON CROSSING RD NW",
        "city": "MRETA",
        "state": "GA",
        "zip": "30064",
        "email": "CARRIE.GUNTER@YAHOO.COM",
        "dateOfBirth": "1969-04-10T12:00:00",
        "ssn": "253511524",
        "userOrders": null,
        "isSold": false,
        "id": 105434
    },
    {
        "firstName": "KERREEN",
        "lastName": "CHAU",
        "phone": "9497690153",
        "address": "1401 N EL CAMINO REAL STE 100",
        "city": "S CL",
        "state": "CLEMENTE",
        "zip": "92672",
        "email": "OCCOUPLETHERAPY@AOL.COM",
        "dateOfBirth": "1969-03-31T12:00:00",
        "ssn": "553775165",
        "userOrders": null,
        "isSold": false,
        "id": 105471
    },
    {
        "firstName": "BRYAN",
        "lastName": "REINKE",
        "phone": "2146163197",
        "address": "3336 MILTON AVE",
        "city": "UNIVERSITY PARK",
        "state": "TX",
        "zip": "75205",
        "email": "BKR602@YAHOO.COM",
        "dateOfBirth": "1969-06-02T12:00:00",
        "ssn": "452114764",
        "userOrders": null,
        "isSold": false,
        "id": 105479
    },
    {
        "firstName": "MARIE",
        "lastName": "SUGGS",
        "phone": "2248291148",
        "address": "452 MEADOW GREEN LN",
        "city": "RND LK BCH",
        "state": "LK",
        "zip": "60073",
        "email": "MSUGGS211@GMAIL.COM",
        "dateOfBirth": "1969-12-28T12:00:00",
        "ssn": "323641526",
        "userOrders": null,
        "isSold": false,
        "id": 105504
    },
    {
        "firstName": "SCOTT",
        "lastName": "SMITH",
        "phone": "7704479898",
        "address": "4171 FLIPPEN TRL",
        "city": "NORC",
        "state": "COR",
        "zip": "30092",
        "email": "SSMITH9898@BELLSOUTH.NET",
        "dateOfBirth": "1969-12-11T12:00:00",
        "ssn": "260270011",
        "userOrders": null,
        "isSold": false,
        "id": 105622
    },
    {
        "firstName": "WENDY",
        "lastName": "WEITZ",
        "phone": "9258251807",
        "address": "1800 WILDBROOK CT APT C",
        "city": "CNCD",
        "state": "CA",
        "zip": "94521",
        "email": "LAWRENCEANDNAOMI@ATT.NET",
        "dateOfBirth": "1969-07-20T12:00:00",
        "ssn": "488645774",
        "userOrders": null,
        "isSold": false,
        "id": 105642
    },
    {
        "firstName": "ANDRES",
        "lastName": "CASTILLO",
        "phone": "4425009250",
        "address": "3075 FINNIAN WAY APT 109",
        "city": "CSBD",
        "state": "CA",
        "zip": "92011",
        "email": "ANDRESCASTILLO65@GMAIL.COM",
        "dateOfBirth": "1969-06-18T12:00:00",
        "ssn": "545773762",
        "userOrders": null,
        "isSold": false,
        "id": 105652
    },
    {
        "firstName": "BOBI",
        "lastName": "HENDRICKSON",
        "phone": "2693179421",
        "address": "5775 US HIGHWAY 27 S # 140",
        "city": "BATTLE CREEK",
        "state": "MI",
        "zip": "49015",
        "email": "BOBIDOLL@GMAIL.COM",
        "dateOfBirth": "1969-09-03T12:00:00",
        "ssn": "366806435",
        "userOrders": null,
        "isSold": false,
        "id": 105719
    },
    {
        "firstName": "MARILYN",
        "lastName": "BRUMMITT",
        "phone": "6626460811",
        "address": "104 HIGHWAY 278 E",
        "city": "AMORY",
        "state": "MS",
        "zip": "38821",
        "email": "MARILYNBRUMMITT@YAHOO.COM",
        "dateOfBirth": "1969-08-10T12:00:00",
        "ssn": "425219276",
        "userOrders": null,
        "isSold": false,
        "id": 105760
    },
    {
        "firstName": "ERIN",
        "lastName": "OAKES",
        "phone": "9162133570",
        "address": "3517 WILLIS DR",
        "city": "NAPA",
        "state": "CA",
        "zip": "94558",
        "email": "ERIN_OAKES@YAHOO.COM",
        "dateOfBirth": "1969-09-13T12:00:00",
        "ssn": "552850488",
        "userOrders": null,
        "isSold": false,
        "id": 105777
    },
    {
        "firstName": "KARLA",
        "lastName": "DATTOLO",
        "phone": "5407460937",
        "address": "2700 E VALLEY PKWY UNIT SP53",
        "city": "ESC",
        "state": "CA",
        "zip": "92027",
        "email": "RANAK99@HOTMAIL.COM",
        "dateOfBirth": "1969-09-01T12:00:00",
        "ssn": "231937265",
        "userOrders": null,
        "isSold": false,
        "id": 105782
    },
    {
        "firstName": "MARIE",
        "lastName": "ARITA",
        "phone": "2818884316",
        "address": "509 CENTER ST",
        "city": "PASADENA",
        "state": "TX",
        "zip": "77506",
        "email": "SONIAARITA@YAHOO.COM",
        "dateOfBirth": "1969-03-09T12:00:00",
        "ssn": "467539565",
        "userOrders": null,
        "isSold": false,
        "id": 105805
    },
    {
        "firstName": "ERICA;",
        "lastName": "FIGUEROA",
        "phone": "7146618686",
        "address": "1612 S NINTH ST APT C",
        "city": "SA",
        "state": "CA",
        "zip": "92707",
        "email": "ANI00BRI97@ATT.NET",
        "dateOfBirth": "1969-03-09T12:00:00",
        "ssn": "558499928",
        "userOrders": null,
        "isSold": false,
        "id": 105854
    }
]