[
    {
        "firstName": "KEALLY",
        "lastName": "MCBRIDE",
        "phone": "5108930704",
        "address": "712 WALKER AVE",
        "city": "OAK",
        "state": "CA",
        "zip": "94610",
        "email": "KDMCBRIDE@USFCA.EDU",
        "dateOfBirth": "1969-11-07T12:00:00",
        "ssn": "524455348",
        "userOrders": null,
        "isSold": false,
        "id": 25700
    },
    {
        "firstName": "JOHN",
        "lastName": "CHAPPA",
        "phone": "7777775114",
        "address": "25335 BUDDE RD APT 1021",
        "city": "SPRING",
        "state": "TX",
        "zip": "77380",
        "email": "KRISTINCHAPA@YAHOO.COM",
        "dateOfBirth": "1969-11-15T12:00:00",
        "ssn": "458754679",
        "userOrders": null,
        "isSold": false,
        "id": 25727
    },
    {
        "firstName": "PENNY",
        "lastName": "LINTON",
        "phone": "9014617790",
        "address": "4375 HIGHWAY 51 N APT 103",
        "city": "HORN LAKE",
        "state": "LAKE",
        "zip": "38637",
        "email": "PENNYLINTON@YAHOO.COM",
        "dateOfBirth": "1969-05-13T12:00:00",
        "ssn": "425150990",
        "userOrders": null,
        "isSold": false,
        "id": 25887
    },
    {
        "firstName": "CANISE",
        "lastName": "WADE",
        "phone": "3365097903",
        "address": "817 NESTLEWAY DR",
        "city": "GNBO",
        "state": "NC",
        "zip": "27406",
        "email": "WADE_WEAR@YAHOO.COM",
        "dateOfBirth": "1969-03-12T12:00:00",
        "ssn": "273823130",
        "userOrders": null,
        "isSold": false,
        "id": 25998
    },
    {
        "firstName": "KIRK",
        "lastName": "PRATER",
        "phone": "8166683115",
        "address": "3002 SW SHROUT CREEK DR",
        "city": "BLUE SPRINGS",
        "state": "SPRINGS",
        "zip": "64015",
        "email": "KPRATER01@ATT.NET",
        "dateOfBirth": "1969-05-06T12:00:00",
        "ssn": "486780778",
        "userOrders": null,
        "isSold": false,
        "id": 26009
    },
    {
        "firstName": "TAMMY",
        "lastName": "BROWN",
        "phone": "7702892314",
        "address": "313 HORSESHOE BEND CIR",
        "city": "GRIF",
        "state": "GA",
        "zip": "30223",
        "email": "BROWN4608T@ATT.NET",
        "dateOfBirth": "1969-04-20T12:00:00",
        "ssn": "256430879",
        "userOrders": null,
        "isSold": false,
        "id": 26014
    },
    {
        "firstName": "ALEXANDER",
        "lastName": "TAPIA",
        "phone": "1111110002",
        "address": "6118 NW 26TH ST",
        "city": "SNRSE",
        "state": "FL",
        "zip": "33313",
        "email": "TOOREAL29@GMAIL.COM",
        "dateOfBirth": "1969-01-01T12:00:00",
        "ssn": "148725959",
        "userOrders": null,
        "isSold": false,
        "id": 26054
    },
    {
        "firstName": "GUILLERMO",
        "lastName": "GONZALES",
        "phone": "7863087998",
        "address": "6055 INDIAN CREEK DR APT 1",
        "city": "M*B",
        "state": "BEACH",
        "zip": "33140",
        "email": "GOMARKE1@HOTMAIL.COM",
        "dateOfBirth": "1969-02-10T12:00:00",
        "ssn": "594479893",
        "userOrders": null,
        "isSold": false,
        "id": 26103
    },
    {
        "firstName": "DEBRAH",
        "lastName": "COOPER",
        "phone": "4046260339",
        "address": "2006 WARLICK PL NE",
        "city": "ATL",
        "state": "GA",
        "zip": "30317",
        "email": "DLC77@BELLSOUTH.NET",
        "dateOfBirth": "1969-09-23T12:00:00",
        "ssn": "259159212",
        "userOrders": null,
        "isSold": false,
        "id": 26145
    },
    {
        "firstName": "ANTHONY",
        "lastName": "COLLINS",
        "phone": "8472640377",
        "address": "15033 W 95TH AVE",
        "city": "ST JOHN",
        "state": "IN",
        "zip": "46311",
        "email": "ALERO4422@YAHOO.COM",
        "dateOfBirth": "1969-03-18T12:00:00",
        "ssn": "319700525",
        "userOrders": null,
        "isSold": false,
        "id": 26179
    },
    {
        "firstName": "JOHN",
        "lastName": "GARDNER",
        "phone": "7133013710",
        "address": "5212 SPRING CIRCLE DR",
        "city": "PEARLAND",
        "state": "TX",
        "zip": "77584",
        "email": "JCGROG24@SBCGLOBAL.NET",
        "dateOfBirth": "1969-09-09T12:00:00",
        "ssn": "449631059",
        "userOrders": null,
        "isSold": false,
        "id": 26206
    },
    {
        "firstName": "LILLIAN",
        "lastName": "GUIDO",
        "phone": "3235582861",
        "address": "3770 MERCURY AVE",
        "city": "LA",
        "state": "ANGELES",
        "zip": "90031",
        "email": "LILIANGUIDO@SBCGLOBAL.NET",
        "dateOfBirth": "1969-12-13T12:00:00",
        "ssn": "619162936",
        "userOrders": null,
        "isSold": false,
        "id": 26234
    },
    {
        "firstName": "CONSUELO",
        "lastName": "WALSS-BASS",
        "phone": "2108492277",
        "address": "7310 BRACE ST",
        "city": "HOUSTON",
        "state": "TX",
        "zip": "77061",
        "email": "CONSUELO_WALSS@YAHOO.COM",
        "dateOfBirth": "1969-11-15T12:00:00",
        "ssn": "642362819",
        "userOrders": null,
        "isSold": false,
        "id": 26237
    },
    {
        "firstName": "NAOMI",
        "lastName": "MORRIS",
        "phone": "7152221969",
        "address": "915 SAINT CROIX ST N",
        "city": "HUDSON",
        "state": "WI",
        "zip": "54016",
        "email": "JNMORRIS5@ATT.NET",
        "dateOfBirth": "1969-05-05T12:00:00",
        "ssn": "472966932",
        "userOrders": null,
        "isSold": false,
        "id": 26272
    },
    {
        "firstName": "ERIC",
        "lastName": "LARSEN",
        "phone": "4083703372",
        "address": "555 PIERCE ST APT 608",
        "city": "CML",
        "state": "CA",
        "zip": "95008",
        "email": "ERIC@METAFUSION.NET",
        "dateOfBirth": "1969-11-29T12:00:00",
        "ssn": "555898132",
        "userOrders": null,
        "isSold": false,
        "id": 26312
    }
]