[
    {
        "firstName": "JEFF",
        "lastName": "DUESING",
        "phone": "9168335187",
        "address": "2628 GREENWOOD AVE",
        "city": "SAC",
        "state": "CA",
        "zip": "95864",
        "email": "JEFF.DUESING@GMAIL.COM",
        "dateOfBirth": "1969-10-11T12:00:00",
        "ssn": "567837152",
        "userOrders": null,
        "isSold": false,
        "id": 100185
    },
    {
        "firstName": "BRENDA",
        "lastName": "SHUMATE",
        "phone": "6613314366",
        "address": "12310 CONNERY WAY",
        "city": "BKFD",
        "state": "CA",
        "zip": "93314",
        "email": "SHUMATE93@ATT.NET",
        "dateOfBirth": "1969-01-01T12:00:00",
        "ssn": "443566276",
        "userOrders": null,
        "isSold": false,
        "id": 100219
    },
    {
        "firstName": "SURYANAINI",
        "lastName": "ARJUNE",
        "phone": "2165021368",
        "address": "13713 CARRINGTON AVE",
        "city": "CLEVELAND",
        "state": "OH",
        "zip": "44135",
        "email": "SURYANAINIA@GMAIL.COM",
        "dateOfBirth": "1969-05-18T12:00:00",
        "ssn": "271043798",
        "userOrders": null,
        "isSold": false,
        "id": 100230
    },
    {
        "firstName": "KIMBERLY",
        "lastName": "BRAND",
        "phone": "9045888143",
        "address": "8530 LONE STAR RD",
        "city": "JKVL",
        "state": "FL",
        "zip": "32211",
        "email": "KIMBRAND2@GMAIL.COM",
        "dateOfBirth": "1969-06-23T12:00:00",
        "ssn": "594268301",
        "userOrders": null,
        "isSold": false,
        "id": 100351
    },
    {
        "firstName": "STACY",
        "lastName": "HENSLEY",
        "phone": "2699981972",
        "address": "9630 WOODLAWN DR",
        "city": "PORTAGE",
        "state": "MI",
        "zip": "49002",
        "email": "STACY.HENSLY@ATRYKER.COM",
        "dateOfBirth": "1969-02-16T12:00:00",
        "ssn": "486667100",
        "userOrders": null,
        "isSold": false,
        "id": 100360
    },
    {
        "firstName": "MATTHEW",
        "lastName": "FORD",
        "phone": "6783539218",
        "address": "3200 STONE RD SW APT K1",
        "city": "ATL",
        "state": "GA",
        "zip": "30331",
        "email": "MEF924@GMAIL.COM",
        "dateOfBirth": "1969-09-24T12:00:00",
        "ssn": "250237743",
        "userOrders": null,
        "isSold": false,
        "id": 100442
    },
    {
        "firstName": "KINDRA",
        "lastName": "DOWDY",
        "phone": "1111110001",
        "address": "4123 BONA TERRA ST",
        "city": "MEMPHIS",
        "state": "TN",
        "zip": "38109",
        "email": "KINDRA.L.DOWDY@GMAIL.COM",
        "dateOfBirth": "1969-08-30T12:00:00",
        "ssn": "411251149",
        "userOrders": null,
        "isSold": false,
        "id": 100511
    },
    {
        "firstName": "IMELDA",
        "lastName": "NAVARRO",
        "phone": "7133444454",
        "address": "8817 RODEO DR APT 128",
        "city": "IRVING",
        "state": "TX",
        "zip": "75063",
        "email": "IMELDA.NAVARRO@SBCGLOBAL.NET",
        "dateOfBirth": "1969-11-28T12:00:00",
        "ssn": "464752628",
        "userOrders": null,
        "isSold": false,
        "id": 100700
    },
    {
        "firstName": "HOPE",
        "lastName": "ENGLISH",
        "phone": "4199364088",
        "address": "204 MAPLELAWN DR",
        "city": "BEREA",
        "state": "OH",
        "zip": "44017",
        "email": "HOPEENGLISH99@GMAIL.COM",
        "dateOfBirth": "1969-07-21T12:00:00",
        "ssn": "302820168",
        "userOrders": null,
        "isSold": false,
        "id": 100706
    },
    {
        "firstName": "CHRISTINA",
        "lastName": "TEBRUGGE",
        "phone": "2177265228",
        "address": "2309 HAMPTON DR",
        "city": "SPFD",
        "state": "IL",
        "zip": "62704",
        "email": "S.TEBRUGGE@COMCAST.NET",
        "dateOfBirth": "1969-05-11T12:00:00",
        "ssn": "335747056",
        "userOrders": null,
        "isSold": false,
        "id": 100768
    },
    {
        "firstName": "MARIA",
        "lastName": "SANCHEZ.",
        "phone": "7605216147",
        "address": "800 E BOBIER DR APT D2",
        "city": "VST",
        "state": "CA",
        "zip": "92084",
        "email": "HAYATI35_@HOTMAIL.COM",
        "dateOfBirth": "1969-05-06T12:00:00",
        "ssn": "626900367",
        "userOrders": null,
        "isSold": false,
        "id": 100782
    },
    {
        "firstName": "NORMA",
        "lastName": "LUZ",
        "phone": "7133848438",
        "address": "522 RANDALL ST",
        "city": "PASADENA",
        "state": "TX",
        "zip": "77506",
        "email": "NORMALUZ@ATT.NET",
        "dateOfBirth": "1969-06-05T12:00:00",
        "ssn": "642685169",
        "userOrders": null,
        "isSold": false,
        "id": 100835
    },
    {
        "firstName": "MARK",
        "lastName": "ANDREWS",
        "phone": "6167912339",
        "address": "10175 SHANER AVE NE",
        "city": "COURTLAND TWP",
        "state": "MI",
        "zip": "49341",
        "email": "MARKPANDREWS@GMAIL.COM",
        "dateOfBirth": "1969-07-23T12:00:00",
        "ssn": "369788299",
        "userOrders": null,
        "isSold": false,
        "id": 100906
    },
    {
        "firstName": "KEVIN",
        "lastName": "KOCH",
        "phone": "7139569520",
        "address": "5005 LIBBEY LN",
        "city": "HOUSTON",
        "state": "TX",
        "zip": "77092",
        "email": "KEVINDKOCH@HOTMAIL.COM",
        "dateOfBirth": "1969-02-06T12:00:00",
        "ssn": "461555332",
        "userOrders": null,
        "isSold": false,
        "id": 100915
    },
    {
        "firstName": "ELIZABETH",
        "lastName": "TAYLOR",
        "phone": "8432701517",
        "address": "2041 SHELL RING CIR",
        "city": "MT PL",
        "state": "PLEASANT",
        "zip": "29466",
        "email": "TAYLOR4@BELLSOUTH.NET",
        "dateOfBirth": "1969-03-31T12:00:00",
        "ssn": "248115169",
        "userOrders": null,
        "isSold": false,
        "id": 100928
    }
]