[
    {
        "firstName": "JOY",
        "lastName": "SENTMAN",
        "phone": "5593530192",
        "address": "1552 GOSHEN AVE",
        "city": "CLOVIS",
        "state": "CA",
        "zip": "93611",
        "email": "ALFAJIRIKALI@GMAIL.COM",
        "dateOfBirth": "1969-03-31T12:00:00",
        "ssn": "517905870",
        "userOrders": null,
        "isSold": false,
        "id": 98054
    },
    {
        "firstName": "TYRONE",
        "lastName": "FRASIER",
        "phone": "7133670373",
        "address": "12102 SEMPIONE DR",
        "city": "RICHMOND",
        "state": "TX",
        "zip": "77406",
        "email": "TYRONE.FRASIER@GMALL.COM",
        "dateOfBirth": "1969-11-11T12:00:00",
        "ssn": "243138745",
        "userOrders": null,
        "isSold": false,
        "id": 98060
    },
    {
        "firstName": "STEVE",
        "lastName": "WHITE",
        "phone": "2096525169",
        "address": "10622 PEPPER ST",
        "city": "TLK",
        "state": "CA",
        "zip": "95380",
        "email": "SWHITE7@NETZERO.NET",
        "dateOfBirth": "1969-08-25T12:00:00",
        "ssn": "548616989",
        "userOrders": null,
        "isSold": false,
        "id": 98094
    },
    {
        "firstName": "RICHARD",
        "lastName": "CHANG",
        "phone": "7073632479",
        "address": "310 WHITE COTTAGE RD S",
        "city": "ANGWIN",
        "state": "CA",
        "zip": "94508",
        "email": "DAGFINNR@ATT.NET",
        "dateOfBirth": "1969-03-15T12:00:00",
        "ssn": "554814767",
        "userOrders": null,
        "isSold": false,
        "id": 98104
    },
    {
        "firstName": "STACY",
        "lastName": "FULTON",
        "phone": "6784588293",
        "address": "1338 ARELLA BLVD",
        "city": "ANN ARBOR",
        "state": "ARBOR",
        "zip": "48103",
        "email": "STACYLYNNFULTON@GMAIL.COM",
        "dateOfBirth": "1969-02-10T12:00:00",
        "ssn": "209588742",
        "userOrders": null,
        "isSold": false,
        "id": 98170
    },
    {
        "firstName": "WILLIAM",
        "lastName": "AINSWORTH",
        "phone": "8174467325",
        "address": "5614 SMOULDERING WOOD CT",
        "city": "ARLINGTON",
        "state": "TX",
        "zip": "76016",
        "email": "WILLIAM_AINSWORTH@HOTMAIL.COM",
        "dateOfBirth": "1969-03-19T12:00:00",
        "ssn": "457754101",
        "userOrders": null,
        "isSold": false,
        "id": 98193
    },
    {
        "firstName": "KENNETH",
        "lastName": "PEARSON",
        "phone": "5024577061",
        "address": "3934 ELFIN AVE",
        "city": "LOUISVILLE",
        "state": "KY",
        "zip": "40207",
        "email": "LYNNOPEARSON@BELLSOUTH.NET",
        "dateOfBirth": "1969-09-08T12:00:00",
        "ssn": "401925385",
        "userOrders": null,
        "isSold": false,
        "id": 98302
    },
    {
        "firstName": "ERIC",
        "lastName": "IGNACIO",
        "phone": "9257857000",
        "address": "5020 WESTSIDE DR",
        "city": "SN RMN",
        "state": "RAMON",
        "zip": "94582",
        "email": "ERICIGNACIO@YAHOO.COM",
        "dateOfBirth": "1969-12-20T12:00:00",
        "ssn": "560611325",
        "userOrders": null,
        "isSold": true,
        "id": 98322
    },
    {
        "firstName": "BARBARA",
        "lastName": "COX",
        "phone": "6622660028",
        "address": "301 GARFIELD ST",
        "city": "NEW ALBANY",
        "state": "ALBANY",
        "zip": "38652",
        "email": "BARBARACOX49@YAHOO.COM",
        "dateOfBirth": "1969-10-29T12:00:00",
        "ssn": "391808916",
        "userOrders": null,
        "isSold": false,
        "id": 98457
    },
    {
        "firstName": "ALVIN",
        "lastName": "SANTONI",
        "phone": "9547328990",
        "address": "550 NW 77TH AVE BLDG 42",
        "city": "MRGT",
        "state": "FL",
        "zip": "33063",
        "email": "ALVIN.S.SANTONI@QUESTDIAGNOSTICES.COM",
        "dateOfBirth": "1969-12-07T12:00:00",
        "ssn": "582792167",
        "userOrders": null,
        "isSold": false,
        "id": 98479
    },
    {
        "firstName": "RONALD",
        "lastName": "MARSHALL",
        "phone": "2814557086",
        "address": "270 THOMAS DR",
        "city": "SAN JACINTO COUNTY",
        "state": "TX",
        "zip": "77328",
        "email": "MMCLAN13@HOTMAIL.COM",
        "dateOfBirth": "1969-02-02T12:00:00",
        "ssn": "552855560",
        "userOrders": null,
        "isSold": false,
        "id": 98481
    },
    {
        "firstName": "TIMOTHY",
        "lastName": "HOLDWICK",
        "phone": "5866681987",
        "address": "18608 VALLEYBROOK LN",
        "city": "CLINTON TWP",
        "state": "TWP",
        "zip": "48038",
        "email": "TIMHOLDWICK@COMCAST.NET",
        "dateOfBirth": "1969-06-30T12:00:00",
        "ssn": "385843945",
        "userOrders": null,
        "isSold": false,
        "id": 98514
    },
    {
        "firstName": "JEFFREY",
        "lastName": "HILTON",
        "phone": "2819324739",
        "address": "2914 VERDE VALLEY DR",
        "city": "BRAZORIA COUNTY",
        "state": "TX",
        "zip": "77578",
        "email": "SCOTT@SCOTTHILTON.COM",
        "dateOfBirth": "1969-07-16T12:00:00",
        "ssn": "451396698",
        "userOrders": null,
        "isSold": false,
        "id": 98560
    },
    {
        "firstName": "MICHAEL",
        "lastName": "LACOUNT",
        "phone": "6307688512",
        "address": "4673 LAKE VALLEY DR APT 2C",
        "city": "LISLE",
        "state": "IL",
        "zip": "60532",
        "email": "MSLACOUNT@GMAIL.COM",
        "dateOfBirth": "1969-09-15T12:00:00",
        "ssn": "569351007",
        "userOrders": null,
        "isSold": false,
        "id": 98566
    },
    {
        "firstName": "JEFF",
        "lastName": "HARDING",
        "phone": "7043415701",
        "address": "7608 COMPTON CT",
        "city": "CHAR",
        "state": "NC",
        "zip": "28270",
        "email": "JEMELHARDING@MSN.COM",
        "dateOfBirth": "1969-02-02T12:00:00",
        "ssn": "245926894",
        "userOrders": null,
        "isSold": false,
        "id": 98577
    }
]