[
    {
        "firstName": "ANA",
        "lastName": "AVILA",
        "phone": "6506363583",
        "address": "836 10TH ST",
        "city": "RICH",
        "state": "CA",
        "zip": "94801",
        "email": "V.AA46@YAHOO.COM",
        "dateOfBirth": "1969-09-11T12:00:00",
        "ssn": "604340186",
        "userOrders": null,
        "isSold": false,
        "id": 24122
    },
    {
        "firstName": "BRIAN",
        "lastName": "NICHOLSON",
        "phone": "7049804141",
        "address": "123 GRAY CLIFF DR",
        "city": "MORSVL",
        "state": "NC",
        "zip": "28117",
        "email": "BDKNICK@BELLSOUTH.NET",
        "dateOfBirth": "1969-02-24T12:00:00",
        "ssn": "245452518",
        "userOrders": null,
        "isSold": false,
        "id": 24142
    },
    {
        "firstName": "ERNIE",
        "lastName": "WILLIS",
        "phone": "2053700032",
        "address": "2916 MACALPINE CIR",
        "city": "BIRMINGHAM",
        "state": "AL",
        "zip": "35242",
        "email": "ERNWILLIS@YAHOO.COM",
        "dateOfBirth": "1969-10-15T12:00:00",
        "ssn": "418553761",
        "userOrders": null,
        "isSold": false,
        "id": 24176
    },
    {
        "firstName": "MARK",
        "lastName": "MERCHANT",
        "phone": "2164022727",
        "address": "GENERAL DELIVERY",
        "city": "BEREA",
        "state": "OH",
        "zip": "44017",
        "email": "MMERCHANT440@AOL.COM",
        "dateOfBirth": "1969-08-26T12:00:00",
        "ssn": "276609310",
        "userOrders": null,
        "isSold": false,
        "id": 24233
    },
    {
        "firstName": "DANIEL",
        "lastName": "LAU",
        "phone": "3233653799",
        "address": "1633 MAPLE ST",
        "city": "S PAS",
        "state": "PASADENA",
        "zip": "91030",
        "email": "DLAU@IMPERIALCAPITAL.COM",
        "dateOfBirth": "1969-10-26T12:00:00",
        "ssn": "567854735",
        "userOrders": null,
        "isSold": false,
        "id": 24359
    },
    {
        "firstName": "GREGG",
        "lastName": "LASTER",
        "phone": "8163926387",
        "address": "26085 BRUSH CREEK RD",
        "city": "KANSAS CITY",
        "state": "MO",
        "zip": "64151",
        "email": "TWOSNOWSHOE@YAHOO.COM",
        "dateOfBirth": "1969-10-30T12:00:00",
        "ssn": "490923382",
        "userOrders": null,
        "isSold": false,
        "id": 24506
    },
    {
        "firstName": "BARRY",
        "lastName": "JONES",
        "phone": "8283207216",
        "address": "3974 CALLIE CT",
        "city": "LENOIR",
        "state": "NC",
        "zip": "28645",
        "email": "BARRY418449@ATT.NET",
        "dateOfBirth": "1969-01-21T12:00:00",
        "ssn": "223980626",
        "userOrders": null,
        "isSold": false,
        "id": 24580
    },
    {
        "firstName": "JUAN",
        "lastName": "BONILLA",
        "phone": "2142533894",
        "address": "1025 LAKEVIEW CT",
        "city": "LITTLE ELM",
        "state": "ELM",
        "zip": "75068",
        "email": "JULISA.VENTURA67@YAHOO.COM",
        "dateOfBirth": "1969-01-24T12:00:00",
        "ssn": "615269058",
        "userOrders": null,
        "isSold": false,
        "id": 24587
    },
    {
        "firstName": "DEHNNA",
        "lastName": "BENSON",
        "phone": "9203781491",
        "address": "N1826 HYACINTH CT",
        "city": "GREENVILLE",
        "state": "WI",
        "zip": "54942",
        "email": "DEDE2266@YAHOO.COM",
        "dateOfBirth": "1969-12-02T12:00:00",
        "ssn": "393682266",
        "userOrders": null,
        "isSold": false,
        "id": 24686
    },
    {
        "firstName": "HEATHER",
        "lastName": "GRAHAM",
        "phone": "9135796244",
        "address": "3217 SE 195TH AVE",
        "city": "OLATHE",
        "state": "WA",
        "zip": "66062",
        "email": "HGRAHAM1032@GMAIL.COM",
        "dateOfBirth": "1969-10-18T12:00:00",
        "ssn": "535747145",
        "userOrders": null,
        "isSold": true,
        "id": 24693
    },
    {
        "firstName": "JOHN",
        "lastName": "LUEHMANN",
        "phone": "6143534915",
        "address": "2513 BRENTWOOD RD",
        "city": "BEXLEY",
        "state": "OH",
        "zip": "43209",
        "email": "JLUEHMANN@HOTMAIL.COM",
        "dateOfBirth": "1969-08-27T12:00:00",
        "ssn": "306729511",
        "userOrders": null,
        "isSold": false,
        "id": 24696
    },
    {
        "firstName": "FRANK",
        "lastName": "MARCHESE",
        "phone": "7734299861",
        "address": "11461 S HOMAN AVE",
        "city": "CHGO",
        "state": "IL",
        "zip": "60655",
        "email": "SB296CI@YAHOO.COM",
        "dateOfBirth": "1969-07-07T12:00:00",
        "ssn": "319548975",
        "userOrders": null,
        "isSold": false,
        "id": 24741
    },
    {
        "firstName": "DINA",
        "lastName": "AGUIRRE",
        "phone": "9405777717",
        "address": "18180 HOLLY FOREST DR",
        "city": "HOUSTON",
        "state": "TX",
        "zip": "77084",
        "email": "MADMEG69@GMAIL.COM",
        "dateOfBirth": "1969-01-14T12:00:00",
        "ssn": "453213558",
        "userOrders": null,
        "isSold": false,
        "id": 24832
    },
    {
        "firstName": "VERONICA",
        "lastName": "CARRILLO",
        "phone": "9095591873",
        "address": "19276 JURUPA AVE",
        "city": "BLM",
        "state": "CA",
        "zip": "92316",
        "email": "VERONICA5490@ATT.NET",
        "dateOfBirth": "1969-03-26T12:00:00",
        "ssn": "614116670",
        "userOrders": null,
        "isSold": false,
        "id": 24842
    },
    {
        "firstName": "ELSA",
        "lastName": "GARCIA",
        "phone": "7738718053",
        "address": "3328 N LEAVITT ST APT 2",
        "city": "CHGO",
        "state": "IL",
        "zip": "60618",
        "email": "DAISY_PEREZ3@HOTMAIL.COM",
        "dateOfBirth": "1969-12-22T12:00:00",
        "ssn": "331780583",
        "userOrders": null,
        "isSold": false,
        "id": 24949
    }
]