[
    {
        "firstName": "MARTIN",
        "lastName": "MAGANA",
        "phone": "3232628747",
        "address": "335 N KERN AVE APT A",
        "city": "LA",
        "state": "ANGELES",
        "zip": "90022",
        "email": "MAGANA_MARTIN@ATT.NET",
        "dateOfBirth": "1969-03-26T12:00:00",
        "ssn": "603015466",
        "userOrders": null,
        "isSold": false,
        "id": 103860
    },
    {
        "firstName": "SUSAN",
        "lastName": "DANSER",
        "phone": "7707452811",
        "address": "1711 BRANCHWOOD CT",
        "city": "AUS",
        "state": "SPGS",
        "zip": "30106",
        "email": "RUSSANDSUSAN@BELLSOUTH.NET",
        "dateOfBirth": "1969-05-29T12:00:00",
        "ssn": "259920784",
        "userOrders": null,
        "isSold": true,
        "id": 103906
    },
    {
        "firstName": "ROBERT",
        "lastName": "VOGT",
        "phone": "6363491067",
        "address": "1015 UTHOFF FARM CT",
        "city": "FENTON",
        "state": "MO",
        "zip": "63026",
        "email": "RVOGTJR@GMAIL.COM",
        "dateOfBirth": "1969-04-29T12:00:00",
        "ssn": "492884937",
        "userOrders": null,
        "isSold": false,
        "id": 103978
    },
    {
        "firstName": "ANTHONY",
        "lastName": "RILEY",
        "phone": "6192797716",
        "address": "714 SAUGERTIES AVE",
        "city": "SD",
        "state": "DIEGO",
        "zip": "92154",
        "email": "AR713@ATT.NET",
        "dateOfBirth": "1969-10-11T12:00:00",
        "ssn": "549495783",
        "userOrders": null,
        "isSold": false,
        "id": 104034
    },
    {
        "firstName": "WILSON",
        "lastName": "LAKU",
        "phone": "4148976203",
        "address": "4148976214",
        "city": "MILWAUKEE WI 53208-3966",
        "state": "N",
        "zip": "MILWAUKEE",
        "email": "53208",
        "dateOfBirth": "1969-05-24T12:00:00",
        "ssn": "359962488",
        "userOrders": null,
        "isSold": true,
        "id": 104066
    },
    {
        "firstName": "CARL",
        "lastName": "POWELL",
        "phone": "1111110004",
        "address": "280 MIDWAY RTE",
        "city": "DREW COUNTY",
        "state": "AR",
        "zip": "71655",
        "email": "ARK-DIRECT-FLOORIN@ATT.NET",
        "dateOfBirth": "1969-11-29T12:00:00",
        "ssn": "432352824",
        "userOrders": null,
        "isSold": false,
        "id": 104068
    },
    {
        "firstName": "RENEE",
        "lastName": "KELLER",
        "phone": "8438647327",
        "address": "6220 MURRAY DR APT 22C",
        "city": "HANHN",
        "state": "SC",
        "zip": "29410",
        "email": "RKELLER6220@ATT.NET",
        "dateOfBirth": "1969-08-01T12:00:00",
        "ssn": "196646884",
        "userOrders": null,
        "isSold": false,
        "id": 104097
    },
    {
        "firstName": "THOMAS",
        "lastName": "STEWART",
        "phone": "3232458036",
        "address": "3233404092",
        "city": "LOS ANGELES CA 90042-4422",
        "state": "SOUTH",
        "zip": "LA",
        "email": "90042",
        "dateOfBirth": "1969-07-05T12:00:00",
        "ssn": "571859568",
        "userOrders": null,
        "isSold": false,
        "id": 104127
    },
    {
        "firstName": "DOMENICO",
        "lastName": "ESPOSITO",
        "phone": "6305293432",
        "address": "6N228 GARY AVE",
        "city": "ROSEL",
        "state": "IL",
        "zip": "60172",
        "email": "WENDYONE66@YAHOO.COM",
        "dateOfBirth": "1969-04-26T12:00:00",
        "ssn": "341541742",
        "userOrders": null,
        "isSold": false,
        "id": 104137
    },
    {
        "firstName": "EMILIO",
        "lastName": "ARELLANO",
        "phone": "2142823024",
        "address": "713 NE 19TH ST",
        "city": "GRAND PRAIRIE",
        "state": "PRAIRIE",
        "zip": "75050",
        "email": "2142823024@TXT.ATT.NET",
        "dateOfBirth": "1969-05-21T12:00:00",
        "ssn": "624108428",
        "userOrders": null,
        "isSold": false,
        "id": 104188
    },
    {
        "firstName": "LYMALLE",
        "lastName": "HARVEY",
        "phone": "2137177049",
        "address": "4300 YORKSHIRE RD",
        "city": "DETROIT",
        "state": "MI",
        "zip": "48224",
        "email": "LYMALLE@YAHOO.COM",
        "dateOfBirth": "1969-09-07T12:00:00",
        "ssn": "362980512",
        "userOrders": null,
        "isSold": false,
        "id": 104325
    },
    {
        "firstName": "MELISSA",
        "lastName": "A",
        "phone": "9316528620",
        "address": "3300 FISHING FORD RD",
        "city": "PETERSBURG",
        "state": "TN",
        "zip": "37144",
        "email": "SHORTMELISSA179@GMAIL.COM",
        "dateOfBirth": "1969-07-19T12:00:00",
        "ssn": "410194262",
        "userOrders": null,
        "isSold": false,
        "id": 104437
    },
    {
        "firstName": "DOROTHY",
        "lastName": "YOUNG",
        "phone": "7042580666",
        "address": "8938 WHISTLERS CHASE DR",
        "city": "CHAR",
        "state": "NC",
        "zip": "28269",
        "email": "DOROTHYMOOREHEAD04@GMAIL.COM",
        "dateOfBirth": "1969-07-28T12:00:00",
        "ssn": "237391961",
        "userOrders": null,
        "isSold": false,
        "id": 104455
    },
    {
        "firstName": "RENAE",
        "lastName": "HANKINS",
        "phone": "1111110001",
        "address": "10575 OLSON DR",
        "city": "ORGVLE",
        "state": "CORDOVA",
        "zip": "95662",
        "email": "RUDOLPH-V@HOTMAIL.COM",
        "dateOfBirth": "1969-11-28T12:00:00",
        "ssn": "559851007",
        "userOrders": null,
        "isSold": false,
        "id": 104476
    },
    {
        "firstName": "DARLA",
        "lastName": "BAILEY",
        "phone": "9405212086",
        "address": "7628 GREENGAGE DR",
        "city": "FORT WORTH",
        "state": "WORTH",
        "zip": "76133",
        "email": "DARLA-BAILEY@SBCGLOBAL.NET",
        "dateOfBirth": "1969-04-05T12:00:00",
        "ssn": "507082579",
        "userOrders": null,
        "isSold": false,
        "id": 104486
    }
]