[
    {
        "firstName": "YVETTE",
        "lastName": "FORET",
        "phone": "3377817722",
        "address": "101 E DORE ST",
        "city": "ERATH",
        "state": "LA",
        "zip": "70533",
        "email": "YVETTE.FORET@GMAIL.COM",
        "dateOfBirth": "1969-11-09T12:00:00",
        "ssn": "548194009",
        "userOrders": null,
        "isSold": false,
        "id": 95503
    },
    {
        "firstName": "DANENA",
        "lastName": "COOPER",
        "phone": "3177092631",
        "address": "226 CREEKSIDE PARK",
        "city": "SHELBYVILLE",
        "state": "IN",
        "zip": "46176",
        "email": "NENA_1969@YAHOO.COM",
        "dateOfBirth": "1969-06-19T12:00:00",
        "ssn": "310923503",
        "userOrders": null,
        "isSold": false,
        "id": 95572
    },
    {
        "firstName": "BRIAN",
        "lastName": "BOYS",
        "phone": "3107794712",
        "address": "3360 WADE ST",
        "city": "LOS ANGELES",
        "state": "ANGELES",
        "zip": "90066",
        "email": "BOYSY@MAC.COM",
        "dateOfBirth": "1969-02-27T12:00:00",
        "ssn": "610553310",
        "userOrders": null,
        "isSold": true,
        "id": 95662
    },
    {
        "firstName": "KEZHOU",
        "lastName": "WANG",
        "phone": "6308159382",
        "address": "2127 SUDBURY ST",
        "city": "N AURORA",
        "state": "IL",
        "zip": "60542",
        "email": "GUOLIP@GMAIL.COM",
        "dateOfBirth": "1969-10-20T12:00:00",
        "ssn": "417538417",
        "userOrders": null,
        "isSold": false,
        "id": 95693
    },
    {
        "firstName": "LAVERA",
        "lastName": "GREGORY",
        "phone": "3134245244",
        "address": "9263 ROSEMONT AVE",
        "city": "DETROIT",
        "state": "MI",
        "zip": "48228",
        "email": "THEGREGORYS5@ATT.NET",
        "dateOfBirth": "1969-12-01T12:00:00",
        "ssn": "430278710",
        "userOrders": null,
        "isSold": false,
        "id": 95811
    },
    {
        "firstName": "JAMES",
        "lastName": "WATT",
        "phone": "2489416688",
        "address": "2405 CASS LAKE RD",
        "city": "KEEGO HRBR",
        "state": "HARBOR",
        "zip": "48320",
        "email": "WJ3MOND55@AOL.COM",
        "dateOfBirth": "1969-06-27T12:00:00",
        "ssn": "369800822",
        "userOrders": null,
        "isSold": true,
        "id": 95820
    },
    {
        "firstName": "HILDA",
        "lastName": "MENJIVAR",
        "phone": "6605530916",
        "address": "1304 E 4TH ST",
        "city": "SEDALIA",
        "state": "MO",
        "zip": "65301",
        "email": "CHICANA_GABBY@HOTMAIL.COM",
        "dateOfBirth": "1969-03-17T12:00:00",
        "ssn": "431895165",
        "userOrders": null,
        "isSold": false,
        "id": 95884
    },
    {
        "firstName": "FELIX",
        "lastName": "REBULTAN",
        "phone": "7145612134",
        "address": "1810 E SYCAMORE ST",
        "city": "ANH",
        "state": "CA",
        "zip": "92805",
        "email": "REBULTAN9862@ATT.NET",
        "dateOfBirth": "1969-03-14T12:00:00",
        "ssn": "571919018",
        "userOrders": null,
        "isSold": false,
        "id": 95925
    },
    {
        "firstName": "JOSEFINA",
        "lastName": "RODRIGUEZ",
        "phone": "2483428815",
        "address": "42 ORIOLE RD",
        "city": "PONTIAC",
        "state": "MI",
        "zip": "48341",
        "email": "SANCHEZRODRIGUEZ5@HOTMAIL.COM",
        "dateOfBirth": "1969-04-16T12:00:00",
        "ssn": "368273523",
        "userOrders": null,
        "isSold": false,
        "id": 96034
    },
    {
        "firstName": "FELICIA",
        "lastName": "M",
        "phone": "7045953849",
        "address": "300 BURROUGHS ST",
        "city": "CHAR",
        "state": "NC",
        "zip": "28213",
        "email": "FELICIAMCOOPER@ATT.NET",
        "dateOfBirth": "1969-01-18T12:00:00",
        "ssn": "244212603",
        "userOrders": null,
        "isSold": false,
        "id": 96080
    },
    {
        "firstName": "MELANIE",
        "lastName": "LONG",
        "phone": "7138981849",
        "address": "1806 CHIPPENDALE RD",
        "city": "HOUSTON",
        "state": "TX",
        "zip": "77018",
        "email": "MMLONG1123@GMAIL.COM",
        "dateOfBirth": "1969-11-11T12:00:00",
        "ssn": "434948209",
        "userOrders": null,
        "isSold": false,
        "id": 96086
    },
    {
        "firstName": "JAMES",
        "lastName": "DOZIER",
        "phone": "6509222571",
        "address": "1483 REDWOOD DR",
        "city": "ANT",
        "state": "CA",
        "zip": "94531",
        "email": "JNETCB@MSN.COM",
        "dateOfBirth": "1969-07-12T12:00:00",
        "ssn": "570851616",
        "userOrders": null,
        "isSold": false,
        "id": 96090
    },
    {
        "firstName": "KIMBERLY",
        "lastName": "FELDER",
        "phone": "5102287871",
        "address": "4016 CALDERA WAY",
        "city": "ANT",
        "state": "CA",
        "zip": "94509",
        "email": "KFELDER14@YAHOO.COM",
        "dateOfBirth": "1969-03-14T12:00:00",
        "ssn": "552139378",
        "userOrders": null,
        "isSold": false,
        "id": 96157
    },
    {
        "firstName": "TIM",
        "lastName": "COCA",
        "phone": "2626812823",
        "address": "5304 SANTA ANITA DR",
        "city": "RACINE",
        "state": "WI",
        "zip": "53402",
        "email": "coca5304@aol.com",
        "dateOfBirth": "1969-09-26T12:00:00",
        "ssn": "399889517",
        "userOrders": null,
        "isSold": false,
        "id": 96194
    },
    {
        "firstName": "MADELYN",
        "lastName": "ZIMMERMAN",
        "phone": "2142078994",
        "address": "1715 S ERVAY ST APT 102",
        "city": "DALLAS",
        "state": "TX",
        "zip": "75215",
        "email": "MADELYNZIMMERMAN@GMAIL.COM",
        "dateOfBirth": "1969-05-19T12:00:00",
        "ssn": "465753418",
        "userOrders": null,
        "isSold": false,
        "id": 96261
    }
]