[
    {
        "firstName": "ROBERT",
        "lastName": "CARRUTHER",
        "phone": "6148419244",
        "address": "4760 HEATON RD",
        "city": "COLUMBUS",
        "state": "OH",
        "zip": "43229",
        "email": "LEXINGTON-448@ATT.NET",
        "dateOfBirth": "1969-06-28T12:00:00",
        "ssn": "283829738",
        "userOrders": null,
        "isSold": false,
        "id": 21891
    },
    {
        "firstName": "DIANA",
        "lastName": "RODRIGUEZ",
        "phone": "6617421824",
        "address": "APT 2",
        "city": "BKFD",
        "state": "K",
        "zip": "93301",
        "email": "DRADRA4448@GMAIL.COM",
        "dateOfBirth": "1969-11-11T12:00:00",
        "ssn": "545111057",
        "userOrders": null,
        "isSold": false,
        "id": 21945
    },
    {
        "firstName": "JORGE",
        "lastName": "PROENZA",
        "phone": "3052161332",
        "address": "20540 LEEWARD LN",
        "city": "CUTLER BAY",
        "state": "BAY",
        "zip": "33189",
        "email": "JPRO4343@BELLSOUTH.NET",
        "dateOfBirth": "1969-08-06T12:00:00",
        "ssn": "113528532",
        "userOrders": null,
        "isSold": false,
        "id": 21978
    },
    {
        "firstName": "MORRIS",
        "lastName": "FIELDS",
        "phone": "6016346259",
        "address": "1409 WISTERIA DR",
        "city": "VICKSBURG",
        "state": "MS",
        "zip": "39180",
        "email": "ROCK.FIELDS@GMAIL.COM",
        "dateOfBirth": "1969-01-18T12:00:00",
        "ssn": "401195997",
        "userOrders": null,
        "isSold": false,
        "id": 22025
    },
    {
        "firstName": "LEJOAN",
        "lastName": "ALEXANDER",
        "phone": "5048649155",
        "address": "3153 SWEET GUM DR",
        "city": "MARRERO",
        "state": "LA",
        "zip": "70072",
        "email": "ANTRASHIONALEXANDER@YAHOO.COM",
        "dateOfBirth": "1969-11-10T12:00:00",
        "ssn": "434195774",
        "userOrders": null,
        "isSold": false,
        "id": 22042
    },
    {
        "firstName": "DOUGLAS",
        "lastName": "BOWKER",
        "phone": "4696284347",
        "address": "405 W MOORE ST",
        "city": "FORT WORTH",
        "state": "TX",
        "zip": "76137",
        "email": "LUCKYDEVIL1313@ATT.NET",
        "dateOfBirth": "1969-03-24T12:00:00",
        "ssn": "449612319",
        "userOrders": null,
        "isSold": false,
        "id": 22401
    },
    {
        "firstName": "ADAM",
        "lastName": "VASPER",
        "phone": "1111110001",
        "address": "903 IVY PARKWAY DR",
        "city": "HOUSTON",
        "state": "TX",
        "zip": "77077",
        "email": "YVONNEKAUR@YAHOO.COM",
        "dateOfBirth": "1969-02-14T12:00:00",
        "ssn": "644982627",
        "userOrders": null,
        "isSold": false,
        "id": 22468
    },
    {
        "firstName": "JAMES",
        "lastName": "DOWNS",
        "phone": "2817822020",
        "address": "706 ESSEX DR",
        "city": "FRIENDSWOOD",
        "state": "TX",
        "zip": "77546",
        "email": "JIMMARCIE.DOWNS@SBCGLOBAL.NET",
        "dateOfBirth": "1969-01-28T12:00:00",
        "ssn": "457697664",
        "userOrders": null,
        "isSold": false,
        "id": 22512
    },
    {
        "firstName": "ROSALIND",
        "lastName": "A",
        "phone": "8302793479",
        "address": "7221 LAMB RD APT 1013",
        "city": "SAN ANTONIO",
        "state": "ANTONIO",
        "zip": "78240",
        "email": "AUTUMN.MCKAYLA@GMAIL.COM",
        "dateOfBirth": "1969-08-30T12:00:00",
        "ssn": "455492769",
        "userOrders": null,
        "isSold": false,
        "id": 22524
    },
    {
        "firstName": "JAMES",
        "lastName": "ELAM",
        "phone": "5303837916",
        "address": "1107 KLEEMAN WAY",
        "city": "DAVIS",
        "state": "CA",
        "zip": "95618",
        "email": "BIGMIKE7985@SBCGLOBAL.NET",
        "dateOfBirth": "1969-07-11T12:00:00",
        "ssn": "565897965",
        "userOrders": null,
        "isSold": false,
        "id": 22548
    },
    {
        "firstName": "SUSAN",
        "lastName": "CACCAVALLO",
        "phone": "3173763589",
        "address": "11247 SEABISCUIT DR",
        "city": "NOBLESVILLE",
        "state": "IN",
        "zip": "46060",
        "email": "SUCHI46410@YAHOO.COM",
        "dateOfBirth": "1969-04-05T12:00:00",
        "ssn": "316964850",
        "userOrders": null,
        "isSold": false,
        "id": 22610
    },
    {
        "firstName": "FELICIA",
        "lastName": "DAWSON",
        "phone": "3183939546",
        "address": "9238 HIGHCREST DR",
        "city": "SHREVEPORT",
        "state": "LA",
        "zip": "71118",
        "email": "FELICIADAWSON@YAHOO.COM",
        "dateOfBirth": "1969-07-18T12:00:00",
        "ssn": "434394062",
        "userOrders": null,
        "isSold": false,
        "id": 22649
    },
    {
        "firstName": "NATALIE",
        "lastName": "BATTS",
        "phone": "5627266014",
        "address": "1145 E 222ND ST",
        "city": "CARSON",
        "state": "CA",
        "zip": "90745",
        "email": "NATALIEBATTS@GMAIL.COM",
        "dateOfBirth": "1969-10-23T12:00:00",
        "ssn": "552171121",
        "userOrders": null,
        "isSold": false,
        "id": 22669
    },
    {
        "firstName": "DIANA",
        "lastName": "LAYPOOLE",
        "phone": "1111110001",
        "address": "117 W SOUTH A ST",
        "city": "GAS CITY",
        "state": "CITY",
        "zip": "46933",
        "email": "DIANALAYPOOLE12@GMAIL.COM",
        "dateOfBirth": "1969-04-30T12:00:00",
        "ssn": "317845005",
        "userOrders": null,
        "isSold": false,
        "id": 22735
    },
    {
        "firstName": "JOSE",
        "lastName": "RAMIREZ",
        "phone": "8312233757",
        "address": "8312238327",
        "city": "SOLEDAD CA 93960-2950",
        "state": "FRONT",
        "zip": "SOLEDAD",
        "email": "93960",
        "dateOfBirth": "1969-01-31T12:00:00",
        "ssn": "619246772",
        "userOrders": null,
        "isSold": false,
        "id": 22737
    }
]