[
    {
        "firstName": "IMELDA",
        "lastName": "HERNANDEZ",
        "phone": "7758252517",
        "address": "740 BRINKBY AVE APT 1201",
        "city": "RENO",
        "state": "NV",
        "zip": "89509",
        "email": "IMELDA1201@ATT.NET",
        "dateOfBirth": "1969-11-10T12:00:00",
        "ssn": "680304895",
        "userOrders": null,
        "isSold": true,
        "id": 20752
    },
    {
        "firstName": "LANA",
        "lastName": "TANK",
        "phone": "9203869695",
        "address": "227 N DEPOT ST",
        "city": "JUNEAU",
        "state": "WI",
        "zip": "53039",
        "email": "TANKLD07@YAHOO.COM",
        "dateOfBirth": "1969-08-04T12:00:00",
        "ssn": "396803386",
        "userOrders": null,
        "isSold": false,
        "id": 20780
    },
    {
        "firstName": "SONIA",
        "lastName": "HICKS",
        "phone": "2058358803",
        "address": "1564 KENT DAIRY RD",
        "city": "ALABASTER",
        "state": "AL",
        "zip": "35007",
        "email": "SONIAHICKS691@GMAIL.COM",
        "dateOfBirth": "1969-11-03T12:00:00",
        "ssn": "419150787",
        "userOrders": null,
        "isSold": false,
        "id": 20791
    },
    {
        "firstName": "EDUARDO.",
        "lastName": "RESENDIZ",
        "phone": "8708267863",
        "address": "322 N HAMILTON ST",
        "city": "HOPE",
        "state": "AR",
        "zip": "71801",
        "email": "RESENDIZEDUARDO.@LIVE.COM",
        "dateOfBirth": "1969-10-13T12:00:00",
        "ssn": "990768158",
        "userOrders": null,
        "isSold": false,
        "id": 20842
    },
    {
        "firstName": "CASSANDRA",
        "lastName": "BONILLAS",
        "phone": "9166942068",
        "address": "6046 MOCCASIN RD",
        "city": "CENTERVILLE",
        "state": "TN",
        "zip": "37033",
        "email": "CBONILLAS@PARAMOUNTEQUITY.COM",
        "dateOfBirth": "1969-12-05T12:00:00",
        "ssn": "551089390",
        "userOrders": null,
        "isSold": false,
        "id": 20943
    },
    {
        "firstName": "MASAHIRO",
        "lastName": "INOUE",
        "phone": "6147182212",
        "address": "24000 HONDA PKWY",
        "city": "COLUMBUS",
        "state": "OH",
        "zip": "43235",
        "email": "MASA_INO@SBCGLOBAL.NET",
        "dateOfBirth": "1969-06-28T12:00:00",
        "ssn": "289117500",
        "userOrders": null,
        "isSold": false,
        "id": 21276
    },
    {
        "firstName": "JOHN",
        "lastName": "DAVIS",
        "phone": "7347963004",
        "address": "1043 GLENGARY RD",
        "city": "WOLVRINE LK",
        "state": "LK",
        "zip": "48390",
        "email": "PIGFARMCOW@YAHOO.COM",
        "dateOfBirth": "1969-01-22T12:00:00",
        "ssn": "383947891",
        "userOrders": null,
        "isSold": false,
        "id": 21325
    },
    {
        "firstName": "MARIA",
        "lastName": "VENTURA",
        "phone": "2142816161",
        "address": "9059 FOSTORIA DR",
        "city": "DALLAS",
        "state": "TX",
        "zip": "75217",
        "email": "M.VENTURAVON@GMAIL.COM",
        "dateOfBirth": "1969-09-28T12:00:00",
        "ssn": "643587036",
        "userOrders": null,
        "isSold": false,
        "id": 21328
    },
    {
        "firstName": "LIVIE",
        "lastName": "E*",
        "phone": "5049049748",
        "address": "1414 SAINT ANTHONY ST",
        "city": "NEW ORLEANS",
        "state": "ORLEANS",
        "zip": "70116",
        "email": "LIVIEEVANS@ATT.NET",
        "dateOfBirth": "1969-09-14T12:00:00",
        "ssn": "435299754",
        "userOrders": null,
        "isSold": false,
        "id": 21339
    },
    {
        "firstName": "DOLORES",
        "lastName": "OVIATT",
        "phone": "7145805819",
        "address": "1200 TERRA DR",
        "city": "SAC",
        "state": "VISTA",
        "zip": "95842",
        "email": "OVIATT69@YAHOO.COM",
        "dateOfBirth": "1969-01-23T12:00:00",
        "ssn": "561411455",
        "userOrders": null,
        "isSold": true,
        "id": 21505
    },
    {
        "firstName": "JEFFREY",
        "lastName": "A",
        "phone": "5109106659",
        "address": "2941 BLANDING CT",
        "city": "HAY",
        "state": "CA",
        "zip": "94541",
        "email": "JEFF.ROBERTS@GMAIL.COM",
        "dateOfBirth": "1969-09-05T12:00:00",
        "ssn": "180540438",
        "userOrders": null,
        "isSold": false,
        "id": 21678
    },
    {
        "firstName": "DAXBEN",
        "lastName": "PATEL",
        "phone": "4082413799",
        "address": "2291 DEBORAH DR APT 3",
        "city": "S CLARA",
        "state": "CLARA",
        "zip": "95050",
        "email": "MUKESH2942@ATT.NET",
        "dateOfBirth": "1969-12-28T12:00:00",
        "ssn": "619817477",
        "userOrders": null,
        "isSold": false,
        "id": 21706
    },
    {
        "firstName": "DANEN",
        "lastName": "WILDENRADT",
        "phone": "3094720540",
        "address": "3308 N EL VISTA AVE",
        "city": "PEOR",
        "state": "IL",
        "zip": "61604",
        "email": "DYINGARCHANGEL@GMAIL.COM",
        "dateOfBirth": "1969-09-24T12:00:00",
        "ssn": "318723681",
        "userOrders": null,
        "isSold": false,
        "id": 21802
    },
    {
        "firstName": "TRACY",
        "lastName": "COGSWELL",
        "phone": "4044221711",
        "address": "1388 VALLEY RESERVE DR NW",
        "city": "KENNSW",
        "state": "GA",
        "zip": "30152",
        "email": "TCOGS1969@BELLSOUTH.NET",
        "dateOfBirth": "1969-07-08T12:00:00",
        "ssn": "259217988",
        "userOrders": null,
        "isSold": false,
        "id": 21847
    },
    {
        "firstName": "REGINALDO",
        "lastName": "VICENTE",
        "phone": "5617432845",
        "address": "528 SW RYAN AVE",
        "city": "P*S*L",
        "state": "ST",
        "zip": "34953",
        "email": "TRIPLEALAWNCARE@YAHOO.COM",
        "dateOfBirth": "1969-01-20T12:00:00",
        "ssn": "590199712",
        "userOrders": null,
        "isSold": true,
        "id": 21867
    }
]