[
    {
        "firstName": "ROSA",
        "lastName": "SIERRA",
        "phone": "5109190722",
        "address": "UNIT REAR",
        "city": "SN LDRO",
        "state": "ELSIE",
        "zip": "94577",
        "email": "ROSA_SIERRA@SBCGLOBAL.NET",
        "dateOfBirth": "1969-10-04T12:00:00",
        "ssn": "606184580",
        "userOrders": null,
        "isSold": false,
        "id": 96472
    },
    {
        "firstName": "WOODY",
        "lastName": "WILLIAMS",
        "phone": "2105570283",
        "address": "PO BOX 6347",
        "city": "EL PASO",
        "state": "PASO",
        "zip": "79912",
        "email": "WOODYWILLIAMS@LIVE.COM",
        "dateOfBirth": "1969-05-11T12:00:00",
        "ssn": "208645348",
        "userOrders": null,
        "isSold": false,
        "id": 96506
    },
    {
        "firstName": "SHAUN",
        "lastName": "RANG",
        "phone": "9255956065",
        "address": "155 NICHOLSON RD",
        "city": "DAN",
        "state": "CREEK",
        "zip": "94526",
        "email": "BRETTRANG@SBCGLOBAL.NET",
        "dateOfBirth": "1969-04-17T12:00:00",
        "ssn": "573537833",
        "userOrders": null,
        "isSold": false,
        "id": 96522
    },
    {
        "firstName": "PATRICK/ROSA",
        "lastName": "WOLFF",
        "phone": "8184687335",
        "address": "19335 OLD FRIEND RD",
        "city": "SANTA CLARITA",
        "state": "CLARITA",
        "zip": "91351",
        "email": "PATWOLFF@SBCGLOBAL.NET",
        "dateOfBirth": "1969-10-26T12:00:00",
        "ssn": "573235863",
        "userOrders": null,
        "isSold": false,
        "id": 96525
    },
    {
        "firstName": "SREENIVASULU",
        "lastName": "MUMMAREDDY",
        "phone": "9044879979",
        "address": "6204 WHITSBURY CT",
        "city": "JKVL",
        "state": "FL",
        "zip": "32258",
        "email": "MUMMAREDDY@HOTMAIL.COM",
        "dateOfBirth": "1969-06-19T12:00:00",
        "ssn": "365212180",
        "userOrders": null,
        "isSold": false,
        "id": 96532
    },
    {
        "firstName": "TESS",
        "lastName": "CAPERS",
        "phone": "4042421166",
        "address": "510 CREST LANE DR SE",
        "city": "SMYR",
        "state": "GA",
        "zip": "30080",
        "email": "TESS_CAPERS@OUTLOOK.COM",
        "dateOfBirth": "1969-12-19T12:00:00",
        "ssn": "259210570",
        "userOrders": null,
        "isSold": false,
        "id": 96538
    },
    {
        "firstName": "CURTIS",
        "lastName": "VASSER",
        "phone": "3139896952",
        "address": "19281 REDFERN ST",
        "city": "DETROIT",
        "state": "MI",
        "zip": "48219",
        "email": "YOLANDALOVE69@ATT.NET",
        "dateOfBirth": "1969-06-22T12:00:00",
        "ssn": "383888673",
        "userOrders": null,
        "isSold": false,
        "id": 96623
    },
    {
        "firstName": "KRISTIN",
        "lastName": "VINES",
        "phone": "9194900297",
        "address": "3750 BENTLEY DR",
        "city": "DRHM",
        "state": "NC",
        "zip": "27707",
        "email": "KBVINES@HOTMAIL.COM",
        "dateOfBirth": "1969-05-30T12:00:00",
        "ssn": "238456048",
        "userOrders": null,
        "isSold": false,
        "id": 96653
    },
    {
        "firstName": "PAMELA",
        "lastName": "MILLICAN",
        "phone": "8653123123",
        "address": "111 N CUMBERLAND AVE",
        "city": "LAFOLLETTE",
        "state": "FOLLETTE",
        "zip": "37766",
        "email": "PSM69@YMAIL.COM",
        "dateOfBirth": "1969-10-08T12:00:00",
        "ssn": "409062733",
        "userOrders": null,
        "isSold": false,
        "id": 96777
    },
    {
        "firstName": "MANOLITO",
        "lastName": "S",
        "phone": "9167534133",
        "address": "15241 MURIETA SOUTH PKWY",
        "city": "RNCHO MURIETA",
        "state": "MURIETA",
        "zip": "95683",
        "email": "JUDY_AQUINO@HOTMAIL.COM",
        "dateOfBirth": "1969-02-05T12:00:00",
        "ssn": "586781352",
        "userOrders": null,
        "isSold": false,
        "id": 96850
    },
    {
        "firstName": "MATTHEW",
        "lastName": "N",
        "phone": "2693656282",
        "address": "4840 HIGHWAY 22 APT 9300",
        "city": "EDMOND",
        "state": "LA",
        "zip": "73012",
        "email": "MATTHEW.SCHUEN@YAHOO.COM",
        "dateOfBirth": "1969-11-21T12:00:00",
        "ssn": "382842247",
        "userOrders": null,
        "isSold": false,
        "id": 96852
    },
    {
        "firstName": "JOSE",
        "lastName": "GUERRA",
        "phone": "4155873958",
        "address": "APT 8",
        "city": "SF",
        "state": "MISSION",
        "zip": "94112",
        "email": "JOSE.GUERRA0431@ATT.NET",
        "dateOfBirth": "1969-02-01T12:00:00",
        "ssn": "622298782",
        "userOrders": null,
        "isSold": false,
        "id": 96868
    },
    {
        "firstName": "BOBBY",
        "lastName": "L",
        "phone": "9044227497",
        "address": "1306 MAYFAIR RD",
        "city": "JKVL",
        "state": "FL",
        "zip": "32207",
        "email": "BBAKER@BAKERKLEIN.COM",
        "dateOfBirth": "1969-09-08T12:00:00",
        "ssn": "590221392",
        "userOrders": null,
        "isSold": false,
        "id": 96877
    },
    {
        "firstName": "TERESA",
        "lastName": "SCHOOLCRAFT",
        "phone": "8563257208",
        "address": "207 KYTE RD",
        "city": "OR PK",
        "state": "MATEO",
        "zip": "32073",
        "email": "SCHOOLCRAFT.TERESA@YAHOO.COM",
        "dateOfBirth": "1969-08-28T12:00:00",
        "ssn": "376823271",
        "userOrders": null,
        "isSold": false,
        "id": 96944
    },
    {
        "firstName": "KRISTIN",
        "lastName": "KELLY",
        "phone": "9256399120",
        "address": "6 ERIC CT",
        "city": "PH",
        "state": "HILL",
        "zip": "94523",
        "email": "DOMSLAMONICA@GMAIL.COM",
        "dateOfBirth": "1969-05-07T12:00:00",
        "ssn": "557559418",
        "userOrders": null,
        "isSold": true,
        "id": 97019
    }
]