[
    {
        "firstName": "JEANNA",
        "lastName": "OVERSTREET",
        "phone": "6143269449",
        "address": "6550 STEINWAY DR APT C",
        "city": "REYNOLDSBURG",
        "state": "OH",
        "zip": "43068",
        "email": "JENNAOVERSTREET@YAHOO.COM",
        "dateOfBirth": "1969-09-10T12:00:00",
        "ssn": "288643280",
        "userOrders": null,
        "isSold": false,
        "id": 98609
    },
    {
        "firstName": "JOE",
        "lastName": "VAQUEZ",
        "phone": "9564545725",
        "address": "614 WEEPING OAKS LN",
        "city": "SPRING",
        "state": "TX",
        "zip": "77388",
        "email": "PATTYGARCIA79@GMAIL.COM",
        "dateOfBirth": "1969-11-26T12:00:00",
        "ssn": "449433553",
        "userOrders": null,
        "isSold": false,
        "id": 98626
    },
    {
        "firstName": "DEXTER",
        "lastName": "SCOTT",
        "phone": "4077653288",
        "address": "1807 NESTLEWOOD TRL",
        "city": "ORL",
        "state": "FL",
        "zip": "32837",
        "email": "D693@BELLSOUTH.NET",
        "dateOfBirth": "1969-03-03T12:00:00",
        "ssn": "252153323",
        "userOrders": null,
        "isSold": false,
        "id": 98657
    },
    {
        "firstName": "WANDA",
        "lastName": "ROGERS",
        "phone": "5024599383",
        "address": "2627 GARDINER LN",
        "city": "LOUISVILLE",
        "state": "KY",
        "zip": "40205",
        "email": "NADDOGG094@AOL.COM",
        "dateOfBirth": "1969-12-25T12:00:00",
        "ssn": "407585663",
        "userOrders": null,
        "isSold": false,
        "id": 98662
    },
    {
        "firstName": "LORETTA",
        "lastName": "JACUMIN",
        "phone": "9198120881",
        "address": "7105 MARY DEE CT",
        "city": "RAL",
        "state": "NC",
        "zip": "27613",
        "email": "LJACUMIN@ATT.NET",
        "dateOfBirth": "1969-03-27T12:00:00",
        "ssn": "259457064",
        "userOrders": null,
        "isSold": false,
        "id": 98701
    },
    {
        "firstName": "TAMMY",
        "lastName": "ARVIN",
        "phone": "3178628528",
        "address": "3406 CORALBERRY CT",
        "city": "INDIANAPOLIS",
        "state": "IN",
        "zip": "46239",
        "email": "TSARVIN@SBCGLOBAL.NET",
        "dateOfBirth": "1969-09-25T12:00:00",
        "ssn": "307786873",
        "userOrders": null,
        "isSold": false,
        "id": 98755
    },
    {
        "firstName": "MICHAEL",
        "lastName": "KNOX",
        "phone": "9257085883",
        "address": "3420 FINNIAN WAY UNIT 426",
        "city": "SSF",
        "state": "CA",
        "zip": "94080",
        "email": "JULIANAKNOX@GMAIL.COM",
        "dateOfBirth": "1969-07-06T12:00:00",
        "ssn": "553176912",
        "userOrders": null,
        "isSold": false,
        "id": 98761
    },
    {
        "firstName": "KENNETH",
        "lastName": "ZUMBROCK",
        "phone": "8477675968",
        "address": "830 W WEATHERSFIELD WAY",
        "city": "SCHMBRG",
        "state": "IL",
        "zip": "60193",
        "email": "CZGOINGUP@WOWWAY.COM",
        "dateOfBirth": "1969-04-30T12:00:00",
        "ssn": "338543549",
        "userOrders": null,
        "isSold": false,
        "id": 98797
    },
    {
        "firstName": "DARRIN",
        "lastName": "NORBUT",
        "phone": "7083649452",
        "address": "14032 TOD WILLIAM DR",
        "city": "ORLAND PK",
        "state": "PARK",
        "zip": "60462",
        "email": "NORBUTDM@SBCGLOBAL.NET",
        "dateOfBirth": "1969-04-18T12:00:00",
        "ssn": "323702485",
        "userOrders": null,
        "isSold": false,
        "id": 98831
    },
    {
        "firstName": "JUDY",
        "lastName": "WEEBER",
        "phone": "2169907223",
        "address": "2140 WASCANA AVE",
        "city": "LAKEWOOD",
        "state": "OH",
        "zip": "44107",
        "email": "JUDYWEEBER@YAHOO.COM",
        "dateOfBirth": "1969-05-06T12:00:00",
        "ssn": "269665113",
        "userOrders": null,
        "isSold": false,
        "id": 98943
    },
    {
        "firstName": "TERRA",
        "lastName": "PARNELL",
        "phone": "2514543523",
        "address": "1111110002",
        "city": "THEODORE AL 36582-3857",
        "state": "CREEL",
        "zip": "THEODORE",
        "email": "36582",
        "dateOfBirth": "1969-09-03T12:00:00",
        "ssn": "419024182",
        "userOrders": null,
        "isSold": false,
        "id": 99028
    },
    {
        "firstName": "DEWANDA",
        "lastName": "CAUDLE",
        "phone": "6154833793",
        "address": "103 HAMPTON CT",
        "city": "HENDERSONVILLE",
        "state": "TN",
        "zip": "37075",
        "email": "BRETIE@BELLSOUTH.NET",
        "dateOfBirth": "1969-03-15T12:00:00",
        "ssn": "408453369",
        "userOrders": null,
        "isSold": false,
        "id": 99033
    },
    {
        "firstName": "CATHRINE",
        "lastName": "OJI",
        "phone": "5127714781",
        "address": "1212 APOLLO CIR",
        "city": "ROUND ROCK",
        "state": "ROCK",
        "zip": "78664",
        "email": "ORIOJI@YAHOO.COM",
        "dateOfBirth": "1969-07-01T12:00:00",
        "ssn": "164682539",
        "userOrders": null,
        "isSold": true,
        "id": 99034
    },
    {
        "firstName": "SHARON",
        "lastName": "HARRISON",
        "phone": "9013270128",
        "address": "% MARK MAXWELL",
        "city": "MADISON",
        "state": "IRONWOOD",
        "zip": "39110",
        "email": "SHARONHARRISON1@COMCAST.NET",
        "dateOfBirth": "1969-04-26T12:00:00",
        "ssn": "427496527",
        "userOrders": null,
        "isSold": false,
        "id": 99052
    },
    {
        "firstName": "REBECCA",
        "lastName": "WYSE",
        "phone": "9186882543",
        "address": "3606 S 74TH WEST CT",
        "city": "SAND SPRINGS",
        "state": "OK",
        "zip": "74107",
        "email": "BECKY.WYSE@PNC.COM",
        "dateOfBirth": "1969-06-30T12:00:00",
        "ssn": "448844836",
        "userOrders": null,
        "isSold": false,
        "id": 99341
    }
]