[
    {
        "firstName": "PAULIA",
        "lastName": "CAMPBELLL",
        "phone": "2164507574",
        "address": "824 LONDON RD",
        "city": "CLEVELAND",
        "state": "OH",
        "zip": "44110",
        "email": "PAULIA.CAMPBELL@YAHOO.COM",
        "dateOfBirth": "1969-08-05T12:00:00",
        "ssn": "293069128",
        "userOrders": null,
        "isSold": false,
        "id": 93091
    },
    {
        "firstName": "OKSANA",
        "lastName": "DANYLCHENKO",
        "phone": "3236554600",
        "address": "TICKET TERMINATOR TRAFFC SCH",
        "city": "LA",
        "state": "N",
        "zip": "90048",
        "email": "OKSANA7557@ATT.NET",
        "dateOfBirth": "1969-02-15T12:00:00",
        "ssn": "615225552",
        "userOrders": null,
        "isSold": true,
        "id": 93132
    },
    {
        "firstName": "JULIE",
        "lastName": "MCMAHON",
        "phone": "7134127513",
        "address": "119 FAWNLAKE DR",
        "city": "HOUSTON",
        "state": "TX",
        "zip": "77079",
        "email": "JULIEBMCMAHON@YAHOO.COM",
        "dateOfBirth": "1969-09-25T12:00:00",
        "ssn": "459435948",
        "userOrders": null,
        "isSold": false,
        "id": 93188
    },
    {
        "firstName": "ALEX",
        "lastName": "L",
        "phone": "8316006557",
        "address": "24681 PIUTE DR",
        "city": "TEHACH",
        "state": "CA",
        "zip": "93561",
        "email": "ASCHRO.BUY@GMAIL.COM",
        "dateOfBirth": "1969-09-04T12:00:00",
        "ssn": "437927323",
        "userOrders": null,
        "isSold": false,
        "id": 93237
    },
    {
        "firstName": "HILARY/JEFF",
        "lastName": "JONES",
        "phone": "7075755333",
        "address": "4100 GRANGE RD",
        "city": "SF",
        "state": "ROSA",
        "zip": "94105",
        "email": "HILARY.JONES@PACBELL.NET",
        "dateOfBirth": "1969-11-30T12:00:00",
        "ssn": "492702650",
        "userOrders": null,
        "isSold": false,
        "id": 93242
    },
    {
        "firstName": "DEANNA",
        "lastName": "RHINEHEART",
        "phone": "2488846154",
        "address": "14140 W 9 MILE RD",
        "city": "OAK PARK",
        "state": "PARK",
        "zip": "48237",
        "email": "DJR9102@GMAIL.COM",
        "dateOfBirth": "1969-06-17T12:00:00",
        "ssn": "372947804",
        "userOrders": null,
        "isSold": false,
        "id": 93292
    },
    {
        "firstName": "CARL",
        "lastName": "KITT",
        "phone": "2094070735",
        "address": "1161 JOHNSON CT",
        "city": "TRACY",
        "state": "CA",
        "zip": "95376",
        "email": "CARLKITT@ATT.NET",
        "dateOfBirth": "1969-04-08T12:00:00",
        "ssn": "546912723",
        "userOrders": null,
        "isSold": false,
        "id": 93308
    },
    {
        "firstName": "ANGELA",
        "lastName": "LOPEZ",
        "phone": "1111110003",
        "address": "869 HEATHER WAY",
        "city": "CSBD",
        "state": "CA",
        "zip": "92011",
        "email": "GUYRAFFEE@MSN.COM",
        "dateOfBirth": "1969-03-19T12:00:00",
        "ssn": "319606307",
        "userOrders": null,
        "isSold": false,
        "id": 93344
    },
    {
        "firstName": "CATHERINE",
        "lastName": "ORTELEZA",
        "phone": "5105666338",
        "address": "1266 MANSFIELD ST",
        "city": "TRACY",
        "state": "CA",
        "zip": "95376",
        "email": "CATHERINE_ONIA@YAHOO.COM",
        "dateOfBirth": "1969-12-11T12:00:00",
        "ssn": "615067412",
        "userOrders": null,
        "isSold": false,
        "id": 93408
    },
    {
        "firstName": "KIMBERLY",
        "lastName": "CRAIG",
        "phone": "8502073037",
        "address": "8502872770",
        "city": "PENSACOLA FL 32506-7983",
        "state": "AILERON",
        "zip": "PENSACOLA",
        "email": "32506",
        "dateOfBirth": "1969-05-02T12:00:00",
        "ssn": "499760099",
        "userOrders": null,
        "isSold": false,
        "id": 93465
    },
    {
        "firstName": "OFELIA",
        "lastName": "RAMIREZ",
        "phone": "5744403119",
        "address": "610 CUSHING ST",
        "city": "SOUTH BEND",
        "state": "BEND",
        "zip": "46616",
        "email": "POCAHONTAS2139@HOTMAIL.COM",
        "dateOfBirth": "1969-01-09T12:00:00",
        "ssn": "924979624",
        "userOrders": null,
        "isSold": false,
        "id": 93631
    },
    {
        "firstName": "SCOTT",
        "lastName": "ULLSPERGER",
        "phone": "6193344080",
        "address": "8666 CALLE MIRADOR",
        "city": "EL CAJ",
        "state": "CAJON",
        "zip": "92021",
        "email": "THEUFAM@HOTMAIL.COM",
        "dateOfBirth": "1969-05-23T12:00:00",
        "ssn": "572715458",
        "userOrders": null,
        "isSold": false,
        "id": 93672
    },
    {
        "firstName": "CHRISTINE",
        "lastName": "SHEU",
        "phone": "7736278838",
        "address": "1657 W 38TH ST",
        "city": "CHGO",
        "state": "IL",
        "zip": "60609",
        "email": "CSHEU7460@SBCGLOBAL.NET",
        "dateOfBirth": "1969-10-24T12:00:00",
        "ssn": "586264957",
        "userOrders": null,
        "isSold": false,
        "id": 93700
    },
    {
        "firstName": "SUSANA",
        "lastName": "Q",
        "phone": "2104597562",
        "address": "1738 POINT WEST ST",
        "city": "SAN ANTONIO",
        "state": "ANTONIO",
        "zip": "78224",
        "email": "SGONZALES356@GMAIL.COM",
        "dateOfBirth": "1969-12-17T12:00:00",
        "ssn": "450736236",
        "userOrders": null,
        "isSold": false,
        "id": 93831
    },
    {
        "firstName": "SCOTT",
        "lastName": "NEWELL",
        "phone": "6169158440",
        "address": "8121 OLDFIELD CT SE",
        "city": "GAINES TWP",
        "state": "CENTER",
        "zip": "49315",
        "email": "NEWELL.SCOTT@ATT.NET",
        "dateOfBirth": "1969-06-22T12:00:00",
        "ssn": "366928079",
        "userOrders": null,
        "isSold": false,
        "id": 93833
    }
]