[
    {
        "firstName": "MOIRA",
        "lastName": "SILVERMAN",
        "phone": "6309036876",
        "address": "720 ONTARIO ST APT 3",
        "city": "ELMHRST",
        "state": "PARK",
        "zip": "60126",
        "email": "SILVERMANMOIRA@GMAIL.COM",
        "dateOfBirth": "1969-04-08T12:00:00",
        "ssn": "335541568",
        "userOrders": null,
        "isSold": false,
        "id": 99387
    },
    {
        "firstName": "NICK",
        "lastName": "ZAJERKO-MCKEE",
        "phone": "5129280048",
        "address": "5700 BALLENTON CT",
        "city": "AUSTIN",
        "state": "TX",
        "zip": "78739",
        "email": "ZAJERKOM@GMAIL.COM",
        "dateOfBirth": "1969-01-24T12:00:00",
        "ssn": "372983414",
        "userOrders": null,
        "isSold": false,
        "id": 99543
    },
    {
        "firstName": "ALICIA",
        "lastName": "CISNEROS",
        "phone": "6504689645",
        "address": "1423 CAMELLIA DR",
        "city": "EPA",
        "state": "PALO",
        "zip": "94303",
        "email": "ULISESVARGAS64@YAHOO.COM",
        "dateOfBirth": "1969-03-27T12:00:00",
        "ssn": "613817289",
        "userOrders": null,
        "isSold": false,
        "id": 99556
    },
    {
        "firstName": "RODNEY",
        "lastName": "LIVINGSTON",
        "phone": "5854146925",
        "address": "2012 WINDCASTLE DR",
        "city": "MANSFIELD",
        "state": "TX",
        "zip": "76063",
        "email": "RLIVING69@HOTMAIL.COM",
        "dateOfBirth": "1969-10-16T12:00:00",
        "ssn": "106544382",
        "userOrders": null,
        "isSold": false,
        "id": 99712
    },
    {
        "firstName": "ANGELA",
        "lastName": "AKINS",
        "phone": "9015023299",
        "address": "935 BROWNLEE RD",
        "city": "MEMPHIS",
        "state": "TN",
        "zip": "38116",
        "email": "AKINS.ANGELA@YAHOO.COM",
        "dateOfBirth": "1969-07-27T12:00:00",
        "ssn": "408237281",
        "userOrders": null,
        "isSold": false,
        "id": 99715
    },
    {
        "firstName": "ADLAY",
        "lastName": "TAYLOR",
        "phone": "3343271717",
        "address": "PO BOX 1002",
        "city": "UNIONTOWN",
        "state": "AL",
        "zip": "36786",
        "email": "LATARATAYLOR85@YAHOO.COM",
        "dateOfBirth": "1969-07-23T12:00:00",
        "ssn": "420081312",
        "userOrders": null,
        "isSold": false,
        "id": 99719
    },
    {
        "firstName": "ROBERT",
        "lastName": "ESTES",
        "phone": "2705193862",
        "address": "8 VILLAGE DR E",
        "city": "PADUCAH",
        "state": "KY",
        "zip": "42001",
        "email": "ROB-APRIL@ATT.NET",
        "dateOfBirth": "1969-05-24T12:00:00",
        "ssn": "404198918",
        "userOrders": null,
        "isSold": false,
        "id": 99860
    },
    {
        "firstName": "CRYSTAL",
        "lastName": "TURNER",
        "phone": "7316581946",
        "address": "314 N UNION ST",
        "city": "BOLIVAR",
        "state": "TN",
        "zip": "38008",
        "email": "CRYSTAL3746@ATT.NET",
        "dateOfBirth": "1969-03-07T12:00:00",
        "ssn": "361682587",
        "userOrders": null,
        "isSold": false,
        "id": 99918
    },
    {
        "firstName": "DAVID",
        "lastName": "BEAZ",
        "phone": "7732376703",
        "address": "GABRIEL'S AWNINGS",
        "city": "CHGO",
        "state": "N",
        "zip": "60641",
        "email": "GAWNINGS@SBCGLOBAL.NET",
        "dateOfBirth": "1969-12-30T12:00:00",
        "ssn": "340867153",
        "userOrders": null,
        "isSold": true,
        "id": 99973
    },
    {
        "firstName": "LAURA",
        "lastName": "GOZUN",
        "phone": "9098153636",
        "address": "901 SARA CT APT 261",
        "city": "VCVL",
        "state": "CA",
        "zip": "95687",
        "email": "LAURAG4RE@YAHOO.COM",
        "dateOfBirth": "1969-08-28T12:00:00",
        "ssn": "545558997",
        "userOrders": null,
        "isSold": false,
        "id": 99981
    },
    {
        "firstName": "XAYSANA",
        "lastName": "THONGHAMVILAY",
        "phone": "6825547859",
        "address": "PO BOX 962020",
        "city": "FORT WORTH",
        "state": "WORTH",
        "zip": "76179",
        "email": "XAYSANA5757@ATT.NET",
        "dateOfBirth": "1969-04-06T12:00:00",
        "ssn": "454410175",
        "userOrders": null,
        "isSold": false,
        "id": 99991
    },
    {
        "firstName": "TERRY.",
        "lastName": "UNDERWOOD",
        "phone": "2163230997",
        "address": "APT 103",
        "city": "CLEVELAND",
        "state": "BISHOP",
        "zip": "44106",
        "email": "NATE2WILLIAM@ATT.NET",
        "dateOfBirth": "1969-05-22T12:00:00",
        "ssn": "301700384",
        "userOrders": null,
        "isSold": false,
        "id": 100012
    },
    {
        "firstName": "RODERICK",
        "lastName": "JOHNSON",
        "phone": "3238264452",
        "address": "1005 E AVENUE Q 5",
        "city": "PLM",
        "state": "CA",
        "zip": "93550",
        "email": "SHARKEBATE420@GMAIL.COM",
        "dateOfBirth": "1969-10-23T12:00:00",
        "ssn": "556237317",
        "userOrders": null,
        "isSold": false,
        "id": 100053
    },
    {
        "firstName": "KRISTINE",
        "lastName": "BAKKEN",
        "phone": "6509654961",
        "address": "1085 TASMAN DR SPC 332",
        "city": "M VW",
        "state": "CA",
        "zip": "94043",
        "email": "KRISTINEBAKKEN@YAHOO.COM",
        "dateOfBirth": "1969-06-06T12:00:00",
        "ssn": "573171101",
        "userOrders": null,
        "isSold": false,
        "id": 100118
    },
    {
        "firstName": "AMANDA",
        "lastName": "HAMMOCK",
        "phone": "2692744845",
        "address": "3151 HARRISON RD",
        "city": "NEWTON TWP",
        "state": "LEROY",
        "zip": "49017",
        "email": "AHAMMOCK611@GMAIL.COM",
        "dateOfBirth": "1969-10-02T12:00:00",
        "ssn": "367824430",
        "userOrders": null,
        "isSold": false,
        "id": 100174
    }
]