[
    {
        "firstName": "TRACY",
        "lastName": "L",
        "phone": "9312420218",
        "address": "620 1ST ST",
        "city": "LAWRENCEBURG",
        "state": "TN",
        "zip": "38464",
        "email": "BETZSECRETARY@YAHOO.COM",
        "dateOfBirth": "1969-09-23T12:00:00",
        "ssn": "126662791",
        "userOrders": null,
        "isSold": false,
        "id": 26456
    },
    {
        "firstName": "TIM",
        "lastName": "HITT",
        "phone": "6158040783",
        "address": "4202 TURNERS BND",
        "city": "GOODLETTSVILLE",
        "state": "TN",
        "zip": "37072",
        "email": "HITTMAN002@GMAIL.COM",
        "dateOfBirth": "1969-10-16T12:00:00",
        "ssn": "409497897",
        "userOrders": null,
        "isSold": false,
        "id": 26487
    },
    {
        "firstName": "DINKER",
        "lastName": "GANDHI",
        "phone": "8475295858",
        "address": "2430 HARRISON ST",
        "city": "GLENVW",
        "state": "IL",
        "zip": "60025",
        "email": "DGANDHI03@GMAIL.COM",
        "dateOfBirth": "1969-03-20T12:00:00",
        "ssn": "337647970",
        "userOrders": null,
        "isSold": false,
        "id": 26546
    },
    {
        "firstName": "KAHALIA",
        "lastName": "BAZZY",
        "phone": "3137379791",
        "address": "7825 HARTWELL ST",
        "city": "DEARBORN",
        "state": "MI",
        "zip": "48126",
        "email": "BAZZIGIRL24@HOTMAIL.COM",
        "dateOfBirth": "1969-07-02T12:00:00",
        "ssn": "381212604",
        "userOrders": null,
        "isSold": false,
        "id": 26559
    },
    {
        "firstName": "TIM",
        "lastName": "JESPERSEN",
        "phone": "7144047486",
        "address": "PO BOX 122",
        "city": "FUL",
        "state": "CA",
        "zip": "92831",
        "email": "JESPERSENTIM@YAHOO.COM",
        "dateOfBirth": "1969-08-06T12:00:00",
        "ssn": "585291682",
        "userOrders": null,
        "isSold": false,
        "id": 26560
    },
    {
        "firstName": "AL",
        "lastName": "REEVE",
        "phone": "6019468962",
        "address": "850 E FOURTH AVE",
        "city": "MORTON",
        "state": "MS",
        "zip": "39117",
        "email": "REEVES6@BELLSOUTH.NET",
        "dateOfBirth": "1969-05-29T12:00:00",
        "ssn": "425435461",
        "userOrders": null,
        "isSold": false,
        "id": 26590
    },
    {
        "firstName": "PAULA",
        "lastName": "HOUSTON",
        "phone": "8174773265",
        "address": "720 KENSINGTON LN",
        "city": "MANSFIELD",
        "state": "TX",
        "zip": "76063",
        "email": "PRHWARREN@ATT.NET",
        "dateOfBirth": "1969-03-07T12:00:00",
        "ssn": "457238433",
        "userOrders": null,
        "isSold": false,
        "id": 26604
    },
    {
        "firstName": "LAWRENCE",
        "lastName": "NELSON",
        "phone": "4042473106",
        "address": "2630 LANSING LN",
        "city": "CUMG",
        "state": "GA",
        "zip": "30041",
        "email": "GOBLUEATL87@YAHOO.COM",
        "dateOfBirth": "1969-05-05T12:00:00",
        "ssn": "381787536",
        "userOrders": null,
        "isSold": false,
        "id": 26741
    },
    {
        "firstName": "SONYA",
        "lastName": "CRANE",
        "phone": "2053170241",
        "address": "861 DEERBROOK DR",
        "city": "KIMBERLY",
        "state": "AL",
        "zip": "35071",
        "email": "SONYA.CRANE@YAHOO.COM",
        "dateOfBirth": "1969-06-25T12:00:00",
        "ssn": "418234797",
        "userOrders": null,
        "isSold": false,
        "id": 26773
    },
    {
        "firstName": "MITHLESH",
        "lastName": "PAMNANI",
        "phone": "3054573058",
        "address": "22573 SW 89TH PL",
        "city": "CUTLER BAY",
        "state": "BAY",
        "zip": "33190",
        "email": "MITHLESHPAMNANI@GMAIL.COM",
        "dateOfBirth": "1969-11-05T12:00:00",
        "ssn": "769120882",
        "userOrders": null,
        "isSold": false,
        "id": 26898
    },
    {
        "firstName": "WILLIAM",
        "lastName": "STROSS",
        "phone": "4405722292",
        "address": "11568 ELIZABETH CIR",
        "city": "STRONGSVILLE",
        "state": "OH",
        "zip": "44149",
        "email": "BAT4282@SBCGLOBAL.NET",
        "dateOfBirth": "1969-01-17T12:00:00",
        "ssn": "296802216",
        "userOrders": null,
        "isSold": false,
        "id": 26927
    },
    {
        "firstName": "MY",
        "lastName": "LE",
        "phone": "5175058170",
        "address": "1234 3RD ST",
        "city": "JACKSON",
        "state": "MI",
        "zip": "49203",
        "email": "ATT@ALLCONNECT.COM",
        "dateOfBirth": "1969-03-15T12:00:00",
        "ssn": "239714023",
        "userOrders": null,
        "isSold": false,
        "id": 26995
    },
    {
        "firstName": "ALEXANDER",
        "lastName": "DOMASZEWICZ",
        "phone": "9492221311",
        "address": "3387 FUCHSIA ST",
        "city": "CM",
        "state": "MESA",
        "zip": "92626",
        "email": "MOBILESANDER@HOTMAIL.COM",
        "dateOfBirth": "1969-11-28T12:00:00",
        "ssn": "555452620",
        "userOrders": null,
        "isSold": true,
        "id": 27088
    },
    {
        "firstName": "TODD",
        "lastName": "LOVELL",
        "phone": "6016220612",
        "address": "206 TRAILWOOD DR",
        "city": "CLINTON",
        "state": "MS",
        "zip": "39056",
        "email": "FLYNHII@AOL.COM",
        "dateOfBirth": "1969-02-25T12:00:00",
        "ssn": "587456438",
        "userOrders": null,
        "isSold": false,
        "id": 27095
    },
    {
        "firstName": "CONRADO",
        "lastName": "D",
        "phone": "8184470848",
        "address": "7762 EL CAPRICE AVE",
        "city": "NH",
        "state": "HOLLYWOOD",
        "zip": "91605",
        "email": "MANAFRESCO@YAHOO.COM",
        "dateOfBirth": "1969-09-22T12:00:00",
        "ssn": "626885153",
        "userOrders": null,
        "isSold": false,
        "id": 27113
    }
]