[
    {
        "firstName": "BRAD",
        "lastName": "AUSTIN",
        "phone": "2146214951",
        "address": "1806 GRAYSON AVE",
        "city": "FORT WORTH",
        "state": "TX",
        "zip": "76179",
        "email": "BRAD.M.AUSTIN@GMAIL.COM",
        "dateOfBirth": "1969-01-15T12:00:00",
        "ssn": "451697410",
        "userOrders": null,
        "isSold": false,
        "id": 100956
    },
    {
        "firstName": "MICHELLE",
        "lastName": "GRIFFIN",
        "phone": "3122179430",
        "address": "4947 N KENNETH AVE",
        "city": "CHGO",
        "state": "IL",
        "zip": "60630",
        "email": "GRIF4EVER@YAHOO.COM",
        "dateOfBirth": "1969-08-18T12:00:00",
        "ssn": "342563439",
        "userOrders": null,
        "isSold": false,
        "id": 100972
    },
    {
        "firstName": "MERA",
        "lastName": "GRANBERG",
        "phone": "4158129016",
        "address": "2901 BUCHANAN ST APT 3",
        "city": "SF",
        "state": "FRANCISCO",
        "zip": "94123",
        "email": "MERA.GRANBERG@GMAIL.COM",
        "dateOfBirth": "1969-07-10T12:00:00",
        "ssn": "563797936",
        "userOrders": null,
        "isSold": true,
        "id": 101021
    },
    {
        "firstName": "MIGUEL",
        "lastName": "PASCUAL",
        "phone": "5599076716",
        "address": "3103 N CORNELIA AVE",
        "city": "FRS",
        "state": "CA",
        "zip": "93722",
        "email": "NA@YAHOO.COM",
        "dateOfBirth": "1969-05-05T12:00:00",
        "ssn": "612174276",
        "userOrders": null,
        "isSold": false,
        "id": 101081
    },
    {
        "firstName": "SANDRA",
        "lastName": "SAATHOFF",
        "phone": "8158546566",
        "address": "172 N PRAIRIE AVE",
        "city": "BRDLY",
        "state": "IL",
        "zip": "60915",
        "email": "SKSAATHOFF@GMAIL.COM",
        "dateOfBirth": "1969-11-16T12:00:00",
        "ssn": "359641815",
        "userOrders": null,
        "isSold": false,
        "id": 101267
    },
    {
        "firstName": "ERIC",
        "lastName": "T",
        "phone": "7143210350",
        "address": "787 STEPHENS AVE",
        "city": "FUL",
        "state": "CA",
        "zip": "92833",
        "email": "ELCAS@ATT.NET",
        "dateOfBirth": "1969-09-12T12:00:00",
        "ssn": "569510095",
        "userOrders": null,
        "isSold": false,
        "id": 101313
    },
    {
        "firstName": "TRACY",
        "lastName": "AVIS",
        "phone": "1111110001",
        "address": "STE F",
        "city": "CSBD",
        "state": "STATE",
        "zip": "92008",
        "email": "ZEPPXLX@ATT.COM",
        "dateOfBirth": "1969-03-12T12:00:00",
        "ssn": "570777538",
        "userOrders": null,
        "isSold": false,
        "id": 101329
    },
    {
        "firstName": "JAMES",
        "lastName": "GRONER",
        "phone": "3305429663",
        "address": "6582 E SOUTH RANGE RD",
        "city": "SPRINGFIELD TWP",
        "state": "OH",
        "zip": "44454",
        "email": "MGMGRONER@SBCGLOBAL.NET",
        "dateOfBirth": "1969-01-03T12:00:00",
        "ssn": "294640408",
        "userOrders": null,
        "isSold": false,
        "id": 101598
    },
    {
        "firstName": "NINA",
        "lastName": "VILLALBA",
        "phone": "6507042821",
        "address": "1 PORTOLA GREEN CIR",
        "city": "PRTLA VLY",
        "state": "VALLY",
        "zip": "94028",
        "email": "NWFERRARI@YAHOO.COM",
        "dateOfBirth": "1969-11-29T12:00:00",
        "ssn": "172487185",
        "userOrders": null,
        "isSold": false,
        "id": 101703
    },
    {
        "firstName": "DAVID",
        "lastName": "PAYNE",
        "phone": "2703026496",
        "address": "717 SARGENT DR",
        "city": "OWENSBORO",
        "state": "KY",
        "zip": "42301",
        "email": "DAVIDAMYPAYNE@ATT.NET",
        "dateOfBirth": "1969-03-23T12:00:00",
        "ssn": "406152981",
        "userOrders": null,
        "isSold": false,
        "id": 102024
    },
    {
        "firstName": "RICHARD",
        "lastName": "DEEBA",
        "phone": "3143034055",
        "address": "638 BONITA AVE",
        "city": "WEBSTER GROVES",
        "state": "GRVS",
        "zip": "63119",
        "email": "RICKDEEBA@GMAIL.COM",
        "dateOfBirth": "1969-05-16T12:00:00",
        "ssn": "492789013",
        "userOrders": null,
        "isSold": false,
        "id": 102088
    },
    {
        "firstName": "PAMELA",
        "lastName": "BURGETT",
        "phone": "6019510242",
        "address": "3233 BRANDYWINE DR",
        "city": "MADISON",
        "state": "MS",
        "zip": "39110",
        "email": "BURGETT.RL@GMAIL.COM",
        "dateOfBirth": "1969-10-05T12:00:00",
        "ssn": "427512787",
        "userOrders": null,
        "isSold": false,
        "id": 102108
    },
    {
        "firstName": "SHANNON",
        "lastName": "WESLEY",
        "phone": "2093651213",
        "address": "20102 GLEN BREEZE CT",
        "city": "LODI",
        "state": "TX",
        "zip": "95242",
        "email": "BWESLEY@BELLSOUTH.NET",
        "dateOfBirth": "1969-12-30T12:00:00",
        "ssn": "439297099",
        "userOrders": null,
        "isSold": false,
        "id": 102111
    },
    {
        "firstName": "VINCIENT",
        "lastName": "EDWARDS",
        "phone": "8438132406",
        "address": "1504 DRAGONFLY RANCH LN",
        "city": "SAN ANTONIO",
        "state": "LAS",
        "zip": "78254",
        "email": "VDE22@YAHOO.COM",
        "dateOfBirth": "1969-01-22T12:00:00",
        "ssn": "464656183",
        "userOrders": null,
        "isSold": false,
        "id": 102236
    },
    {
        "firstName": "ANDREW",
        "lastName": "JASPER",
        "phone": "3862149986",
        "address": "3060 BUTLER RIDGE RD",
        "city": "DELTONA",
        "state": "FL",
        "zip": "32738",
        "email": "FOYT33X3@YAHOO.COM",
        "dateOfBirth": "1969-09-21T12:00:00",
        "ssn": "266552734",
        "userOrders": null,
        "isSold": false,
        "id": 102251
    }
]