[
    {
        "firstName": "JOSE",
        "lastName": "CAMPOS",
        "phone": "8322778534",
        "address": "12223 FAIRPOINT DR",
        "city": "HOUSTON",
        "state": "TX",
        "zip": "77099",
        "email": "JOSECAMPOS1926@ATT.NET",
        "dateOfBirth": "1969-12-11T12:00:00",
        "ssn": "631227530",
        "userOrders": null,
        "isSold": false,
        "id": 93838
    },
    {
        "firstName": "CHRISTINE",
        "lastName": "CARDENAS",
        "phone": "2102699621",
        "address": "12718 FALCON LEDGE",
        "city": "SAN ANTONIO",
        "state": "ANTONIO",
        "zip": "78259",
        "email": "CRSTNE69@GMAIL.COM",
        "dateOfBirth": "1969-05-22T12:00:00",
        "ssn": "458693019",
        "userOrders": null,
        "isSold": false,
        "id": 93889
    },
    {
        "firstName": "CARLOS",
        "lastName": "SOUTHWARD",
        "phone": "2562276856",
        "address": "1014 TOWERVIEW ST SW",
        "city": "DECATUR",
        "state": "AL",
        "zip": "35601",
        "email": "CSOUTHWARD69@GMAIL.COM",
        "dateOfBirth": "1969-09-09T12:00:00",
        "ssn": "421063999",
        "userOrders": null,
        "isSold": false,
        "id": 93921
    },
    {
        "firstName": "MERCEDES",
        "lastName": "E",
        "phone": "1111110001",
        "address": "746 AURORA DR",
        "city": "EL C",
        "state": "CENTRO",
        "zip": "92243",
        "email": "PATRICIARAMIREZ1755@YAHOO.COM",
        "dateOfBirth": "1969-09-19T12:00:00",
        "ssn": "565936815",
        "userOrders": null,
        "isSold": false,
        "id": 93944
    },
    {
        "firstName": "WILSON",
        "lastName": "SANTIAGO",
        "phone": "3302336415",
        "address": "4402312993",
        "city": "PAINESVILLE OH 44077-0145",
        "state": "BOX",
        "zip": "PAINESVILLE",
        "email": "44077",
        "dateOfBirth": "1969-09-30T12:00:00",
        "ssn": "583370194",
        "userOrders": null,
        "isSold": false,
        "id": 94045
    },
    {
        "firstName": "DARREN",
        "lastName": "COOMBS",
        "phone": "8056747626",
        "address": "5550 SAN PEDRO AVE",
        "city": "ATSCDRO",
        "state": "CA",
        "zip": "93422",
        "email": "NOEMAIL@NOEMAIL.COM",
        "dateOfBirth": "1969-11-28T12:00:00",
        "ssn": "552892878",
        "userOrders": null,
        "isSold": false,
        "id": 94154
    },
    {
        "firstName": "MILAGROS",
        "lastName": "CALDERON",
        "phone": "3052253165",
        "address": "13411 SW 51ST ST",
        "city": "MIA",
        "state": "FL",
        "zip": "33175",
        "email": "MIKEGALLEGOS@BELLSOUTH.NET",
        "dateOfBirth": "1969-10-17T12:00:00",
        "ssn": "590261451",
        "userOrders": null,
        "isSold": false,
        "id": 94201
    },
    {
        "firstName": "ERIC",
        "lastName": "VANDENAMEELE",
        "phone": "7344874928",
        "address": "7342767625",
        "city": "YPSILANTI MI 48198-3919",
        "state": "HOLLIS",
        "zip": "YPSILANTI TWP",
        "email": "48198",
        "dateOfBirth": "1969-11-10T12:00:00",
        "ssn": "367965117",
        "userOrders": null,
        "isSold": false,
        "id": 94359
    },
    {
        "firstName": "ALICIA",
        "lastName": "BYNUM",
        "phone": "1111110001",
        "address": "172 OLD MANLY CT",
        "city": "RAL",
        "state": "NC",
        "zip": "27601",
        "email": "LZIYAMBE@GMAIL.COM",
        "dateOfBirth": "1969-02-06T12:00:00",
        "ssn": "577922420",
        "userOrders": null,
        "isSold": false,
        "id": 94363
    },
    {
        "firstName": "MARIE",
        "lastName": "ROBINSON",
        "phone": "7865349472",
        "address": "1821 NW 88TH TER",
        "city": "MIA",
        "state": "FL",
        "zip": "33147",
        "email": "DAYY.DIZZLEEE@GMAIL.COM",
        "dateOfBirth": "1969-01-14T12:00:00",
        "ssn": "590705847",
        "userOrders": null,
        "isSold": false,
        "id": 94402
    },
    {
        "firstName": "FLOR",
        "lastName": "MORALES",
        "phone": "7864027644",
        "address": "4321 SW 22ND ST",
        "city": "FT L",
        "state": "LAUDERDALE",
        "zip": "33317",
        "email": "FLORMORALES1969@HOTMAIL.COM",
        "dateOfBirth": "1969-07-05T12:00:00",
        "ssn": "591924953",
        "userOrders": null,
        "isSold": false,
        "id": 94447
    },
    {
        "firstName": "NORMA",
        "lastName": "ROMERO",
        "phone": "5122894787",
        "address": "2810 E 3RD ST",
        "city": "CEDAR PARK",
        "state": "TX",
        "zip": "78613",
        "email": "JESSE.ROMERO@AECOM.COM",
        "dateOfBirth": "1969-05-06T12:00:00",
        "ssn": "463590250",
        "userOrders": null,
        "isSold": false,
        "id": 94559
    },
    {
        "firstName": "JON",
        "lastName": "PENDERGRASS",
        "phone": "5015908728",
        "address": "25 RIO GRANDE FOREST DR",
        "city": "LITTLE ROCK",
        "state": "ROCK",
        "zip": "72212",
        "email": "JONPEN01@MSN.COM",
        "dateOfBirth": "1969-04-02T12:00:00",
        "ssn": "430498957",
        "userOrders": null,
        "isSold": true,
        "id": 94688
    },
    {
        "firstName": "KENDRA",
        "lastName": "GONZALES",
        "phone": "2103653600",
        "address": "6155 HERITAGE PLACE DR",
        "city": "SAN ANTONIO",
        "state": "ANTONIO",
        "zip": "78240",
        "email": "KLSKLOSS@YAHOO.COM",
        "dateOfBirth": "1969-12-22T12:00:00",
        "ssn": "467042718",
        "userOrders": null,
        "isSold": false,
        "id": 94694
    },
    {
        "firstName": "LEDIS",
        "lastName": "ESPINAL",
        "phone": "6206558149",
        "address": "528 N KANSAS AVE",
        "city": "LIBERAL",
        "state": "KS",
        "zip": "67901",
        "email": "LE.ESP11@HOTMAIL.COM",
        "dateOfBirth": "1969-03-30T12:00:00",
        "ssn": "513171848",
        "userOrders": null,
        "isSold": false,
        "id": 94745
    }
]