[
    {
        "firstName": "TONY",
        "lastName": "WILLIAMS",
        "phone": "3145046280",
        "address": "905 HORNSBY AVE",
        "city": "ST LOUIS",
        "state": "LOUIS",
        "zip": "63147",
        "email": "TONYW812@GMAIL.COM",
        "dateOfBirth": "1969-08-11T12:00:00",
        "ssn": "490782178",
        "userOrders": null,
        "isSold": true,
        "id": 12211
    },
    {
        "firstName": "SCOTT",
        "lastName": "ROBBINS",
        "phone": "7656554009",
        "address": "11736 RIVER RIDGE DR",
        "city": "INDIANAPOLIS",
        "state": "IN",
        "zip": "46202",
        "email": "DRSROBBINS@GMAIL.COM",
        "dateOfBirth": "1969-12-04T12:00:00",
        "ssn": "216118819",
        "userOrders": null,
        "isSold": true,
        "id": 12244
    },
    {
        "firstName": "JENNIFER",
        "lastName": "ONTIVEROS",
        "phone": "2818553618",
        "address": "17722 GLENPATTI DR",
        "city": "HOUSTON",
        "state": "TX",
        "zip": "77084",
        "email": "JENONTI@HOTMAIL.COM",
        "dateOfBirth": "1969-09-29T12:00:00",
        "ssn": "402236872",
        "userOrders": null,
        "isSold": true,
        "id": 12318
    },
    {
        "firstName": "MATTHEW",
        "lastName": "MCDEVITT",
        "phone": "7143231111",
        "address": "200 PACIFIC COAST HWY UNIT 420",
        "city": "IRV",
        "state": "BCH",
        "zip": "92612",
        "email": "WATERMELON1343@YAHOO.COM",
        "dateOfBirth": "1969-09-22T12:00:00",
        "ssn": "522213637",
        "userOrders": null,
        "isSold": true,
        "id": 12361
    },
    {
        "firstName": "TRICIA",
        "lastName": "LIETHEN",
        "phone": "6087977563",
        "address": "920 8TH ST E",
        "city": "MENOMONIE",
        "state": "WI",
        "zip": "54751",
        "email": "LAFKYA@MY.UWSTOUT.EDU",
        "dateOfBirth": "1969-09-08T12:00:00",
        "ssn": "397945887",
        "userOrders": null,
        "isSold": true,
        "id": 12369
    },
    {
        "firstName": "BRANDON",
        "lastName": "WADDELL",
        "phone": "4155521344",
        "address": "1032 NE 81ST AVE",
        "city": "SF",
        "state": "OR",
        "zip": "94103",
        "email": "BDUB4ART@ATT.NET",
        "dateOfBirth": "1969-07-30T12:00:00",
        "ssn": "564235327",
        "userOrders": null,
        "isSold": true,
        "id": 12373
    },
    {
        "firstName": "DONNA",
        "lastName": "COLLINS",
        "phone": "9047428113",
        "address": "1314 SUNNYMEADE DR",
        "city": "JKVL",
        "state": "FL",
        "zip": "32211",
        "email": "DONNA.MARIE122@COMCAST.NET",
        "dateOfBirth": "1969-01-21T12:00:00",
        "ssn": "102608044",
        "userOrders": null,
        "isSold": true,
        "id": 12445
    },
    {
        "firstName": "TODD",
        "lastName": "CALIVA",
        "phone": "7134745669",
        "address": "2913 GREEN TEE DR",
        "city": "PEARLAND",
        "state": "TX",
        "zip": "77581",
        "email": "TCALIVA@COMCAST.NET",
        "dateOfBirth": "1969-04-02T12:00:00",
        "ssn": "454778661",
        "userOrders": null,
        "isSold": true,
        "id": 12446
    },
    {
        "firstName": "RUMINI",
        "lastName": "PERAMUNE",
        "phone": "5617339397",
        "address": "9930 PINEAPPLE TREE DR APT 109",
        "city": "BOYN BCH",
        "state": "BEACH",
        "zip": "33436",
        "email": "NPERAMUNE@YAHOO.COM",
        "dateOfBirth": "1969-05-18T12:00:00",
        "ssn": "769101651",
        "userOrders": null,
        "isSold": true,
        "id": 12447
    },
    {
        "firstName": "JACQUELINE",
        "lastName": "DODSON",
        "phone": "6157947986",
        "address": "130 BREVET DR",
        "city": "FRANKLIN",
        "state": "TN",
        "zip": "37064",
        "email": "JDODSONJ@BELLSOUTH.NET",
        "dateOfBirth": "1969-08-15T12:00:00",
        "ssn": "409475357",
        "userOrders": null,
        "isSold": true,
        "id": 12584
    },
    {
        "firstName": "JULIO",
        "lastName": "VICUNA",
        "phone": "5305277900",
        "address": "482 ANTELOPE BLVD",
        "city": "RB",
        "state": "BLUFF",
        "zip": "96080",
        "email": "JULIOVICUNA20O4@YAHOO.COM",
        "dateOfBirth": "1969-02-26T12:00:00",
        "ssn": "565891897",
        "userOrders": null,
        "isSold": true,
        "id": 12627
    },
    {
        "firstName": "CRYSTAL",
        "lastName": "PEREZ",
        "phone": "2148861531",
        "address": "313 PEBBLEBROOK LN",
        "city": "GLENN HEIGHTS",
        "state": "HEIGHTS",
        "zip": "75154",
        "email": "CRYSTALP1020@YAHOO.COM",
        "dateOfBirth": "1969-06-12T12:00:00",
        "ssn": "452750055",
        "userOrders": null,
        "isSold": true,
        "id": 12629
    },
    {
        "firstName": "WILLIAMS",
        "lastName": "CARPENTER",
        "phone": "2162531194",
        "address": "120 MILL WOOD LN",
        "city": "FYTVL",
        "state": "GA",
        "zip": "30214",
        "email": "SLEDGEHAMMERPROPSVC@GMAIL.COM",
        "dateOfBirth": "1969-01-10T12:00:00",
        "ssn": "284786080",
        "userOrders": null,
        "isSold": true,
        "id": 12646
    },
    {
        "firstName": "ERIC",
        "lastName": "LEBARON",
        "phone": "9363337473",
        "address": "9723 RICABY DR",
        "city": "HOUSTON",
        "state": "TX",
        "zip": "77064",
        "email": "ERIC.D.LEBARON@GMAIL.COM",
        "dateOfBirth": "1969-08-26T12:00:00",
        "ssn": "546350206",
        "userOrders": null,
        "isSold": true,
        "id": 12654
    },
    {
        "firstName": "MARCIA",
        "lastName": "TATUM",
        "phone": "4072674629",
        "address": "2243 RIBBON FALLS PKWY",
        "city": "ORL",
        "state": "FL",
        "zip": "32824",
        "email": "MARCI.A@LIVE.COM",
        "dateOfBirth": "1969-03-25T12:00:00",
        "ssn": "920812110",
        "userOrders": null,
        "isSold": true,
        "id": 12677
    }
]