[
    {
        "firstName": "BARRY",
        "lastName": "PAYNE",
        "phone": "2149381771",
        "address": "15800 OAK POINTE DR",
        "city": "FORT WORTH",
        "state": "WORTH",
        "zip": "76177",
        "email": "BARRYP205@GMAIL.COM",
        "dateOfBirth": "1969-02-17T12:00:00",
        "ssn": "418980599",
        "userOrders": null,
        "isSold": false,
        "id": 102291
    },
    {
        "firstName": "TENA",
        "lastName": "WHEELER",
        "phone": "4048868379",
        "address": "2723 DUKES RD",
        "city": "LSVL",
        "state": "GA",
        "zip": "30434",
        "email": "TJWHEELER@BELLSOUTH.NET",
        "dateOfBirth": "1969-07-25T12:00:00",
        "ssn": "253154379",
        "userOrders": null,
        "isSold": false,
        "id": 102303
    },
    {
        "firstName": "ANDREW",
        "lastName": "PETESCH",
        "phone": "9193450442",
        "address": "916 N BLOUNT ST",
        "city": "RAL",
        "state": "NC",
        "zip": "27604",
        "email": "ANDY.PETESCH@OUTLOOK.COM",
        "dateOfBirth": "1969-09-27T12:00:00",
        "ssn": "247639194",
        "userOrders": null,
        "isSold": false,
        "id": 102351
    },
    {
        "firstName": "MICHAUX",
        "lastName": "BURCHARD",
        "phone": "4084976507",
        "address": "3383 HILLSIDE CT",
        "city": "SJ",
        "state": "JOSE",
        "zip": "95132",
        "email": "MICHAUX2628@MSN.COM",
        "dateOfBirth": "1969-02-28T12:00:00",
        "ssn": "557792022",
        "userOrders": null,
        "isSold": false,
        "id": 102404
    },
    {
        "firstName": "GARCIA",
        "lastName": "GONZALO",
        "phone": "2147749382",
        "address": "12255 CHINA LAKE DR",
        "city": "DALLAS",
        "state": "TX",
        "zip": "75253",
        "email": "LORENOBARRAZA@LIVE.COM",
        "dateOfBirth": "1969-01-16T12:00:00",
        "ssn": "631605854",
        "userOrders": null,
        "isSold": false,
        "id": 102493
    },
    {
        "firstName": "NICOLE",
        "lastName": "THOMPSON",
        "phone": "8157144449",
        "address": "1889 W QUEEN CREEK RD APT 2139",
        "city": "SD",
        "state": "AZ",
        "zip": "92129",
        "email": "NICOLETHOMPSON@MAOINC.COM",
        "dateOfBirth": "1969-01-27T12:00:00",
        "ssn": "323740329",
        "userOrders": null,
        "isSold": false,
        "id": 102497
    },
    {
        "firstName": "CORINA",
        "lastName": "RECINOS",
        "phone": "8186758696",
        "address": "7813 RIVERTON AVE",
        "city": "SUN VLY",
        "state": "VALLEY",
        "zip": "91352",
        "email": "TEST@TEST.COM",
        "dateOfBirth": "1969-12-29T12:00:00",
        "ssn": "622860298",
        "userOrders": null,
        "isSold": false,
        "id": 102504
    },
    {
        "firstName": "ERICA",
        "lastName": "KELLOW",
        "phone": "2486084502",
        "address": "408 TIMBERLEA DR APT 3",
        "city": "ROCHESTER HILLS",
        "state": "HLS",
        "zip": "48309",
        "email": "SKELLOW@HOTMAIL.COM",
        "dateOfBirth": "1969-03-28T12:00:00",
        "ssn": "592072046",
        "userOrders": null,
        "isSold": true,
        "id": 102549
    },
    {
        "firstName": "MAURICIO",
        "lastName": "SIQUIERA",
        "phone": "7862943584",
        "address": "1050 95TH ST APT 4",
        "city": "BAY HBR IS",
        "state": "HARBOR",
        "zip": "33154",
        "email": "AMAZONMED@HOTMAIL.COM",
        "dateOfBirth": "1969-09-30T12:00:00",
        "ssn": "877122455",
        "userOrders": null,
        "isSold": true,
        "id": 102552
    },
    {
        "firstName": "RANDALL",
        "lastName": "HARDY",
        "phone": "2626770468",
        "address": "N170W20189 HUNTERS RD",
        "city": "JACKSON",
        "state": "WI",
        "zip": "53037",
        "email": "ND2WI@YAHOO.COM",
        "dateOfBirth": "1969-01-07T12:00:00",
        "ssn": "397647428",
        "userOrders": null,
        "isSold": false,
        "id": 102589
    },
    {
        "firstName": "ALICEA",
        "lastName": "CACCAVO",
        "phone": "8587755719",
        "address": "PO BOX 131362",
        "city": "SOL B",
        "state": "CA",
        "zip": "92075",
        "email": "CACAVO@ROCKETMAIL.COM",
        "dateOfBirth": "1969-03-29T12:00:00",
        "ssn": "528191735",
        "userOrders": null,
        "isSold": false,
        "id": 102755
    },
    {
        "firstName": "WILLIAM",
        "lastName": "ENOCHS",
        "phone": "3309561796",
        "address": "235 ADELE AVE NW",
        "city": "PERRY TWP",
        "state": "OH",
        "zip": "44708",
        "email": "THOR235@ATT.NET",
        "dateOfBirth": "1969-09-16T12:00:00",
        "ssn": "281783020",
        "userOrders": null,
        "isSold": false,
        "id": 102803
    },
    {
        "firstName": "DAVID",
        "lastName": "DONALDSON",
        "phone": "2563662115",
        "address": "606 PURITAN AVE",
        "city": "MUSCLE SHOALS",
        "state": "SHOALS",
        "zip": "35661",
        "email": "DDAVIDDONALDSON606@YAHOO.COM",
        "dateOfBirth": "1969-09-16T12:00:00",
        "ssn": "422173394",
        "userOrders": null,
        "isSold": false,
        "id": 102902
    },
    {
        "firstName": "RASHELLIE",
        "lastName": "ESQUIVEL",
        "phone": "3105304977",
        "address": "1175 OAKFAIR LN",
        "city": "HAR CTY",
        "state": "CITY",
        "zip": "90710",
        "email": "SHELLIEESQUIVEL@SBCGLOBAL.NET",
        "dateOfBirth": "1969-08-21T12:00:00",
        "ssn": "545171767",
        "userOrders": null,
        "isSold": false,
        "id": 102916
    },
    {
        "firstName": "MATTHEW",
        "lastName": "MURPHY",
        "phone": "6142358264",
        "address": "3010 PLYMOUTH AVE",
        "city": "COLUMBUS",
        "state": "OH",
        "zip": "43209",
        "email": "TTMURPHS11@ATT.NET",
        "dateOfBirth": "1969-10-18T12:00:00",
        "ssn": "293644204",
        "userOrders": null,
        "isSold": false,
        "id": 102926
    }
]