[
    {
        "firstName": "SHAWN",
        "lastName": "WILLIS",
        "phone": "3864798896",
        "address": "2727 RYAN LN",
        "city": "DELTONA",
        "state": "FL",
        "zip": "32738",
        "email": "NACHOMAMMAB@AOL.COM",
        "dateOfBirth": "1969-02-03T12:00:00",
        "ssn": "263615164",
        "userOrders": null,
        "isSold": false,
        "id": 23553
    },
    {
        "firstName": "KATYA",
        "lastName": "LOPEZ",
        "phone": "1111110002",
        "address": "1345 CAMERON VIEW CT",
        "city": "RAL",
        "state": "NC",
        "zip": "27607",
        "email": "EHMONCADA@HOTMAIL.COM",
        "dateOfBirth": "1969-12-27T12:00:00",
        "ssn": "593861711",
        "userOrders": null,
        "isSold": false,
        "id": 23584
    },
    {
        "firstName": "ELSA",
        "lastName": "OJEDA",
        "phone": "2815997428",
        "address": "4018 MEADOW LILLY LN",
        "city": "KATY",
        "state": "TX",
        "zip": "77449",
        "email": "ELSAOJEDA@SBCGLOBAL.NET",
        "dateOfBirth": "1969-07-10T12:00:00",
        "ssn": "449974382",
        "userOrders": null,
        "isSold": false,
        "id": 23613
    },
    {
        "firstName": "KEN",
        "lastName": "BENNICK",
        "phone": "7343690706",
        "address": "7834 RIVER RUN DR",
        "city": "HAMBURG TWP",
        "state": "MI",
        "zip": "48116",
        "email": "KBENNICK69@YAHOO.COM",
        "dateOfBirth": "1969-09-14T12:00:00",
        "ssn": "368943090",
        "userOrders": null,
        "isSold": false,
        "id": 23640
    },
    {
        "firstName": "PAULA",
        "lastName": "FRANSON",
        "phone": "7082894772",
        "address": "9946 FOLKERS DR",
        "city": "FRANKFT",
        "state": "IL",
        "zip": "60423",
        "email": "PJFRANSON1@AOL.COM",
        "dateOfBirth": "1969-12-18T12:00:00",
        "ssn": "339602685",
        "userOrders": null,
        "isSold": false,
        "id": 23709
    },
    {
        "firstName": "ANDREW",
        "lastName": "LUONG",
        "phone": "9162212054",
        "address": "PO BOX 424",
        "city": "SHNGL SPGS",
        "state": "SPGS",
        "zip": "95682",
        "email": "ANDREW.LUONG@INTEL.COM",
        "dateOfBirth": "1969-07-15T12:00:00",
        "ssn": "586403536",
        "userOrders": null,
        "isSold": true,
        "id": 23710
    },
    {
        "firstName": "JAMES",
        "lastName": "XIONG",
        "phone": "2623361081",
        "address": "933 ERIE AVE STE 3",
        "city": "SHEBOYGAN",
        "state": "WI",
        "zip": "53081",
        "email": "JMTAX@ATT.NET",
        "dateOfBirth": "1969-07-26T12:00:00",
        "ssn": "586260714",
        "userOrders": null,
        "isSold": false,
        "id": 23712
    },
    {
        "firstName": "KHALID",
        "lastName": "FOUMIA",
        "phone": "2487074070",
        "address": "4902 GREEN CT",
        "city": "SHELBY TWP",
        "state": "TWP",
        "zip": "48317",
        "email": "MIKE_KJF@HOTMAIL.COM",
        "dateOfBirth": "1969-05-17T12:00:00",
        "ssn": "385190268",
        "userOrders": null,
        "isSold": false,
        "id": 23729
    },
    {
        "firstName": "JILL",
        "lastName": "KOENIG",
        "phone": "2162270188",
        "address": "1557 MARLOWE AVE",
        "city": "LAKEWOOD",
        "state": "OH",
        "zip": "44107",
        "email": "JMKDAK2@YAHOO.COM",
        "dateOfBirth": "1969-05-30T12:00:00",
        "ssn": "281826740",
        "userOrders": null,
        "isSold": false,
        "id": 23773
    },
    {
        "firstName": "ALBERTA",
        "lastName": "MENSAH",
        "phone": "6142540464",
        "address": "2893 BRIDGEWALK ST",
        "city": "COLUMBUS",
        "state": "OH",
        "zip": "43229",
        "email": "ALBERTAMENSAH@YMAIL.COM",
        "dateOfBirth": "1969-05-04T12:00:00",
        "ssn": "118881561",
        "userOrders": null,
        "isSold": false,
        "id": 23808
    },
    {
        "firstName": "GRACE",
        "lastName": "CHIAROBOLCH",
        "phone": "6306983161",
        "address": "1188 COVINGTON DR",
        "city": "LEMONT",
        "state": "IL",
        "zip": "60439",
        "email": "GCCHIARO@HOTMAIL.COM",
        "dateOfBirth": "1969-02-07T12:00:00",
        "ssn": "361686265",
        "userOrders": null,
        "isSold": false,
        "id": 23815
    },
    {
        "firstName": "JB",
        "lastName": "REDD",
        "phone": "7138301472",
        "address": "3135 41ST WAY SE",
        "city": "FULSHEAR",
        "state": "WA",
        "zip": "77441",
        "email": "JBREDD@AOI.COM",
        "dateOfBirth": "1969-04-12T12:00:00",
        "ssn": "432295891",
        "userOrders": null,
        "isSold": true,
        "id": 23816
    },
    {
        "firstName": "SONYA",
        "lastName": "ARMWOOD",
        "phone": "7047181513",
        "address": "813 BROOKLEE DR",
        "city": "KNGS MTN",
        "state": "MTN",
        "zip": "28086",
        "email": "SONYA.ARMWOOD@CAROLINAHEALTHCARE.OR",
        "dateOfBirth": "1969-04-13T12:00:00",
        "ssn": "237046664",
        "userOrders": null,
        "isSold": false,
        "id": 23857
    },
    {
        "firstName": "TANIA",
        "lastName": "ARMESTAR",
        "phone": "9546036761",
        "address": "3257 CORAL LAKE DR",
        "city": "CRL SPRNGS",
        "state": "SPRINGS",
        "zip": "33065",
        "email": "URBINATANIA@HOTMAIL.COM",
        "dateOfBirth": "1969-08-05T12:00:00",
        "ssn": "770786870",
        "userOrders": null,
        "isSold": false,
        "id": 23912
    },
    {
        "firstName": "ADELINA",
        "lastName": "CORTEZ",
        "phone": "2814961633",
        "address": "9619 EAGLEWOOD GLEN TRL",
        "city": "HOUSTON",
        "state": "LAND",
        "zip": "77082",
        "email": "ADELINA4202@ATT.NET",
        "dateOfBirth": "1969-01-08T12:00:00",
        "ssn": "644072528",
        "userOrders": null,
        "isSold": true,
        "id": 24083
    }
]